model_name,ablation,split_id,threshold_provenance,threshold_sample_count,threshold_cancer_cases,threshold_benign_cases,test_patients,test_target_cases,test_cancer_cases,test_benign_cases,lr1_c,current_lr2_c,threshold_youden,threshold_target,target_sensitivity,target_reached,roc_auc,pr_auc,sensitivity,specificity,balanced_accuracy,ppv,npv,brier_score,log_loss,calibration_intercept,calibration_slope,true_positives,true_negatives,false_positives,false_negatives,profile_c,age_c,symmetry_c
current_product_exact_legacy,current_product_exact_legacy,0,legacy_outer_train_fitted_lr1_fitted_lr2_scores,142,61,81,33,33,15,18,0.1,0.3,0.5170614772596358,0.31875684740293947,0.95,True,0.6407407407407407,0.6751999229177088,0.7333333333333333,0.3888888888888889,0.5611111111111111,0.5,0.6363636363636364,0.25130624075585234,0.7586759203132515,-0.14817349261719243,0.3214860007732166,11,7,11,4,,,
current_architecture_oof_retrained,current_architecture_oof_retrained,0,outer_train_full_chain_lr1_oof_current_lr2_oof_scores,142,61,81,33,33,15,18,0.1,0.3,0.4511448669289732,0.30267585267337516,0.95,True,0.6481481481481481,0.7216674991674992,0.8,0.16666666666666666,0.48333333333333334,0.4444444444444444,0.5,0.23157570532720392,0.6558073816944674,-0.1639534604080963,0.7645080733332263,12,3,15,3,,,
recalibrated_joint_additive,calibrated_profile,0,outer_train_full_chain_lr1_oof_meta_oof_scores,142,61,81,33,33,15,18,0.1,,0.4640174971784168,0.29776023128217455,0.95,True,0.625925925925926,0.6691457289986701,0.9333333333333333,0.0,0.4666666666666667,0.4375,0.0,0.24199965961330883,0.6787946846275204,0.11968598081126663,1.069525712008749,14,0,18,1,0.1,0.1,0.1
recalibrated_joint_additive,profile_age,0,outer_train_full_chain_lr1_oof_meta_oof_scores,142,61,81,33,33,15,18,0.1,,0.46729376072020684,0.20551852438124837,0.95,True,0.6518518518518519,0.6893737120914979,0.8666666666666667,0.0,0.43333333333333335,0.41935483870967744,0.0,0.22488228495701304,0.6528259442232613,0.05871182531056126,0.7158255873260501,13,0,18,2,0.1,1.0,0.1
recalibrated_joint_additive,profile_symmetry,0,outer_train_full_chain_lr1_oof_meta_oof_scores,142,61,81,33,33,15,18,0.1,,0.4574937177339244,0.29755929833872247,0.95,True,0.6148148148148147,0.6647758187157163,0.9333333333333333,0.0,0.4666666666666667,0.4375,0.0,0.2423437164235064,0.6794850886269792,0.10893672760281653,1.033813013932064,14,0,18,1,0.1,0.1,0.001
recalibrated_joint_additive,profile_age_symmetry,0,outer_train_full_chain_lr1_oof_meta_oof_scores,142,61,81,33,33,15,18,0.1,,0.47834471106535764,0.20663733302670123,0.95,True,0.6481481481481481,0.6865165692343551,0.8666666666666667,0.05555555555555555,0.46111111111111114,0.43333333333333335,0.3333333333333333,0.2249923683923254,0.6529195024687536,0.05822291357466749,0.7156278700532788,13,1,17,2,0.1,1.0,0.001
current_product_exact_legacy,current_product_exact_legacy,1,legacy_outer_train_fitted_lr1_fitted_lr2_scores,140,61,79,33,35,15,20,0.1,0.3,0.4141938848236697,0.3054884930730074,0.95,True,0.7233333333333334,0.6618597482892812,0.8666666666666667,0.5,0.6833333333333333,0.5652173913043478,0.8333333333333334,0.22845368532663282,0.657982727912864,-0.30004818084291696,0.5114295036004233,13,10,10,2,,,
current_architecture_oof_retrained,current_architecture_oof_retrained,1,outer_train_full_chain_lr1_oof_current_lr2_oof_scores,140,61,79,33,35,15,20,0.1,0.3,0.4733941503220161,0.2624589774813728,0.95,True,0.7633333333333333,0.6170378085767102,1.0,0.2,0.6,0.4838709677419355,1.0,0.20638046304163526,0.610146868748643,-0.5898147223538232,1.2000875279953187,15,4,16,0,,,
recalibrated_joint_additive,calibrated_profile,1,outer_train_full_chain_lr1_oof_meta_oof_scores,140,61,79,33,35,15,20,0.1,,0.4339622415605507,0.33414516134452776,0.95,True,0.6533333333333333,0.6002615347301254,1.0,0.0,0.5,0.42857142857142855,,0.23681770619754852,0.6663148953896811,0.9359348673181225,5.08651928575812,15,0,20,0,3.0,0.1,0.1
recalibrated_joint_additive,profile_age,1,outer_train_full_chain_lr1_oof_meta_oof_scores,140,61,79,33,35,15,20,0.1,,0.3788123484278816,0.2408515997911213,0.95,True,0.7466666666666667,0.6237124860950409,1.0,0.2,0.6,0.4838709677419355,1.0,0.20514351070852355,0.5997701176222385,-0.30408175300078144,1.1556899837333212,15,4,16,0,3.0,3.0,0.1
recalibrated_joint_additive,profile_symmetry,1,outer_train_full_chain_lr1_oof_meta_oof_scores,140,61,79,33,35,15,20,0.1,,0.4381719143298431,0.3338298941376663,0.95,True,0.65,0.5960191104877013,1.0,0.0,0.5,0.42857142857142855,,0.23675566682056953,0.666178911120467,0.9376942784471618,5.1175820520489745,15,0,20,0,3.0,0.1,0.001
recalibrated_joint_additive,profile_age_symmetry,1,outer_train_full_chain_lr1_oof_meta_oof_scores,140,61,79,33,35,15,20,0.1,,0.38047168498957207,0.24160617226414358,0.95,True,0.7466666666666667,0.6237124860950409,1.0,0.2,0.6,0.4838709677419355,1.0,0.20500995901698588,0.5995098741106466,-0.30328260615064373,1.154807960553227,15,4,16,0,3.0,3.0,0.001
current_product_exact_legacy,current_product_exact_legacy,2,legacy_outer_train_fitted_lr1_fitted_lr2_scores,139,61,78,33,36,15,21,0.1,0.3,0.6046164651508869,0.24632973701034613,0.95,True,0.6571428571428571,0.5878373871542751,0.8666666666666667,0.23809523809523808,0.5523809523809524,0.4482758620689655,0.7142857142857143,0.2473030242676062,0.6941845745361157,-0.2568698702822292,0.42518649809434206,13,5,16,2,,,
current_architecture_oof_retrained,current_architecture_oof_retrained,2,outer_train_full_chain_lr1_oof_current_lr2_oof_scores,139,61,78,33,36,15,21,0.1,0.3,0.5168030606038103,0.31808010542546433,0.95,True,0.6888888888888889,0.5860319395693155,0.8666666666666667,0.38095238095238093,0.6238095238095238,0.5,0.8,0.22450103352121806,0.6359913994052371,-0.20678001914660965,0.8309738416979223,13,8,13,2,,,
recalibrated_joint_additive,calibrated_profile,2,outer_train_full_chain_lr1_oof_meta_oof_scores,139,61,78,33,36,15,21,0.1,,0.41411685092064265,0.30866804396443065,0.95,True,0.5904761904761905,0.48034465099170975,1.0,0.09523809523809523,0.5476190476190477,0.4411764705882353,1.0,0.23912151595308284,0.670036258662223,-0.12936733116625185,0.8623573849606668,15,2,19,0,0.1,0.1,0.1
recalibrated_joint_additive,profile_age,2,outer_train_full_chain_lr1_oof_meta_oof_scores,139,61,78,33,36,15,21,0.1,,0.37148599912442765,0.27190046583385735,0.95,True,0.6888888888888889,0.5950614009234698,0.9333333333333333,0.23809523809523808,0.5857142857142857,0.4666666666666667,0.8333333333333334,0.22856945285559738,0.6437893934568604,0.041718390287595476,0.8222108776552951,14,5,16,1,3.0,0.3,0.1
recalibrated_joint_additive,profile_symmetry,2,outer_train_full_chain_lr1_oof_meta_oof_scores,139,61,78,33,36,15,21,0.1,,0.34381053808891154,0.30917184779492457,0.95,True,0.5777777777777777,0.4749932406753626,1.0,0.09523809523809523,0.5476190476190477,0.4411764705882353,1.0,0.23936389695812185,0.670576919285628,-0.13467637737370533,0.8393945470116536,15,2,19,0,0.1,0.1,0.001
recalibrated_joint_additive,profile_age_symmetry,2,outer_train_full_chain_lr1_oof_meta_oof_scores,139,61,78,33,36,15,21,0.1,,0.3687825147130956,0.2546895066822923,0.95,True,0.6825396825396826,0.5915591409868903,0.9333333333333333,0.23809523809523808,0.5857142857142857,0.4666666666666667,0.8333333333333334,0.23007501138870934,0.6464107611564085,0.0257009342903198,0.7517206639286479,14,5,16,1,3.0,1.0,0.001
current_product_exact_legacy,current_product_exact_legacy,3,legacy_outer_train_fitted_lr1_fitted_lr2_scores,140,60,80,33,35,16,19,0.1,0.3,0.43162205805022325,0.24922374277576423,0.95,True,0.6480263157894737,0.6430948118858071,0.9375,0.21052631578947367,0.5740131578947368,0.5,0.8,0.260845828727254,0.7304223104873564,-0.21166755704660853,0.3820345309955918,15,4,15,1,,,
current_architecture_oof_retrained,current_architecture_oof_retrained,3,outer_train_full_chain_lr1_oof_current_lr2_oof_scores,140,60,80,33,35,16,19,0.1,0.3,0.4395583835064138,0.2466404529831298,0.95,True,0.6907894736842106,0.6415891467736433,1.0,0.15789473684210525,0.5789473684210527,0.5,1.0,0.21699242023024243,0.6191749606905358,-0.18833809775013233,1.23001596497212,16,3,16,0,,,
recalibrated_joint_additive,calibrated_profile,3,outer_train_full_chain_lr1_oof_meta_oof_scores,140,60,80,33,35,16,19,0.1,,0.4156700090513411,0.3544996774632335,0.95,True,0.555921052631579,0.5297560779969246,1.0,0.0,0.5,0.45714285714285713,,0.24581288725488296,0.6846117665451372,0.3804498263700806,2.071553541674513,16,0,19,0,1.0,0.1,0.1
recalibrated_joint_additive,profile_age,3,outer_train_full_chain_lr1_oof_meta_oof_scores,140,60,80,33,35,16,19,0.1,,0.36663313515595214,0.2511673941326522,0.95,True,0.6776315789473685,0.6642189402949397,1.0,0.15789473684210525,0.5789473684210527,0.5,1.0,0.22230168769902003,0.6292168358012619,0.12888834217178707,1.1315040001883012,16,3,16,0,3.0,1.0,0.1
recalibrated_joint_additive,profile_symmetry,3,outer_train_full_chain_lr1_oof_meta_oof_scores,140,60,80,33,35,16,19,0.1,,0.41666215412812924,0.35393036936791733,0.95,True,0.549342105263158,0.5265153372561839,1.0,0.0,0.5,0.45714285714285713,,0.24575013922189218,0.6844859160323039,0.39672535437947715,2.1351543978123306,16,0,19,0,1.0,0.1,0.001
recalibrated_joint_additive,profile_age_symmetry,3,outer_train_full_chain_lr1_oof_meta_oof_scores,140,60,80,33,35,16,19,0.1,,0.34114088031230083,0.2589539957895905,0.95,True,0.6710526315789473,0.6545501368761362,1.0,0.15789473684210525,0.5789473684210527,0.5,1.0,0.22249600584557236,0.630604187978414,0.15103716430502873,1.2217978430696625,16,3,16,0,3.0,0.3,0.001
current_product_exact_legacy,current_product_exact_legacy,4,legacy_outer_train_fitted_lr1_fitted_lr2_scores,139,61,78,32,36,15,21,0.1,0.3,0.36500747991769933,0.36500747991769933,0.95,True,0.5968253968253969,0.4825991120353866,0.6666666666666666,0.5238095238095238,0.5952380952380952,0.5,0.6875,0.2815645350946242,0.7972199659505215,-0.2771078005165806,0.22659938423416912,10,11,10,5,,,
current_architecture_oof_retrained,current_architecture_oof_retrained,4,outer_train_full_chain_lr1_oof_current_lr2_oof_scores,139,61,78,32,36,15,21,0.1,0.3,0.4598045264898781,0.3425807435942214,0.95,True,0.6507936507936508,0.5716858219438865,0.8666666666666667,0.2857142857142857,0.5761904761904761,0.4642857142857143,0.75,0.22808917124097064,0.6445445480284229,-0.2905297488011789,0.8046665505510957,13,6,15,2,,,
recalibrated_joint_additive,calibrated_profile,4,outer_train_full_chain_lr1_oof_meta_oof_scores,139,61,78,32,36,15,21,0.1,,0.4381191599463361,0.31166257918028967,0.95,True,0.5238095238095238,0.42118460541787117,0.9333333333333333,0.19047619047619047,0.5619047619047619,0.45161290322580644,0.8,0.2536687651478173,0.7001447337489911,-0.2871023707164,0.2192940959702406,14,4,17,1,0.1,0.1,0.1
recalibrated_joint_additive,profile_age,4,outer_train_full_chain_lr1_oof_meta_oof_scores,139,61,78,32,36,15,21,0.1,,0.3967828302964415,0.23235111245258586,0.95,True,0.6603174603174603,0.5521793776399039,0.9333333333333333,0.23809523809523808,0.5857142857142857,0.4666666666666667,0.8333333333333334,0.23201950771241536,0.6537592460998296,-0.18925347603440168,0.6521610030502716,14,5,16,1,0.3,0.3,0.1
recalibrated_joint_additive,profile_symmetry,4,outer_train_full_chain_lr1_oof_meta_oof_scores,139,61,78,32,36,15,21,0.1,,0.4344459926343191,0.33845917392167724,0.95,True,0.5269841269841271,0.4234068276400934,0.8666666666666667,0.23809523809523808,0.5523809523809524,0.4482758620689655,0.7142857142857143,0.25319329209144154,0.6990517409139253,-0.2864724914261464,0.22214430506363664,13,5,16,2,0.3,0.1,0.001
recalibrated_joint_additive,profile_age_symmetry,4,outer_train_full_chain_lr1_oof_meta_oof_scores,139,61,78,32,36,15,21,0.1,,0.4056176617885558,0.250809073647083,0.95,True,0.6476190476190476,0.5704550527131172,0.8666666666666667,0.23809523809523808,0.5523809523809524,0.4482758620689655,0.7142857142857143,0.22600939686950727,0.6389042648564236,-0.11217134051729573,0.7280046443456246,13,5,16,2,0.3,1.0,0.3
current_product_exact_legacy,current_product_exact_legacy,5,legacy_outer_train_fitted_lr1_fitted_lr2_scores,138,61,77,33,37,15,22,0.1,0.3,0.41488971618814746,0.29393859652867715,0.95,True,0.593939393939394,0.49316931706637585,0.8,0.3181818181818182,0.5590909090909091,0.4444444444444444,0.7,0.2886965471427205,0.8448598662963225,-0.35580281954092025,0.1642207783139294,12,7,15,3,,,
current_architecture_oof_retrained,current_architecture_oof_retrained,5,outer_train_full_chain_lr1_oof_current_lr2_oof_scores,138,61,77,33,37,15,22,0.1,0.3,0.4899124546330077,0.2278494210599516,0.95,True,0.7333333333333333,0.6183401930865698,1.0,0.18181818181818182,0.5909090909090909,0.45454545454545453,1.0,0.20949829469390654,0.6078626777385241,-0.27406629869179566,1.1822810430777873,15,4,18,0,,,
recalibrated_joint_additive,calibrated_profile,5,outer_train_full_chain_lr1_oof_meta_oof_scores,138,61,77,33,37,15,22,0.1,,0.4174511384284756,0.27697884494612346,0.95,True,0.5333333333333333,0.45995775619177154,0.8666666666666667,0.045454545454545456,0.45606060606060606,0.38235294117647056,0.3333333333333333,0.2529183754597851,0.7021952653828055,-0.4042276592317042,-0.09011960997354712,13,1,21,2,3.0,0.1,0.1
recalibrated_joint_additive,profile_age,5,outer_train_full_chain_lr1_oof_meta_oof_scores,138,61,77,33,37,15,22,0.1,,0.42215008213387667,0.2062056755688889,0.95,True,0.7393939393939394,0.6420675004008337,0.9333333333333333,0.18181818181818182,0.5575757575757576,0.4375,0.8,0.20519502206286946,0.6046208524013952,-0.08843745546832996,1.1061642239099103,14,4,18,1,3.0,3.0,0.1
recalibrated_joint_additive,profile_symmetry,5,outer_train_full_chain_lr1_oof_meta_oof_scores,138,61,77,33,37,15,22,0.1,,0.4061779801917785,0.2799670193107659,0.95,True,0.5333333333333333,0.45995775619177154,0.8666666666666667,0.09090909090909091,0.4787878787878788,0.3939393939393939,0.5,0.25489202240951286,0.7071869317873102,-0.4030365080899107,-0.08456453219116636,13,2,20,2,0.3,0.1,0.001
recalibrated_joint_additive,profile_age_symmetry,5,outer_train_full_chain_lr1_oof_meta_oof_scores,138,61,77,33,37,15,22,0.1,,0.4219488246430465,0.20837168032496928,0.95,True,0.7424242424242424,0.6451230559563892,0.9333333333333333,0.18181818181818182,0.5575757575757576,0.4375,0.8,0.20527120970326554,0.6045222604479956,-0.08630987700015795,1.1081929883056594,14,4,18,1,3.0,3.0,0.001
current_product_exact_legacy,current_product_exact_legacy,6,legacy_outer_train_fitted_lr1_fitted_lr2_scores,140,60,80,33,35,16,19,0.1,0.3,0.5162958293088048,0.26414708324330316,0.95,True,0.6578947368421053,0.5838872881611852,1.0,0.2631578947368421,0.631578947368421,0.5333333333333333,1.0,0.2435298751837788,0.6939525538714649,-0.2203339958386955,0.47080787331996965,16,5,14,0,,,
current_architecture_oof_retrained,current_architecture_oof_retrained,6,outer_train_full_chain_lr1_oof_current_lr2_oof_scores,140,60,80,33,35,16,19,0.1,0.3,0.46688521140222,0.16981573230153313,0.95,True,0.6546052631578947,0.6436491941401965,1.0,0.15789473684210525,0.5789473684210527,0.5,1.0,0.22227890594837652,0.6266747671500807,-0.2063686671775851,1.0505212449742884,16,3,16,0,,,
recalibrated_joint_additive,calibrated_profile,6,outer_train_full_chain_lr1_oof_meta_oof_scores,140,60,80,33,35,16,19,0.1,,0.46018792893273813,0.23964389926878987,0.95,True,0.5986842105263158,0.5484276651141521,1.0,0.0,0.5,0.45714285714285713,,0.24225672495500195,0.6758337281373203,-0.004314817249983862,0.839638048763011,16,0,19,0,0.1,0.1,0.1
recalibrated_joint_additive,profile_age,6,outer_train_full_chain_lr1_oof_meta_oof_scores,140,60,80,33,35,16,19,0.1,,0.36042662674301923,0.2532075217367168,0.95,True,0.680921052631579,0.658784480687715,1.0,0.2631578947368421,0.631578947368421,0.5333333333333333,1.0,0.21314866122162973,0.6080920320584962,-0.03648430228196533,1.1736963691915723,16,5,14,0,3.0,0.3,0.1
recalibrated_joint_additive,profile_symmetry,6,outer_train_full_chain_lr1_oof_meta_oof_scores,140,60,80,33,35,16,19,0.1,,0.4727282242022254,0.24460595280359015,0.95,True,0.5953947368421053,0.5458812751006568,1.0,0.10526315789473684,0.5526315789473684,0.48484848484848486,1.0,0.24355246459879507,0.6779394962983197,-0.044314640515264035,0.6891784057376014,16,2,17,0,0.03,0.1,0.001
recalibrated_joint_additive,profile_age_symmetry,6,outer_train_full_chain_lr1_oof_meta_oof_scores,140,60,80,33,35,16,19,0.1,,0.48990616750326854,0.19030093158757755,0.95,True,0.680921052631579,0.6177790913399466,1.0,0.21052631578947367,0.6052631578947368,0.5161290322580645,1.0,0.2130748727836888,0.6065256668747037,-0.1025035656894756,1.031255071050698,16,4,15,0,0.1,1.0,0.001
current_product_exact_legacy,current_product_exact_legacy,7,legacy_outer_train_fitted_lr1_fitted_lr2_scores,140,61,79,33,35,15,20,0.1,0.3,0.5365667978869605,0.2511019607005629,0.95,True,0.7933333333333333,0.7745763152401768,0.8666666666666667,0.5,0.6833333333333333,0.5652173913043478,0.8333333333333334,0.18506291132764285,0.5480827200923304,0.04745229852325167,0.7159242552297093,13,10,10,2,,,
current_architecture_oof_retrained,current_architecture_oof_retrained,7,outer_train_full_chain_lr1_oof_current_lr2_oof_scores,140,61,79,33,35,15,20,0.1,0.3,0.5407916437252535,0.30217600071954603,0.95,True,0.6399999999999999,0.6313749947370636,1.0,0.1,0.55,0.45454545454545453,1.0,0.2361221265709508,0.6609979696596131,-0.43404537522514985,0.9698247744581181,15,2,18,0,,,
recalibrated_joint_additive,calibrated_profile,7,outer_train_full_chain_lr1_oof_meta_oof_scores,140,61,79,33,35,15,20,0.1,,0.4231196960890457,0.3593426734020424,0.95,True,0.7633333333333334,0.721741611558949,1.0,0.3,0.65,0.5172413793103449,1.0,0.21842133652927964,0.6269636035481044,1.444702323858154,5.096337341886363,15,6,14,0,0.1,0.1,0.1
recalibrated_joint_additive,profile_age,7,outer_train_full_chain_lr1_oof_meta_oof_scores,140,61,79,33,35,15,20,0.1,,0.3824233451359487,0.2957789581486474,0.95,True,0.76,0.6935828541943093,0.9333333333333333,0.4,0.6666666666666667,0.5384615384615384,0.8888888888888888,0.20994769449381054,0.6057510639408941,0.15909310369274315,1.4409299504484698,14,8,12,1,3.0,1.0,0.1
recalibrated_joint_additive,profile_symmetry,7,outer_train_full_chain_lr1_oof_meta_oof_scores,140,61,79,33,35,15,20,0.1,,0.42219772953226853,0.35584262060954935,0.95,True,0.76,0.7193450973977289,1.0,0.3,0.65,0.5172413793103449,1.0,0.2185325164791165,0.6271955322741778,1.4391573497006234,5.071314539711789,15,6,14,0,0.1,0.1,0.001
recalibrated_joint_additive,profile_age_symmetry,7,outer_train_full_chain_lr1_oof_meta_oof_scores,140,61,79,33,35,15,20,0.1,,0.3666562256557531,0.2914885176505448,0.95,True,0.7566666666666667,0.6899464905579457,1.0,0.3,0.65,0.5172413793103449,1.0,0.20965160838915456,0.6047892363874442,0.1478087408906084,1.4079705608735522,15,6,14,0,3.0,3.0,0.001
current_product_exact_legacy,current_product_exact_legacy,8,legacy_outer_train_fitted_lr1_fitted_lr2_scores,140,61,79,33,35,15,20,0.1,0.3,0.564690039409785,0.23472204809800984,0.95,True,0.6166666666666666,0.5869380002713336,0.8666666666666667,0.2,0.5333333333333333,0.4482758620689655,0.6666666666666666,0.26439943260123194,0.7369000734349798,-0.26079605138040596,0.3259999629856151,13,4,16,2,,,
current_architecture_oof_retrained,current_architecture_oof_retrained,8,outer_train_full_chain_lr1_oof_current_lr2_oof_scores,140,61,79,33,35,15,20,0.1,0.3,0.44251843790281603,0.2948464686593251,0.95,True,0.6833333333333332,0.5914937562437562,1.0,0.15,0.575,0.46875,1.0,0.23156958772427033,0.654979365131448,-0.2518394923070818,0.790148592315334,15,3,17,0,,,
recalibrated_joint_additive,calibrated_profile,8,outer_train_full_chain_lr1_oof_meta_oof_scores,140,61,79,33,35,15,20,0.1,,0.4736104813966945,0.25512475597884426,0.95,True,0.5800000000000001,0.5421749688220276,1.0,0.0,0.5,0.42857142857142855,,0.2398780696652041,0.6726197187530375,-0.04658851391446848,1.257407649993121,15,0,20,0,0.1,0.1,0.1
recalibrated_joint_additive,profile_age,8,outer_train_full_chain_lr1_oof_meta_oof_scores,140,61,79,33,35,15,20,0.1,,0.47638239877582733,0.24022894230133132,0.95,True,0.6433333333333333,0.5665504814248693,1.0,0.05,0.525,0.4411764705882353,1.0,0.23793424712789768,0.6649980983028045,-0.09287587205852443,0.6679354899232404,15,1,19,0,3.0,0.3,0.1
recalibrated_joint_additive,profile_symmetry,8,outer_train_full_chain_lr1_oof_meta_oof_scores,140,61,79,33,35,15,20,0.1,,0.47295739696122824,0.25600575215788113,0.95,True,0.5766666666666667,0.543543526190585,1.0,0.0,0.5,0.42857142857142855,,0.23993973176844438,0.6727552829913852,-0.04788879555420139,1.2400229739257558,15,0,20,0,0.1,0.1,0.001
recalibrated_joint_additive,profile_age_symmetry,8,outer_train_full_chain_lr1_oof_meta_oof_scores,140,61,79,33,35,15,20,0.1,,0.4683254415265457,0.24160229626918076,0.95,True,0.6433333333333333,0.5665504814248693,1.0,0.05,0.525,0.4411764705882353,1.0,0.2379274213574517,0.6649823958840452,-0.09198559213413936,0.6681103069355792,15,1,19,0,3.0,0.3,0.001
current_product_exact_legacy,current_product_exact_legacy,9,legacy_outer_train_fitted_lr1_fitted_lr2_scores,142,61,81,32,33,15,18,0.1,0.3,0.5239274423311059,0.3530824867412838,0.95,True,0.6296296296296297,0.6509578145489969,0.5333333333333333,0.6111111111111112,0.5722222222222222,0.5333333333333333,0.6111111111111112,0.2561366581980477,0.7357957925004314,-0.026446484306812176,0.3587580923838977,8,11,7,7,,,
current_architecture_oof_retrained,current_architecture_oof_retrained,9,outer_train_full_chain_lr1_oof_current_lr2_oof_scores,142,61,81,32,33,15,18,0.1,0.3,0.48011302898839797,0.2868944574167531,0.95,True,0.7185185185185187,0.6836258631098673,0.9333333333333333,0.05555555555555555,0.49444444444444446,0.45161290322580644,0.5,0.22901218945392635,0.6678677886217306,-0.18511868430517242,0.6226602999293585,14,1,17,1,,,
recalibrated_joint_additive,calibrated_profile,9,outer_train_full_chain_lr1_oof_meta_oof_scores,142,61,81,32,33,15,18,0.1,,0.4618229683567021,0.3214890680456261,0.95,True,0.5592592592592593,0.5595055808389142,0.9333333333333333,0.2222222222222222,0.5777777777777777,0.5,0.8,0.2413169313491092,0.6733957954381865,0.1516094920726137,0.9777110408136319,14,4,14,1,0.1,0.1,0.1
recalibrated_joint_additive,profile_age,9,outer_train_full_chain_lr1_oof_meta_oof_scores,142,61,81,32,33,15,18,0.1,,0.36105070230497105,0.2758750117376907,0.95,True,0.6703703703703704,0.7043926781087955,0.7333333333333333,0.05555555555555555,0.39444444444444443,0.39285714285714285,0.2,0.22621291209182076,0.6540087379697053,0.061965332357935464,0.7669956388783526,11,1,17,4,0.1,1.0,0.1
recalibrated_joint_additive,profile_symmetry,9,outer_train_full_chain_lr1_oof_meta_oof_scores,142,61,81,32,33,15,18,0.1,,0.4606163073024641,0.28111546958154154,0.95,True,0.5666666666666667,0.5631708045041378,1.0,0.16666666666666666,0.5833333333333334,0.5,1.0,0.242315426634867,0.6746763972710524,0.10551157425028715,0.8020638577539955,15,3,15,0,0.03,0.1,0.001
recalibrated_joint_additive,profile_age_symmetry,9,outer_train_full_chain_lr1_oof_meta_oof_scores,142,61,81,32,33,15,18,0.1,,0.3557312208415111,0.2714223842342274,0.95,True,0.6629629629629631,0.6981893492738876,0.7333333333333333,0.05555555555555555,0.39444444444444443,0.39285714285714285,0.2,0.22625034465123725,0.6548144005218199,0.05615998630781841,0.7479177859100002,11,1,17,4,0.1,3.0,0.001
current_product_exact_legacy,current_product_exact_legacy,10,legacy_outer_train_fitted_lr1_fitted_lr2_scores,139,61,78,33,36,15,21,0.1,0.3,0.4159192234034519,0.19058367390893782,0.95,True,0.6476190476190476,0.6218953578962068,0.8,0.14285714285714285,0.4714285714285714,0.4,0.5,0.24835286445696758,0.699868301597787,-0.34257098551810655,0.4522286158383992,12,3,18,3,,,
current_architecture_oof_retrained,current_architecture_oof_retrained,10,outer_train_full_chain_lr1_oof_current_lr2_oof_scores,139,61,78,33,36,15,21,0.1,0.3,0.43650498963755363,0.31534558545028674,0.95,True,0.6730158730158731,0.6026012506012506,0.9333333333333333,0.14285714285714285,0.5380952380952381,0.4375,0.75,0.24070718904516525,0.6751959255611955,-0.4663007503890942,0.847026567694585,14,3,18,1,,,
recalibrated_joint_additive,calibrated_profile,10,outer_train_full_chain_lr1_oof_meta_oof_scores,139,61,78,33,36,15,21,0.1,,0.44230768046641733,0.36217215887536597,0.95,True,0.6444444444444445,0.5901067859645708,0.9333333333333333,0.09523809523809523,0.5142857142857142,0.42424242424242425,0.6666666666666666,0.23552490125596837,0.6636625398973766,0.37432791912082647,2.6862834266540827,14,2,19,1,3.0,0.1,0.1
recalibrated_joint_additive,profile_age,10,outer_train_full_chain_lr1_oof_meta_oof_scores,139,61,78,33,36,15,21,0.1,,0.37929788997932284,0.25680286205967773,0.95,True,0.6253968253968254,0.6484733910370583,0.9333333333333333,0.09523809523809523,0.5142857142857142,0.42424242424242425,0.6666666666666666,0.22480492798764193,0.640241053109093,-0.06419888631191001,1.0647253102502485,14,2,19,1,3.0,0.3,0.1
recalibrated_joint_additive,profile_symmetry,10,outer_train_full_chain_lr1_oof_meta_oof_scores,139,61,78,33,36,15,21,0.1,,0.44321008343643137,0.3644098818240745,0.95,True,0.6412698412698413,0.5885194843772692,0.9333333333333333,0.09523809523809523,0.5142857142857142,0.42424242424242425,0.6666666666666666,0.23563337653816652,0.6639000616978414,0.36466871451698585,2.682240231308399,14,2,19,1,3.0,0.1,0.001
recalibrated_joint_additive,profile_age_symmetry,10,outer_train_full_chain_lr1_oof_meta_oof_scores,139,61,78,33,36,15,21,0.1,,0.38531048424762376,0.25538622567860897,0.95,True,0.6285714285714286,0.6506711932348604,0.9333333333333333,0.09523809523809523,0.5142857142857142,0.42424242424242425,0.6666666666666666,0.2249349875426806,0.6405131113984345,-0.06981491406173554,1.0678644435937348,14,2,19,1,3.0,0.3,0.001
current_product_exact_legacy,current_product_exact_legacy,11,legacy_outer_train_fitted_lr1_fitted_lr2_scores,139,61,78,33,36,15,21,0.1,0.3,0.49441847931616356,0.30950875106434256,0.95,True,0.6031746031746031,0.524006031611343,0.7333333333333333,0.23809523809523808,0.48571428571428565,0.4074074074074074,0.5555555555555556,0.26738579746302943,0.7648017932324722,-0.3091363805839272,0.2563689169155662,11,5,16,4,,,
current_architecture_oof_retrained,current_architecture_oof_retrained,11,outer_train_full_chain_lr1_oof_current_lr2_oof_scores,139,61,78,33,36,15,21,0.1,0.3,0.46180851205238815,0.30689231038806863,0.95,True,0.6412698412698413,0.529870858751933,0.9333333333333333,0.19047619047619047,0.5619047619047619,0.45161290322580644,0.8,0.23367998302636936,0.6595747072017464,-0.3162862313789267,0.7598263446455783,14,4,17,1,,,
recalibrated_joint_additive,calibrated_profile,11,outer_train_full_chain_lr1_oof_meta_oof_scores,139,61,78,33,36,15,21,0.1,,0.4351955239327151,0.28249100007783534,0.95,True,0.5714285714285715,0.5427734883583585,0.9333333333333333,0.047619047619047616,0.4904761904761905,0.4117647058823529,0.5,0.240411312729891,0.6740842958977256,-0.1980840856718814,0.7223226977101583,14,1,20,1,0.1,0.1,0.1
recalibrated_joint_additive,profile_age,11,outer_train_full_chain_lr1_oof_meta_oof_scores,139,61,78,33,36,15,21,0.1,,0.3532423662989961,0.2407460364953726,0.95,True,0.6571428571428573,0.585040675273941,0.9333333333333333,0.09523809523809523,0.5142857142857142,0.42424242424242425,0.6666666666666666,0.22541526234934237,0.640333024881746,-0.143006822561795,0.8355334732608892,14,2,19,1,0.1,0.3,0.1
recalibrated_joint_additive,profile_symmetry,11,outer_train_full_chain_lr1_oof_meta_oof_scores,139,61,78,33,36,15,21,0.1,,0.4561070528456175,0.2587000365850255,0.95,True,0.526984126984127,0.4934567148537737,0.9333333333333333,0.047619047619047616,0.4904761904761905,0.4117647058823529,0.5,0.256558198685489,0.7131025333659795,-0.35136482387354073,-0.06835069444130523,14,1,20,1,0.03,0.1,0.03
recalibrated_joint_additive,profile_age_symmetry,11,outer_train_full_chain_lr1_oof_meta_oof_scores,139,61,78,33,36,15,21,0.1,,0.3386517353213847,0.1962124149104475,0.95,True,0.6253968253968254,0.5345641785040761,1.0,0.09523809523809523,0.5476190476190477,0.4411764705882353,1.0,0.2327352702417067,0.6571652862849425,-0.17791323929476152,0.6664447283892332,15,2,19,0,0.03,0.3,0.03
current_product_exact_legacy,current_product_exact_legacy,12,legacy_outer_train_fitted_lr1_fitted_lr2_scores,140,60,80,33,35,16,19,0.1,0.3,0.7079201812620183,0.2748700232374012,0.95,True,0.7039473684210525,0.6896870797834954,0.8125,0.42105263157894735,0.6167763157894737,0.5416666666666666,0.7272727272727273,0.2232314475181285,0.6531550251767899,-0.14068809298571386,0.5299177881571757,13,8,11,3,,,
current_architecture_oof_retrained,current_architecture_oof_retrained,12,outer_train_full_chain_lr1_oof_current_lr2_oof_scores,140,60,80,33,35,16,19,0.1,0.3,0.4862538828708892,0.21335326986140735,0.95,True,0.8092105263157895,0.8006411765264321,1.0,0.15789473684210525,0.5789473684210527,0.5,1.0,0.18833259505376324,0.5607184828195174,0.14032679016335425,2.283907060730368,16,3,16,0,,,
recalibrated_joint_additive,calibrated_profile,12,outer_train_full_chain_lr1_oof_meta_oof_scores,140,60,80,33,35,16,19,0.1,,0.44732903412193153,0.2749193339877665,0.95,True,0.6578947368421053,0.594263202422127,1.0,0.10526315789473684,0.5526315789473684,0.48484848484848486,1.0,0.2353871927917915,0.6625814724031234,0.024664668166536542,1.0444374724616794,16,2,17,0,0.03,0.1,0.1
recalibrated_joint_additive,profile_age,12,outer_train_full_chain_lr1_oof_meta_oof_scores,140,60,80,33,35,16,19,0.1,,0.5061614543146788,0.23206748635206736,0.95,True,0.8190789473684211,0.8019202274254478,1.0,0.3157894736842105,0.6578947368421053,0.5517241379310345,1.0,0.18705538981221023,0.5551352331134425,0.2831320486500578,2.0412291476449487,16,6,13,0,0.1,0.3,0.1
recalibrated_joint_additive,profile_symmetry,12,outer_train_full_chain_lr1_oof_meta_oof_scores,140,60,80,33,35,16,19,0.1,,0.45659280266369323,0.3023064846903337,0.95,True,0.6546052631578948,0.5959542197381443,1.0,0.10526315789473684,0.5526315789473684,0.48484848484848486,1.0,0.23544063113465202,0.6627192085294832,0.026944874181981826,1.0434370828854465,16,2,17,0,0.03,0.1,0.001
recalibrated_joint_additive,profile_age_symmetry,12,outer_train_full_chain_lr1_oof_meta_oof_scores,140,60,80,33,35,16,19,0.1,,0.5339929408256626,0.20522282736400077,0.95,True,0.8223684210526316,0.8053542933595137,1.0,0.3157894736842105,0.6578947368421053,0.5517241379310345,1.0,0.18376471468494687,0.5468394256768702,0.27696262442819775,1.9611769746674717,16,6,13,0,0.1,3.0,0.001
current_product_exact_legacy,current_product_exact_legacy,13,legacy_outer_train_fitted_lr1_fitted_lr2_scores,140,61,79,33,35,15,20,0.1,0.3,0.5801136651546328,0.3299138308363954,0.95,True,0.6266666666666667,0.6339976912483958,0.8,0.4,0.6000000000000001,0.5,0.7272727272727273,0.2535859822801889,0.713066716402791,-0.2232046992030961,0.393983557239429,12,8,12,3,,,
current_architecture_oof_retrained,current_architecture_oof_retrained,13,outer_train_full_chain_lr1_oof_current_lr2_oof_scores,140,61,79,33,35,15,20,0.1,0.3,0.3999905315040872,0.33105274211099445,0.95,True,0.66,0.6100538208753529,0.9333333333333333,0.35,0.6416666666666666,0.5185185185185185,0.875,0.2243074556897318,0.6333767907519613,-0.29525637423144124,0.8652035668894855,14,7,13,1,,,
recalibrated_joint_additive,calibrated_profile,13,outer_train_full_chain_lr1_oof_meta_oof_scores,140,61,79,33,35,15,20,0.1,,0.3721972082201094,0.25061757867706924,0.95,True,0.5900000000000001,0.5662618528893039,0.8666666666666667,0.1,0.48333333333333334,0.41935483870967744,0.5,0.24582825641384953,0.6942483477887635,-0.17399462504815036,0.36189360449696634,13,2,18,2,0.001,0.1,0.1
recalibrated_joint_additive,profile_age,13,outer_train_full_chain_lr1_oof_meta_oof_scores,140,61,79,33,35,15,20,0.1,,0.37252823775328436,0.23002121976027415,0.95,True,0.67,0.6485084033613445,0.8666666666666667,0.25,0.5583333333333333,0.4642857142857143,0.7142857142857143,0.2266737482400443,0.6494675403847903,-0.10473002041723159,0.6376628463569458,13,5,15,2,0.1,3.0,0.1
recalibrated_joint_additive,profile_symmetry,13,outer_train_full_chain_lr1_oof_meta_oof_scores,140,61,79,33,35,15,20,0.1,,0.4073762970468776,0.28137238751032323,0.95,True,0.5566666666666668,0.5514051125957843,0.8666666666666667,0.2,0.5333333333333333,0.4482758620689655,0.6666666666666666,0.24133718900450582,0.6758991072346177,-0.1146748016185939,0.5951390341696597,13,4,16,2,0.001,0.1,0.1
recalibrated_joint_additive,profile_age_symmetry,13,outer_train_full_chain_lr1_oof_meta_oof_scores,140,61,79,33,35,15,20,0.1,,0.40028724122313164,0.253037997554327,0.95,True,0.6833333333333333,0.6571168916999087,0.8666666666666667,0.35,0.6083333333333334,0.5,0.7777777777777778,0.22247823576089046,0.6377044294443055,-0.08961224249430125,0.6847656332304877,13,7,13,2,0.03,3.0,0.1
current_product_exact_legacy,current_product_exact_legacy,14,legacy_outer_train_fitted_lr1_fitted_lr2_scores,142,61,81,32,33,15,18,0.1,0.3,0.49974503358778316,0.24110173442690422,0.95,True,0.6703703703703704,0.5917168893484683,0.9333333333333333,0.3333333333333333,0.6333333333333333,0.5384615384615384,0.8571428571428571,0.2333309589195999,0.6581654913344892,-0.16018559046700692,0.5612224905515371,14,6,12,1,,,
current_architecture_oof_retrained,current_architecture_oof_retrained,14,outer_train_full_chain_lr1_oof_current_lr2_oof_scores,142,61,81,32,33,15,18,0.1,0.3,0.4904110984887234,0.2965237831745425,0.95,True,0.7148148148148148,0.6598335017887703,1.0,0.2222222222222222,0.6111111111111112,0.5172413793103449,1.0,0.22637974744089087,0.650914004829794,-0.24383583196324946,0.7628001957003494,15,4,14,0,,,
recalibrated_joint_additive,calibrated_profile,14,outer_train_full_chain_lr1_oof_meta_oof_scores,142,61,81,32,33,15,18,0.1,,0.47862411858300585,0.2762307779183425,0.95,True,0.6148148148148148,0.5091577383968688,1.0,0.1111111111111111,0.5555555555555556,0.4838709677419355,1.0,0.23959619341362037,0.6684893443519611,0.1465421086145647,1.086979599441581,15,2,16,0,0.1,0.1,0.1
recalibrated_joint_additive,profile_age,14,outer_train_full_chain_lr1_oof_meta_oof_scores,142,61,81,32,33,15,18,0.1,,0.36984944690133187,0.2532828194248121,0.95,True,0.6555555555555556,0.6158523471218571,0.9333333333333333,0.2222222222222222,0.5777777777777777,0.5,0.8,0.23613638039334442,0.6660591683471377,-0.07896852072744907,0.6262468858918069,14,4,14,1,1.0,1.0,0.1
recalibrated_joint_additive,profile_symmetry,14,outer_train_full_chain_lr1_oof_meta_oof_scores,142,61,81,32,33,15,18,0.1,,0.4786567993091074,0.27687877671081396,0.95,True,0.6148148148148148,0.5091577383968688,1.0,0.1111111111111111,0.5555555555555556,0.4838709677419355,1.0,0.23949397323033625,0.6683093064821344,0.14461882596092582,1.0884967889277128,15,2,16,0,0.1,0.1,0.001
recalibrated_joint_additive,profile_age_symmetry,14,outer_train_full_chain_lr1_oof_meta_oof_scores,142,61,81,32,33,15,18,0.1,,0.371762551009214,0.2540359610552854,0.95,True,0.6555555555555556,0.6158523471218571,0.9333333333333333,0.2222222222222222,0.5777777777777777,0.5,0.8,0.23588154891294733,0.6655643095444029,-0.07769325708512007,0.6286605278920474,14,4,14,1,1.0,1.0,0.001
current_product_exact_legacy,current_product_exact_legacy,15,legacy_outer_train_fitted_lr1_fitted_lr2_scores,140,61,79,33,35,15,20,0.1,0.3,0.5998303431393138,0.2834346784518755,0.95,True,0.6,0.4769096885608753,0.8,0.5,0.65,0.5454545454545454,0.7692307692307693,0.26444267624437395,0.7483798049635949,-0.1531395332594097,0.30355172805238795,12,10,10,3,,,
current_architecture_oof_retrained,current_architecture_oof_retrained,15,outer_train_full_chain_lr1_oof_current_lr2_oof_scores,140,61,79,33,35,15,20,0.1,0.3,0.5539951823581339,0.2119883401201739,0.95,True,0.7266666666666666,0.6305382054278489,1.0,0.1,0.55,0.45454545454545453,1.0,0.21011567279680504,0.6068390944746831,-0.14471441001816845,1.1970863231890712,15,2,18,0,,,
recalibrated_joint_additive,calibrated_profile,15,outer_train_full_chain_lr1_oof_meta_oof_scores,140,61,79,33,35,15,20,0.1,,0.4811378459981664,0.28608870319738106,0.95,True,0.5,0.41589076461702873,1.0,0.15,0.575,0.46875,1.0,0.254546373177094,0.7003121611349794,-0.24338357520185866,0.14403107824521097,15,3,17,0,0.03,0.1,0.1
recalibrated_joint_additive,profile_age,15,outer_train_full_chain_lr1_oof_meta_oof_scores,140,61,79,33,35,15,20,0.1,,0.48492210194159624,0.2363540338656826,0.95,True,0.71,0.6186483240796966,1.0,0.25,0.625,0.5,1.0,0.21588342675607503,0.6181508374638561,0.09620458706430073,1.0963364514010077,15,5,15,0,0.1,0.3,0.1
recalibrated_joint_additive,profile_symmetry,15,outer_train_full_chain_lr1_oof_meta_oof_scores,140,61,79,33,35,15,20,0.1,,0.47254476201824813,0.3099760466046255,0.95,True,0.5,0.41589076461702873,0.9333333333333333,0.2,0.5666666666666667,0.4666666666666667,0.8,0.25279410092189875,0.6969436879029558,-0.24150494717704263,0.15221052392653067,14,4,16,1,0.1,0.1,0.001
recalibrated_joint_additive,profile_age_symmetry,15,outer_train_full_chain_lr1_oof_meta_oof_scores,140,61,79,33,35,15,20,0.1,,0.5142600557121106,0.2345927140900082,0.95,True,0.7066666666666666,0.614018694450067,1.0,0.25,0.625,0.5,1.0,0.2159213736991606,0.6181146327999674,0.10223607077281346,1.1012146857376433,15,5,15,0,0.1,0.3,0.001
current_product_exact_legacy,current_product_exact_legacy,16,legacy_outer_train_fitted_lr1_fitted_lr2_scores,140,61,79,33,35,15,20,0.1,0.3,0.5629531849566635,0.2954346492475438,0.95,True,0.7333333333333333,0.7086980274627334,0.8,0.55,0.675,0.5714285714285714,0.7857142857142857,0.2147942297827225,0.6436437565597948,0.0124529051086282,0.5627479091103637,12,11,9,3,,,
current_architecture_oof_retrained,current_architecture_oof_retrained,16,outer_train_full_chain_lr1_oof_current_lr2_oof_scores,140,61,79,33,35,15,20,0.1,0.3,0.433138946306806,0.33215159803074173,0.95,True,0.49,0.47445974839943295,0.6666666666666666,0.2,0.43333333333333335,0.38461538461538464,0.4444444444444444,0.2804141055262889,0.7693548391480524,-0.31072332002772135,-0.12549584745078693,10,4,16,5,,,
recalibrated_joint_additive,calibrated_profile,16,outer_train_full_chain_lr1_oof_meta_oof_scores,140,61,79,33,35,15,20,0.1,,0.42990651707240024,0.3341326308308879,0.95,True,0.7266666666666667,0.646287389791226,1.0,0.0,0.5,0.42857142857142855,,0.24494893271900614,0.6830118983753466,-0.2696131911022694,0.06971569121408178,15,0,20,0,3.0,0.1,0.1
recalibrated_joint_additive,profile_age,16,outer_train_full_chain_lr1_oof_meta_oof_scores,140,61,79,33,35,15,20,0.1,,0.35996418190298707,0.2700126458345751,0.95,True,0.5399999999999999,0.5342168558920477,0.7333333333333333,0.25,0.49166666666666664,0.4230769230769231,0.5555555555555556,0.25993247915505463,0.7238649590670715,-0.21766556129629158,0.1606377566600884,11,5,15,4,3.0,0.3,0.1
recalibrated_joint_additive,profile_symmetry,16,outer_train_full_chain_lr1_oof_meta_oof_scores,140,61,79,33,35,15,20,0.1,,0.429219376934543,0.33257279157633296,0.95,True,0.46,0.4687357339939399,1.0,0.0,0.5,0.42857142857142855,,0.24518766998323893,0.6834981100881938,-9.931516359910376,-37.41018804701366,15,0,20,0,3.0,0.1,0.001
recalibrated_joint_additive,profile_age_symmetry,16,outer_train_full_chain_lr1_oof_meta_oof_scores,140,61,79,33,35,15,20,0.1,,0.3595297306393707,0.2691888366158908,0.95,True,0.52,0.5273138527085396,0.7333333333333333,0.2,0.4666666666666667,0.4074074074074074,0.5,0.2598084076181916,0.7235825284025978,-0.21666191172234808,0.16291624706163751,11,4,16,4,3.0,0.3,0.001
current_product_exact_legacy,current_product_exact_legacy,17,legacy_outer_train_fitted_lr1_fitted_lr2_scores,140,60,80,33,35,16,19,0.1,0.3,0.4389667973325892,0.26532945344981845,0.95,True,0.631578947368421,0.6766346615423059,0.6875,0.3157894736842105,0.5016447368421053,0.4583333333333333,0.5454545454545454,0.2875789167547611,0.797669359637924,-0.15244328963230266,0.28889593469627856,11,6,13,5,,,
current_architecture_oof_retrained,current_architecture_oof_retrained,17,outer_train_full_chain_lr1_oof_current_lr2_oof_scores,140,60,80,33,35,16,19,0.1,0.3,0.5588062681648216,0.23438437775634163,0.95,True,0.680921052631579,0.6200065938038152,1.0,0.21052631578947367,0.6052631578947368,0.5161290322580645,1.0,0.2299444718833337,0.6580195100082649,-0.22023627640745397,0.641518154499687,16,4,15,0,,,
recalibrated_joint_additive,calibrated_profile,17,outer_train_full_chain_lr1_oof_meta_oof_scores,140,60,80,33,35,16,19,0.1,,0.40727806432186464,0.3167068913977049,0.95,True,0.5855263157894737,0.5744036418330772,0.8125,0.15789473684210525,0.48519736842105265,0.4482758620689655,0.5,0.23942645035477617,0.6706147249328485,0.07551564094634679,0.8628939757560472,13,3,16,3,0.1,0.1,0.1
recalibrated_joint_additive,profile_age,17,outer_train_full_chain_lr1_oof_meta_oof_scores,140,60,80,33,35,16,19,0.1,,0.38111167853583094,0.2248762591290866,0.95,True,0.6611842105263158,0.6032965478008581,0.875,0.2631578947368421,0.569078947368421,0.5,0.7142857142857143,0.23077708614290274,0.6517251712049783,-0.04540538096752022,0.6533803361327744,14,5,14,2,0.3,1.0,0.1
recalibrated_joint_additive,profile_symmetry,17,outer_train_full_chain_lr1_oof_meta_oof_scores,140,60,80,33,35,16,19,0.1,,0.3538022685765881,0.2900924034257675,0.95,True,0.5789473684210527,0.5723320170640841,0.9375,0.15789473684210525,0.5476973684210527,0.4838709677419355,0.75,0.2413507841421376,0.6744533217445197,0.03729489751388599,0.7230613384544033,15,3,16,1,0.03,0.1,0.003
recalibrated_joint_additive,profile_age_symmetry,17,outer_train_full_chain_lr1_oof_meta_oof_scores,140,60,80,33,35,16,19,0.1,,0.3861012885656829,0.2270123245268339,0.95,True,0.6578947368421053,0.6015378897922001,0.875,0.2631578947368421,0.569078947368421,0.5,0.7142857142857143,0.23095614470768053,0.6520274808435658,-0.04556865727169975,0.6513327584898901,14,5,14,2,0.3,1.0,0.001
current_product_exact_legacy,current_product_exact_legacy,18,legacy_outer_train_fitted_lr1_fitted_lr2_scores,140,61,79,33,35,15,20,0.1,0.3,0.5087443219989516,0.23738790971914633,0.95,True,0.6733333333333333,0.6312808881515974,1.0,0.25,0.625,0.5,1.0,0.2305012434034112,0.6431762462230696,-0.4161129151574038,0.6784539504855603,15,5,15,0,,,
current_architecture_oof_retrained,current_architecture_oof_retrained,18,outer_train_full_chain_lr1_oof_current_lr2_oof_scores,140,61,79,33,35,15,20,0.1,0.3,0.46681472876788777,0.18561060034839863,0.95,True,0.7333333333333334,0.6134927931831956,1.0,0.2,0.6,0.4838709677419355,1.0,0.20509833469412625,0.5937616577103378,-0.3745919117401388,1.507593999479395,15,4,16,0,,,
recalibrated_joint_additive,calibrated_profile,18,outer_train_full_chain_lr1_oof_meta_oof_scores,140,61,79,33,35,15,20,0.1,,0.4380953229254285,0.3568529642712261,0.95,True,0.6433333333333333,0.5267074485845101,1.0,0.25,0.625,0.5,1.0,0.2315214772074493,0.6546623403149977,0.13515038030838028,2.041420010641786,15,5,15,0,3.0,0.1,0.1
recalibrated_joint_additive,profile_age,18,outer_train_full_chain_lr1_oof_meta_oof_scores,140,61,79,33,35,15,20,0.1,,0.3968101533983191,0.22331336113942313,0.95,True,0.8133333333333334,0.7489983164983165,1.0,0.2,0.6,0.4838709677419355,1.0,0.1920243324516456,0.5669032450404,0.14874971549684537,2.687892910483504,15,4,16,0,3.0,0.3,0.1
recalibrated_joint_additive,profile_symmetry,18,outer_train_full_chain_lr1_oof_meta_oof_scores,140,61,79,33,35,15,20,0.1,,0.43800203572251567,0.34762137729425974,0.95,True,0.63,0.519291173692487,1.0,0.25,0.625,0.5,1.0,0.23174333568569158,0.6551200701514455,0.13100261029246973,2.025470278492705,15,5,15,0,3.0,0.1,0.001
recalibrated_joint_additive,profile_age_symmetry,18,outer_train_full_chain_lr1_oof_meta_oof_scores,140,61,79,33,35,15,20,0.1,,0.3888462271634311,0.2257946527416847,0.95,True,0.8066666666666666,0.7495386630912946,1.0,0.2,0.6,0.4838709677419355,1.0,0.19254052955340417,0.5678849511665326,0.13825906115487702,2.6617164938575133,15,4,16,0,3.0,0.3,0.001
current_product_exact_legacy,current_product_exact_legacy,19,legacy_outer_train_fitted_lr1_fitted_lr2_scores,140,61,79,32,35,15,20,0.1,0.3,0.6178562982242105,0.29976020789672225,0.95,True,0.6366666666666667,0.6672366011181801,0.7333333333333333,0.45,0.5916666666666667,0.5,0.6923076923076923,0.2635910960845811,0.7611476336393118,-0.35953727529927004,0.35161978816357525,11,9,11,4,,,
current_architecture_oof_retrained,current_architecture_oof_retrained,19,outer_train_full_chain_lr1_oof_current_lr2_oof_scores,140,61,79,32,35,15,20,0.1,0.3,0.4556061830028873,0.2748464838825082,0.95,True,0.7566666666666667,0.7513538504917814,1.0,0.1,0.55,0.45454545454545453,1.0,0.2092227390947306,0.6035343200002253,-0.5182089588086358,1.501465089679997,15,2,18,0,,,
recalibrated_joint_additive,calibrated_profile,19,outer_train_full_chain_lr1_oof_meta_oof_scores,140,61,79,32,35,15,20,0.1,,0.44641936210639255,0.3038069337967729,0.95,True,0.5933333333333334,0.5910037701949467,0.8,0.1,0.45,0.4,0.4,0.24237407637458433,0.6812204477189752,-0.19892891520292996,0.5423944715414023,12,2,18,3,0.03,0.1,0.1
recalibrated_joint_additive,profile_age,19,outer_train_full_chain_lr1_oof_meta_oof_scores,140,61,79,32,35,15,20,0.1,,0.37605549817544504,0.2373299120571407,0.95,True,0.71,0.7059396202925614,0.9333333333333333,0.15,0.5416666666666666,0.45161290322580644,0.75,0.21101084742434895,0.6112924006226598,-0.17294381081261118,1.068898748995871,14,3,17,1,0.1,1.0,0.1
recalibrated_joint_additive,profile_symmetry,19,outer_train_full_chain_lr1_oof_meta_oof_scores,140,61,79,32,35,15,20,0.1,,0.4454954211075468,0.3062560755701211,0.95,True,0.6033333333333334,0.5986716578628343,0.8,0.1,0.45,0.4,0.4,0.24214699368444345,0.680661233296436,-0.19741038909287753,0.550372553222335,12,2,18,3,0.03,0.1,0.001
recalibrated_joint_additive,profile_age_symmetry,19,outer_train_full_chain_lr1_oof_meta_oof_scores,140,61,79,32,35,15,20,0.1,,0.37949504545886276,0.2135080507081815,0.95,True,0.7033333333333334,0.6912225817614812,0.9333333333333333,0.1,0.5166666666666667,0.4375,0.6666666666666666,0.21358599211787896,0.6174653464470571,-0.1975053714235996,0.9341998498237528,14,2,18,1,0.03,3.0,0.001
current_product_exact_legacy,current_product_exact_legacy,20,legacy_outer_train_fitted_lr1_fitted_lr2_scores,141,61,80,33,34,15,19,0.1,0.3,0.4323259371731498,0.346688433834203,0.95,True,0.6877192982456141,0.6996877142465378,0.8,0.47368421052631576,0.6368421052631579,0.5454545454545454,0.75,0.23475924554638306,0.7738540551511048,-0.185699507768836,0.2942604171209098,12,9,10,3,,,
current_architecture_oof_retrained,current_architecture_oof_retrained,20,outer_train_full_chain_lr1_oof_current_lr2_oof_scores,141,61,80,33,34,15,19,0.1,0.3,0.4505228146529942,0.3492342854804873,0.95,True,0.5473684210526316,0.5298717694562097,0.7333333333333333,0.3157894736842105,0.5245614035087719,0.4583333333333333,0.6,0.2912642385011951,0.8749774106093665,-0.25338832545956025,-0.10128424518147486,11,6,13,4,,,
recalibrated_joint_additive,calibrated_profile,20,outer_train_full_chain_lr1_oof_meta_oof_scores,141,61,80,33,34,15,19,0.1,,0.43809511559635345,0.38528910128198884,0.95,True,0.7614035087719299,0.7528474647959318,1.0,0.10526315789473684,0.5526315789473684,0.46875,1.0,0.23355647544510966,0.6596566815684665,1.898095495736049,8.890857540347254,15,2,17,0,1.0,0.1,0.1
recalibrated_joint_additive,profile_age,20,outer_train_full_chain_lr1_oof_meta_oof_scores,141,61,80,33,34,15,19,0.1,,0.37631620527356513,0.26925714254446104,0.95,True,0.6736842105263159,0.5771158280654848,1.0,0.2631578947368421,0.631578947368421,0.5172413793103449,1.0,0.22808358052505992,0.6436403222357012,-0.0898872752027716,0.932533403848171,15,5,14,0,3.0,1.0,0.1
recalibrated_joint_additive,profile_symmetry,20,outer_train_full_chain_lr1_oof_meta_oof_scores,141,61,80,33,34,15,19,0.1,,0.418685468290928,0.281050396306591,0.95,True,0.5719298245614035,0.6461819901992261,0.7333333333333333,0.15789473684210525,0.44561403508771924,0.4074074074074074,0.42857142857142855,0.2862054004166258,0.9466971419701063,-0.4137368488885329,-0.33126987039648115,11,3,16,4,0.1,0.1,0.3
recalibrated_joint_additive,profile_age_symmetry,20,outer_train_full_chain_lr1_oof_meta_oof_scores,141,61,80,33,34,15,19,0.1,,0.3569884935442808,0.28463406002991876,0.95,True,0.5473684210526316,0.5380205096049498,0.7333333333333333,0.3157894736842105,0.5245614035087719,0.4583333333333333,0.6,0.277739977494291,0.850745530809494,-0.25727466335891813,-0.05053335977056709,11,6,13,4,3.0,1.0,0.3
current_product_exact_legacy,current_product_exact_legacy,21,legacy_outer_train_fitted_lr1_fitted_lr2_scores,139,61,78,33,36,15,21,0.1,0.3,0.44011330252544856,0.3637744209605358,0.95,True,0.6571428571428573,0.5598246835835534,0.7333333333333333,0.42857142857142855,0.5809523809523809,0.4782608695652174,0.6923076923076923,0.23676195054336654,0.6885665992317015,-0.18642909310011582,0.4254566377351322,11,9,12,4,,,
current_architecture_oof_retrained,current_architecture_oof_retrained,21,outer_train_full_chain_lr1_oof_current_lr2_oof_scores,139,61,78,33,36,15,21,0.1,0.3,0.5389776110193051,0.2473908088828377,0.95,True,0.7428571428571429,0.6890656511244747,1.0,0.19047619047619047,0.5952380952380952,0.46875,1.0,0.2056764109429953,0.5946317572205566,-0.1645263826463723,1.6442136699609509,15,4,17,0,,,
recalibrated_joint_additive,calibrated_profile,21,outer_train_full_chain_lr1_oof_meta_oof_scores,139,61,78,33,36,15,21,0.1,,0.4320218886879459,0.35786254869285133,0.95,True,0.6095238095238096,0.49292332712068404,1.0,0.19047619047619047,0.5952380952380952,0.46875,1.0,0.24009537250384205,0.6727770989544227,-0.097467107498479,0.9909544401871712,15,4,17,0,1.0,0.1,0.1
recalibrated_joint_additive,profile_age,21,outer_train_full_chain_lr1_oof_meta_oof_scores,139,61,78,33,36,15,21,0.1,,0.369522376698072,0.29279565282769066,0.95,True,0.7333333333333334,0.7065375042674358,0.9333333333333333,0.23809523809523808,0.5857142857142857,0.4666666666666667,0.8333333333333334,0.20421787289040325,0.5914314064863198,0.2820300466467931,1.7499569182651487,14,5,16,1,3.0,3.0,0.1
recalibrated_joint_additive,profile_symmetry,21,outer_train_full_chain_lr1_oof_meta_oof_scores,139,61,78,33,36,15,21,0.1,,0.4406574468105711,0.3648441768552719,0.95,True,0.6126984126984127,0.5040344382317952,0.8666666666666667,0.19047619047619047,0.5285714285714286,0.43333333333333335,0.6666666666666666,0.24002053883080152,0.6726412372826088,-0.08486881250043064,1.0467929895827603,13,4,17,2,3.0,0.1,0.001
recalibrated_joint_additive,profile_age_symmetry,21,outer_train_full_chain_lr1_oof_meta_oof_scores,139,61,78,33,36,15,21,0.1,,0.3693515932263978,0.2929780698342099,0.95,True,0.7301587301587302,0.7024971002270317,0.9333333333333333,0.23809523809523808,0.5857142857142857,0.4666666666666667,0.8333333333333334,0.20419252944300248,0.5912626134275789,0.27842177046257893,1.7473606456468929,14,5,16,1,3.0,3.0,0.001
current_product_exact_legacy,current_product_exact_legacy,22,legacy_outer_train_fitted_lr1_fitted_lr2_scores,141,60,81,33,34,16,18,0.1,0.3,0.3762624336291483,0.3360604702334803,0.95,True,0.6180555555555556,0.5600364785784677,0.75,0.6111111111111112,0.6805555555555556,0.631578947368421,0.7333333333333333,0.26076309524711444,0.7464818692543502,0.07233250658398133,0.344447241598124,12,11,7,4,,,
current_architecture_oof_retrained,current_architecture_oof_retrained,22,outer_train_full_chain_lr1_oof_current_lr2_oof_scores,141,60,81,33,34,16,18,0.1,0.3,0.5048596582463402,0.34885096261130194,0.95,True,0.75,0.7829675838867015,0.8125,0.5,0.65625,0.5909090909090909,0.75,0.2091985430799683,0.6102725848064262,0.33117556761063355,1.557307833740487,13,9,9,3,,,
recalibrated_joint_additive,calibrated_profile,22,outer_train_full_chain_lr1_oof_meta_oof_scores,141,60,81,33,34,16,18,0.1,,0.4435110850075169,0.31555498024422457,0.95,True,0.5416666666666667,0.4854918142204417,0.875,0.1111111111111111,0.4930555555555556,0.4666666666666667,0.5,0.25310124051841987,0.6989406419367623,0.07607512604535811,0.5146025255729795,14,2,16,2,0.1,0.1,0.1
recalibrated_joint_additive,profile_age,22,outer_train_full_chain_lr1_oof_meta_oof_scores,141,60,81,33,34,16,18,0.1,,0.33170491229134663,0.2899772937847788,0.95,True,0.7048611111111112,0.755653596981722,0.6875,0.5555555555555556,0.6215277777777778,0.5789473684210527,0.6666666666666666,0.21804198601020827,0.6335707273690778,0.6331417171608021,1.3012593189822461,11,10,8,5,0.3,1.0,0.1
recalibrated_joint_additive,profile_symmetry,22,outer_train_full_chain_lr1_oof_meta_oof_scores,141,60,81,33,34,16,18,0.1,,0.4430769660397535,0.3190478753690454,0.95,True,0.5381944444444444,0.48251562374425117,0.875,0.1111111111111111,0.4930555555555556,0.4666666666666667,0.5,0.25313858428168884,0.6989919709636995,0.07545873125748805,0.5129151902485759,14,2,16,2,0.1,0.1,0.001
recalibrated_joint_additive,profile_age_symmetry,22,outer_train_full_chain_lr1_oof_meta_oof_scores,141,60,81,33,34,16,18,0.1,,0.3307661039456445,0.29160950653738593,0.95,True,0.7048611111111112,0.755653596981722,0.6875,0.5555555555555556,0.6215277777777778,0.5789473684210527,0.6666666666666666,0.21805464384398535,0.633518236696131,0.6371157268234193,1.3073509576228255,11,10,8,5,0.3,1.0,0.001
current_product_exact_legacy,current_product_exact_legacy,23,legacy_outer_train_fitted_lr1_fitted_lr2_scores,140,61,79,33,35,15,20,0.1,0.3,0.4316071033333373,0.24870553331659528,0.95,True,0.7066666666666667,0.6768279676900366,0.8,0.35,0.575,0.48,0.7,0.23649640034328487,0.662481394546097,-0.169465433185699,0.48784689492657257,12,7,13,3,,,
current_architecture_oof_retrained,current_architecture_oof_retrained,23,outer_train_full_chain_lr1_oof_current_lr2_oof_scores,140,61,79,33,35,15,20,0.1,0.3,0.5604561571025476,0.2062597992855978,0.95,True,0.66,0.575021826585294,1.0,0.05,0.525,0.4411764705882353,1.0,0.23997436146407947,0.6794547103571544,-0.31950018405646696,0.5848681553528756,15,1,19,0,,,
recalibrated_joint_additive,calibrated_profile,23,outer_train_full_chain_lr1_oof_meta_oof_scores,140,61,79,33,35,15,20,0.1,,0.4339623619120034,0.2930234824463077,0.95,True,0.67,0.5789126459959794,1.0,0.0,0.5,0.42857142857142855,,0.23319982107479323,0.6586837501069234,0.6296100076056849,3.1648581850527746,15,0,20,0,3.0,0.1,0.1
recalibrated_joint_additive,profile_age,23,outer_train_full_chain_lr1_oof_meta_oof_scores,140,61,79,33,35,15,20,0.1,,0.4004288574175803,0.1965718851883656,0.95,True,0.6566666666666667,0.562495175848117,1.0,0.1,0.55,0.45454545454545453,1.0,0.23899487678633632,0.6701030811068578,-0.17220915638390227,0.558210177692981,15,2,18,0,3.0,3.0,0.1
recalibrated_joint_additive,profile_symmetry,23,outer_train_full_chain_lr1_oof_meta_oof_scores,140,61,79,33,35,15,20,0.1,,0.4320653021141982,0.2926412457459224,0.95,True,0.67,0.5789126459959794,1.0,0.0,0.5,0.42857142857142855,,0.23318571499966084,0.658657995907534,0.630986832668745,3.1753687509271376,15,0,20,0,3.0,0.1,0.001
recalibrated_joint_additive,profile_age_symmetry,23,outer_train_full_chain_lr1_oof_meta_oof_scores,140,61,79,33,35,15,20,0.1,,0.4916655838943102,0.22135446128018857,0.95,True,0.6566666666666667,0.5621159064185044,1.0,0.15,0.575,0.46875,1.0,0.2355581038485598,0.6615184879969294,-0.1512017202179446,0.6369367001088954,15,3,17,0,3.0,0.3,0.001
current_product_exact_legacy,current_product_exact_legacy,24,legacy_outer_train_fitted_lr1_fitted_lr2_scores,139,61,78,32,36,15,21,0.1,0.3,0.398994914611026,0.31590765594537995,0.95,True,0.6158730158730159,0.5084033482437964,0.9333333333333333,0.38095238095238093,0.6571428571428571,0.5185185185185185,0.8888888888888888,0.24656548964385758,0.6825870105046423,-0.42423317661298854,0.525794103591771,14,8,13,1,,,
current_architecture_oof_retrained,current_architecture_oof_retrained,24,outer_train_full_chain_lr1_oof_current_lr2_oof_scores,139,61,78,32,36,15,21,0.1,0.3,0.4342365814705592,0.2899643725861639,0.95,True,0.7587301587301587,0.6948636962452752,1.0,0.19047619047619047,0.5952380952380952,0.46875,1.0,0.20981782884214673,0.6060184131905489,-0.6277099621145203,1.5532164316371835,15,4,17,0,,,
recalibrated_joint_additive,calibrated_profile,24,outer_train_full_chain_lr1_oof_meta_oof_scores,139,61,78,32,36,15,21,0.1,,0.4189721250257012,0.24429276528450056,0.95,True,0.5682539682539682,0.4825416358278334,1.0,0.14285714285714285,0.5714285714285714,0.45454545454545453,1.0,0.2339653201468851,0.6552913174347428,-0.12634069650674454,0.8984612223980346,15,3,18,0,0.001,0.1,0.1
recalibrated_joint_additive,profile_age,24,outer_train_full_chain_lr1_oof_meta_oof_scores,139,61,78,32,36,15,21,0.1,,0.4919146450214469,0.1846435961183967,0.95,True,0.7047619047619048,0.6097229048934079,1.0,0.14285714285714285,0.5714285714285714,0.45454545454545453,1.0,0.20710003180464598,0.5950094118661663,-0.31916960772051395,1.1362000911085757,15,3,18,0,0.01,0.3,0.1
recalibrated_joint_additive,profile_symmetry,24,outer_train_full_chain_lr1_oof_meta_oof_scores,139,61,78,32,36,15,21,0.1,,0.418279064368873,0.24971205637636246,0.95,True,0.5619047619047619,0.47953918019379876,1.0,0.14285714285714285,0.5714285714285714,0.45454545454545453,1.0,0.2341991644193686,0.6557841918695324,-0.1268039772783973,0.890057211171459,15,3,18,0,0.001,0.1,0.001
recalibrated_joint_additive,profile_age_symmetry,24,outer_train_full_chain_lr1_oof_meta_oof_scores,139,61,78,32,36,15,21,0.1,,0.38121359180188075,0.19861601558794104,0.95,True,0.726984126984127,0.6389691987865362,1.0,0.19047619047619047,0.5952380952380952,0.46875,1.0,0.2065233090974824,0.5938182233711118,-0.34251948890542816,1.1447729993878402,15,4,17,0,0.03,1.0,0.001
current_product_exact_legacy,current_product_exact_legacy,25,legacy_outer_train_fitted_lr1_fitted_lr2_scores,142,61,81,33,33,15,18,0.1,0.3,0.4331055584931515,0.25669836480515623,0.95,True,0.7444444444444445,0.7590434649809359,0.8666666666666667,0.5555555555555556,0.7111111111111111,0.6190476190476191,0.8333333333333334,0.2127790053919066,0.6176693659419076,0.1754808723230559,0.7702251232172046,13,10,8,2,,,
current_architecture_oof_retrained,current_architecture_oof_retrained,25,outer_train_full_chain_lr1_oof_current_lr2_oof_scores,142,61,81,33,33,15,18,0.1,0.3,0.37155648596733176,0.24159341553291866,0.95,True,0.7703703703703704,0.715487673781544,1.0,0.05555555555555555,0.5277777777777778,0.46875,1.0,0.2088053541432706,0.6062936555378926,0.07514659778545012,1.6370138792823834,15,1,17,0,,,
recalibrated_joint_additive,calibrated_profile,25,outer_train_full_chain_lr1_oof_meta_oof_scores,142,61,81,33,33,15,18,0.1,,0.39136835106246287,0.3302960448117372,0.95,True,0.7148148148148148,0.6608811776458836,0.9333333333333333,0.16666666666666666,0.55,0.4827586206896552,0.75,0.23057900634806763,0.6538688594642218,0.5589106548661374,2.0808991370207526,14,3,15,1,0.3,0.1,0.1
recalibrated_joint_additive,profile_age,25,outer_train_full_chain_lr1_oof_meta_oof_scores,142,61,81,33,33,15,18,0.1,,0.34215743789036385,0.2684875793487077,0.95,True,0.7407407407407407,0.7537147554538859,0.9333333333333333,0.16666666666666666,0.55,0.4827586206896552,0.75,0.2172682284411115,0.6327961763494769,0.4322330043162282,1.323539270534594,14,3,15,1,1.0,3.0,0.1
recalibrated_joint_additive,profile_symmetry,25,outer_train_full_chain_lr1_oof_meta_oof_scores,142,61,81,33,33,15,18,0.1,,0.33847062778080833,0.3136529153101051,0.95,True,0.7148148148148148,0.6608811776458836,0.9333333333333333,0.16666666666666666,0.55,0.4827586206896552,0.75,0.22956678699606073,0.651852196705452,0.5223358347228697,1.9405620185376096,14,3,15,1,0.1,0.1,0.001
recalibrated_joint_additive,profile_age_symmetry,25,outer_train_full_chain_lr1_oof_meta_oof_scores,142,61,81,33,33,15,18,0.1,,0.3557246456408116,0.249632887922446,0.95,True,0.7481481481481482,0.7638802156449216,0.9333333333333333,0.16666666666666666,0.55,0.4827586206896552,0.75,0.21604157509583882,0.6307024600710321,0.4411557732102341,1.3147801366447,14,3,15,1,0.3,3.0,0.001
current_product_exact_legacy,current_product_exact_legacy,26,legacy_outer_train_fitted_lr1_fitted_lr2_scores,138,61,77,33,37,15,22,0.1,0.3,0.5293391475302577,0.35692099520034354,0.95,True,0.7,0.6647796612768562,0.8666666666666667,0.45454545454545453,0.6606060606060606,0.52,0.8333333333333334,0.25360711299202865,0.719293543816685,-0.4638626595147551,0.43505091442984106,13,10,12,2,,,
current_architecture_oof_retrained,current_architecture_oof_retrained,26,outer_train_full_chain_lr1_oof_current_lr2_oof_scores,138,61,77,33,37,15,22,0.1,0.3,0.5233011251023779,0.1401959790805148,0.95,True,0.7030303030303031,0.6290445630417579,1.0,0.0,0.5,0.40540540540540543,,0.2373758228691284,0.6729569037917433,-0.6564932359973685,0.7695133557819384,15,0,22,0,,,
recalibrated_joint_additive,calibrated_profile,26,outer_train_full_chain_lr1_oof_meta_oof_scores,138,61,77,33,37,15,22,0.1,,0.437279260648073,0.3741276109868249,0.95,True,0.6454545454545455,0.5833275971841616,0.9333333333333333,0.36363636363636365,0.6484848484848484,0.5,0.8888888888888888,0.22312327278919983,0.6359912853970127,0.05230020601576843,1.9010213023700184,14,8,14,1,0.3,0.1,0.1
recalibrated_joint_additive,profile_age,26,outer_train_full_chain_lr1_oof_meta_oof_scores,138,61,77,33,37,15,22,0.1,,0.39143447343760135,0.24015517329048133,0.95,True,0.6848484848484848,0.6014082878310192,1.0,0.2727272727272727,0.6363636363636364,0.4838709677419355,1.0,0.22742314060076838,0.6444541228812487,-0.43008987357965206,0.8078177594541568,15,6,16,0,3.0,0.3,0.1
recalibrated_joint_additive,profile_symmetry,26,outer_train_full_chain_lr1_oof_meta_oof_scores,138,61,77,33,37,15,22,0.1,,0.4376468136579667,0.37514555027551205,0.95,True,0.6484848484848484,0.5913857982423626,0.9333333333333333,0.36363636363636365,0.6484848484848484,0.5,0.8888888888888888,0.22364162211095454,0.6370771181965029,0.04185341196563395,1.8403777005484598,14,8,14,1,0.3,0.1,0.001
recalibrated_joint_additive,profile_age_symmetry,26,outer_train_full_chain_lr1_oof_meta_oof_scores,138,61,77,33,37,15,22,0.1,,0.3891893440776781,0.23264382160113237,0.95,True,0.6818181818181819,0.600877455208115,1.0,0.2727272727272727,0.6363636363636364,0.4838709677419355,1.0,0.2271831802951598,0.6432667016977991,-0.42796289961429673,0.8056752772161646,15,6,16,0,1.0,0.3,0.001
current_product_exact_legacy,current_product_exact_legacy,27,legacy_outer_train_fitted_lr1_fitted_lr2_scores,138,60,78,33,37,16,21,0.1,0.3,0.4007002688501072,0.340487191221707,0.95,True,0.6875,0.6211527257420877,0.875,0.38095238095238093,0.6279761904761905,0.5185185185185185,0.8,0.22368869536614175,0.6386499162999346,-0.2714493162129349,0.682504419903591,14,8,13,2,,,
current_architecture_oof_retrained,current_architecture_oof_retrained,27,outer_train_full_chain_lr1_oof_current_lr2_oof_scores,138,60,78,33,37,16,21,0.1,0.3,0.4353570618553219,0.24703182865107592,0.95,True,0.6041666666666667,0.5476732463862917,1.0,0.14285714285714285,0.5714285714285714,0.47058823529411764,1.0,0.25037202599256286,0.6963743404266632,-0.2973111154542393,0.4878492324740709,16,3,18,0,,,
recalibrated_joint_additive,calibrated_profile,27,outer_train_full_chain_lr1_oof_meta_oof_scores,138,60,78,33,37,16,21,0.1,,0.45575277711629586,0.35571749432025596,0.95,True,0.693452380952381,0.6902412380249235,1.0,0.09523809523809523,0.5476190476190477,0.45714285714285713,1.0,0.2322709412674607,0.656603298589791,0.9489235322895991,4.881863441270936,16,2,19,0,0.1,0.1,0.1
recalibrated_joint_additive,profile_age,27,outer_train_full_chain_lr1_oof_meta_oof_scores,138,60,78,33,37,16,21,0.1,,0.3801668788098522,0.284177738898091,0.95,True,0.7589285714285714,0.6812190413752913,0.9375,0.23809523809523808,0.5877976190476191,0.4838709677419355,0.8333333333333334,0.2002980867460489,0.5862687201329545,0.008807724318640704,1.5126217260154213,15,5,16,1,3.0,1.0,0.1
recalibrated_joint_additive,profile_symmetry,27,outer_train_full_chain_lr1_oof_meta_oof_scores,138,60,78,33,37,16,21,0.1,,0.45585666147034376,0.3542467426569128,0.95,True,0.6875000000000001,0.6840276599363455,1.0,0.09523809523809523,0.5476190476190477,0.45714285714285713,1.0,0.2329260735296888,0.6579407670205187,0.8770983041506576,4.588265511084154,16,2,19,0,0.1,0.1,0.001
recalibrated_joint_additive,profile_age_symmetry,27,outer_train_full_chain_lr1_oof_meta_oof_scores,138,60,78,33,37,16,21,0.1,,0.3248129597012092,0.2341815970049769,0.95,True,0.5982142857142857,0.5019621232273508,0.875,0.2857142857142857,0.5803571428571428,0.4827586206896552,0.75,0.2568749183024676,0.7110933992527815,-0.2007356756635783,0.36838972957381033,14,6,15,2,3.0,3.0,1.0
current_product_exact_legacy,current_product_exact_legacy,28,legacy_outer_train_fitted_lr1_fitted_lr2_scores,142,61,81,33,33,15,18,0.1,0.3,0.5049149787275217,0.2810088984839914,0.95,True,0.674074074074074,0.6706906264423389,0.8666666666666667,0.2777777777777778,0.5722222222222222,0.5,0.7142857142857143,0.236392152484244,0.6719824282385182,-0.09373407139221684,0.5137218256883564,13,5,13,2,,,
current_architecture_oof_retrained,current_architecture_oof_retrained,28,outer_train_full_chain_lr1_oof_current_lr2_oof_scores,142,61,81,33,33,15,18,0.1,0.3,0.49738242035823244,0.25644413406993266,0.95,True,0.5555555555555556,0.5599215764502696,0.9333333333333333,0.16666666666666666,0.55,0.4827586206896552,0.75,0.2532309443823436,0.695744756140872,-0.1028229427707626,0.43299651131872163,14,3,15,1,,,
recalibrated_joint_additive,calibrated_profile,28,outer_train_full_chain_lr1_oof_meta_oof_scores,142,61,81,33,33,15,18,0.1,,0.410172482494425,0.23623125148066024,0.95,True,0.6148148148148148,0.5805523914144604,1.0,0.0,0.5,0.45454545454545453,,0.2387451999220655,0.6692492138632823,0.09515152350517472,1.1509694582210366,15,0,18,0,0.1,0.1,0.1
recalibrated_joint_additive,profile_age,28,outer_train_full_chain_lr1_oof_meta_oof_scores,142,61,81,33,33,15,18,0.1,,0.38786034323051155,0.23168405430594968,0.95,True,0.5444444444444445,0.5340613932639104,0.9333333333333333,0.2222222222222222,0.5777777777777777,0.5,0.8,0.27024319854019385,0.7319139816681691,-0.08069444982484346,0.2529371859823495,14,4,14,1,3.0,1.0,0.1
recalibrated_joint_additive,profile_symmetry,28,outer_train_full_chain_lr1_oof_meta_oof_scores,142,61,81,33,33,15,18,0.1,,0.4101356178090228,0.23650356473903425,0.95,True,0.6074074074074074,0.5748047077256002,1.0,0.0,0.5,0.45454545454545453,,0.2388178309371456,0.6693732245711639,0.09498642884490713,1.1500663084874854,15,0,18,0,0.1,0.1,0.001
recalibrated_joint_additive,profile_age_symmetry,28,outer_train_full_chain_lr1_oof_meta_oof_scores,142,61,81,33,33,15,18,0.1,,0.39590943632401954,0.2444330860198347,0.95,True,0.537037037037037,0.5255632247657419,0.9333333333333333,0.2222222222222222,0.5777777777777777,0.5,0.8,0.26519824629482314,0.7209575137845776,-0.07215040335758492,0.28478456419760434,14,4,14,1,3.0,0.3,0.001
current_product_exact_legacy,current_product_exact_legacy,29,legacy_outer_train_fitted_lr1_fitted_lr2_scores,140,61,79,32,35,15,20,0.1,0.3,0.4699485532485907,0.2872033422686289,0.95,True,0.5533333333333335,0.4696511727783075,0.6666666666666666,0.4,0.5333333333333333,0.45454545454545453,0.6153846153846154,0.3114903296491986,0.8769037049562233,-0.2884951227036587,0.09204165602204854,10,8,12,5,,,
current_architecture_oof_retrained,current_architecture_oof_retrained,29,outer_train_full_chain_lr1_oof_current_lr2_oof_scores,140,61,79,32,35,15,20,0.1,0.3,0.506917897439878,0.25020627506754417,0.95,True,0.7466666666666666,0.757266354016354,1.0,0.15,0.575,0.46875,1.0,0.20263941700499613,0.5925224470538295,-0.196692127642657,1.8457396848008032,15,3,17,0,,,
recalibrated_joint_additive,calibrated_profile,29,outer_train_full_chain_lr1_oof_meta_oof_scores,140,61,79,32,35,15,20,0.1,,0.37995561021671337,0.22554719853138835,0.95,True,0.4566666666666667,0.40662545141255313,1.0,0.0,0.5,0.42857142857142855,,0.2759243060102738,0.7500536775035154,-0.34386042358633995,-0.47613034250102565,15,0,20,0,0.1,0.1,0.1
recalibrated_joint_additive,profile_age,29,outer_train_full_chain_lr1_oof_meta_oof_scores,140,61,79,32,35,15,20,0.1,,0.40912790291262124,0.2660232048683369,0.95,True,0.69,0.6379288663692688,0.9333333333333333,0.2,0.5666666666666667,0.4666666666666667,0.8,0.22202889696340872,0.6355087099983653,-0.05081433995423535,1.1031433382672746,14,4,16,1,0.3,0.1,0.1
recalibrated_joint_additive,profile_symmetry,29,outer_train_full_chain_lr1_oof_meta_oof_scores,140,61,79,32,35,15,20,0.1,,0.36020160322507855,0.1953452187768569,0.95,True,0.4566666666666667,0.40662545141255313,1.0,0.0,0.5,0.42857142857142855,,0.2816530595471394,0.7642422181116096,-0.3305835201376404,-0.41916307202232694,15,0,20,0,0.03,0.1,0.001
recalibrated_joint_additive,profile_age_symmetry,29,outer_train_full_chain_lr1_oof_meta_oof_scores,140,61,79,32,35,15,20,0.1,,0.4003634029566582,0.2646308160671456,0.95,True,0.7166666666666667,0.6664435319582378,0.8666666666666667,0.2,0.5333333333333333,0.4482758620689655,0.6666666666666666,0.21391078396200935,0.6178681083924069,-0.004962914649324672,1.2144466769300335,13,4,16,2,0.3,0.3,0.001
current_product_exact_legacy,current_product_exact_legacy,30,legacy_outer_train_fitted_lr1_fitted_lr2_scores,140,61,79,33,35,15,20,0.1,0.3,0.4879728937077418,0.29349119159637077,0.95,True,0.6599999999999999,0.6234197012138188,0.8666666666666667,0.35,0.6083333333333334,0.5,0.7777777777777778,0.2391395460658376,0.7114550935397156,-0.22643838804129054,0.39044053715377347,13,7,13,2,,,
current_architecture_oof_retrained,current_architecture_oof_retrained,30,outer_train_full_chain_lr1_oof_current_lr2_oof_scores,140,61,79,33,35,15,20,0.1,0.3,0.39090158960219884,0.3079038765166524,0.95,True,0.71,0.6801285751285752,0.9333333333333333,0.25,0.5916666666666667,0.4827586206896552,0.8333333333333334,0.21535443072782787,0.624063680054908,-0.17352349205255427,1.1404990208312622,14,5,15,1,,,
recalibrated_joint_additive,calibrated_profile,30,outer_train_full_chain_lr1_oof_meta_oof_scores,140,61,79,33,35,15,20,0.1,,0.42360702211718004,0.22410986125944143,0.95,True,0.5733333333333334,0.5278019588864973,1.0,0.0,0.5,0.42857142857142855,,0.24275362286074947,0.67833646636951,-0.1395175492083403,0.6330688667153008,15,0,20,0,0.03,0.1,0.1
recalibrated_joint_additive,profile_age,30,outer_train_full_chain_lr1_oof_meta_oof_scores,140,61,79,33,35,15,20,0.1,,0.4050690430840119,0.20168178127080572,0.95,True,0.73,0.7259708537649714,0.9333333333333333,0.1,0.5166666666666667,0.4375,0.6666666666666666,0.20969534182777505,0.6100462278185376,0.23696210089839914,1.4210929213764723,14,2,18,1,0.1,1.0,0.1
recalibrated_joint_additive,profile_symmetry,30,outer_train_full_chain_lr1_oof_meta_oof_scores,140,61,79,33,35,15,20,0.1,,0.42380518311999776,0.22385711469104014,0.95,True,0.5733333333333334,0.5278019588864973,1.0,0.0,0.5,0.42857142857142855,,0.24273242061062875,0.6782738168937784,-0.13998524217019412,0.6359630265890912,15,0,20,0,0.03,0.1,0.001
recalibrated_joint_additive,profile_age_symmetry,30,outer_train_full_chain_lr1_oof_meta_oof_scores,140,61,79,33,35,15,20,0.1,,0.40390617815556834,0.199760450230176,0.95,True,0.74,0.712028285861303,0.9333333333333333,0.05,0.4916666666666667,0.42424242424242425,0.5,0.20622557559216756,0.607413322010604,0.17287492941383548,1.3905776436548891,14,1,19,1,0.1,3.0,0.1
current_product_exact_legacy,current_product_exact_legacy,31,legacy_outer_train_fitted_lr1_fitted_lr2_scores,140,61,79,33,35,15,20,0.1,0.3,0.5376176336196515,0.28282172163359887,0.95,True,0.5966666666666667,0.609074479160686,0.7333333333333333,0.2,0.4666666666666667,0.4074074074074074,0.5,0.2755985483776417,0.7610714647439514,-0.33099762456880405,0.309903726417069,11,4,16,4,,,
current_architecture_oof_retrained,current_architecture_oof_retrained,31,outer_train_full_chain_lr1_oof_current_lr2_oof_scores,140,61,79,33,35,15,20,0.1,0.3,0.5014666231699955,0.34955435729849027,0.95,True,0.7133333333333334,0.6745010601788095,0.9333333333333333,0.25,0.5916666666666667,0.4827586206896552,0.8333333333333334,0.21626376128437952,0.6211719544890675,-0.3926727022305857,1.411282890504874,14,5,15,1,,,
recalibrated_joint_additive,calibrated_profile,31,outer_train_full_chain_lr1_oof_meta_oof_scores,140,61,79,33,35,15,20,0.1,,0.3942525297229813,0.3004385624306831,0.95,True,0.54,0.48518159426780116,1.0,0.0,0.5,0.42857142857142855,,0.2453138627040414,0.6836275209398363,-0.19231348501511872,0.5754288628306471,15,0,20,0,0.1,0.1,0.1
recalibrated_joint_additive,profile_age,31,outer_train_full_chain_lr1_oof_meta_oof_scores,140,61,79,33,35,15,20,0.1,,0.34892237606452386,0.24370136730098693,0.95,True,0.68,0.6429229852731214,1.0,0.05,0.525,0.4411764705882353,1.0,0.22147665988279674,0.6303923099872911,-0.15262620888819453,1.0426587447950684,15,1,19,0,0.3,1.0,0.1
recalibrated_joint_additive,profile_symmetry,31,outer_train_full_chain_lr1_oof_meta_oof_scores,140,61,79,33,35,15,20,0.1,,0.39623537024991345,0.3000230138490132,0.95,True,0.5266666666666666,0.4697448906205712,1.0,0.0,0.5,0.42857142857142855,,0.24547988190908013,0.6839665658746441,-0.19594142071683307,0.5491102957136961,15,0,20,0,0.1,0.1,0.001
recalibrated_joint_additive,profile_age_symmetry,31,outer_train_full_chain_lr1_oof_meta_oof_scores,140,61,79,33,35,15,20,0.1,,0.35755473101185264,0.24828513598644567,0.95,True,0.7000000000000001,0.6692496439143998,1.0,0.1,0.55,0.45454545454545453,1.0,0.21086682912825752,0.607628787681433,-0.11431773879620401,1.2358715385418495,15,2,18,0,0.3,3.0,0.3
current_product_exact_legacy,current_product_exact_legacy,32,legacy_outer_train_fitted_lr1_fitted_lr2_scores,138,61,77,33,37,15,22,0.1,0.3,0.4684525158877773,0.32235061830555295,0.95,True,0.6727272727272726,0.6139046675909421,0.7333333333333333,0.4090909090909091,0.5712121212121212,0.4583333333333333,0.6923076923076923,0.25268920045547516,0.7071794254187458,-0.3403670184055903,0.41530352439052887,11,9,13,4,,,
current_architecture_oof_retrained,current_architecture_oof_retrained,32,outer_train_full_chain_lr1_oof_current_lr2_oof_scores,138,61,77,33,37,15,22,0.1,0.3,0.48032391680903436,0.20327944428782027,0.95,True,0.7454545454545455,0.6338182188182188,1.0,0.13636363636363635,0.5681818181818181,0.4411764705882353,1.0,0.21045866446013645,0.6152362001255459,-0.519965109827775,0.9748096494766966,15,3,19,0,,,
recalibrated_joint_additive,calibrated_profile,32,outer_train_full_chain_lr1_oof_meta_oof_scores,138,61,77,33,37,15,22,0.1,,0.44218436617957907,0.35229746839070886,0.95,True,0.6272727272727273,0.5705791064717209,0.8666666666666667,0.3181818181818182,0.5924242424242424,0.4642857142857143,0.7777777777777778,0.22719712282289975,0.6449365416293138,0.025901579326153227,1.3424761681636987,13,7,15,2,0.1,0.1,0.1
recalibrated_joint_additive,profile_age,32,outer_train_full_chain_lr1_oof_meta_oof_scores,138,61,77,33,37,15,22,0.1,,0.36811489438501,0.29988588804813776,0.95,True,0.7636363636363637,0.6566066524572379,0.9333333333333333,0.4090909090909091,0.6712121212121213,0.5185185185185185,0.9,0.19691433867102545,0.5779159858555818,-0.18626242571442567,1.1603570863641046,14,9,13,1,3.0,3.0,0.1
recalibrated_joint_additive,profile_symmetry,32,outer_train_full_chain_lr1_oof_meta_oof_scores,138,61,77,33,37,15,22,0.1,,0.4698038435531724,0.3526646057958223,0.95,True,0.6272727272727273,0.5705791064717209,0.9333333333333333,0.22727272727272727,0.5803030303030303,0.45161290322580644,0.8333333333333334,0.22915101526040937,0.6498775681824112,0.13215856195717332,1.824453164215423,14,5,17,1,3.0,0.1,0.001
recalibrated_joint_additive,profile_age_symmetry,32,outer_train_full_chain_lr1_oof_meta_oof_scores,138,61,77,33,37,15,22,0.1,,0.3700949354232319,0.30200968356867935,0.95,True,0.7636363636363637,0.6566066524572379,0.9333333333333333,0.4090909090909091,0.6712121212121213,0.5185185185185185,0.9,0.19706048129410403,0.5781585558672391,-0.18922984923406533,1.155370209904332,14,9,13,1,3.0,3.0,0.001
current_product_exact_legacy,current_product_exact_legacy,33,legacy_outer_train_fitted_lr1_fitted_lr2_scores,141,61,80,33,34,15,19,0.1,0.3,0.3662474752142459,0.2910698076964395,0.95,True,0.7859649122807018,0.6284825480477655,0.9333333333333333,0.5263157894736842,0.7298245614035088,0.6086956521739131,0.9090909090909091,0.18831831643091868,0.5589706500250139,0.024761019438110612,0.9101668156948414,14,10,9,1,,,
current_architecture_oof_retrained,current_architecture_oof_retrained,33,outer_train_full_chain_lr1_oof_current_lr2_oof_scores,141,61,80,33,34,15,19,0.1,0.3,0.5238361876541221,0.31824671275585614,0.95,True,0.7543859649122807,0.7231744399391458,1.0,0.42105263157894735,0.7105263157894737,0.5769230769230769,1.0,0.21378669563229497,0.6098236339035966,-0.16608429704803074,0.9750590793229146,15,8,11,0,,,
recalibrated_joint_additive,calibrated_profile,33,outer_train_full_chain_lr1_oof_meta_oof_scores,141,61,80,33,34,15,19,0.1,,0.4170020764995962,0.3864120957204087,0.95,True,0.6807017543859649,0.5747782187077516,1.0,0.10526315789473684,0.5526315789473684,0.46875,1.0,0.23913417518484578,0.67099254374243,2.0391402123533506,8.410811314088905,15,2,17,0,3.0,0.1,0.1
recalibrated_joint_additive,profile_age,33,outer_train_full_chain_lr1_oof_meta_oof_scores,141,61,80,33,34,15,19,0.1,,0.39422097578199455,0.28451282876419304,0.95,True,0.7333333333333334,0.7036341387657177,1.0,0.3157894736842105,0.6578947368421053,0.5357142857142857,1.0,0.21442535460658066,0.6121889368301755,0.048426240544429906,1.1548209342304911,15,6,13,0,3.0,0.3,0.1
recalibrated_joint_additive,profile_symmetry,33,outer_train_full_chain_lr1_oof_meta_oof_scores,141,61,80,33,34,15,19,0.1,,0.43912228374325446,0.38658816782400257,0.95,True,0.6842105263157895,0.6080653253632793,1.0,0.10526315789473684,0.5526315789473684,0.46875,1.0,0.23905224093055136,0.6708287983031559,2.0601388556528595,8.48386771642242,15,2,17,0,3.0,0.1,0.001
recalibrated_joint_additive,profile_age_symmetry,33,outer_train_full_chain_lr1_oof_meta_oof_scores,141,61,80,33,34,15,19,0.1,,0.3632565304463685,0.2852344432096642,0.95,True,0.7333333333333334,0.7154290105605895,1.0,0.3157894736842105,0.6578947368421053,0.5357142857142857,1.0,0.21450138115092626,0.6122888720868187,0.049095492126200346,1.1492908985315409,15,6,13,0,3.0,0.3,0.001
current_product_exact_legacy,current_product_exact_legacy,34,legacy_outer_train_fitted_lr1_fitted_lr2_scores,141,60,81,32,34,16,18,0.1,0.3,0.5173297086332587,0.2533826104111716,0.95,True,0.5486111111111112,0.49516588380491594,0.875,0.2222222222222222,0.5486111111111112,0.5,0.6666666666666666,0.2792836737927415,0.7809816288600617,-0.07654837662355188,0.1648311335873884,14,4,14,2,,,
current_architecture_oof_retrained,current_architecture_oof_retrained,34,outer_train_full_chain_lr1_oof_current_lr2_oof_scores,141,60,81,32,34,16,18,0.1,0.3,0.48061753061986234,0.25820975519983047,0.95,True,0.6111111111111112,0.5732345975280757,0.9375,0.16666666666666666,0.5520833333333334,0.5,0.75,0.24494888197589373,0.6822976554610801,-0.049350264938639116,0.557784217055405,15,3,15,1,,,
recalibrated_joint_additive,calibrated_profile,34,outer_train_full_chain_lr1_oof_meta_oof_scores,141,60,81,32,34,16,18,0.1,,0.4270558104014909,0.17343484225966638,0.95,True,0.5069444444444445,0.4607873160292515,0.9375,0.1111111111111111,0.5243055555555556,0.4838709677419355,0.6666666666666666,0.2750226583566804,0.75342817076169,-0.16641777767746835,-0.14979226352459887,15,2,16,1,0.03,0.1,0.1
recalibrated_joint_additive,profile_age,34,outer_train_full_chain_lr1_oof_meta_oof_scores,141,60,81,32,34,16,18,0.1,,0.3676078171044137,0.19542373477081573,0.95,True,0.576388888888889,0.5398659111274333,0.875,0.1111111111111111,0.4930555555555556,0.4666666666666667,0.5,0.26105420238775495,0.7372328368902603,-0.026626962362893948,0.23773583301108023,14,2,16,2,0.1,0.3,0.1
recalibrated_joint_additive,profile_symmetry,34,outer_train_full_chain_lr1_oof_meta_oof_scores,141,60,81,32,34,16,18,0.1,,0.40414161367726115,0.17103009838400632,0.95,True,0.5069444444444445,0.4607873160292515,0.9375,0.1111111111111111,0.5243055555555556,0.4838709677419355,0.6666666666666666,0.27485553616307323,0.7527915113266679,-0.1654246215302558,-0.1465245158580436,15,2,16,1,0.03,0.1,0.001
recalibrated_joint_additive,profile_age_symmetry,34,outer_train_full_chain_lr1_oof_meta_oof_scores,141,60,81,32,34,16,18,0.1,,0.3381550509468416,0.176182599083764,0.95,True,0.5694444444444444,0.5358131935491739,0.875,0.16666666666666666,0.5208333333333334,0.4827586206896552,0.6,0.2616637837757191,0.7403541228681599,-0.022730683457060537,0.24243700571848673,14,3,15,2,0.1,1.0,0.001
current_product_exact_legacy,current_product_exact_legacy,35,legacy_outer_train_fitted_lr1_fitted_lr2_scores,139,60,79,33,36,16,20,0.1,0.3,0.5180369297393499,0.3010592893160624,0.95,True,0.559375,0.5485946920179734,0.875,0.2,0.5375,0.4666666666666667,0.6666666666666666,0.30510408019856167,0.8428591474102293,-0.3115498910453818,0.22441497521602197,14,4,16,2,,,
current_architecture_oof_retrained,current_architecture_oof_retrained,35,outer_train_full_chain_lr1_oof_current_lr2_oof_scores,139,60,79,33,36,16,20,0.1,0.3,0.47245633117362085,0.30439856971976526,0.95,True,0.603125,0.535645829532565,1.0,0.2,0.6,0.5,1.0,0.26808750353418165,0.7591661360450033,-0.33192660787816186,0.301136769604404,16,4,16,0,,,
recalibrated_joint_additive,calibrated_profile,35,outer_train_full_chain_lr1_oof_meta_oof_scores,139,60,79,33,36,16,20,0.1,,0.43508180834691096,0.28954172676714324,0.95,True,0.5562499999999999,0.5150389623341688,1.0,0.1,0.55,0.47058823529411764,1.0,0.23770576627137696,0.6654628796033144,-0.02166896046747838,1.1077998997882075,16,2,18,0,0.03,0.1,0.1
recalibrated_joint_additive,profile_age,35,outer_train_full_chain_lr1_oof_meta_oof_scores,139,60,79,33,36,16,20,0.1,,0.37438610378970866,0.2917110449280693,0.95,True,0.68125,0.6251503726296592,1.0,0.25,0.625,0.5161290322580645,1.0,0.22525906647597932,0.6429447473720172,-0.3226420915697534,1.1326953493766707,16,5,15,0,3.0,0.3,0.1
recalibrated_joint_additive,profile_symmetry,35,outer_train_full_chain_lr1_oof_meta_oof_scores,139,60,79,33,36,16,20,0.1,,0.45040486019999115,0.29504843437745515,0.95,True,0.4625,0.4628723405641562,1.0,0.1,0.55,0.47058823529411764,1.0,0.26108828515381743,0.7142481576039689,-0.22787395035437838,-0.023814203993575145,16,2,18,0,0.03,0.1,0.1
recalibrated_joint_additive,profile_age_symmetry,35,outer_train_full_chain_lr1_oof_meta_oof_scores,139,60,79,33,36,16,20,0.1,,0.394771992497463,0.23237617521421852,0.95,True,0.5875,0.5304028115560623,1.0,0.15,0.575,0.48484848484848486,1.0,0.26657377232048785,0.7517772934929123,-0.24530913003969892,0.24660108034999761,16,3,17,0,3.0,0.3,1.0
current_product_exact_legacy,current_product_exact_legacy,36,legacy_outer_train_fitted_lr1_fitted_lr2_scores,138,61,77,33,37,15,22,0.1,0.3,0.42869040136495234,0.313701584697141,0.95,True,0.5636363636363637,0.4490267563316984,0.8,0.36363636363636365,0.5818181818181818,0.46153846153846156,0.7272727272727273,0.2778069979926511,0.7835624468363437,-0.37858700176426674,0.20950890037094297,12,8,14,3,,,
current_architecture_oof_retrained,current_architecture_oof_retrained,36,outer_train_full_chain_lr1_oof_current_lr2_oof_scores,138,61,77,33,37,15,22,0.1,0.3,0.43815385791867917,0.2747273325067251,0.95,True,0.7000000000000001,0.6327183009437911,0.9333333333333333,0.18181818181818182,0.5575757575757576,0.4375,0.8,0.21538889670184175,0.6165188513021341,-0.19041259252356382,1.1432620909409053,14,4,18,1,,,
recalibrated_joint_additive,calibrated_profile,36,outer_train_full_chain_lr1_oof_meta_oof_scores,138,61,77,33,37,15,22,0.1,,0.40720247495520995,0.2840670402551317,0.95,True,0.5393939393939394,0.45478083221736476,0.8666666666666667,0.045454545454545456,0.45606060606060606,0.38235294117647056,0.3333333333333333,0.2618524607994197,0.7249751641550215,-0.39382901633396616,-0.07910742821092213,13,1,21,2,0.03,0.1,0.1
recalibrated_joint_additive,profile_age,36,outer_train_full_chain_lr1_oof_meta_oof_scores,138,61,77,33,37,15,22,0.1,,0.5149912416873911,0.2778596507685761,0.95,True,0.6606060606060606,0.5941936378799123,0.8666666666666667,0.2727272727272727,0.5696969696969697,0.4482758620689655,0.75,0.22521132613291614,0.6397375497738396,-0.029950274582793958,0.8383774235274666,13,6,16,2,3.0,0.3,0.1
recalibrated_joint_additive,profile_symmetry,36,outer_train_full_chain_lr1_oof_meta_oof_scores,138,61,77,33,37,15,22,0.1,,0.43777405132288927,0.3047124399673122,0.95,True,0.5333333333333333,0.45097966262672146,0.8666666666666667,0.045454545454545456,0.45606060606060606,0.38235294117647056,0.3333333333333333,0.25866404233019846,0.7160490001823164,-0.3957490644675351,-0.08776860993039899,13,1,21,2,0.1,0.1,0.001
recalibrated_joint_additive,profile_age_symmetry,36,outer_train_full_chain_lr1_oof_meta_oof_scores,138,61,77,33,37,15,22,0.1,,0.5149303853099904,0.27782884945720326,0.95,True,0.6606060606060605,0.5925948155552836,0.8666666666666667,0.22727272727272727,0.546969696969697,0.43333333333333335,0.7142857142857143,0.22502733087539295,0.6392334798433537,-0.029705089853723648,0.8429345110268327,13,5,17,2,3.0,0.3,0.001
current_product_exact_legacy,current_product_exact_legacy,37,legacy_outer_train_fitted_lr1_fitted_lr2_scores,140,61,79,33,35,15,20,0.1,0.3,0.47500867452394174,0.31911198911912525,0.95,True,0.7366666666666667,0.7465555068501292,0.6666666666666666,0.65,0.6583333333333333,0.5882352941176471,0.7222222222222222,0.20626978565574158,0.6166569731381171,0.33862905389010534,0.7917754617584868,10,13,7,5,,,
current_architecture_oof_retrained,current_architecture_oof_retrained,37,outer_train_full_chain_lr1_oof_current_lr2_oof_scores,140,61,79,33,35,15,20,0.1,0.3,0.46046305806756366,0.3353500837542089,0.95,True,0.7066666666666667,0.6557120567680752,0.9333333333333333,0.2,0.5666666666666667,0.4666666666666667,0.8,0.2159483307851465,0.6198384089236267,-0.21867555244030537,1.353712958150918,14,4,16,1,,,
recalibrated_joint_additive,calibrated_profile,37,outer_train_full_chain_lr1_oof_meta_oof_scores,140,61,79,33,35,15,20,0.1,,0.45234066079654667,0.332594346119095,0.95,True,0.66,0.7115769415769415,0.9333333333333333,0.15,0.5416666666666666,0.45161290322580644,0.75,0.23364400613462,0.6595680843957925,0.5428517620253975,2.452492082409997,14,3,17,1,0.1,0.1,0.1
recalibrated_joint_additive,profile_age,37,outer_train_full_chain_lr1_oof_meta_oof_scores,140,61,79,33,35,15,20,0.1,,0.3671276429635125,0.2890821954549799,0.95,True,0.6833333333333333,0.6289763968660402,1.0,0.1,0.55,0.45454545454545453,1.0,0.21937492802500314,0.6275688344582095,0.05293451661475879,1.2420030784748965,15,2,18,0,3.0,0.3,0.1
recalibrated_joint_additive,profile_symmetry,37,outer_train_full_chain_lr1_oof_meta_oof_scores,140,61,79,33,35,15,20,0.1,,0.4530910147544354,0.33240297163951166,0.95,True,0.6533333333333333,0.6952806452806453,0.9333333333333333,0.15,0.5416666666666666,0.45161290322580644,0.75,0.23346151680462518,0.6591847060859898,0.5567081163937804,2.4946795530551347,14,3,17,1,0.1,0.1,0.001
recalibrated_joint_additive,profile_age_symmetry,37,outer_train_full_chain_lr1_oof_meta_oof_scores,140,61,79,33,35,15,20,0.1,,0.3829851372930087,0.2692670132466015,0.95,True,0.6966666666666667,0.6353455850331824,1.0,0.15,0.575,0.46875,1.0,0.21383889292767355,0.613722371639874,0.09578224684338062,1.2494167452200562,15,3,17,0,3.0,1.0,0.3
current_product_exact_legacy,current_product_exact_legacy,38,legacy_outer_train_fitted_lr1_fitted_lr2_scores,142,61,81,33,33,15,18,0.1,0.3,0.6300812905625482,0.2621527300695723,0.95,True,0.6,0.6109051148332822,0.8,0.3888888888888889,0.5944444444444444,0.5217391304347826,0.7,0.2877615708898786,0.8026066105085843,-0.09716209455389967,0.2726818364623458,12,7,11,3,,,
current_architecture_oof_retrained,current_architecture_oof_retrained,38,outer_train_full_chain_lr1_oof_current_lr2_oof_scores,142,61,81,33,33,15,18,0.1,0.3,0.48923082649698907,0.2606199941379616,0.95,True,0.7148148148148148,0.6762496898812689,1.0,0.3333333333333333,0.6666666666666666,0.5555555555555556,1.0,0.20850763794884278,0.5942704897652709,-0.17727307356897362,1.1402908891198302,15,6,12,0,,,
recalibrated_joint_additive,calibrated_profile,38,outer_train_full_chain_lr1_oof_meta_oof_scores,142,61,81,33,33,15,18,0.1,,0.42074767516532263,0.2606706463525514,0.95,True,0.5481481481481482,0.5807338858522091,0.9333333333333333,0.2222222222222222,0.5777777777777777,0.5,0.8,0.25013103824863664,0.6894407383856518,-0.01369736916353448,0.5059704698826389,14,4,14,1,0.003,0.1,0.1
recalibrated_joint_additive,profile_age,38,outer_train_full_chain_lr1_oof_meta_oof_scores,142,61,81,33,33,15,18,0.1,,0.4100627392077593,0.1988583329627226,0.95,True,0.7037037037037037,0.6841368952684742,1.0,0.2777777777777778,0.6388888888888888,0.5357142857142857,1.0,0.2133906918043884,0.6039726697276094,0.08014757141863806,0.9405558587268888,15,5,13,0,0.03,0.3,0.1
recalibrated_joint_additive,profile_symmetry,38,outer_train_full_chain_lr1_oof_meta_oof_scores,142,61,81,33,33,15,18,0.1,,0.41969399137430846,0.2601085429050645,0.95,True,0.5444444444444444,0.5791465842649075,0.9333333333333333,0.2222222222222222,0.5777777777777777,0.5,0.8,0.25019731157242353,0.6895128030545282,-0.013306193110869672,0.5051152141747258,14,4,14,1,0.001,0.1,0.001
recalibrated_joint_additive,profile_age_symmetry,38,outer_train_full_chain_lr1_oof_meta_oof_scores,142,61,81,33,33,15,18,0.1,,0.41132074059684176,0.1901176906059476,0.95,True,0.7074074074074074,0.6986474772790562,1.0,0.2222222222222222,0.6111111111111112,0.5172413793103449,1.0,0.2154649736563267,0.6078334288447846,0.07106640515124125,0.8865322563826974,15,4,14,0,0.01,0.3,0.001
current_product_exact_legacy,current_product_exact_legacy,39,legacy_outer_train_fitted_lr1_fitted_lr2_scores,141,61,80,32,34,15,19,0.1,0.3,0.40367115313602053,0.28801089244772526,0.95,True,0.6631578947368422,0.6650924982787727,0.8,0.2631578947368421,0.531578947368421,0.46153846153846156,0.625,0.2522274432290917,0.7406631389106316,-0.263229187785044,0.3656312922746558,12,5,14,3,,,
current_architecture_oof_retrained,current_architecture_oof_retrained,39,outer_train_full_chain_lr1_oof_current_lr2_oof_scores,141,61,80,32,34,15,19,0.1,0.3,0.5388261508442695,0.3182821732404022,0.95,True,0.6456140350877194,0.6360143875732112,0.8666666666666667,0.15789473684210525,0.512280701754386,0.4482758620689655,0.6,0.2369941502007555,0.6688770056232684,-0.24931079968664557,0.6327166254920088,13,3,16,2,,,
recalibrated_joint_additive,calibrated_profile,39,outer_train_full_chain_lr1_oof_meta_oof_scores,141,61,80,32,34,15,19,0.1,,0.40134644819149745,0.3035335476185697,0.95,True,0.6350877192982456,0.5193175513507995,0.9333333333333333,0.0,0.4666666666666667,0.42424242424242425,0.0,0.24109139362509446,0.6788341410152822,-0.08340059463565255,0.7329740866242834,14,0,19,1,0.3,0.1,0.1
recalibrated_joint_additive,profile_age,39,outer_train_full_chain_lr1_oof_meta_oof_scores,141,61,80,32,34,15,19,0.1,,0.35511181901307454,0.26151849962690715,0.95,True,0.6526315789473683,0.6359314823857585,0.8666666666666667,0.21052631578947367,0.5385964912280702,0.4642857142857143,0.6666666666666666,0.23627507857877011,0.6731822458223307,-0.049011530406217245,0.5673617965364184,13,4,15,2,1.0,0.3,0.1
recalibrated_joint_additive,profile_symmetry,39,outer_train_full_chain_lr1_oof_meta_oof_scores,141,61,80,32,34,15,19,0.1,,0.4065604032291963,0.30431498776853994,0.95,True,0.6280701754385966,0.5145570471491188,0.9333333333333333,0.0,0.4666666666666667,0.42424242424242425,0.0,0.24112952082099431,0.678877688922831,-0.08480596365196577,0.7319225996582046,14,0,19,1,0.3,0.1,0.001
recalibrated_joint_additive,profile_age_symmetry,39,outer_train_full_chain_lr1_oof_meta_oof_scores,141,61,80,32,34,15,19,0.1,,0.3573825629639511,0.2618194275849873,0.95,True,0.6526315789473683,0.6359314823857585,0.8666666666666667,0.21052631578947367,0.5385964912280702,0.4642857142857143,0.6666666666666666,0.23611556695091696,0.6727442699660499,-0.048757141866377036,0.5701809654394606,13,4,15,2,1.0,0.3,0.001
current_product_exact_legacy,current_product_exact_legacy,40,legacy_outer_train_fitted_lr1_fitted_lr2_scores,139,61,78,33,36,15,21,0.1,0.3,0.5052372252246348,0.2561853654185418,0.95,True,0.726984126984127,0.6752904530110412,0.8,0.47619047619047616,0.638095238095238,0.5217391304347826,0.7692307692307693,0.2112019267135646,0.6166608590242659,-0.18451005074351656,0.6793800776714228,12,10,11,3,,,
current_architecture_oof_retrained,current_architecture_oof_retrained,40,outer_train_full_chain_lr1_oof_current_lr2_oof_scores,139,61,78,33,36,15,21,0.1,0.3,0.4427897696385062,0.22967913871728937,0.95,True,0.6698412698412698,0.7164900266211007,1.0,0.0,0.5,0.4166666666666667,,0.22622652736613136,0.6438384700221957,-0.31594184849921936,1.3052292203460099,15,0,21,0,,,
recalibrated_joint_additive,calibrated_profile,40,outer_train_full_chain_lr1_oof_meta_oof_scores,139,61,78,33,36,15,21,0.1,,0.42996868580164677,0.3604192174122412,0.95,True,0.6793650793650794,0.6317506610093746,0.8,0.2857142857142857,0.5428571428571429,0.4444444444444444,0.6666666666666666,0.22929261618808539,0.6512196767234164,0.14155983253955035,1.3900449612247983,12,6,15,3,0.1,0.1,0.1
recalibrated_joint_additive,profile_age,40,outer_train_full_chain_lr1_oof_meta_oof_scores,139,61,78,33,36,15,21,0.1,,0.40503584798481357,0.3061766015116349,0.95,True,0.7015873015873015,0.7313424631605163,0.8666666666666667,0.19047619047619047,0.5285714285714286,0.43333333333333335,0.6666666666666666,0.21731644319468588,0.6258466485476883,0.044508379965363956,1.4274052245730415,13,4,17,2,0.3,0.1,0.1
recalibrated_joint_additive,profile_symmetry,40,outer_train_full_chain_lr1_oof_meta_oof_scores,139,61,78,33,36,15,21,0.1,,0.41216417972523006,0.35866300608501583,0.95,True,0.6793650793650794,0.6317506610093746,0.8,0.2857142857142857,0.5428571428571429,0.4444444444444444,0.6666666666666666,0.22918706078490908,0.6509839640279225,0.14354318468048055,1.3995288826984535,12,6,15,3,0.1,0.1,0.001
recalibrated_joint_additive,profile_age_symmetry,40,outer_train_full_chain_lr1_oof_meta_oof_scores,139,61,78,33,36,15,21,0.1,,0.3958183994698115,0.26897033940061627,0.95,True,0.6793650793650794,0.6941473515719692,0.9333333333333333,0.19047619047619047,0.5619047619047619,0.45161290322580644,0.8,0.21734107837597502,0.6250313012174709,-0.02920803421072616,1.1872352618673547,14,4,17,1,0.3,0.3,0.001
current_product_exact_legacy,current_product_exact_legacy,41,legacy_outer_train_fitted_lr1_fitted_lr2_scores,139,61,78,33,36,15,21,0.1,0.3,0.5495861080820914,0.2658769324381276,0.95,True,0.6190476190476191,0.5678501045849805,0.9333333333333333,0.23809523809523808,0.5857142857142857,0.4666666666666667,0.8333333333333334,0.26157007326552406,0.7437894527453887,-0.395528669730252,0.36483594351437637,14,5,16,1,,,
current_architecture_oof_retrained,current_architecture_oof_retrained,41,outer_train_full_chain_lr1_oof_current_lr2_oof_scores,139,61,78,33,36,15,21,0.1,0.3,0.4226295460166594,0.29533086864152086,0.95,True,0.6285714285714286,0.5407028520325622,0.9333333333333333,0.23809523809523808,0.5857142857142857,0.4666666666666667,0.8333333333333334,0.24974065194869136,0.7047853534724333,-0.4101187182436461,0.48371560737288766,14,5,16,1,,,
recalibrated_joint_additive,calibrated_profile,41,outer_train_full_chain_lr1_oof_meta_oof_scores,139,61,78,33,36,15,21,0.1,,0.47856731703325966,0.28356641485412704,0.95,True,0.5714285714285714,0.4839596330629637,1.0,0.0,0.5,0.4166666666666667,,0.23987257080869778,0.6724095037081512,-0.11714926925344474,1.1079666207438676,15,0,21,0,0.1,0.1,0.1
recalibrated_joint_additive,profile_age,41,outer_train_full_chain_lr1_oof_meta_oof_scores,139,61,78,33,36,15,21,0.1,,0.3675376282143447,0.2717995425009646,0.95,True,0.6730158730158731,0.5663115533641513,0.9333333333333333,0.23809523809523808,0.5857142857142857,0.4666666666666667,0.8333333333333334,0.23658008929088017,0.6675572256004623,-0.26212079300013413,0.5632989038105282,14,5,16,1,3.0,1.0,0.1
recalibrated_joint_additive,profile_symmetry,41,outer_train_full_chain_lr1_oof_meta_oof_scores,139,61,78,33,36,15,21,0.1,,0.4896915938583224,0.28341133446517053,0.95,True,0.5714285714285714,0.4827130535555147,1.0,0.0,0.5,0.4166666666666667,,0.23984133638366345,0.6723414289641036,-0.11586704053107925,1.115684861744122,15,0,21,0,0.1,0.1,0.001
recalibrated_joint_additive,profile_age_symmetry,41,outer_train_full_chain_lr1_oof_meta_oof_scores,139,61,78,33,36,15,21,0.1,,0.41829336509138965,0.23076816869083933,0.95,True,0.6222222222222222,0.5359409472706573,0.9333333333333333,0.23809523809523808,0.5857142857142857,0.4666666666666667,0.8333333333333334,0.24880755817972736,0.7000119765033369,-0.30333584683511655,0.42379225621306926,14,5,16,1,3.0,3.0,0.3
current_product_exact_legacy,current_product_exact_legacy,42,legacy_outer_train_fitted_lr1_fitted_lr2_scores,141,61,80,33,34,15,19,0.1,0.3,0.6243788418202405,0.3699520224883177,0.95,True,0.712280701754386,0.6727406761720487,0.7333333333333333,0.6842105263157895,0.7087719298245614,0.6470588235294118,0.7647058823529411,0.21540738853416808,0.6232801133158672,0.10180619975018554,0.6572064857126365,11,13,6,4,,,
current_architecture_oof_retrained,current_architecture_oof_retrained,42,outer_train_full_chain_lr1_oof_current_lr2_oof_scores,141,61,80,33,34,15,19,0.1,0.3,0.43481355784664216,0.33198893597533286,0.95,True,0.743859649122807,0.6578526639052954,0.9333333333333333,0.42105263157894735,0.6771929824561403,0.56,0.8888888888888888,0.21206027528099028,0.6099627838443425,0.20297930383478252,1.5039897997932197,14,8,11,1,,,
recalibrated_joint_additive,calibrated_profile,42,outer_train_full_chain_lr1_oof_meta_oof_scores,141,61,80,33,34,15,19,0.1,,0.3536706664993873,0.3536706664993873,0.95,True,0.6736842105263158,0.6132565736732403,1.0,0.0,0.5,0.4411764705882353,,0.23881021707291392,0.6704291933594573,1.1903283723776688,5.430171725912999,15,0,19,0,0.3,0.1,0.1
recalibrated_joint_additive,profile_age,42,outer_train_full_chain_lr1_oof_meta_oof_scores,141,61,80,33,34,15,19,0.1,,0.5367010692350245,0.25564282373924996,0.95,True,0.7789473684210526,0.6841987206693089,1.0,0.21052631578947367,0.6052631578947368,0.5,1.0,0.21660077280338266,0.616194395230732,0.7562458226199977,1.8398304898738078,15,4,15,0,3.0,3.0,0.1
recalibrated_joint_additive,profile_symmetry,42,outer_train_full_chain_lr1_oof_meta_oof_scores,141,61,80,33,34,15,19,0.1,,0.3789072645470331,0.3717472371509317,0.95,True,0.6736842105263158,0.6171084464381565,1.0,0.0,0.5,0.4411764705882353,,0.2434844726908782,0.6799871343801004,3.8213729567614227,15.168914406179523,15,0,19,0,3.0,0.1,0.001
recalibrated_joint_additive,profile_age_symmetry,42,outer_train_full_chain_lr1_oof_meta_oof_scores,141,61,80,33,34,15,19,0.1,,0.5345277054573968,0.25117408548532705,0.95,True,0.7649122807017543,0.6541157480863362,1.0,0.3157894736842105,0.6578947368421053,0.5357142857142857,1.0,0.21925750551881903,0.6212012725040398,0.6335466358916074,1.5930423275974304,15,6,13,0,3.0,3.0,0.03
current_product_exact_legacy,current_product_exact_legacy,43,legacy_outer_train_fitted_lr1_fitted_lr2_scores,141,61,80,33,34,15,19,0.1,0.3,0.587934329405746,0.24094009309911937,0.95,True,0.6035087719298247,0.5967343539100505,0.7333333333333333,0.3684210526315789,0.5508771929824561,0.4782608695652174,0.6363636363636364,0.27680593325325054,0.9534072277034994,-0.1787044658271912,0.08384303672755253,11,7,12,4,,,
current_architecture_oof_retrained,current_architecture_oof_retrained,43,outer_train_full_chain_lr1_oof_current_lr2_oof_scores,141,61,80,33,34,15,19,0.1,0.3,0.4202582905616548,0.20883433705976642,0.95,True,0.6140350877192983,0.626391628054914,0.7333333333333333,0.2631578947368421,0.4982456140350877,0.44,0.5555555555555556,0.2573379782749646,0.8189751297324278,-0.16982104205896673,0.12744872348771888,11,5,14,4,,,
recalibrated_joint_additive,calibrated_profile,43,outer_train_full_chain_lr1_oof_meta_oof_scores,141,61,80,33,34,15,19,0.1,,0.45232901846918266,0.22800365261595926,0.95,True,0.5789473684210527,0.5200746367379382,0.9333333333333333,0.0,0.4666666666666667,0.42424242424242425,0.0,0.2469498358180284,0.6924171905816857,-0.15622320652854443,0.3107971303434484,14,0,19,1,0.1,0.1,0.1
recalibrated_joint_additive,profile_age,43,outer_train_full_chain_lr1_oof_meta_oof_scores,141,61,80,33,34,15,19,0.1,,0.41733194788901473,0.2444394358902492,0.95,True,0.7263157894736842,0.6987273967862202,0.9333333333333333,0.15789473684210525,0.5456140350877193,0.4666666666666667,0.75,0.2119891210408075,0.6150349495168475,0.15920192218600243,1.295349076974021,14,3,16,1,3.0,0.1,0.1
recalibrated_joint_additive,profile_symmetry,43,outer_train_full_chain_lr1_oof_meta_oof_scores,141,61,80,33,34,15,19,0.1,,0.5239139382340839,0.2579740096781563,0.95,True,0.5122807017543859,0.4981214054549968,0.7333333333333333,0.21052631578947367,0.4719298245614035,0.4230769230769231,0.5,0.28873507108990604,0.9013486625946967,-0.4373965887309988,-0.2882877044971238,11,4,15,4,0.001,0.1,0.1
recalibrated_joint_additive,profile_age_symmetry,43,outer_train_full_chain_lr1_oof_meta_oof_scores,141,61,80,33,34,15,19,0.1,,0.4330156624429194,0.1727848452274497,0.95,True,0.6175438596491228,0.6324667190108366,0.7333333333333333,0.2631578947368421,0.4982456140350877,0.44,0.5555555555555556,0.25355292375874305,0.7874608944609821,-0.13584995730537708,0.14968642898476767,11,5,14,4,0.1,0.1,0.1
current_product_exact_legacy,current_product_exact_legacy,44,legacy_outer_train_fitted_lr1_fitted_lr2_scores,140,60,80,32,35,16,19,0.1,0.3,0.4979242820278782,0.32312071553761956,0.95,True,0.4703947368421053,0.44700940287757707,0.6875,0.42105263157894735,0.5542763157894737,0.5,0.6153846153846154,0.35147156329059015,0.9715951304496676,-0.17526250580790348,-0.014275572858677293,11,8,11,5,,,
current_architecture_oof_retrained,current_architecture_oof_retrained,44,outer_train_full_chain_lr1_oof_current_lr2_oof_scores,140,60,80,32,35,16,19,0.1,0.3,0.5763473884205916,0.2527055032127689,0.95,True,0.6217105263157895,0.6217025824232829,0.9375,0.15789473684210525,0.5476973684210527,0.4838709677419355,0.75,0.2526901834799433,0.7040130373678647,-0.23910897240818588,0.47031756194054924,15,3,16,1,,,
recalibrated_joint_additive,calibrated_profile,44,outer_train_full_chain_lr1_oof_meta_oof_scores,140,60,80,32,35,16,19,0.1,,0.4586155485446297,0.2500670043155618,0.95,True,0.4868421052631579,0.43434712109946855,1.0,0.10526315789473684,0.5526315789473684,0.48484848484848486,1.0,0.27153568882685725,0.736233184014119,-0.25412216882882466,-0.23046122425953006,16,2,17,0,0.03,0.1,0.1
recalibrated_joint_additive,profile_age,44,outer_train_full_chain_lr1_oof_meta_oof_scores,140,60,80,32,35,16,19,0.1,,0.43861298529297027,0.1980068856516086,0.95,True,0.6578947368421053,0.6276253455175759,1.0,0.15789473684210525,0.5789473684210527,0.5,1.0,0.2274780373473429,0.644888136014599,-0.04474251116996118,0.8850006609883598,16,3,16,0,0.1,0.3,0.1
recalibrated_joint_additive,profile_symmetry,44,outer_train_full_chain_lr1_oof_meta_oof_scores,140,60,80,32,35,16,19,0.1,,0.4584934504464502,0.2276978971622223,0.95,True,0.48026315789473684,0.4303292639566114,1.0,0.10526315789473684,0.5526315789473684,0.48484848484848486,1.0,0.27894231379652273,0.7520651466252228,-0.2508954468528699,-0.21193399958561426,16,2,17,0,0.01,0.1,0.001
recalibrated_joint_additive,profile_age_symmetry,44,outer_train_full_chain_lr1_oof_meta_oof_scores,140,60,80,32,35,16,19,0.1,,0.4482057528781297,0.15385800262039023,0.95,True,0.5986842105263158,0.6337574016783232,1.0,0.10526315789473684,0.5526315789473684,0.48484848484848486,1.0,0.25187590238144786,0.6985257789413998,-0.10106385248581375,0.42839639578250516,16,2,17,0,0.03,0.3,0.03
current_product_exact_legacy,current_product_exact_legacy,45,legacy_outer_train_fitted_lr1_fitted_lr2_scores,139,61,78,33,36,15,21,0.1,0.3,0.6870050078162321,0.24310019868149915,0.95,True,0.580952380952381,0.5627252438685076,0.8,0.2857142857142857,0.5428571428571429,0.4444444444444444,0.6666666666666666,0.26307130040023113,0.7759104765402639,-0.19937981836686494,0.20960500797358303,12,6,15,3,,,
current_architecture_oof_retrained,current_architecture_oof_retrained,45,outer_train_full_chain_lr1_oof_current_lr2_oof_scores,139,61,78,33,36,15,21,0.1,0.3,0.4332654229674184,0.2927908080124628,0.95,True,0.6825396825396826,0.6934811013827459,0.8666666666666667,0.23809523809523808,0.5523809523809524,0.4482758620689655,0.7142857142857143,0.21208658191845156,0.6114397726003622,-0.03586293741684116,1.1132910836563827,13,5,16,2,,,
recalibrated_joint_additive,calibrated_profile,45,outer_train_full_chain_lr1_oof_meta_oof_scores,139,61,78,33,36,15,21,0.1,,0.4065849529661662,0.26352583723432305,0.95,True,0.526984126984127,0.4515941132414146,0.7333333333333333,0.19047619047619047,0.4619047619047619,0.39285714285714285,0.5,0.26885885204262727,0.7629219010200967,-0.42485733578903895,-0.17561108416882715,11,4,17,4,0.03,0.1,0.1
recalibrated_joint_additive,profile_age,45,outer_train_full_chain_lr1_oof_meta_oof_scores,139,61,78,33,36,15,21,0.1,,0.42699391688864224,0.26981950768451063,0.95,True,0.6380952380952382,0.6586042802774437,0.8,0.23809523809523808,0.5190476190476191,0.42857142857142855,0.625,0.23263624746947364,0.6864643358925447,-0.09087564725813527,0.44771780585934534,12,5,16,3,0.1,0.1,0.1
recalibrated_joint_additive,profile_symmetry,45,outer_train_full_chain_lr1_oof_meta_oof_scores,139,61,78,33,36,15,21,0.1,,0.4178264531031074,0.2684770951913862,0.95,True,0.546031746031746,0.4643458781362007,0.7333333333333333,0.19047619047619047,0.4619047619047619,0.39285714285714285,0.5,0.2709632223191449,0.7693553086879577,-0.43124511933846393,-0.1803665268059511,11,4,17,4,0.01,0.1,0.01
recalibrated_joint_additive,profile_age_symmetry,45,outer_train_full_chain_lr1_oof_meta_oof_scores,139,61,78,33,36,15,21,0.1,,0.3902706561483317,0.2029098814292464,0.95,True,0.6349206349206349,0.6688456607032458,0.8,0.19047619047619047,0.49523809523809526,0.41379310344827586,0.5714285714285714,0.23130296421048102,0.6885906373570183,-0.06120716649714733,0.4527153173341439,12,4,17,3,0.03,0.3,0.03
current_product_exact_legacy,current_product_exact_legacy,46,legacy_outer_train_fitted_lr1_fitted_lr2_scores,140,61,79,33,35,15,20,0.1,0.3,0.34946264732574067,0.3224634427846698,0.95,True,0.5766666666666667,0.46345421976432205,0.9333333333333333,0.4,0.6666666666666667,0.5384615384615384,0.8888888888888888,0.27903972598921434,0.7862969803966159,-0.2950078719382126,0.21514492764625984,14,8,12,1,,,
current_architecture_oof_retrained,current_architecture_oof_retrained,46,outer_train_full_chain_lr1_oof_current_lr2_oof_scores,140,61,79,33,35,15,20,0.1,0.3,0.47924962821792005,0.2815821869752273,0.95,True,0.7100000000000001,0.6397333475379452,1.0,0.1,0.55,0.45454545454545453,1.0,0.22029248894879933,0.6304032351689322,-0.3600021391609155,1.461995545667861,15,2,18,0,,,
recalibrated_joint_additive,calibrated_profile,46,outer_train_full_chain_lr1_oof_meta_oof_scores,140,61,79,33,35,15,20,0.1,,0.46460210770004906,0.0695986761832568,0.95,True,0.5133333333333333,0.43181269901807656,1.0,0.0,0.5,0.42857142857142855,,0.24803901902876682,0.6886967923191213,-0.24404039617995704,0.2201004992826319,15,0,20,0,1.0,0.1,0.1
recalibrated_joint_additive,profile_age,46,outer_train_full_chain_lr1_oof_meta_oof_scores,140,61,79,33,35,15,20,0.1,,0.3916066937590865,0.24412082531721735,0.95,True,0.73,0.6976754944402003,1.0,0.1,0.55,0.45454545454545453,1.0,0.2047660516449755,0.5973697227253549,0.11793544347534125,1.6980828095342664,15,2,18,0,1.0,1.0,0.1
recalibrated_joint_additive,profile_symmetry,46,outer_train_full_chain_lr1_oof_meta_oof_scores,140,61,79,33,35,15,20,0.1,,0.47682162879263795,0.061927382022814156,0.95,True,0.51,0.430225397430775,1.0,0.0,0.5,0.42857142857142855,,0.24989531978650814,0.6923985658586058,-0.2585505204380484,0.15373540830079283,15,0,20,0,0.3,0.1,0.001
recalibrated_joint_additive,profile_age_symmetry,46,outer_train_full_chain_lr1_oof_meta_oof_scores,140,61,79,33,35,15,20,0.1,,0.4056455727884219,0.22708731711012922,0.95,True,0.7433333333333333,0.6606737461884521,1.0,0.1,0.55,0.45454545454545453,1.0,0.2084981835488103,0.60559688893927,0.08555666096269947,1.7040188433814418,15,2,18,0,0.3,0.3,0.001
current_product_exact_legacy,current_product_exact_legacy,47,legacy_outer_train_fitted_lr1_fitted_lr2_scores,140,60,80,33,35,16,19,0.1,0.3,0.4211087534133954,0.3434984307087194,0.95,True,0.6414473684210527,0.6723568818208286,0.625,0.5789473684210527,0.6019736842105263,0.5555555555555556,0.6470588235294118,0.2493950565249517,0.7038234336510942,0.11589734525910517,0.45149912347064797,10,11,8,6,,,
current_architecture_oof_retrained,current_architecture_oof_retrained,47,outer_train_full_chain_lr1_oof_current_lr2_oof_scores,140,60,80,33,35,16,19,0.1,0.3,0.5872856689153041,0.3391121625829204,0.95,True,0.7335526315789473,0.7301243652288544,0.8125,0.47368421052631576,0.6430921052631579,0.5652173913043478,0.75,0.20285996026105438,0.5914064707676916,0.12079006851300311,1.190930841804303,13,9,10,3,,,
recalibrated_joint_additive,calibrated_profile,47,outer_train_full_chain_lr1_oof_meta_oof_scores,140,60,80,33,35,16,19,0.1,,0.43330230753462234,0.29972282574067016,0.95,True,0.5625,0.5489738311797137,1.0,0.10526315789473684,0.5526315789473684,0.48484848484848486,1.0,0.242668210803648,0.677204891447477,0.2450836364623789,1.240216237974941,16,2,17,0,0.1,0.1,0.1
recalibrated_joint_additive,profile_age,47,outer_train_full_chain_lr1_oof_meta_oof_scores,140,60,80,33,35,16,19,0.1,,0.382756013172936,0.29217559914600966,0.95,True,0.7730263157894737,0.7480215414558445,0.875,0.3684210526315789,0.6217105263157895,0.5384615384615384,0.7777777777777778,0.1970231825421559,0.5774822614423066,0.33415931497712115,1.4519276065036937,14,7,12,2,3.0,3.0,0.1
recalibrated_joint_additive,profile_symmetry,47,outer_train_full_chain_lr1_oof_meta_oof_scores,140,60,80,33,35,16,19,0.1,,0.43899366408350776,0.2670946270612508,0.95,True,0.5625,0.5501838480147303,1.0,0.10526315789473684,0.5526315789473684,0.48484848484848486,1.0,0.2433770817983422,0.6778274205570856,0.1587041242248812,0.922673436905418,16,2,17,0,0.03,0.1,0.001
recalibrated_joint_additive,profile_age_symmetry,47,outer_train_full_chain_lr1_oof_meta_oof_scores,140,60,80,33,35,16,19,0.1,,0.3842664979913623,0.2929403464362532,0.95,True,0.7697368421052632,0.7464363965283083,0.875,0.3684210526315789,0.6217105263157895,0.5384615384615384,0.7777777777777778,0.19698917549534525,0.5774465877318781,0.3368862876512224,1.45505939327151,14,7,12,2,3.0,3.0,0.001
current_product_exact_legacy,current_product_exact_legacy,48,legacy_outer_train_fitted_lr1_fitted_lr2_scores,141,61,80,33,34,15,19,0.1,0.3,0.552802145540558,0.24799808099159734,0.95,True,0.5789473684210527,0.5169932543302108,0.6666666666666666,0.42105263157894735,0.5438596491228069,0.47619047619047616,0.6153846153846154,0.2836720503836099,0.8117204815634258,-0.15037400453252545,0.18446164017789263,10,8,11,5,,,
current_architecture_oof_retrained,current_architecture_oof_retrained,48,outer_train_full_chain_lr1_oof_current_lr2_oof_scores,141,61,80,33,34,15,19,0.1,0.3,0.42527613905000766,0.19798966762307962,0.95,True,0.6035087719298246,0.569354337458991,1.0,0.10526315789473684,0.5526315789473684,0.46875,1.0,0.23985412891209112,0.6679984405893132,-0.24099422016145872,0.72325079304045,15,2,17,0,,,
recalibrated_joint_additive,calibrated_profile,48,outer_train_full_chain_lr1_oof_meta_oof_scores,141,61,80,33,34,15,19,0.1,,0.3888945007364958,0.3026342648572904,0.95,True,0.5614035087719298,0.5153641977217829,1.0,0.0,0.5,0.4411764705882353,,0.24656577016107994,0.6868288850079779,-0.08503244054835543,0.4941680440136382,15,0,19,0,0.1,0.1,0.1
recalibrated_joint_additive,profile_age,48,outer_train_full_chain_lr1_oof_meta_oof_scores,141,61,80,33,34,15,19,0.1,,0.37176058390407607,0.2087751070357469,0.95,True,0.5719298245614035,0.5172372503725079,1.0,0.15789473684210525,0.5789473684210527,0.4838709677419355,1.0,0.2460632568530062,0.6784601146434006,-0.049932873062502076,0.559086904748431,15,3,16,0,0.3,0.3,0.1
recalibrated_joint_additive,profile_symmetry,48,outer_train_full_chain_lr1_oof_meta_oof_scores,141,61,80,33,34,15,19,0.1,,0.3888632323785224,0.30088517570302037,0.95,True,0.5543859649122808,0.5106022929598781,1.0,0.0,0.5,0.4411764705882353,,0.24657132041619287,0.6868090522829451,-0.08437978029587842,0.4960297417420466,15,0,19,0,0.1,0.1,0.001
recalibrated_joint_additive,profile_age_symmetry,48,outer_train_full_chain_lr1_oof_meta_oof_scores,141,61,80,33,34,15,19,0.1,,0.37038155240096887,0.21211887046415273,0.95,True,0.5719298245614035,0.5172372503725079,1.0,0.15789473684210525,0.5789473684210527,0.4838709677419355,1.0,0.24598357480789462,0.6783021606577604,-0.049724565453132835,0.5605816876219628,15,3,16,0,0.3,0.3,0.001
current_product_exact_legacy,current_product_exact_legacy,49,legacy_outer_train_fitted_lr1_fitted_lr2_scores,140,61,79,32,35,15,20,0.1,0.3,0.47146383362572225,0.3252893782775805,0.95,True,0.7100000000000001,0.7065872775809254,0.9333333333333333,0.2,0.5666666666666667,0.4666666666666667,0.8,0.2652591921947135,0.7627544793027354,-0.7603078655079716,0.5753292330353666,14,4,16,1,,,
current_architecture_oof_retrained,current_architecture_oof_retrained,49,outer_train_full_chain_lr1_oof_current_lr2_oof_scores,140,61,79,32,35,15,20,0.1,0.3,0.5452396311242954,0.24575877282855083,0.95,True,0.7166666666666667,0.5986917832570007,1.0,0.05,0.525,0.4411764705882353,1.0,0.2367218651348019,0.6812913458474954,-0.5721377568331999,0.8379520982816165,15,1,19,0,,,
recalibrated_joint_additive,calibrated_profile,49,outer_train_full_chain_lr1_oof_meta_oof_scores,140,61,79,32,35,15,20,0.1,,0.4640592714070603,0.27546577861527205,0.95,True,0.67,0.625650481563525,1.0,0.0,0.5,0.42857142857142855,,0.23957835080522,0.6722698070671561,0.47987204898334823,4.060232813960958,15,0,20,0,3.0,0.1,0.1
recalibrated_joint_additive,profile_age,49,outer_train_full_chain_lr1_oof_meta_oof_scores,140,61,79,32,35,15,20,0.1,,0.36973228403451863,0.19555187663546525,0.95,True,0.6699999999999999,0.5540578931819341,1.0,0.05,0.525,0.4411764705882353,1.0,0.2335659525220895,0.6629015568340263,-0.37410931847474993,0.8394899589526978,15,1,19,0,3.0,0.3,0.1
recalibrated_joint_additive,profile_symmetry,49,outer_train_full_chain_lr1_oof_meta_oof_scores,140,61,79,32,35,15,20,0.1,,0.4750923476412995,0.29014382547238743,0.95,True,0.6566666666666666,0.5538753900420567,1.0,0.0,0.5,0.42857142857142855,,0.23477900554999026,0.6620497181271036,0.07902679703541016,2.44149932123156,15,0,20,0,3.0,0.1,3.0
recalibrated_joint_additive,profile_age_symmetry,49,outer_train_full_chain_lr1_oof_meta_oof_scores,140,61,79,32,35,15,20,0.1,,0.5232948003973756,0.18984365272418502,0.95,True,0.7233333333333333,0.5993574771748146,1.0,0.05,0.525,0.4411764705882353,1.0,0.22432505924590068,0.6505216824684893,-0.37482924058248196,0.8302522661488027,15,1,19,0,3.0,0.3,3.0
