cohort,profile_encoder,split_id,roc_auc,pr_auc,sensitivity,specificity,balanced_accuracy,ppv,npv,brier_score,log_loss,calibration_intercept,calibration_slope,threshold_target,true_positives,true_negatives,false_positives,false_negatives
common,raw100,0,0.8444444444444444,0.7542523290549606,0.9333333333333333,0.42857142857142855,0.680952380952381,0.5384615384615384,0.9,0.17198122000603755,0.527014044875781,-0.5496109247257118,1.2349757223003928,0.2807400530518788,14,9,12,1
common,raw100,1,0.5476190476190477,0.5034935223464698,0.7142857142857143,0.3888888888888889,0.5515873015873016,0.47619047619047616,0.6363636363636364,0.3121235750927497,0.8709270707985952,-0.1931321018867241,0.15824697717690847,0.2581493552363743,10,7,11,4
common,raw100,2,0.7436974789915967,0.7785351891339286,0.7142857142857143,0.5882352941176471,0.6512605042016807,0.5882352941176471,0.7142857142857143,0.2044527685245225,0.5991884233358011,0.252747120094623,0.6976808081127984,0.30125045929947625,10,10,7,4
common,raw100,3,0.518796992481203,0.49950326549019985,0.7857142857142857,0.2631578947368421,0.5244360902255639,0.44,0.625,0.3197381231180711,0.9320531103390116,-0.30259585696488006,-0.015644047212771912,0.30239624040802077,11,5,14,3
common,raw100,4,0.6437246963562753,0.5906565847945158,0.6923076923076923,0.3684210526315789,0.5303643724696356,0.42857142857142855,0.6363636363636364,0.2308196963841611,0.6862860071815415,-0.1367451225207865,0.4293100638316362,0.25844552230676887,9,7,12,4
common,raw100,5,0.6428571428571428,0.605617317862521,0.8571428571428571,0.16666666666666666,0.5119047619047619,0.4444444444444444,0.6,0.2742601422063681,0.8307508800051544,-0.28982481062667015,0.15583819949976516,0.2737107098392414,12,3,15,2
common,raw100,6,0.6654135338345865,0.6821020625515699,0.7142857142857143,0.42105263157894735,0.5676691729323309,0.47619047619047616,0.6666666666666666,0.23864042150685208,0.7158671228658399,-0.1548845456160334,0.38639733452846975,0.2527382482439085,10,8,11,4
common,raw100,7,0.7658730158730159,0.6998677112647701,0.9285714285714286,0.2777777777777778,0.6031746031746033,0.5,0.8333333333333334,0.20762604096230491,0.6209902561444987,-0.46861515754860844,0.704296104283178,0.288447232096126,13,5,13,1
common,raw100,8,0.6421052631578947,0.5601344598134168,0.6666666666666666,0.631578947368421,0.6491228070175439,0.5882352941176471,0.7058823529411765,0.2759827195634184,0.8271606096710418,-0.04059412047797569,0.26185961368145805,0.3371498031188962,10,12,7,5
common,raw100,9,0.7961538461538462,0.6322711727689103,0.9230769230769231,0.35,0.6365384615384615,0.48,0.875,0.19039998721258025,0.5625758587128821,-0.45674874443905444,0.8747595222331351,0.27656270669978134,12,7,13,1
common,raw100,10,0.8195488721804511,0.6530965882856639,0.9285714285714286,0.47368421052631576,0.7011278195488722,0.5652173913043478,0.9,0.17397689929827706,0.5613105265230183,-0.39061376103882006,0.7584039639097393,0.2344816188186525,13,9,10,1
common,raw100,11,0.6912280701754386,0.6503084414646281,0.8666666666666667,0.3157894736842105,0.5912280701754387,0.5,0.75,0.24508018509093515,0.7386859961531824,-0.31449205799364094,0.3967613137685833,0.30051748508138465,13,6,13,2
common,raw100,12,0.7030075187969925,0.6681092669754589,0.6428571428571429,0.631578947368421,0.637218045112782,0.5625,0.7058823529411765,0.2265069632657463,0.6980840414088644,0.01784501737625436,0.4435455963877987,0.2927836394761078,9,12,7,5
common,raw100,13,0.6165413533834587,0.587372069786666,0.8571428571428571,0.21052631578947367,0.5338345864661653,0.4444444444444444,0.6666666666666666,0.2698906140785913,0.7549613540778635,-0.3627700315186663,0.3428237334847422,0.2460121447448459,12,4,15,2
common,raw100,14,0.6367521367521367,0.589384223203852,0.7692307692307693,0.2777777777777778,0.5235042735042735,0.43478260869565216,0.625,0.2474125986832646,0.7159618198117633,-0.26610108263356674,0.3720316805272249,0.29486306787962285,10,5,13,3
common,raw100,15,0.7896825396825397,0.7872118291761149,0.8571428571428571,0.4444444444444444,0.6507936507936507,0.5454545454545454,0.8,0.18103723102907682,0.547541395591199,-0.21975377391505865,0.8298322595678111,0.25448611820502154,12,8,10,2
common,raw100,16,0.6165413533834587,0.4819872550909703,0.9285714285714286,0.42105263157894735,0.674812030075188,0.5416666666666666,0.8888888888888888,0.2713333479961504,0.8356245495628486,-0.36428180306766933,0.237266918896405,0.27967378491737993,13,8,11,1
common,raw100,17,0.6703703703703704,0.6244565780012004,0.9333333333333333,0.3333333333333333,0.6333333333333333,0.5384615384615384,0.8571428571428571,0.23267148872100601,0.6654163684215469,-0.168204161050179,0.5740768021017814,0.267356521554322,14,6,12,1
common,raw100,18,0.7406015037593985,0.6800709971837118,0.7857142857142857,0.5789473684210527,0.6823308270676691,0.5789473684210527,0.7857142857142857,0.20570025357401991,0.6043777819865255,-0.07362187999395856,0.5685910755013938,0.32614085835841167,11,11,8,3
common,raw100,19,0.6115384615384616,0.5507173246215669,0.6153846153846154,0.55,0.5826923076923077,0.47058823529411764,0.6875,0.2724300007168026,0.8372294966519653,-0.3420218635124232,0.1817865491536607,0.3296253900331172,8,11,9,5
common,raw100,20,0.6464285714285715,0.49210501744557467,0.8571428571428571,0.4,0.6285714285714286,0.5,0.8,0.26047620348401346,0.7794491067485666,-0.3199557485209877,0.29888644404525766,0.29349599461526277,12,8,12,2
common,raw100,21,0.6468253968253969,0.6678794295495976,0.7142857142857143,0.5555555555555556,0.6349206349206349,0.5555555555555556,0.7142857142857143,0.23028109177067624,0.6651231092118116,0.09111726930190804,0.5332167496591902,0.2853326752838395,10,10,8,4
common,raw100,22,0.6203007518796992,0.5588605284771251,0.7142857142857143,0.3157894736842105,0.5150375939849624,0.43478260869565216,0.6,0.26805788573207434,0.8320418397226386,-0.2950702884586528,0.11998480069741495,0.2947344003941823,10,6,13,4
common,raw100,23,0.6150793650793651,0.6042951581853184,0.7857142857142857,0.3333333333333333,0.5595238095238095,0.4782608695652174,0.6666666666666666,0.27237288352809597,0.7701500917044554,-0.27665537952894653,0.31073742772377566,0.33008574013627645,11,6,12,3
common,raw100,24,0.7481203007518797,0.7271764579957857,0.9285714285714286,0.3684210526315789,0.6484962406015038,0.52,0.875,0.22088038596605852,0.6354107106968204,-0.40850005426487546,0.6164878803390813,0.25816696698662034,13,7,12,1
common,raw100,25,0.6944444444444445,0.6646452966284174,0.7857142857142857,0.3333333333333333,0.5595238095238095,0.4782608695652174,0.6666666666666666,0.22921449324268736,0.6993066469496694,-0.14649058504592552,0.4290284736863908,0.2565333902301778,11,6,12,3
common,raw100,26,0.7781954887218046,0.7048279478677725,1.0,0.3157894736842105,0.6578947368421053,0.5185185185185185,1.0,0.1926638383974675,0.5711904644938739,-0.3274355606654993,0.6862978206309535,0.21941909559783754,14,6,13,0
common,raw100,27,0.6,0.5422141727223816,0.7333333333333333,0.3181818181818182,0.5257575757575758,0.4230769230769231,0.6363636363636364,0.2650417036768642,0.7427071374209472,-0.2883614650877137,0.30030765814177296,0.24705843536734493,11,7,15,4
common,raw100,28,0.7394957983193278,0.6531754732318642,0.9285714285714286,0.5294117647058824,0.7289915966386555,0.6190476190476191,0.9,0.21385800914369843,0.6102092056761576,0.055183451928663814,0.6052766306380236,0.24690443246867003,13,9,8,1
common,raw100,29,0.7307692307692308,0.683464598771504,1.0,0.3333333333333333,0.6666666666666666,0.52,1.0,0.21964801812734192,0.6251363846869019,-0.5013625686065026,0.8088852097409666,0.28218177816779993,13,6,12,0
common,raw100,30,0.7593984962406015,0.6492764695744572,1.0,0.3157894736842105,0.6578947368421053,0.5185185185185185,1.0,0.203482404176382,0.5975106068198973,-0.6641952681644608,0.9657347499526224,0.25518635524352734,14,6,13,0
common,raw100,31,0.5964912280701755,0.5266105191105191,0.7333333333333333,0.5263157894736842,0.6298245614035087,0.55,0.7142857142857143,0.26995141455604443,0.7583101499746742,-0.19982127146637657,0.3240452062545519,0.3575318910647213,11,10,9,4
common,raw100,32,0.7706766917293233,0.7575089387897269,0.9285714285714286,0.42105263157894735,0.674812030075188,0.5416666666666666,0.8888888888888888,0.19839293233689076,0.5659030201445037,-0.4215591698095954,0.9257644827453761,0.30043730102859295,13,8,11,1
common,raw100,33,0.5992063492063492,0.5891405953062229,0.6428571428571429,0.5,0.5714285714285714,0.5,0.6428571428571429,0.26823642576746004,0.7902993115728503,-0.11527985953424258,0.23730550681738896,0.366390093913236,9,9,9,5
common,raw100,34,0.6720647773279352,0.5833733560406988,0.6923076923076923,0.631578947368421,0.6619433198380567,0.5625,0.75,0.2322354278770784,0.6929359355233289,-0.17232911399182962,0.41860210693393574,0.3135658167213627,9,12,7,4
common,raw100,35,0.6392857142857142,0.4767930861257929,0.8571428571428571,0.45,0.6535714285714286,0.5217391304347826,0.8181818181818182,0.261395422816106,0.7688459298757725,-0.33403139292667133,0.3118146031409313,0.283729615131142,12,9,11,2
common,raw100,36,0.7261904761904763,0.7116252725324054,0.9285714285714286,0.4444444444444444,0.6865079365079365,0.5652173913043478,0.8888888888888888,0.21255506415451253,0.6208018356359712,-0.26899830916361916,0.7413505452261075,0.3290665193623087,13,8,10,1
common,raw100,37,0.6825396825396827,0.6719270431146636,0.7857142857142857,0.3888888888888889,0.5873015873015873,0.5,0.7,0.24039665546330324,0.7065166165643142,-0.15504137595115458,0.4084716596205753,0.2848887546183807,11,7,11,3
common,raw100,38,0.8015873015873016,0.8013686717719417,0.9285714285714286,0.3888888888888889,0.6587301587301587,0.5416666666666666,0.875,0.17771939668677011,0.5366512054766512,-0.024446590776167863,1.0920785673040265,0.23763792540820433,13,7,11,1
common,raw100,39,0.6285714285714286,0.5556574300409488,0.9285714285714286,0.25,0.5892857142857143,0.4642857142857143,0.8333333333333334,0.25306371126725913,0.7021299957577862,-0.2799805425624724,0.39920857958398287,0.2667066026415544,13,5,15,1
common,raw100,40,0.772108843537415,0.6627055931779433,0.8571428571428571,0.19047619047619047,0.5238095238095237,0.41379310344827586,0.6666666666666666,0.2293445170197116,0.6644907214018165,-0.6877940256457012,0.6996659282337452,0.2679852320608412,12,4,17,2
common,raw100,41,0.5753968253968254,0.5510666828580185,0.6428571428571429,0.5,0.5714285714285714,0.5,0.6428571428571429,0.304344988033178,0.8730510596334653,-0.17768126114124363,0.19674865249902868,0.39401887767978555,9,9,9,5
common,raw100,42,0.6592592592592593,0.5560849738496798,0.8,0.4444444444444444,0.6222222222222222,0.5454545454545454,0.7272727272727273,0.2569109527918024,0.8148816470928155,-0.22387462743722,0.2409254157573419,0.2829854014317848,12,8,10,3
common,raw100,43,0.8134920634920635,0.8470554405337014,0.7857142857142857,0.5555555555555556,0.6706349206349207,0.5789473684210527,0.7692307692307693,0.17731056888200689,0.5438421617375551,0.38466246510060087,1.0338310201396903,0.2542873176584131,11,10,8,3
common,raw100,44,0.5708502024291499,0.4710485121807134,0.8461538461538461,0.2631578947368421,0.5546558704453441,0.44,0.7142857142857143,0.277599614293219,0.7551157875768374,-0.3067983403951049,0.22575176014076717,0.23160266077764546,11,5,14,2
common,raw100,45,0.6547619047619048,0.5368537632444282,0.9285714285714286,0.2777777777777778,0.6031746031746033,0.5,0.8333333333333334,0.23532853670333875,0.6771953604281818,-0.34744209218523503,0.5829134630224108,0.26099894748137603,13,5,13,1
common,raw100,46,0.5366666666666666,0.458139734070962,0.7333333333333333,0.4,0.5666666666666667,0.4782608695652174,0.6666666666666666,0.2997006191093661,0.8487174912347341,-0.24042427650734732,0.11282226803288123,0.33128838697576096,11,8,12,4
common,raw100,47,0.6666666666666667,0.6388704872630055,0.7142857142857143,0.5555555555555556,0.6349206349206349,0.5555555555555556,0.7142857142857143,0.2428865091827942,0.7297587771771303,-0.012769635222886773,0.38396441208552123,0.28885726219149604,10,10,8,4
common,raw100,48,0.6642857142857144,0.5602651906057479,0.8571428571428571,0.55,0.7035714285714285,0.5714285714285714,0.8461538461538461,0.24299705890767634,0.68887756260415,-0.3519482467977236,0.46150437959902324,0.37501360598313427,12,11,9,2
common,raw100,49,0.8418803418803419,0.8568986568986567,0.9230769230769231,0.4444444444444444,0.6837606837606838,0.5454545454545454,0.8888888888888888,0.15753934205557588,0.47564173688852196,-0.2595162318606709,1.1112332478114826,0.2465344795178873,12,8,10,1
common,raw100,50,0.746031746031746,0.6539151579777601,0.9285714285714286,0.4444444444444444,0.6865079365079365,0.5652173913043478,0.8888888888888888,0.2115458326947662,0.6233680462606386,-0.1671399021625464,0.5915754228562772,0.26549253551498925,13,8,10,1
common,raw100,51,0.6848739495798319,0.5735471382606621,0.8571428571428571,0.5294117647058824,0.6932773109243697,0.6,0.8181818181818182,0.2355397094281324,0.7341076052405813,-0.11223626652302551,0.3563737641654791,0.28205392492208786,12,9,8,2
common,raw100,52,0.7272727272727273,0.6510402743697674,0.7857142857142857,0.4090909090909091,0.5974025974025974,0.4583333333333333,0.75,0.21792620662597187,0.6304637366293995,-0.40189802052862006,0.5725583474777791,0.27792857097443296,11,9,13,3
common,raw100,53,0.6626984126984127,0.6453930701137078,0.7142857142857143,0.3888888888888889,0.5515873015873016,0.47619047619047616,0.6363636363636364,0.24634932769439125,0.6962288182762866,-0.14558451175660317,0.43443479901170895,0.30056330321906816,10,7,11,4
common,raw100,54,0.7105263157894737,0.6325816709745281,0.8571428571428571,0.3157894736842105,0.5864661654135338,0.48,0.75,0.2239582011473886,0.6346556284865837,-0.30255750106136126,0.6180025993825038,0.22041549425280854,12,6,13,2
common,raw100,55,0.83,0.7149841094577937,1.0,0.4,0.7,0.5555555555555556,1.0,0.16492626764031038,0.5107634741932262,-0.29509101822376177,0.8201817221558441,0.23083789237566352,15,8,12,0
common,raw100,56,0.6848739495798319,0.714686750719768,0.7142857142857143,0.47058823529411764,0.592436974789916,0.5263157894736842,0.6666666666666666,0.2499642207574022,0.7544645132174158,-0.08894453239148094,0.3369614347141136,0.29193298007917856,10,8,9,4
common,raw100,57,0.5678571428571428,0.521441479630334,0.9285714285714286,0.25,0.5892857142857143,0.4642857142857143,0.8333333333333334,0.27232870310594665,0.7599499239680386,-0.35115436486910817,0.23758297608111295,0.3123311490116925,13,5,15,1
common,raw100,58,0.6349206349206349,0.5299541966545072,0.9285714285714286,0.2777777777777778,0.6031746031746033,0.5,0.8333333333333334,0.2609438896471851,0.7383746602411116,-0.2807766425761345,0.3592845446115792,0.24635901608536578,13,5,13,1
common,raw100,59,0.7449392712550608,0.7193260736247162,0.8461538461538461,0.3684210526315789,0.6072874493927125,0.4782608695652174,0.7777777777777778,0.21125577346749802,0.6065163036847312,-0.2765108967464164,0.6731914359012032,0.2273401309456893,11,7,12,2
common,raw100,60,0.611764705882353,0.5381758002346237,0.8666666666666667,0.35294117647058826,0.6098039215686275,0.5416666666666666,0.75,0.26930590601874993,0.7702568448533236,-0.13294107021254598,0.30200525970550157,0.3250482894683395,13,6,11,2
common,raw100,61,0.6278195488721804,0.6485594150099043,0.6428571428571429,0.5263157894736842,0.5845864661654135,0.5,0.6666666666666666,0.2670599745740678,0.8039811732440562,-0.18479099362636,0.24846775114000877,0.33176490790333557,9,10,9,5
common,raw100,62,0.7105263157894737,0.61792206663416,0.9285714285714286,0.3684210526315789,0.6484962406015038,0.52,0.875,0.21883918188664161,0.6230941841532593,-0.06580148414423234,0.6119853495461077,0.27423035224293385,13,7,12,1
common,raw100,63,0.7107142857142856,0.5887173575723995,0.9285714285714286,0.35,0.6392857142857142,0.5,0.875,0.2200828531729851,0.6627617366290358,-0.3709397408274336,0.5560164256565481,0.2376764884580956,13,7,13,1
common,raw100,64,0.7246963562753036,0.7556721653117313,0.6923076923076923,0.3684210526315789,0.5303643724696356,0.42857142857142855,0.6363636363636364,0.22432496192980517,0.6910561547952496,-0.261069135196985,0.4174786664221595,0.3295121823954174,9,7,12,4
common,raw100,65,0.6468253968253967,0.5478605860286965,0.9285714285714286,0.3888888888888889,0.6587301587301587,0.5416666666666666,0.875,0.2466648708969848,0.6917277218440767,-0.2217722741344573,0.46408787074555063,0.2557243216125558,13,7,11,1
common,raw100,66,0.6566666666666666,0.5865528866844656,0.8,0.6,0.7,0.6,0.8,0.2564973955311145,0.8209410805482275,-0.27801497057307206,0.23783140655765272,0.3796574481831402,12,12,8,3
common,raw100,67,0.6090225563909776,0.586420826350113,0.7142857142857143,0.2631578947368421,0.4887218045112782,0.4166666666666667,0.5555555555555556,0.2739649723639326,0.8630679266632818,-0.25534470544510846,0.10041480887059429,0.25068303809742115,10,5,14,4
common,raw100,68,0.7773109243697479,0.7474716202270381,1.0,0.35294117647058826,0.6764705882352942,0.56,1.0,0.1914361381697573,0.5507210621145865,-0.5918866226534837,0.9765934908876757,0.22884927762390164,14,6,11,0
common,raw100,69,0.5923076923076922,0.5541929568016524,0.5384615384615384,0.5,0.5192307692307692,0.4117647058823529,0.625,0.28924990077231727,0.8019749698370551,-0.33364557087990737,0.23150327025726905,0.35133426060212636,7,10,10,6
common,raw100,70,0.687719298245614,0.6018132267028702,0.8,0.47368421052631576,0.6368421052631579,0.5454545454545454,0.75,0.24393858696099002,0.7041268474903107,-0.13997108005360304,0.4225574823183409,0.3406388019347167,12,9,10,3
common,raw100,71,0.6825396825396826,0.6971406511322478,0.7857142857142857,0.5,0.6428571428571428,0.55,0.75,0.2521198515973304,0.7708208523088604,-0.23491434055780425,0.328417963346841,0.25178887241968034,11,9,9,3
common,raw100,72,0.6309523809523809,0.6431999565458212,0.7857142857142857,0.3333333333333333,0.5595238095238095,0.4782608695652174,0.6666666666666666,0.27344114189105884,0.7712640280655182,-0.26717098952338,0.3210982545370863,0.28276677687498813,11,6,12,3
common,raw100,73,0.5035714285714286,0.42711481600429985,0.5714285714285714,0.3,0.4357142857142857,0.36363636363636365,0.5,0.33378604843287535,0.9179570790194669,-0.3583210463744068,-0.006754570316681811,0.28383830332306603,8,6,14,6
common,raw100,74,0.757085020242915,0.6407178683288679,1.0,0.42105263157894735,0.7105263157894737,0.5416666666666666,1.0,0.19936703956721444,0.5711684142781204,-0.06952139458202114,0.873941554418325,0.24186819578473903,13,8,11,0
common,raw100,75,0.7180451127819549,0.6933148531362817,0.8571428571428571,0.3684210526315789,0.612781954887218,0.5,0.7777777777777778,0.22512295982051453,0.6504793488688339,-0.293559502825814,0.6667381336980992,0.313061684211264,12,7,12,2
common,raw100,76,0.746031746031746,0.7024123641604845,0.8571428571428571,0.3888888888888889,0.623015873015873,0.5217391304347826,0.7777777777777778,0.214773961714106,0.6200216507172472,-0.2926914024312757,0.6563770638207034,0.27861049023891427,12,7,11,2
common,raw100,77,0.5859649122807018,0.5051292343246366,0.8,0.3684210526315789,0.5842105263157895,0.5,0.7,0.2775923145324877,0.7807331700364271,-0.1813907275847927,0.23134981735234367,0.2718837119790614,12,7,12,3
common,raw100,78,0.7706766917293233,0.6364776330112465,0.9285714285714286,0.5263157894736842,0.7274436090225564,0.5909090909090909,0.9090909090909091,0.20194673231206423,0.602218530110355,-0.5296063356714185,0.7423005177878831,0.31155881087514153,13,10,9,1
common,raw100,79,0.7732793522267206,0.6936591186591187,0.7692307692307693,0.6842105263157895,0.7267206477732794,0.625,0.8125,0.19880927473089674,0.609679163045983,0.007501980751618987,0.6161055954110412,0.29721183295387515,10,13,6,3
common,raw100,80,0.7178571428571429,0.630918148758706,0.9285714285714286,0.45,0.6892857142857143,0.5416666666666666,0.9,0.21802456311805363,0.6293726716134644,-0.265160103344875,0.5809407158251065,0.2691862512344516,13,9,11,1
common,raw100,81,0.6260504201680672,0.666429756079574,0.7142857142857143,0.35294117647058826,0.5336134453781513,0.47619047619047616,0.6,0.2562522174253592,0.7918384646219844,-0.08139747544349818,0.25725140742041935,0.22504259109606406,10,6,11,4
common,raw100,82,0.6561403508771929,0.6535544332210997,0.9333333333333333,0.05263157894736842,0.49298245614035086,0.4375,0.5,0.2714109455248436,0.7460530362861201,-0.6493487314135258,0.6088112292756377,0.33394442863533297,14,1,18,1
common,raw100,83,0.775,0.6018463619652253,0.9285714285714286,0.55,0.7392857142857143,0.5909090909090909,0.9166666666666666,0.2016378521181945,0.6108673862124954,-0.19762679609797384,0.6042834013394727,0.27472444385297085,13,11,9,1
common,raw100,84,0.6538461538461539,0.5413790577525991,0.9230769230769231,0.4444444444444444,0.6837606837606838,0.5454545454545454,0.8888888888888888,0.25134850028366185,0.6937683211236088,-0.1211378694932316,0.42087892997954673,0.2556965992612152,12,8,10,1
common,raw100,85,0.6321428571428571,0.5549407641844616,0.7142857142857143,0.55,0.6321428571428571,0.5263157894736842,0.7333333333333333,0.2618505666915713,0.7718005758588008,-0.21575459221894788,0.28626098619088813,0.26665405703641104,10,11,9,4
common,raw100,86,0.4880952380952381,0.49026032029791433,0.6428571428571429,0.3333333333333333,0.48809523809523814,0.42857142857142855,0.5454545454545454,0.333046696118222,0.9346768560988595,-0.23815297254022844,0.03870306279945302,0.2655646810200973,9,6,12,5
common,raw100,87,0.6535714285714286,0.5194132185037758,0.8571428571428571,0.45,0.6535714285714286,0.5217391304347826,0.8181818181818182,0.2560369423771026,0.7514484340145594,-0.40717147934593223,0.3565954790177519,0.31730841806043997,12,9,11,2
common,raw100,88,0.6848739495798319,0.674719839626672,0.7142857142857143,0.47058823529411764,0.592436974789916,0.5263157894736842,0.6666666666666666,0.24138168745388616,0.720647471978616,-0.12340629034388768,0.39316816440006086,0.33323680396796307,10,8,9,4
common,raw100,89,0.7255639097744362,0.7576505174719459,0.9285714285714286,0.2631578947368421,0.5958646616541353,0.48148148148148145,0.8333333333333334,0.20726400858688881,0.5871540128390802,-0.2397002815313316,0.8964449106975857,0.2573522736235859,13,5,14,1
common,raw100,90,0.6804511278195489,0.556408944964002,0.9285714285714286,0.47368421052631576,0.7011278195488722,0.5652173913043478,0.9,0.23113818005722342,0.6878483678559394,-0.2527938490608914,0.4558045763019977,0.33536257145543885,13,9,10,1
common,raw100,91,0.6587301587301587,0.6422283074068789,0.7142857142857143,0.4444444444444444,0.5793650793650793,0.5,0.6666666666666666,0.24901749016643884,0.7184041364666827,-0.021525132006696077,0.39014791898537626,0.22812566043592988,10,8,10,4
common,raw100,92,0.6680672268907563,0.6743003028717315,0.7142857142857143,0.5294117647058824,0.6218487394957983,0.5555555555555556,0.6923076923076923,0.27065270606591685,0.8145684708177271,-0.052720695585960334,0.2841971825805363,0.23073754279609285,10,9,8,4
common,raw100,93,0.6631578947368421,0.6087288120376355,0.9333333333333333,0.10526315789473684,0.5192982456140351,0.45161290322580644,0.6666666666666666,0.2568932250134594,0.721551609820505,-0.5078126867589515,0.5579138358911656,0.2735203074200013,14,2,17,1
common,raw100,94,0.6373626373626374,0.5493295543069299,1.0,0.19047619047619047,0.5952380952380952,0.43333333333333335,1.0,0.26005150205414534,0.7198408644188729,-0.54561650086533,0.44551422082026926,0.2140969319396911,13,4,17,0
common,raw100,95,0.7105263157894737,0.7085979329126477,0.8571428571428571,0.15789473684210525,0.5075187969924811,0.42857142857142855,0.6,0.22234510931400314,0.6393068271759775,-0.21123083154488523,0.8052288399709066,0.28521310111127035,12,3,16,2
common,raw100,96,0.7817460317460317,0.7401290540539718,1.0,0.3333333333333333,0.6666666666666666,0.5384615384615384,1.0,0.1851352214249636,0.5330942987730954,-0.01162968607775938,1.0770284785924824,0.23735645447198045,14,6,12,0
common,raw100,97,0.5912698412698413,0.5273407505719785,0.7857142857142857,0.3888888888888889,0.5873015873015873,0.5,0.7,0.28805943110656596,0.9192353292454989,-0.25641081305710184,0.08997402853672128,0.2827552109448788,11,7,11,3
common,raw100,98,0.6000000000000001,0.5339804297491769,0.8,0.2631578947368421,0.531578947368421,0.46153846153846156,0.625,0.2801354956286652,0.7810903340811359,-0.21658970084024187,0.28593034486227,0.2877825255499006,12,5,14,3
common,raw100,99,0.6346153846153846,0.5765999168109661,0.7692307692307693,0.45,0.6096153846153847,0.47619047619047616,0.75,0.29178131228070864,0.8118824871258913,-0.4360029636596786,0.29187613716031213,0.29093888300697285,10,9,11,3
common,raw256,0,0.8,0.7006281388862033,0.8666666666666667,0.6190476190476191,0.7428571428571429,0.6190476190476191,0.8666666666666667,0.18281270802586547,0.5505219884138941,-0.37468085233950754,0.7848835661060969,0.42870271214125555,13,13,8,2
common,raw256,1,0.5277777777777778,0.5458708402882744,0.5714285714285714,0.3333333333333333,0.45238095238095233,0.4,0.5,0.3389983956845565,1.0223143814330509,-0.21519393479144697,0.11395547615229251,0.2970893169999337,8,6,12,6
common,raw256,2,0.7521008403361344,0.7462022118789036,0.5714285714285714,0.8235294117647058,0.6974789915966386,0.7272727272727273,0.7,0.23044431395402817,0.7315727087863426,0.2576217890139386,0.44276912469843416,0.5254328471866738,8,14,3,6
common,raw256,3,0.5451127819548872,0.5647220861335311,0.6428571428571429,0.47368421052631576,0.5582706766917294,0.47368421052631576,0.6428571428571429,0.3467420930584182,1.038135384084008,-0.30710010887820943,0.005647574575820684,0.5398941328788442,9,9,10,5
common,raw256,4,0.5222672064777328,0.528254103755776,0.38461538461538464,0.7368421052631579,0.5607287449392713,0.5,0.6363636363636364,0.31680083672252246,0.9334042193207652,-0.2734732687851333,0.12878422958271918,0.4876242861159906,5,14,5,8
common,raw256,5,0.5674603174603174,0.496915784548273,0.6428571428571429,0.6111111111111112,0.626984126984127,0.5625,0.6875,0.2969844866150731,0.9726405854676917,-0.25020839107205806,0.019263217054075736,0.5387275166353435,9,11,7,5
common,raw256,6,0.6353383458646616,0.6471355677782304,0.5714285714285714,0.7368421052631579,0.6541353383458646,0.6153846153846154,0.7,0.25616003716081154,0.882344738657388,-0.09163908908738105,0.24476839432448425,0.35753955935713494,8,14,5,6
common,raw256,7,0.6785714285714286,0.703604125410848,0.5714285714285714,0.6111111111111112,0.5912698412698413,0.5333333333333333,0.6470588235294118,0.2677529015993481,0.7671560958561671,-0.2221088874907692,0.33685217715469906,0.48137210741935504,8,11,7,6
common,raw256,8,0.6105263157894737,0.6434013780241851,0.4666666666666667,0.7368421052631579,0.6017543859649123,0.5833333333333334,0.6363636363636364,0.2882987167240921,0.9200187293068086,-0.06636203365652854,0.20343925199269156,0.4650760327473547,7,14,5,8
common,raw256,9,0.676923076923077,0.566377658016454,0.6923076923076923,0.55,0.6211538461538462,0.5,0.7333333333333333,0.2783878272572645,0.8281546531706496,-0.49769629407952914,0.3082408814725763,0.5568221314008577,9,11,9,4
common,raw256,10,0.8195488721804511,0.6980376348797401,0.8571428571428571,0.5789473684210527,0.7180451127819549,0.6,0.8461538461538461,0.1882017576933659,0.6001232468764974,-0.440803470332925,0.5836849447955172,0.366604654232187,12,11,8,2
common,raw256,11,0.631578947368421,0.6699775096971639,0.8,0.3684210526315789,0.5842105263157895,0.5,0.7,0.32172664774364435,0.9530850869333939,-0.3338282400316143,0.20676954587705051,0.3737277819719049,12,7,12,3
common,raw256,12,0.575187969924812,0.523051443215967,0.35714285714285715,0.7894736842105263,0.5733082706766918,0.5555555555555556,0.625,0.29656195286112447,0.9097164117443571,-0.15504719171689363,0.15495202866746735,0.41802649023436433,5,15,4,9
common,raw256,13,0.6390977443609023,0.5842789358852756,0.6428571428571429,0.5263157894736842,0.5845864661654135,0.5,0.6666666666666666,0.2735920505002048,0.7944190125237702,-0.3043387260060341,0.29421555323508114,0.5270112329921223,9,10,9,5
common,raw256,14,0.5341880341880342,0.459869511115908,0.5384615384615384,0.5,0.5192307692307692,0.4375,0.6,0.31631686514649643,0.9407206406684426,-0.2920977852135368,0.06041593570577332,0.33993139836903646,7,9,9,6
common,raw256,15,0.7142857142857143,0.7468604206100818,0.6428571428571429,0.8888888888888888,0.7658730158730158,0.8181818181818182,0.7619047619047619,0.2067808963073719,0.6520208400639672,-0.03189260332387309,0.5086601691643525,0.4332179887964262,9,16,2,5
common,raw256,16,0.5338345864661654,0.42634228031784427,0.8571428571428571,0.47368421052631576,0.6654135338345865,0.5454545454545454,0.8181818181818182,0.3232976071941879,1.0664415524980748,-0.34390526491238255,0.08059320403738382,0.4264430488365108,12,9,10,2
common,raw256,17,0.6185185185185185,0.5766174078833926,0.5333333333333333,0.5555555555555556,0.5444444444444445,0.5,0.5882352941176471,0.29350002136094655,0.8214262447666922,-0.1391971623498137,0.2459093633500535,0.49806265033277414,8,10,8,7
common,raw256,18,0.7255639097744361,0.6412063076979043,0.5714285714285714,0.7368421052631579,0.6541353383458646,0.6153846153846154,0.7,0.21950977200565716,0.6937037998066682,-0.07768121311652987,0.4097893811898815,0.4736400522808395,8,14,5,6
common,raw256,19,0.5884615384615385,0.5775761275761275,0.46153846153846156,0.7,0.5807692307692307,0.5,0.6666666666666666,0.2877843444513018,0.9173961363565256,-0.2987151571421219,0.15450038399808724,0.49414779250932056,6,14,6,7
common,raw256,20,0.6785714285714286,0.599102067882856,0.6428571428571429,0.5,0.5714285714285714,0.47368421052631576,0.6666666666666666,0.27154667694257384,0.799637800552059,-0.32678830598737113,0.3170580685391874,0.4277272273185363,9,10,10,5
common,raw256,21,0.6746031746031745,0.657168734925087,0.5,0.7222222222222222,0.6111111111111112,0.5833333333333334,0.65,0.24461297431846557,0.719628762425824,0.050883362168327395,0.40248104215972735,0.4755695442821273,7,13,5,7
common,raw256,22,0.5714285714285714,0.523742211531077,0.5,0.631578947368421,0.5657894736842105,0.5,0.631578947368421,0.2982879166476783,0.9748142176722564,-0.2633909942281176,0.07989151044219514,0.42884546853238537,7,12,7,7
common,raw256,23,0.5436507936507936,0.5074188989790493,0.5714285714285714,0.4444444444444444,0.5079365079365079,0.4444444444444444,0.5714285714285714,0.340238884498809,1.0228330846347715,-0.2518819414096914,0.07773719791478327,0.4584797540388009,8,8,10,6
common,raw256,24,0.6691729323308271,0.6114445356926559,0.5714285714285714,0.6842105263157895,0.6278195488721805,0.5714285714285714,0.6842105263157895,0.26143552046476093,0.8052585359529112,-0.3200957737783791,0.30216440541757006,0.5355375427657894,8,13,6,6
common,raw256,25,0.6309523809523809,0.662526278604668,0.5714285714285714,0.4444444444444444,0.5079365079365079,0.4444444444444444,0.5714285714285714,0.28769859416510846,0.8625808047486222,-0.2526592784811707,0.2350933909982535,0.4001243757467374,8,8,10,6
common,raw256,26,0.8007518796992481,0.6501073073690279,0.9285714285714286,0.631578947368421,0.7800751879699248,0.65,0.9230769230769231,0.18226429767445057,0.5681068129487044,-0.3232223810882226,0.6836030266184162,0.33985885585936015,13,12,7,1
common,raw256,27,0.5696969696969696,0.46925096933717625,0.4,0.6818181818181818,0.5409090909090909,0.46153846153846156,0.625,0.3077037131832228,0.9181147936767926,-0.31949508576832997,0.09686529988103726,0.5227843344744225,6,15,7,9
common,raw256,28,0.6218487394957983,0.5880562631173172,0.42857142857142855,0.5882352941176471,0.5084033613445378,0.46153846153846156,0.5555555555555556,0.34375581366130753,1.0264466157247998,-0.10406320795254259,0.1719175946652811,0.41318859967664723,6,10,7,8
common,raw256,29,0.6452991452991452,0.5872144033185223,0.5384615384615384,0.6111111111111112,0.5747863247863247,0.5,0.6470588235294118,0.2466356967784475,0.686670754744454,-0.23839822186364784,0.4326891397774591,0.4102844887397693,7,11,7,6
common,raw256,30,0.6804511278195489,0.6486886394029251,0.7857142857142857,0.47368421052631576,0.6296992481203008,0.5238095238095238,0.75,0.24239703929049702,0.6738304336887845,-0.3451304866695846,0.5150993189243245,0.4046392265802761,11,9,10,3
common,raw256,31,0.5894736842105264,0.5380865245551154,0.6666666666666666,0.5263157894736842,0.5964912280701754,0.5263157894736842,0.6666666666666666,0.31215468887456355,0.9540928616250921,-0.21165811156529102,0.17792500714986428,0.5312988383613663,10,10,9,5
common,raw256,32,0.7180451127819549,0.6853521908577627,0.5,0.631578947368421,0.5657894736842105,0.5,0.631578947368421,0.24102290339986707,0.6644456510625163,-0.20396096721003434,0.4685331342746803,0.5369115537366715,7,12,7,7
common,raw256,33,0.7261904761904763,0.6954117098126316,0.42857142857142855,0.8333333333333334,0.6309523809523809,0.6666666666666666,0.6521739130434783,0.22395282638054348,0.7408870279668655,0.11673856865581712,0.3988939703233793,0.49387536828623,6,15,3,8
common,raw256,34,0.6720647773279352,0.5830985658903431,0.5384615384615384,0.7368421052631579,0.6376518218623481,0.5833333333333334,0.7,0.24435175258810105,0.772701889406788,-0.2299638499131571,0.2998241774291942,0.48521806780258114,7,14,5,6
common,raw256,35,0.6428571428571428,0.49571563560588233,0.7857142857142857,0.5,0.6428571428571428,0.5238095238095238,0.7692307692307693,0.2802504072023485,0.8536300415292962,-0.3722944650764557,0.2553441807793723,0.3903404281413263,11,10,10,3
common,raw256,36,0.5952380952380952,0.5833590762208559,0.42857142857142855,0.6666666666666666,0.5476190476190476,0.5,0.6,0.28082480137249055,0.814880234169876,-0.14490846649425537,0.2241258562054891,0.48486961632995607,6,12,6,8
common,raw256,37,0.6507936507936507,0.6693871538514397,0.5714285714285714,0.6111111111111112,0.5912698412698413,0.5333333333333333,0.6470588235294118,0.27809427376344215,0.852225802270402,-0.09654566239051415,0.2561924078353619,0.41446322691798976,8,11,7,6
common,raw256,38,0.7380952380952381,0.7252222217558353,0.6428571428571429,0.7777777777777778,0.7103174603174603,0.6923076923076923,0.7368421052631579,0.20600520740721218,0.6031215673998078,-0.025041313166092066,0.6337805340297282,0.5242559594012047,9,14,4,5
common,raw256,39,0.6607142857142857,0.6070779193128021,0.7142857142857143,0.6,0.6571428571428571,0.5555555555555556,0.75,0.2564085675604344,0.7663342343431782,-0.3115190271033875,0.3308544163750117,0.4223062704531308,10,12,8,4
common,raw256,40,0.6972789115646258,0.6162566528472102,0.7857142857142857,0.6190476190476191,0.7023809523809523,0.5789473684210527,0.8125,0.25533680456967844,0.7631610996132101,-0.5185720350269495,0.3887174570918032,0.5356468370675435,11,13,8,3
common,raw256,41,0.6547619047619048,0.6581773922383598,0.5714285714285714,0.6666666666666666,0.6190476190476191,0.5714285714285714,0.6666666666666666,0.2875311277253827,0.8843745783032833,-0.05902687584873224,0.23345460807403634,0.5167579273602776,8,12,6,6
common,raw256,42,0.5407407407407407,0.47188239811253224,0.6666666666666666,0.5,0.5833333333333333,0.5263157894736842,0.6428571428571429,0.32553259819600894,1.027382848636095,-0.19075196994124405,0.056295570989543846,0.4476123203747309,10,9,9,5
common,raw256,43,0.7023809523809523,0.682894271015389,0.42857142857142855,0.8333333333333334,0.6309523809523809,0.6666666666666666,0.6521739130434783,0.24938108150387972,0.7545843712086687,0.18625832625505462,0.40227395332243304,0.46110376139554093,6,15,3,8
common,raw256,44,0.5263157894736843,0.4592281356987239,0.46153846153846156,0.5789473684210527,0.5202429149797572,0.42857142857142855,0.6111111111111112,0.3314532826198056,0.988729290018517,-0.3678608678295544,0.05244159310805159,0.5250678813718775,6,11,8,7
common,raw256,45,0.623015873015873,0.5136551590333103,0.7142857142857143,0.5555555555555556,0.6349206349206349,0.5555555555555556,0.7142857142857143,0.2636626136448863,0.763966665189103,-0.21913938206667496,0.3168738867733697,0.41851852421518837,10,10,8,4
common,raw256,46,0.51,0.45849205958939404,0.5333333333333333,0.6,0.5666666666666667,0.5,0.631578947368421,0.3388742264795327,1.074269812898445,-0.27636883697021103,0.01579916527766176,0.5210769622604247,8,12,8,7
common,raw256,47,0.6111111111111112,0.6236943413729128,0.42857142857142855,0.8333333333333334,0.6309523809523809,0.6666666666666666,0.6521739130434783,0.28756041612618544,0.9698111039586088,-0.04427624228530409,0.1915174162204955,0.5240419560303272,6,15,3,8
common,raw256,48,0.6607142857142857,0.5989857155676915,0.7142857142857143,0.55,0.6321428571428571,0.5263157894736842,0.7333333333333333,0.2787506617615809,0.8054827166484146,-0.35762566422760317,0.29665164753162415,0.3732913109309891,10,11,9,4
common,raw256,49,0.8034188034188035,0.7729607549445605,0.9230769230769231,0.6111111111111112,0.7670940170940171,0.631578947368421,0.9166666666666666,0.18413025170445202,0.5727845974824629,-0.3253026088978674,0.6104215863631794,0.2954083443896837,12,11,7,1
common,raw256,50,0.6825396825396826,0.6974698623690716,0.5,0.7222222222222222,0.6111111111111112,0.5833333333333334,0.65,0.25226056764986093,0.7230904159377523,-0.06594057907761562,0.39300147251290046,0.4225102956592345,7,13,5,7
common,raw256,51,0.6722689075630253,0.5642994174332008,0.7857142857142857,0.6470588235294118,0.7163865546218487,0.6470588235294118,0.7857142857142857,0.24200348388410395,0.8539138703936178,-0.1230147646556548,0.25844890810058796,0.38256968162474825,11,11,6,3
common,raw256,52,0.685064935064935,0.6590197291731337,0.6428571428571429,0.6363636363636364,0.6396103896103896,0.5294117647058824,0.7368421052631579,0.2592892303069746,0.7586251145124776,-0.438315049278054,0.3473063823367538,0.46084456101826005,9,14,8,5
common,raw256,53,0.5793650793650794,0.6046680547604193,0.35714285714285715,0.8333333333333334,0.5952380952380952,0.625,0.625,0.27800056591323064,0.8542980538731095,-0.10969965607473198,0.1978582516029236,0.4624243010644498,5,15,3,9
common,raw256,54,0.5639097744360902,0.45786969667364996,0.7142857142857143,0.5263157894736842,0.6203007518796992,0.5263157894736842,0.7142857142857143,0.3122099867543894,0.9821597751710037,-0.2697891574411359,0.1007196862327458,0.37034000113632193,10,10,9,4
common,raw256,55,0.8,0.7733784960977943,0.7333333333333333,0.7,0.7166666666666666,0.6470588235294118,0.7777777777777778,0.1991767026094945,0.5960438277187979,-0.29701878800731496,0.5643528234974765,0.49985509089931823,11,14,6,4
common,raw256,56,0.5714285714285715,0.5635637160847246,0.42857142857142855,0.6470588235294118,0.5378151260504201,0.5,0.5789473684210527,0.3183143580311864,0.9897048264650251,-0.11261838567093206,0.11485397423683222,0.44585134576180113,6,11,6,8
common,raw256,57,0.5214285714285714,0.4467052700726959,0.42857142857142855,0.55,0.4892857142857143,0.4,0.5789473684210527,0.3114839301754097,0.8970739459503987,-0.3591674374224869,0.08967954123814281,0.5406737648026329,6,11,9,8
common,raw256,58,0.6349206349206349,0.5368143028691459,0.6428571428571429,0.5555555555555556,0.5992063492063493,0.5294117647058824,0.6666666666666666,0.276941252899775,0.7995681138375714,-0.24782836268316605,0.289662783985735,0.42872179482774114,9,10,8,5
common,raw256,59,0.6396761133603239,0.6000859874163041,0.46153846153846156,0.6842105263157895,0.5728744939271255,0.5,0.65,0.25595896595068385,0.7674986163256615,-0.16745612733861806,0.30999648094026383,0.4677552980048042,6,13,6,7
common,raw256,60,0.5176470588235295,0.48174598663942225,0.6,0.47058823529411764,0.5352941176470588,0.5,0.5714285714285714,0.3419305525118965,1.052114563195766,-0.12234588688122769,0.0513057517258651,0.411005845212644,9,8,9,6
common,raw256,61,0.575187969924812,0.5131763144012398,0.42857142857142855,0.7368421052631579,0.5827067669172932,0.5454545454545454,0.6363636363636364,0.2999261579123031,1.007684604409046,-0.20332223919406944,0.1134389589347562,0.4721097576162929,6,14,5,8
common,raw256,62,0.6578947368421053,0.6044773084058799,0.5714285714285714,0.5263157894736842,0.5488721804511278,0.47058823529411764,0.625,0.24501823076535917,0.6933993742593794,-0.12176284272381992,0.41502299436315343,0.40623742902426824,8,10,9,6
common,raw256,63,0.6428571428571428,0.6541523952238237,0.6428571428571429,0.75,0.6964285714285714,0.6428571428571429,0.75,0.2520519877045911,0.7875986377755781,-0.26377647496607537,0.3016495096596897,0.4464815387549714,9,15,5,5
common,raw256,64,0.6720647773279352,0.6135068671351676,0.6923076923076923,0.5789473684210527,0.6356275303643725,0.5294117647058824,0.7333333333333333,0.2495360975945769,0.8070919928446322,-0.3559642910191132,0.27787594852952646,0.44258788161320534,9,11,8,4
common,raw256,65,0.5515873015873015,0.5513324902610617,0.35714285714285715,0.6666666666666666,0.5119047619047619,0.45454545454545453,0.5714285714285714,0.30851210402972584,0.8546459954592802,-0.17659656074802904,0.14714572143774113,0.4949271736998151,5,12,6,9
common,raw256,66,0.65,0.6447678957397627,0.6666666666666666,0.65,0.6583333333333333,0.5882352941176471,0.7222222222222222,0.26585219594058346,0.8800997482162793,-0.2386145168676661,0.20714939419142456,0.4844186267348028,10,13,7,5
common,raw256,67,0.5451127819548873,0.4801911547447262,0.5714285714285714,0.631578947368421,0.6015037593984962,0.5333333333333333,0.6666666666666666,0.3067003924658953,1.0667094965282335,-0.272200915515327,0.06840164975266678,0.3929810603057857,8,12,7,6
common,raw256,68,0.7394957983193278,0.6772980470185439,0.7857142857142857,0.47058823529411764,0.6281512605042017,0.55,0.7272727272727273,0.23159915343296064,0.6882428070438648,-0.2101594974520082,0.438036299943028,0.35767426479535663,11,8,9,3
common,raw256,69,0.6692307692307693,0.6321928628784816,0.5384615384615384,0.6,0.5692307692307692,0.4666666666666667,0.6666666666666666,0.30351256736262255,0.8966256462886038,-0.37155938710473924,0.23622284180751035,0.5252302662317451,7,12,8,6
common,raw256,70,0.6807017543859649,0.7040336557923694,0.5333333333333333,0.7894736842105263,0.6614035087719299,0.6666666666666666,0.6818181818181818,0.2495028874926369,0.7966537302831441,-0.13339079396228545,0.30274431326043655,0.5859893555856274,8,15,4,7
common,raw256,71,0.6507936507936508,0.5925379508070071,0.7142857142857143,0.5555555555555556,0.6349206349206349,0.5555555555555556,0.7142857142857143,0.2658930326165378,0.8837130394619362,-0.23991846299162972,0.23498854336209823,0.4783850259798168,10,10,8,4
common,raw256,72,0.6468253968253969,0.6006972319780202,0.5714285714285714,0.5,0.5357142857142857,0.47058823529411764,0.6,0.270811535034889,0.7933912409787048,-0.22117655162356833,0.28429212256162695,0.4729981098634568,8,9,9,6
common,raw256,73,0.4321428571428571,0.4116550152458538,0.2857142857142857,0.6,0.44285714285714284,0.3333333333333333,0.5454545454545454,0.3760907107441681,1.1022520049293558,-0.41611061754030454,-0.130259751307787,0.5289659886031349,4,12,8,10
common,raw256,74,0.5668016194331984,0.5207208679008383,0.46153846153846156,0.5263157894736842,0.4939271255060729,0.4,0.5882352941176471,0.3181633726527538,0.8572070692317252,-0.3611476110358796,0.18391659642366726,0.43201140290718293,6,10,9,7
common,raw256,75,0.5864661654135338,0.5224674715112503,0.5714285714285714,0.42105263157894735,0.49624060150375937,0.42105263157894735,0.5714285714285714,0.2954949224902541,0.8406596446378004,-0.2997965374186418,0.1976546079998026,0.3982615979374513,8,8,11,6
common,raw256,76,0.6746031746031746,0.5947185175377538,0.7142857142857143,0.5555555555555556,0.6349206349206349,0.5555555555555556,0.7142857142857143,0.26313224973483096,0.7760372684263679,-0.25614180834474226,0.3246643134974221,0.43957609784001267,10,10,8,4
common,raw256,77,0.4982456140350877,0.4375504126537433,0.4,0.5789473684210527,0.48947368421052634,0.42857142857142855,0.55,0.3491043328961421,1.030730865235217,-0.23115182806526746,0.007195083085225894,0.4696129911949325,6,11,8,9
common,raw256,78,0.7706766917293233,0.6466993464052287,0.7857142857142857,0.631578947368421,0.7086466165413534,0.6111111111111112,0.8,0.19802993260249985,0.5862139377595829,-0.2693199924230988,0.6212621185610352,0.4446648928956944,11,12,7,3
common,raw256,79,0.8016194331983806,0.7352841844146192,0.5384615384615384,0.8421052631578947,0.6902834008097165,0.7,0.7272727272727273,0.1976956683963123,0.6089324196333892,-0.017297687399733676,0.5353187232657434,0.4621359802881461,7,16,3,6
common,raw256,80,0.7035714285714285,0.6517722132939524,0.5,0.8,0.65,0.6363636363636364,0.6956521739130435,0.22805015803802883,0.6884112151386953,-0.14193556523851775,0.4358815064738663,0.5279813617690763,7,16,4,7
common,raw256,81,0.5714285714285715,0.5982688964179836,0.5,0.5294117647058824,0.5147058823529411,0.4666666666666667,0.5625,0.2946529789276197,0.9430345901750011,-0.12172038153586424,0.13142023454903265,0.39336345251039684,7,9,8,7
common,raw256,82,0.6421052631578947,0.6086274353665657,0.6,0.47368421052631576,0.5368421052631579,0.47368421052631576,0.6,0.2935284464280797,0.913774628875458,-0.35149562462866274,0.22035200636864224,0.5601704768200507,9,9,10,6
common,raw256,83,0.7285714285714285,0.5604530536297453,0.6428571428571429,0.7,0.6714285714285715,0.6,0.7368421052631579,0.23731994773064363,0.6906393030692629,-0.09980196112343515,0.43408924953256,0.3847061821518312,9,14,6,5
common,raw256,84,0.6581196581196582,0.5365146969671857,0.46153846153846156,0.6666666666666666,0.5641025641025641,0.5,0.631578947368421,0.27206450912277397,0.7539610131139046,-0.07291776043464346,0.3412044965061169,0.5288134995445483,6,12,6,7
common,raw256,85,0.5821428571428571,0.5037741662321494,0.5,0.6,0.55,0.4666666666666667,0.631578947368421,0.3149082356929927,1.0203711571714238,-0.27826893020356436,0.11000181824353232,0.4420097241226307,7,12,8,7
common,raw256,86,0.5476190476190477,0.5557467933409923,0.5,0.5,0.5,0.4375,0.5625,0.3419538970510996,1.0410612510919912,-0.21355766547964555,0.05553081593003842,0.4600715023534085,7,9,9,7
common,raw256,87,0.6821428571428572,0.6352276461041315,0.7142857142857143,0.55,0.6321428571428571,0.5263157894736842,0.7333333333333333,0.2589033742234214,0.7595420948635961,-0.34925334248706486,0.338938877592945,0.41462153625741743,10,11,9,4
common,raw256,88,0.6260504201680672,0.6079768321470003,0.5,0.7058823529411765,0.6029411764705883,0.5833333333333334,0.631578947368421,0.27986845900194873,0.9068110555420816,-0.13484736482631407,0.19859439675983243,0.4722761340650834,7,12,5,7
common,raw256,89,0.5714285714285714,0.5207718159033948,0.6428571428571429,0.47368421052631576,0.5582706766917294,0.47368421052631576,0.6428571428571429,0.30598428020736257,0.8756918754597504,-0.301761707892139,0.14224712529396508,0.4548588087851704,9,9,10,5
common,raw256,90,0.6804511278195489,0.5944160448718095,0.42857142857142855,0.7368421052631579,0.5827067669172932,0.5454545454545454,0.6363636363636364,0.23897226559720153,0.7177447258006956,-0.06487674297135905,0.3830164158594378,0.48783236222160425,6,14,5,8
common,raw256,91,0.6309523809523809,0.6200313867778866,0.5,0.6666666666666666,0.5833333333333333,0.5384615384615384,0.631578947368421,0.28577320731877687,0.8643408313384269,-0.0228453691053914,0.24356121372745443,0.38982743117928564,7,12,6,7
common,raw256,92,0.6008403361344538,0.6200253705662581,0.5714285714285714,0.47058823529411764,0.5210084033613445,0.47058823529411764,0.5714285714285714,0.29518373813744264,1.0255273215914888,-0.09543396690629023,0.1487021896044025,0.3758954229731993,8,8,9,6
common,raw256,93,0.6070175438596491,0.6317655455828942,0.6,0.3684210526315789,0.4842105263157894,0.42857142857142855,0.5384615384615384,0.30097464379617483,0.8317368443694834,-0.2977969334214638,0.23934882953447167,0.4534881873086679,9,7,12,6
common,raw256,94,0.7326007326007327,0.6121007012311359,0.7692307692307693,0.47619047619047616,0.6227106227106227,0.47619047619047616,0.7692307692307693,0.25219155949766936,0.7446836442466603,-0.7572209799190759,0.4952137153135235,0.4509681074247099,10,10,11,3
common,raw256,95,0.48496240601503765,0.4424837070339328,0.5,0.5789473684210527,0.5394736842105263,0.4666666666666667,0.6111111111111112,0.3179801059644906,0.8936879227599451,-0.31395108274863015,-0.05113473150252016,0.5558136030617783,7,11,8,7
common,raw256,96,0.7261904761904762,0.6408904241154304,0.5714285714285714,0.6666666666666666,0.6190476190476191,0.5714285714285714,0.6666666666666666,0.23959627520903945,0.705514438032531,-0.2486226985171199,0.4299751006163997,0.469852539490278,8,12,6,6
common,raw256,97,0.6626984126984128,0.5988581115956421,0.6428571428571429,0.7222222222222222,0.6825396825396826,0.6428571428571429,0.7222222222222222,0.25937374234676663,0.8467201999298767,-0.13575299482496966,0.23017791901110632,0.3782509997974253,9,13,5,5
common,raw256,98,0.5859649122807018,0.48649527035285545,0.4666666666666667,0.5789473684210527,0.5228070175438597,0.4666666666666667,0.5789473684210527,0.32566541814097344,0.9849990620630431,-0.2112861330381625,0.11433012692538333,0.45166720886657896,7,11,8,8
common,raw256,99,0.6346153846153846,0.5402695257958415,0.5384615384615384,0.55,0.5442307692307693,0.4375,0.6470588235294118,0.31742071845278386,0.9670658956338801,-0.42803893675779403,0.18978161951326453,0.5650218376833733,7,11,9,6
common,fpca256_10,0,0.7396825396825396,0.6163162176461409,0.9333333333333333,0.14285714285714285,0.5380952380952381,0.4375,0.75,0.21900397005513375,0.6377484374626152,-0.5695970193381004,1.0779850850467714,0.30655678927232205,14,3,18,1
common,fpca256_10,1,0.4523809523809524,0.4084508005873741,0.6428571428571429,0.3888888888888889,0.5158730158730159,0.45,0.5833333333333334,0.30769934328928783,0.8343404089554254,-0.2655948557874963,-0.03726461164727039,0.27612598810888483,9,7,11,5
common,fpca256_10,2,0.76890756302521,0.728123797405858,1.0,0.29411764705882354,0.6470588235294118,0.5384615384615384,1.0,0.1941805536773732,0.5644779668461196,0.09229914006609152,1.3217612482782626,0.2718029850249114,14,5,12,0
common,fpca256_10,3,0.6879699248120301,0.6948070712356427,0.9285714285714286,0.10526315789473684,0.5169172932330828,0.43333333333333335,0.6666666666666666,0.25381893106784287,0.7131630458192479,-0.49447383920323745,0.6010492404569417,0.34430254994466725,13,2,17,1
common,fpca256_10,4,0.631578947368421,0.5398646782426046,0.8461538461538461,0.21052631578947367,0.5283400809716599,0.4230769230769231,0.6666666666666666,0.23674408619673257,0.6774645432466804,-0.287606301655424,0.47895071141251333,0.2983294721373867,11,4,15,2
common,fpca256_10,5,0.626984126984127,0.5672043885687927,0.8571428571428571,0.1111111111111111,0.4841269841269841,0.42857142857142855,0.5,0.2644885740278409,0.738001879230599,-0.31645154486565563,0.34733610191075726,0.2657326357371729,12,2,16,2
common,fpca256_10,6,0.6090225563909775,0.5723282701357079,0.7857142857142857,0.3157894736842105,0.5507518796992481,0.4583333333333333,0.6666666666666666,0.2531909106682578,0.7439509916395992,-0.24370673722852165,0.2337994881118526,0.2767199808715826,11,6,13,3
common,fpca256_10,7,0.738095238095238,0.6485340055167758,1.0,0.2222222222222222,0.6111111111111112,0.5,1.0,0.21280344874201382,0.6205026089553166,-0.3990049916748815,1.0314538442076189,0.3063826163555133,14,4,14,0
common,fpca256_10,8,0.6842105263157895,0.6681402387199489,0.7333333333333333,0.42105263157894735,0.5771929824561404,0.5,0.6666666666666666,0.22484607667569487,0.6370150763463664,-0.06558052141955217,0.7440691888992599,0.34332245987524423,11,8,11,4
common,fpca256_10,9,0.6730769230769231,0.5169043591418376,0.9230769230769231,0.45,0.6865384615384615,0.5217391304347826,0.9,0.2188366325058829,0.6205590716087211,-0.24891199616438625,0.8488000932438687,0.3297733425163073,12,9,11,1
common,fpca256_10,10,0.793233082706767,0.659185509868283,1.0,0.2631578947368421,0.631578947368421,0.5,1.0,0.19544017808807274,0.5840073379655577,-0.3838091123534916,1.0970278389596793,0.27522339503777593,14,5,14,0
common,fpca256_10,11,0.7228070175438596,0.6992950513538749,0.8666666666666667,0.3157894736842105,0.5912280701754387,0.5,0.75,0.2194451391041923,0.638486368366915,-0.17337392972593768,0.8303260392669628,0.3211125392894068,13,6,13,2
common,fpca256_10,12,0.7180451127819549,0.6850429478829523,0.8571428571428571,0.631578947368421,0.744360902255639,0.631578947368421,0.8571428571428571,0.21022404645500758,0.6063890879428555,0.0008259204284997443,0.8753867280934728,0.34792374699657763,12,12,7,2
common,fpca256_10,13,0.5150375939849624,0.4811823997137825,0.9285714285714286,0.21052631578947367,0.5695488721804511,0.4642857142857143,0.8,0.28590778600500977,0.7733856420239338,-0.3490388706102826,0.23494265164000408,0.2753016339176069,13,4,15,1
common,fpca256_10,14,0.6794871794871795,0.69349133144382,0.7692307692307693,0.16666666666666666,0.46794871794871795,0.4,0.5,0.2279168543499896,0.655166635916353,-0.2572732497951667,0.6797686275693523,0.33814117223671014,10,3,15,3
common,fpca256_10,15,0.7261904761904763,0.6442128881978506,0.9285714285714286,0.3888888888888889,0.6587301587301587,0.5416666666666666,0.875,0.21603565794110652,0.6324909821122477,-0.3413179920657431,0.7300711310358406,0.27602317188712094,13,7,11,1
common,fpca256_10,16,0.6090225563909775,0.5272565649146688,0.8571428571428571,0.2631578947368421,0.5601503759398496,0.46153846153846156,0.7142857142857143,0.2439110966702227,0.6886766951906709,-0.27933580033890015,0.4957471865894721,0.3159088228281988,12,5,14,2
common,fpca256_10,17,0.5814814814814815,0.5122093693741252,0.8,0.2777777777777778,0.538888888888889,0.48,0.625,0.24819710996246003,0.6913014211618437,-0.10754779990035634,0.46846629189897326,0.3262517298114338,12,5,13,3
common,fpca256_10,18,0.8646616541353384,0.827609843471188,1.0,0.3684210526315789,0.6842105263157895,0.5384615384615384,1.0,0.16173550710327012,0.4956990363804463,-0.3391240774338293,1.8631248936223541,0.250170170672455,14,7,12,0
common,fpca256_10,19,0.6307692307692307,0.5710144781569655,0.8461538461538461,0.25,0.5480769230769231,0.4230769230769231,0.7142857142857143,0.2437750457617614,0.698523705101493,-0.38558719353752546,0.4092521743246589,0.28829701659216456,11,5,15,2
common,fpca256_10,20,0.7107142857142857,0.6790552246539641,0.8571428571428571,0.35,0.6035714285714285,0.48,0.7777777777777778,0.2186072326087405,0.6295590575597156,-0.31260440997059913,0.8295071728546822,0.3174717670795085,12,7,13,2
common,fpca256_10,21,0.6150793650793651,0.5051267673550282,0.7857142857142857,0.3888888888888889,0.5873015873015873,0.5,0.7,0.24917863564292608,0.6863766136670629,-0.06781877135441644,0.4696835184250402,0.3023980322657459,11,7,11,3
common,fpca256_10,22,0.6090225563909775,0.581689532272239,0.8571428571428571,0.2631578947368421,0.5601503759398496,0.46153846153846156,0.7142857142857143,0.24886150947616512,0.7000905099208651,-0.27763207139979806,0.40450643252990187,0.3268584961809063,12,5,14,2
common,fpca256_10,23,0.6150793650793651,0.5487622826908541,1.0,0.1111111111111111,0.5555555555555556,0.4666666666666667,1.0,0.2580962372893988,0.7211908331206213,-0.29627869534803747,0.3898369555345494,0.208328694543437,14,2,16,0
common,fpca256_10,24,0.7142857142857143,0.6039924303054556,0.9285714285714286,0.2631578947368421,0.5958646616541353,0.48148148148148145,0.8333333333333334,0.2132375340104745,0.6124941922705053,-0.4222101033697026,0.9989520462352629,0.3039691884226041,13,5,14,1
common,fpca256_10,25,0.6746031746031745,0.6635044485993431,0.7857142857142857,0.3333333333333333,0.5595238095238095,0.4782608695652174,0.6666666666666666,0.22499651091998588,0.6497439388916626,-0.01685071353838014,0.8830949825146309,0.3194926520392673,11,6,12,3
common,fpca256_10,26,0.8045112781954887,0.7199733996162567,1.0,0.2631578947368421,0.631578947368421,0.5,1.0,0.18964996855122224,0.5656561435530486,-0.5040970149572399,1.1678868775417688,0.28409224868350885,14,5,14,0
common,fpca256_10,27,0.6272727272727273,0.5228497359733059,0.8666666666666667,0.2727272727272727,0.5696969696969697,0.4482758620689655,0.75,0.24564263328421065,0.6893986024954301,-0.41996653241704957,0.565659891102415,0.3282852937058549,13,6,16,2
common,fpca256_10,28,0.7142857142857143,0.668394714900926,0.9285714285714286,0.29411764705882354,0.6113445378151261,0.52,0.8333333333333334,0.21461321971777997,0.6096862743291384,-0.01752431155411095,0.8331045450840253,0.20663232020425,13,5,12,1
common,fpca256_10,29,0.6239316239316239,0.565355417782186,1.0,0.3333333333333333,0.6666666666666666,0.52,1.0,0.2395170798234656,0.6634486534006051,-0.33533712920402436,0.6576448817033141,0.2571842325626917,13,6,12,0
common,fpca256_10,30,0.7293233082706767,0.6062847866419294,0.9285714285714286,0.3157894736842105,0.6221804511278195,0.5,0.8571428571428571,0.20998794307399962,0.6103798854264039,-0.4117746182633113,0.9000044554641901,0.31201211943242185,13,6,13,1
common,fpca256_10,31,0.656140350877193,0.5999085258459967,0.8666666666666667,0.3157894736842105,0.5912280701754387,0.5,0.75,0.22691268069301196,0.6402879800583446,-0.018127378693964226,0.8265043097637229,0.3250157560977948,13,6,13,2
common,fpca256_10,32,0.7180451127819549,0.6869283941864587,0.9285714285714286,0.2631578947368421,0.5958646616541353,0.48148148148148145,0.8333333333333334,0.22084608040366427,0.6278822635644513,-0.4573092908499062,0.9415456636007626,0.27595135625198564,13,5,14,1
common,fpca256_10,33,0.7023809523809524,0.6315947741723875,0.8571428571428571,0.3333333333333333,0.5952380952380952,0.5,0.75,0.22007279072972213,0.6399475437934675,-0.16910458386113703,0.7326076228701968,0.3242435815792571,12,6,12,2
common,fpca256_10,34,0.6518218623481782,0.5579264418377321,0.7692307692307693,0.42105263157894735,0.5951417004048583,0.47619047619047616,0.7272727272727273,0.23656225977661136,0.6890755837367322,-0.2753625036575018,0.4077559216579744,0.3590348061486638,10,8,11,3
common,fpca256_10,35,0.6142857142857143,0.5208505779934351,0.7857142857142857,0.4,0.5928571428571429,0.4782608695652174,0.7272727272727273,0.25461187495895166,0.7066398917201132,-0.2597899558937623,0.3587120724805487,0.29487060567525425,11,8,12,3
common,fpca256_10,36,0.7619047619047619,0.6969891991884474,1.0,0.16666666666666666,0.5833333333333334,0.4827586206896552,1.0,0.2071512029578405,0.6023992852406372,-0.33891352110192857,1.2968346106179398,0.27380669628601223,14,3,15,0
common,fpca256_10,37,0.6468253968253969,0.5776853796104509,0.8571428571428571,0.2222222222222222,0.5396825396825397,0.46153846153846156,0.6666666666666666,0.2543440959901404,0.7321426757981246,-0.20634595590999144,0.3169624351397148,0.2663420841890166,12,4,14,2
common,fpca256_10,38,0.6865079365079365,0.5936005462791177,1.0,0.1111111111111111,0.5555555555555556,0.4666666666666667,1.0,0.22422992319969182,0.6362605133353779,-0.29312009240659803,0.9592996480739012,0.23557413014415235,14,2,16,0
common,fpca256_10,39,0.7250000000000001,0.7522976407828623,0.9285714285714286,0.2,0.5642857142857143,0.4482758620689655,0.8,0.21187320178757713,0.6119840614549118,-0.3531559894233615,1.225159931607841,0.25473011121389805,13,4,16,1
common,fpca256_10,40,0.6530612244897959,0.5725446697817882,0.8571428571428571,0.14285714285714285,0.5,0.4,0.6,0.25264144031977925,0.7051914606880714,-0.4933261512776563,0.5360251082326262,0.3159080376390485,12,3,18,2
common,fpca256_10,41,0.6666666666666666,0.6151652143577608,1.0,0.3333333333333333,0.6666666666666666,0.5384615384615384,1.0,0.2231523240697726,0.6326167859610317,-0.11556654808871955,0.6783351559631039,0.26493461577022576,14,6,12,0
common,fpca256_10,42,0.6481481481481481,0.5419929483228716,0.9333333333333333,0.2222222222222222,0.5777777777777777,0.5,0.8,0.252270404357514,0.7240556808500266,-0.3506921015964226,0.4772799819535277,0.32222131096600537,14,4,14,1
common,fpca256_10,43,0.7857142857142857,0.8096633097683518,0.8571428571428571,0.3888888888888889,0.623015873015873,0.5217391304347826,0.7777777777777778,0.18824396240631147,0.5631177281189287,0.36895647861595143,1.8132974677899263,0.2949232890435236,12,7,11,2
common,fpca256_10,44,0.5546558704453441,0.5571342482184429,0.7692307692307693,0.2631578947368421,0.5161943319838057,0.4166666666666667,0.625,0.2521287293954147,0.6968106721461322,-0.2839723475305193,0.3420874060452226,0.3219113580728974,10,5,14,3
common,fpca256_10,45,0.7380952380952381,0.7278375816276274,1.0,0.3333333333333333,0.6666666666666666,0.5384615384615384,1.0,0.20095635181500104,0.5820132924512575,-0.23109934782231595,1.4086904239855151,0.290294279003798,14,6,12,0
common,fpca256_10,46,0.56,0.5679393350650156,0.9333333333333333,0.2,0.5666666666666667,0.4666666666666667,0.8,0.2617992612837137,0.717560139516509,-0.23961685438285138,0.2984054014913003,0.20153491314423713,14,4,16,1
common,fpca256_10,47,0.6309523809523809,0.6132023186746689,0.7857142857142857,0.4444444444444444,0.6150793650793651,0.5238095238095238,0.7272727272727273,0.24834312357634836,0.7035088160550944,-0.12359299851699791,0.40230880931302415,0.3386972321156434,11,8,10,3
common,fpca256_10,48,0.5857142857142857,0.5196722654579073,0.8571428571428571,0.3,0.5785714285714285,0.46153846153846156,0.75,0.27117254476461194,0.75238840619857,-0.3590683014922839,0.29512395453534673,0.25960585779746626,12,6,14,2
common,fpca256_10,49,0.8205128205128205,0.8044549894549893,1.0,0.16666666666666666,0.5833333333333334,0.4642857142857143,1.0,0.19772350124120425,0.5814942049017655,-0.6148553539645137,2.359353646101108,0.35362535584102567,13,3,15,0
common,fpca256_10,50,0.6706349206349207,0.5432634910827274,1.0,0.1111111111111111,0.5555555555555556,0.4666666666666667,1.0,0.23334779125835203,0.6577336108862983,-0.25552934903118213,0.681697676374005,0.26005303077619524,14,2,16,0
common,fpca256_10,51,0.6596638655462185,0.6854799360153113,0.8571428571428571,0.29411764705882354,0.5756302521008403,0.5,0.7142857142857143,0.23309313680997357,0.6683559602720524,-0.17196092297501706,0.6300841441929663,0.31116959316826853,12,5,12,2
common,fpca256_10,52,0.7045454545454546,0.6001439037153323,0.9285714285714286,0.2727272727272727,0.6006493506493507,0.4482758620689655,0.8571428571428571,0.23599457610546062,0.6764602505650672,-0.6586067873434501,0.7437647514532723,0.37666344956097153,13,6,16,1
common,fpca256_10,53,0.6666666666666667,0.6465901538253755,0.8571428571428571,0.3888888888888889,0.623015873015873,0.5217391304347826,0.7777777777777778,0.23498902772838806,0.6746691578748993,-0.09292928356579194,0.5247852891144308,0.3284068456854051,12,7,11,2
common,fpca256_10,54,0.7105263157894737,0.5981755084478932,0.9285714285714286,0.42105263157894735,0.674812030075188,0.5416666666666666,0.8888888888888888,0.20973333128525476,0.6042703482196796,-0.12613238745501218,0.9855476923687846,0.2857334310225718,13,8,11,1
common,fpca256_10,55,0.7633333333333333,0.6714502285154459,0.9333333333333333,0.4,0.6666666666666667,0.5384615384615384,0.8888888888888888,0.1989460006473633,0.5884390524348467,-0.21874650603645984,1.1318997025379578,0.3188292243744662,14,8,12,1
common,fpca256_10,56,0.73109243697479,0.7910128937838297,0.7857142857142857,0.4117647058823529,0.5987394957983193,0.5238095238095238,0.7,0.21590687703984027,0.6435340253664036,0.002252561362381335,0.6759009463879668,0.3420676458166582,11,7,10,3
common,fpca256_10,57,0.6571428571428571,0.6412935752721556,0.8571428571428571,0.2,0.5285714285714286,0.42857142857142855,0.6666666666666666,0.25006078188897973,0.6974949418058047,-0.4765575716877358,0.5555073593610824,0.28346447008329234,12,4,16,2
common,fpca256_10,58,0.5714285714285714,0.5112591046519617,1.0,0.1111111111111111,0.5555555555555556,0.4666666666666667,1.0,0.25643637538605596,0.7074748887466547,-0.36814780110886747,0.5175957295423305,0.21126705830842657,14,2,16,0
common,fpca256_10,59,0.6477732793522268,0.5378773273510116,0.9230769230769231,0.2631578947368421,0.5931174089068826,0.46153846153846156,0.8333333333333334,0.231884575497871,0.6521643876905373,-0.20745184476384118,0.6597838565033237,0.2500561165465048,12,5,14,1
common,fpca256_10,60,0.6980392156862745,0.618075547640765,0.9333333333333333,0.23529411764705882,0.5843137254901961,0.5185185185185185,0.8,0.2190129855673621,0.6263833422880546,-0.13219880352640978,0.9149586549846198,0.2980198283031072,14,4,13,1
common,fpca256_10,61,0.6015037593984962,0.638783631841708,0.6428571428571429,0.631578947368421,0.637218045112782,0.5625,0.7058823529411765,0.245932654954386,0.6993371756583922,-0.12595385575672183,0.4007244421331583,0.3420848862961842,9,12,7,5
common,fpca256_10,62,0.793233082706767,0.6912946914135547,0.9285714285714286,0.3684210526315789,0.6484962406015038,0.52,0.875,0.1921051061536255,0.5716495160412083,-0.29688927554394545,1.1163841994223338,0.3090416513762363,13,7,12,1
common,fpca256_10,63,0.5892857142857143,0.5652358010652941,1.0,0.1,0.55,0.4375,1.0,0.2593333040397949,0.712959265460225,-0.42561090888818887,0.4524278403840358,0.2878451237758215,14,2,18,0
common,fpca256_10,64,0.6437246963562753,0.6417892864702186,0.8461538461538461,0.15789473684210525,0.5020242914979757,0.4074074074074074,0.6,0.23435001846731385,0.6678033453405963,-0.31455190068537026,0.60441630565763,0.34044313525590564,11,3,16,2
common,fpca256_10,65,0.6904761904761905,0.6320640808771061,1.0,0.1111111111111111,0.5555555555555556,0.4666666666666667,1.0,0.22550513087906732,0.6414528354144785,-0.3302168564341076,0.9416856158452791,0.25809457349934506,14,2,16,0
common,fpca256_10,66,0.6266666666666667,0.5723673966415901,0.8666666666666667,0.2,0.5333333333333333,0.4482758620689655,0.6666666666666666,0.2657661489701634,0.7671184837279708,-0.34227624849544996,0.2850131215640337,0.3166734444860707,13,4,16,2
common,fpca256_10,67,0.5150375939849624,0.5310281304467772,0.7857142857142857,0.15789473684210525,0.47180451127819545,0.4074074074074074,0.5,0.28774118786353864,0.8032128022809643,-0.30752574953251804,-0.009786526082597396,0.2770751397298234,11,3,16,3
common,fpca256_10,68,0.9243697478991596,0.9139772594106959,1.0,0.4117647058823529,0.7058823529411764,0.5833333333333334,1.0,0.16302062138858758,0.5095454414202806,-0.44216148447921333,4.850862536516882,0.3471179658190136,14,7,10,0
common,fpca256_10,69,0.5576923076923077,0.4836642395329398,0.6923076923076923,0.4,0.5461538461538462,0.42857142857142855,0.6666666666666666,0.26810289098078577,0.7275185042751314,-0.3397898040532797,0.2633944520557075,0.3051959097578831,9,8,12,4
common,fpca256_10,70,0.7017543859649122,0.7094750088457182,0.8666666666666667,0.21052631578947367,0.5385964912280702,0.4642857142857143,0.6666666666666666,0.21397759011298165,0.6189187755679721,-0.03982307607134362,1.2200741675512827,0.28533474431154005,13,4,15,2
common,fpca256_10,71,0.6666666666666667,0.6434130261299922,0.7857142857142857,0.3888888888888889,0.5873015873015873,0.5,0.7,0.2426302513869381,0.7069229591730994,-0.2662665457119303,0.4377925753608726,0.34447712024969046,11,7,11,3
common,fpca256_10,72,0.5119047619047619,0.46269079620212883,1.0,0.16666666666666666,0.5833333333333334,0.4827586206896552,1.0,0.2678592367127882,0.7282209234982746,-0.25571693884674257,0.2824866641320012,0.2629017618172436,14,3,15,0
common,fpca256_10,73,0.45,0.4011415339041704,0.9285714285714286,0.15,0.5392857142857143,0.43333333333333335,0.75,0.2975745668235734,0.8048921305738174,-0.35739798459178773,-0.011434274003950914,0.2759236891908458,13,3,17,1
common,fpca256_10,74,0.7651821862348178,0.651894401894402,1.0,0.2631578947368421,0.631578947368421,0.48148148148148145,1.0,0.19852242577987947,0.5812571124836327,-0.41285413092116674,1.3881698269158056,0.2944479393505189,13,5,14,0
common,fpca256_10,75,0.5977443609022556,0.5425873497055763,0.7857142857142857,0.2631578947368421,0.5244360902255639,0.44,0.625,0.24246016851404714,0.6803455762297163,-0.24899340550808985,0.539655569980787,0.3508403394908638,11,5,14,3
common,fpca256_10,76,0.6507936507936508,0.5640640860971899,1.0,0.2222222222222222,0.6111111111111112,0.5,1.0,0.24592988696322796,0.6961594561400428,-0.26668497208317077,0.46641737339196965,0.25189351656549747,14,4,14,0
common,fpca256_10,77,0.6736842105263159,0.6388910816851993,0.8666666666666667,0.15789473684210525,0.512280701754386,0.4482758620689655,0.6,0.22365955760012313,0.6415107415981163,-0.14585120235858703,0.9812193114515705,0.31346180650970396,13,3,16,2
common,fpca256_10,78,0.7518796992481203,0.6930551652098966,0.9285714285714286,0.21052631578947367,0.5695488721804511,0.4642857142857143,0.8,0.212225132692955,0.610137527926065,-0.5337839826805252,1.0249165061560714,0.2944670845528269,13,4,15,1
common,fpca256_10,79,0.7044534412955467,0.6584682989207875,0.8461538461538461,0.3684210526315789,0.6072874493927125,0.4782608695652174,0.7777777777777778,0.2175862577599954,0.623412315915433,-0.17961536747323828,0.7774071275522633,0.3040963874768265,11,7,12,2
common,fpca256_10,80,0.575,0.46019341814476,0.9285714285714286,0.15,0.5392857142857143,0.43333333333333335,0.75,0.25901865867893475,0.7163420920230914,-0.3702666306138169,0.34167371439241734,0.2495789601534321,13,3,17,1
common,fpca256_10,81,0.6554621848739496,0.5994738600087711,0.7857142857142857,0.4117647058823529,0.5987394957983193,0.5238095238095238,0.7,0.2363560379585642,0.6831136479282636,0.027638922329223173,0.5172198016490949,0.3085835599614341,11,7,10,3
common,fpca256_10,82,0.6385964912280702,0.5538896726942704,1.0,0.15789473684210525,0.5789473684210527,0.4838709677419355,1.0,0.2468042462343335,0.7008327986677721,-0.36771851810826334,0.5416478768355107,0.28817042403768245,15,3,16,0
common,fpca256_10,83,0.7607142857142858,0.6737361874792144,0.9285714285714286,0.35,0.6392857142857142,0.5,0.875,0.2002537546793418,0.5887460205966872,-0.41702136292614256,0.9683563524498418,0.26846776838486325,13,7,13,1
common,fpca256_10,84,0.7307692307692307,0.7548942319402676,0.7692307692307693,0.3333333333333333,0.5512820512820513,0.45454545454545453,0.6666666666666666,0.2049221471468245,0.5930027980769437,-0.2214294569604571,1.100679588926771,0.30570352307913123,10,6,12,3
common,fpca256_10,85,0.6428571428571429,0.5889386617397402,0.8571428571428571,0.3,0.5785714285714285,0.46153846153846156,0.75,0.24046538908550263,0.6935836964619422,-0.3380086729614675,0.45514100511907574,0.3511517533816852,12,6,14,2
common,fpca256_10,86,0.5396825396825397,0.5249384826394325,0.9285714285714286,0.2777777777777778,0.6031746031746033,0.5,0.8333333333333334,0.30373582330291204,0.816094370719225,-0.22737142788073483,0.12487638896380138,0.19961301871455886,13,5,13,1
common,fpca256_10,87,0.6428571428571429,0.5692069980606219,1.0,0.15,0.575,0.45161290322580644,1.0,0.248070772914375,0.6917410866731416,-0.3594474666430129,0.4864880787461802,0.2725350817589145,14,3,17,0
common,fpca256_10,88,0.6722689075630253,0.6051218908616077,0.9285714285714286,0.11764705882352941,0.523109243697479,0.4642857142857143,0.6666666666666666,0.23809580669593794,0.6744229740950808,-0.2696342582948316,0.6272028195084447,0.32750080084061794,13,2,15,1
common,fpca256_10,89,0.8157894736842105,0.8072148663784001,0.9285714285714286,0.2631578947368421,0.5958646616541353,0.48148148148148145,0.8333333333333334,0.18885571479551766,0.5595830634388413,0.027943805926420744,2.075181635101181,0.27382872514703227,13,5,14,1
common,fpca256_10,90,0.7406015037593985,0.634968299674182,1.0,0.15789473684210525,0.5789473684210527,0.4666666666666667,1.0,0.2147709197868859,0.6188332593342312,-0.49361247186277246,1.1778589138102646,0.2829033829806341,14,3,16,0
common,fpca256_10,91,0.6428571428571428,0.5447899827249062,0.9285714285714286,0.3333333333333333,0.6309523809523809,0.52,0.8571428571428571,0.24497981010117947,0.7036597642072918,-0.2352408457842856,0.41363680064838887,0.30163365765193234,13,6,12,1
common,fpca256_10,92,0.6974789915966386,0.7696187514964914,0.7857142857142857,0.47058823529411764,0.6281512605042017,0.55,0.7272727272727273,0.2186143812462752,0.6414678225238205,-0.036652044617452466,0.6896271458963034,0.2936401042056161,11,8,9,3
common,fpca256_10,93,0.6912280701754385,0.6066925346182312,0.9333333333333333,0.2631578947368421,0.5982456140350877,0.5,0.8333333333333334,0.2284267754394238,0.6574485441288956,-0.4013916861927163,0.7997702108337923,0.30996525630043714,14,5,14,1
common,fpca256_10,94,0.5347985347985349,0.40386063584884924,0.6923076923076923,0.38095238095238093,0.5366300366300366,0.4090909090909091,0.6666666666666666,0.2746630314696925,0.7563728777772474,-0.4640710412630674,0.13521793960406184,0.3374459803369357,9,8,13,4
common,fpca256_10,95,0.6954887218045113,0.6524948265010113,0.9285714285714286,0.21052631578947367,0.5695488721804511,0.4642857142857143,0.8,0.223410751652461,0.6396694851378703,-0.24802404161029654,0.7916573664337377,0.23108616845061425,13,4,15,1
common,fpca256_10,96,0.7301587301587302,0.712445139346061,0.9285714285714286,0.2777777777777778,0.6031746031746033,0.5,0.8333333333333334,0.20831427801679175,0.6048380179878108,-0.1394857761739847,1.3577931203451294,0.32853467083704807,13,5,13,1
common,fpca256_10,97,0.6150793650793651,0.5575251726871586,0.9285714285714286,0.05555555555555555,0.4920634920634921,0.43333333333333335,0.5,0.2690326584456687,0.7539354376786279,-0.3516753455339701,0.308333031366886,0.3381570924301225,13,1,17,1
common,fpca256_10,98,0.6947368421052631,0.5979292929292929,0.9333333333333333,0.3684210526315789,0.6508771929824562,0.5384615384615384,0.875,0.21937852668707783,0.6249479729199633,-0.016048706162535998,0.9624719096509279,0.2811225289092786,14,7,12,1
common,fpca256_10,99,0.6423076923076924,0.5624928934806697,0.7692307692307693,0.4,0.5846153846153846,0.45454545454545453,0.7272727272727273,0.24161422720176842,0.6797580341579744,-0.408178173239515,0.5034328035256733,0.3202823619062749,10,8,12,3
common,fpca256_15,0,0.7301587301587301,0.6406546902044277,0.9333333333333333,0.14285714285714285,0.5380952380952381,0.4375,0.75,0.21616011521063336,0.6232463394831668,-0.4831647563750897,1.0329035938814184,0.26509292366820275,14,3,18,1
common,fpca256_15,1,0.4801587301587302,0.42227879860095796,0.5714285714285714,0.3888888888888889,0.4801587301587301,0.42105263157894735,0.5384615384615384,0.3099446393066829,0.8410127995906888,-0.23753398265142178,0.0304283574542574,0.28989363312334093,8,7,11,6
common,fpca256_15,2,0.7857142857142857,0.7379938459037261,1.0,0.29411764705882354,0.6470588235294118,0.5384615384615384,1.0,0.19320251165723065,0.560979932342047,0.11906649015405935,1.1922321803573854,0.22784192567829814,14,5,12,0
common,fpca256_15,3,0.6654135338345866,0.5746176442605013,0.9285714285714286,0.10526315789473684,0.5169172932330828,0.43333333333333335,0.6666666666666666,0.26564067125340773,0.7455999970309846,-0.41508861716883044,0.3615660272015725,0.3158765673903285,13,2,17,1
common,fpca256_15,4,0.6153846153846154,0.5295186100449258,0.6923076923076923,0.2631578947368421,0.47773279352226716,0.391304347826087,0.5555555555555556,0.24426391019339525,0.6980707522238392,-0.30641908929197614,0.3815147406180825,0.3548852589893826,9,5,14,4
common,fpca256_15,5,0.6190476190476191,0.582919680061734,0.8571428571428571,0.16666666666666666,0.5119047619047619,0.4444444444444444,0.6,0.26963840392606303,0.7536294163012249,-0.29814398641350887,0.29298638208087074,0.3058369176847758,12,3,15,2
common,fpca256_15,6,0.6203007518796992,0.582918870012022,0.7857142857142857,0.3684210526315789,0.5770676691729323,0.4782608695652174,0.7,0.25282517726539655,0.7440141407138545,-0.24106134106804333,0.23957406949487156,0.2876868822851557,11,7,12,3
common,fpca256_15,7,0.7579365079365079,0.6516673007929281,1.0,0.3333333333333333,0.6666666666666666,0.5384615384615384,1.0,0.20758568553768822,0.610033614273344,-0.42279438835122984,1.116210107846469,0.3346251830312888,14,6,12,0
common,fpca256_15,8,0.6982456140350877,0.6809378261677577,0.7333333333333333,0.42105263157894735,0.5771929824561404,0.5,0.6666666666666666,0.2287416099200077,0.6474710249786093,-0.0737626659000587,0.6525702583861744,0.320867359771825,11,8,11,4
common,fpca256_15,9,0.6961538461538462,0.5448649399164274,0.9230769230769231,0.45,0.6865384615384615,0.5217391304347826,0.9,0.22210095394984428,0.6278343584427392,-0.2971305424558102,0.7192425646462365,0.3380446131394477,12,9,11,1
common,fpca256_15,10,0.7819548872180451,0.6397585082984243,1.0,0.3684210526315789,0.6842105263157895,0.5384615384615384,1.0,0.19406672261320645,0.5817883016362987,-0.3866365816722452,0.9701314790335143,0.2946782826102902,14,7,12,0
common,fpca256_15,11,0.6947368421052631,0.6550714779923704,0.8666666666666667,0.42105263157894735,0.643859649122807,0.5416666666666666,0.8,0.22392094590837924,0.6523135932943458,-0.221034573107437,0.7074899353556758,0.369931891224002,13,8,11,2
common,fpca256_15,12,0.7368421052631579,0.687411541991035,0.8571428571428571,0.631578947368421,0.744360902255639,0.631578947368421,0.8571428571428571,0.2059217514187731,0.5949565479272062,-0.007320653308256644,0.9310202943090669,0.3532505788928996,12,12,7,2
common,fpca256_15,13,0.5112781954887218,0.4883328826561909,0.9285714285714286,0.21052631578947367,0.5695488721804511,0.4642857142857143,0.8,0.2882189693354923,0.7773686782275437,-0.3366309834113925,0.21093676046756704,0.31542759203010257,13,4,15,1
common,fpca256_15,14,0.6752136752136753,0.6901100972933552,0.8461538461538461,0.16666666666666666,0.5064102564102564,0.4230769230769231,0.6,0.22949025128301825,0.6589966858132031,-0.24469130303260916,0.6312641271250056,0.3108540481694073,11,3,15,2
common,fpca256_15,15,0.7261904761904763,0.6671256896820806,0.9285714285714286,0.3888888888888889,0.6587301587301587,0.5416666666666666,0.875,0.21154562888265963,0.615110581949239,-0.3286455144233183,0.7817108504093869,0.29243748120405655,13,7,11,1
common,fpca256_15,16,0.5977443609022557,0.5469170631465955,0.8571428571428571,0.3157894736842105,0.5864661654135338,0.48,0.75,0.24705802055537485,0.6936098729659546,-0.2721423332165965,0.4493638775498494,0.30242362488300434,12,6,13,2
common,fpca256_15,17,0.6259259259259259,0.5303473055772372,0.9333333333333333,0.2222222222222222,0.5777777777777777,0.5,0.8,0.24424020579907002,0.6835988835973081,-0.1012455849436265,0.5409940569029306,0.32133982486353724,14,4,14,1
common,fpca256_15,18,0.8721804511278195,0.8421564080177526,1.0,0.47368421052631576,0.7368421052631579,0.5833333333333334,1.0,0.15910429856820085,0.4885838806345088,-0.39318473812622695,1.750030635418977,0.27177025083690587,14,9,10,0
common,fpca256_15,19,0.6153846153846154,0.5477266977227969,0.7692307692307693,0.35,0.5596153846153846,0.43478260869565216,0.7,0.25666902263019215,0.7400174804298021,-0.4029143343573274,0.2840736415949176,0.33802815774654615,10,7,13,3
common,fpca256_15,20,0.6464285714285715,0.6298198173016113,0.8571428571428571,0.2,0.5285714285714286,0.42857142857142855,0.6666666666666666,0.244930726674529,0.6923915454260477,-0.292686087270561,0.44348962181952395,0.22749608414379288,12,4,16,2
common,fpca256_15,21,0.6190476190476191,0.5148403808012388,0.6428571428571429,0.5555555555555556,0.5992063492063493,0.5294117647058824,0.6666666666666666,0.25475526053984815,0.6941939139498796,-0.06739625754364935,0.4406897175150742,0.3343013186154403,9,10,8,5
common,fpca256_15,22,0.6428571428571428,0.6021750215931321,0.8571428571428571,0.3157894736842105,0.5864661654135338,0.48,0.75,0.2459217656555233,0.69961613333611,-0.27771934990350894,0.4175424761203112,0.31585618711154595,12,6,13,2
common,fpca256_15,23,0.5912698412698413,0.5257807668521954,0.9285714285714286,0.1111111111111111,0.5198412698412699,0.4482758620689655,0.6666666666666666,0.2697045271560996,0.7532007696160984,-0.2799213552960666,0.2789282295967167,0.21041476523571814,13,2,16,1
common,fpca256_15,24,0.7218045112781954,0.5866700649097818,1.0,0.3157894736842105,0.6578947368421053,0.5185185185185185,1.0,0.2128938583632816,0.6116925402012913,-0.45891224981125656,0.9279170680594995,0.318729143250774,14,6,13,0
common,fpca256_15,25,0.6904761904761905,0.689472243425443,0.8571428571428571,0.2777777777777778,0.5674603174603174,0.48,0.7142857142857143,0.22017422844249493,0.6381257042800419,-0.03609236486801474,0.9407328008843727,0.294442573797135,12,5,13,2
common,fpca256_15,26,0.7781954887218046,0.6540643087071658,1.0,0.3684210526315789,0.6842105263157895,0.5384615384615384,1.0,0.20187914704069215,0.5978132443724251,-0.49636274259202773,0.8362544017070601,0.28332108674807444,14,7,12,0
common,fpca256_15,27,0.6151515151515151,0.5468313708574755,0.9333333333333333,0.13636363636363635,0.5348484848484849,0.42424242424242425,0.75,0.24890248556515207,0.6970548854029832,-0.4038381212629767,0.48790239303552607,0.2620002658254764,14,3,19,1
common,fpca256_15,28,0.6848739495798319,0.591729603082674,0.9285714285714286,0.35294117647058826,0.6407563025210085,0.5416666666666666,0.8571428571428571,0.2273060679975813,0.6442935546719111,-0.044677855517458655,0.610172874331256,0.31483593499626544,13,6,11,1
common,fpca256_15,29,0.6153846153846154,0.5044676213680739,0.9230769230769231,0.3333333333333333,0.6282051282051282,0.5,0.8571428571428571,0.24596836133125521,0.6784602787249423,-0.32191572432617643,0.5546624864614279,0.3059338552745465,12,6,12,1
common,fpca256_15,30,0.7406015037593985,0.5998079534844241,0.9285714285714286,0.3684210526315789,0.6484962406015038,0.52,0.875,0.21029033593910731,0.616409870290477,-0.39653998653037703,0.8435882786477755,0.322013131461307,13,7,12,1
common,fpca256_15,31,0.6350877192982456,0.615503503711225,0.8666666666666667,0.47368421052631576,0.6701754385964912,0.5652173913043478,0.8181818181818182,0.22973275288925246,0.6450892897020815,-0.009315372295436265,0.7018069931640485,0.3111195190552017,13,9,10,2
common,fpca256_15,32,0.7330827067669172,0.6976950085245016,0.9285714285714286,0.3157894736842105,0.6221804511278195,0.5,0.8571428571428571,0.21811401810827474,0.6239002201673673,-0.49239017059805795,0.9398389466065904,0.3114813671717999,13,6,13,1
common,fpca256_15,33,0.6865079365079365,0.6248827017836234,0.8571428571428571,0.3888888888888889,0.623015873015873,0.5217391304347826,0.7777777777777778,0.22487581813221064,0.6521600592219192,-0.1540336340590299,0.6504076193425555,0.3433021751357499,12,7,11,2
common,fpca256_15,34,0.6396761133603239,0.5448877648284669,0.7692307692307693,0.2631578947368421,0.5161943319838057,0.4166666666666667,0.625,0.236179007778186,0.685529546960895,-0.26452302228839275,0.4284847155773703,0.3286941960068512,10,5,14,3
common,fpca256_15,35,0.6214285714285714,0.5244131141189965,0.7857142857142857,0.4,0.5928571428571429,0.4782608695652174,0.7272727272727273,0.25809310205969616,0.7158925834096859,-0.26308427088808256,0.32727152130089743,0.2697892560307108,11,8,12,3
common,fpca256_15,36,0.7301587301587302,0.6494291499971461,1.0,0.2777777777777778,0.6388888888888888,0.5185185185185185,1.0,0.21141137153007608,0.6112160160385501,-0.4049736705796959,1.2086035883320934,0.31152564847848613,14,5,13,0
common,fpca256_15,37,0.638888888888889,0.5623839830120618,0.7857142857142857,0.3888888888888889,0.5873015873015873,0.5,0.7,0.25604538558550066,0.7398282897337507,-0.1937912887605228,0.30371734431311015,0.3239178201822644,11,7,11,3
common,fpca256_15,38,0.6825396825396826,0.6017500867970793,1.0,0.16666666666666666,0.5833333333333334,0.4827586206896552,1.0,0.22306499176190597,0.6331125385138306,-0.279725333808308,0.9454270194239521,0.26699632285264363,14,3,15,0
common,fpca256_15,39,0.7535714285714286,0.7525391217092897,0.9285714285714286,0.2,0.5642857142857143,0.4482758620689655,0.8,0.20849459416009455,0.6079003516258619,-0.26989412343064895,1.2015589870623864,0.3186643538676005,13,4,16,1
common,fpca256_15,40,0.6496598639455782,0.5771070174481275,0.8571428571428571,0.14285714285714285,0.5,0.4,0.6,0.24992569072293958,0.6983335961040315,-0.4956557191451584,0.571777376315495,0.2872775098985681,12,3,18,2
common,fpca256_15,41,0.634920634920635,0.5529581576220232,1.0,0.3333333333333333,0.6666666666666666,0.5384615384615384,1.0,0.22926514433914802,0.6500187260340188,-0.1649778283677437,0.5801532329962424,0.2863005562921053,14,6,12,0
common,fpca256_15,42,0.6592592592592593,0.5389986157633216,0.9333333333333333,0.2222222222222222,0.5777777777777777,0.5,0.8,0.2438546139762844,0.7075936374714081,-0.3477848637168958,0.5315943309102776,0.30989600724886446,14,4,14,1
common,fpca256_15,43,0.7896825396825398,0.7976258946318583,0.8571428571428571,0.5555555555555556,0.7063492063492063,0.6,0.8333333333333334,0.18958102507436564,0.5654994790704229,0.3955971876250754,1.8615193144164053,0.34282509029233066,12,10,8,2
common,fpca256_15,44,0.5465587044534413,0.5101190381685738,0.7692307692307693,0.2631578947368421,0.5161943319838057,0.4166666666666667,0.625,0.2569803967328552,0.7063142888895129,-0.2903019089231999,0.2910180111332607,0.2856011067436199,10,5,14,3
common,fpca256_15,45,0.7420634920634921,0.7047488173897948,1.0,0.16666666666666666,0.5833333333333334,0.4827586206896552,1.0,0.20476976255727872,0.5902295231673956,-0.2607170619580016,1.2854789365777883,0.26282698888953243,14,3,15,0
common,fpca256_15,46,0.5033333333333333,0.47672405719761923,0.8,0.25,0.525,0.4444444444444444,0.625,0.2846531937102559,0.7697589611929186,-0.2628876312038962,0.11907660770657702,0.3194885061712207,12,5,15,3
common,fpca256_15,47,0.5793650793650794,0.5571723430472082,0.7142857142857143,0.4444444444444444,0.5793650793650793,0.5,0.6666666666666666,0.2554523830332879,0.7242468258587758,-0.11928041258476761,0.343756603823723,0.37109991827923844,10,8,10,4
common,fpca256_15,48,0.5892857142857143,0.5454005320076748,0.8571428571428571,0.3,0.5785714285714285,0.46153846153846156,0.75,0.2724606421838103,0.7549429991725262,-0.35988454375035855,0.2905524724048178,0.2727862459380961,12,6,14,2
common,fpca256_15,49,0.7991452991452992,0.8083543948928562,1.0,0.16666666666666666,0.5833333333333334,0.4642857142857143,1.0,0.1954226946417258,0.5763522354360027,-0.6412489039326223,2.4241978135108275,0.375466277115801,13,3,15,0
common,fpca256_15,50,0.6825396825396826,0.6055964810166491,0.9285714285714286,0.2222222222222222,0.5753968253968254,0.48148148148148145,0.8,0.2329330144318468,0.656793300217335,-0.3101491166309937,0.6848677214369508,0.33430700047245915,13,4,14,1
common,fpca256_15,51,0.6260504201680672,0.6029019048028263,0.7857142857142857,0.29411764705882354,0.5399159663865546,0.4782608695652174,0.625,0.2417294038814926,0.6902736340569449,-0.15972638429908442,0.48464129793798993,0.37879742998621335,11,5,12,3
common,fpca256_15,52,0.724025974025974,0.6097958871396941,0.9285714285714286,0.22727272727272727,0.577922077922078,0.43333333333333335,0.8333333333333334,0.2293255054106431,0.6668989562978402,-0.6066434779485517,0.6946433542172092,0.326781796635684,13,5,17,1
common,fpca256_15,53,0.626984126984127,0.5534546141688998,0.8571428571428571,0.4444444444444444,0.6507936507936507,0.5454545454545454,0.8,0.24892466956368647,0.7005663249800271,-0.12831505876332766,0.4112848781559358,0.27758782968476087,12,8,10,2
common,fpca256_15,54,0.6917293233082707,0.5418253847601674,0.8571428571428571,0.5263157894736842,0.6917293233082706,0.5714285714285714,0.8333333333333334,0.2207883588749575,0.6324401267926151,-0.14930918419950764,0.7652534954174289,0.34398645002795786,12,10,9,2
common,fpca256_15,55,0.7866666666666666,0.6612193851899735,0.9333333333333333,0.45,0.6916666666666667,0.56,0.9,0.1945812012460696,0.5805558198673029,-0.21747782834260287,1.1337888407538805,0.33327579708240834,14,9,11,1
common,fpca256_15,56,0.7058823529411764,0.7157556347030412,0.7857142857142857,0.5294117647058824,0.657563025210084,0.5789473684210527,0.75,0.21763297345043994,0.6542562729023637,-0.001651094521826657,0.6195894568746333,0.3493069808810751,11,9,8,3
common,fpca256_15,57,0.6428571428571428,0.650861735869728,0.8571428571428571,0.2,0.5285714285714286,0.42857142857142855,0.6666666666666666,0.2542768832787962,0.7047984960938675,-0.45348638701122906,0.5058150897078574,0.31140289085376527,12,4,16,2
common,fpca256_15,58,0.5753968253968254,0.5164767911995716,1.0,0.1111111111111111,0.5555555555555556,0.4666666666666667,1.0,0.2594580461597679,0.712983404632866,-0.3617451136379336,0.48430839018724503,0.2552264712782817,14,2,16,0
common,fpca256_15,59,0.6599190283400811,0.5300532800532801,0.9230769230769231,0.3684210526315789,0.645748987854251,0.5,0.875,0.22507578267340816,0.636876944703678,-0.19539028580290002,0.7450791621629258,0.31104151612747266,12,7,12,1
common,fpca256_15,60,0.6901960784313725,0.6011419257071431,0.9333333333333333,0.47058823529411764,0.7019607843137254,0.6086956521739131,0.8888888888888888,0.2184307035981054,0.6236773061660384,-0.07409034226108818,0.900022482162634,0.3455797533377103,14,8,9,1
common,fpca256_15,61,0.6090225563909775,0.6280436534391909,0.7142857142857143,0.5789473684210527,0.6466165413533835,0.5555555555555556,0.7333333333333333,0.2473269162172701,0.7014794032592242,-0.1275750103493329,0.39318985550485935,0.34437228042526236,10,11,8,4
common,fpca256_15,62,0.7781954887218046,0.7002775450356096,0.9285714285714286,0.47368421052631576,0.7011278195488722,0.5652173913043478,0.9,0.18707351264024133,0.564820399931485,-0.24722564708839345,0.9654863476345293,0.3048314856162217,13,9,10,1
common,fpca256_15,63,0.5785714285714285,0.546144044580486,1.0,0.1,0.55,0.4375,1.0,0.2587152091877387,0.7119318471687497,-0.42125677776637366,0.4509595241611743,0.2685284133248339,14,2,18,0
common,fpca256_15,64,0.6153846153846154,0.5910234444353551,0.9230769230769231,0.15789473684210525,0.5404858299595142,0.42857142857142855,0.75,0.24287658846521742,0.6894363048950266,-0.33175031903052077,0.45828794982142773,0.31002579251777823,12,3,16,1
common,fpca256_15,65,0.7103174603174602,0.6382203056047594,1.0,0.3333333333333333,0.6666666666666666,0.5384615384615384,1.0,0.2233431825306499,0.6381439474303663,-0.363958781468272,1.0347814152270096,0.3278250315105133,14,6,12,0
common,fpca256_15,66,0.62,0.5253881765153112,0.8666666666666667,0.2,0.5333333333333333,0.4482758620689655,0.6666666666666666,0.26990908301218647,0.7933101844185593,-0.32424468099183257,0.2283768178998993,0.3351833120063014,13,4,16,2
common,fpca256_15,67,0.48120300751879697,0.5178958329933829,0.7857142857142857,0.15789473684210525,0.47180451127819545,0.4074074074074074,0.5,0.2911805473168278,0.8091748581753434,-0.31400593223007034,-0.03687211260093623,0.29098688898859887,11,3,16,3
common,fpca256_15,68,0.9117647058823529,0.8716782225710796,1.0,0.29411764705882354,0.6470588235294118,0.5384615384615384,1.0,0.1537987415847173,0.4872807954576123,-0.47730470437973715,3.4383806641023447,0.2912472192335744,14,5,12,0
common,fpca256_15,69,0.5538461538461539,0.4901771710458713,0.7692307692307693,0.35,0.5596153846153846,0.43478260869565216,0.7,0.2691464995859212,0.7329740939591751,-0.33700483046253066,0.2483587378111187,0.31072536202915996,10,7,13,3
common,fpca256_15,70,0.712280701754386,0.7187134107722343,0.9333333333333333,0.21052631578947367,0.5719298245614035,0.4827586206896552,0.8,0.21402655564615566,0.6192048816098604,-0.04469753256209254,1.112851427709464,0.252593522994779,14,4,15,1
common,fpca256_15,71,0.6587301587301588,0.6358839538950376,0.7857142857142857,0.3888888888888889,0.5873015873015873,0.5,0.7,0.2450901248073461,0.7126744082791068,-0.2630450872621745,0.4196564038205821,0.35225913872288006,11,7,11,3
common,fpca256_15,72,0.5079365079365079,0.47406917532453224,1.0,0.16666666666666666,0.5833333333333334,0.4827586206896552,1.0,0.2672270710138635,0.7279589874224229,-0.2365207190268826,0.2960444320007495,0.21703542344769108,14,3,15,0
common,fpca256_15,73,0.45357142857142857,0.4020689593657574,0.9285714285714286,0.15,0.5392857142857143,0.43333333333333335,0.75,0.3031412735105789,0.8184700184970332,-0.3610647317297178,-0.0477564557895165,0.27105774905177743,13,3,17,1
common,fpca256_15,74,0.7611336032388664,0.6097750710208905,0.9230769230769231,0.3157894736842105,0.6194331983805668,0.48,0.8571428571428571,0.19823526048235995,0.582046760662253,-0.3884931792004313,1.157451241968917,0.3231560067345769,12,6,13,1
common,fpca256_15,75,0.6165413533834586,0.5524699679202785,0.8571428571428571,0.10526315789473684,0.48120300751879697,0.41379310344827586,0.5,0.24495156999227288,0.6883072868689584,-0.2729287985214081,0.48955155336126494,0.3395058826805409,12,2,17,2
common,fpca256_15,76,0.6507936507936508,0.5642318140070673,0.9285714285714286,0.2222222222222222,0.5753968253968254,0.48148148148148145,0.8,0.24438217809111137,0.6940539050630108,-0.26587419656405037,0.47250904516176817,0.27928959520017677,13,4,14,1
common,fpca256_15,77,0.6982456140350878,0.6352035674529536,0.8666666666666667,0.3157894736842105,0.5912280701754387,0.5,0.75,0.22481325261771445,0.637642410392743,-0.10780074200954527,0.9869888992240686,0.31667196209757076,13,6,13,2
common,fpca256_15,78,0.7180451127819549,0.6233177933177934,0.9285714285714286,0.3157894736842105,0.6221804511278195,0.5,0.8571428571428571,0.2280592029105224,0.6488131213865007,-0.4516394919134546,0.7332107847191397,0.32462732431409763,13,6,13,1
common,fpca256_15,79,0.6923076923076923,0.6438844190517619,0.8461538461538461,0.3684210526315789,0.6072874493927125,0.4782608695652174,0.7777777777777778,0.21669611868360156,0.6210275030570478,-0.17022472620513684,0.7812412363244526,0.29953020555989285,11,7,12,2
common,fpca256_15,80,0.5821428571428572,0.4585004057364306,0.9285714285714286,0.25,0.5892857142857143,0.4642857142857143,0.8333333333333334,0.25466456670937854,0.7077114089763626,-0.38215589691477386,0.4259860887209857,0.3158227187572564,13,5,15,1
common,fpca256_15,81,0.6428571428571428,0.5821986921124852,0.7857142857142857,0.4117647058823529,0.5987394957983193,0.5238095238095238,0.7,0.24127430415588663,0.6972224201967334,0.02115917728280934,0.4583165293097191,0.2825425855453292,11,7,10,3
common,fpca256_15,82,0.6175438596491227,0.5364757296546866,1.0,0.15789473684210525,0.5789473684210527,0.4838709677419355,1.0,0.24891703872128743,0.7054419207497977,-0.36671214941943125,0.5168184379614618,0.30758690665384003,15,3,16,0
common,fpca256_15,83,0.7607142857142857,0.6777108076303051,0.9285714285714286,0.35,0.6392857142857142,0.5,0.875,0.1963233180454878,0.5780364059195571,-0.4315125367303058,1.0266016555282136,0.26960899184915893,13,7,13,1
common,fpca256_15,84,0.7478632478632479,0.7495120130414246,0.7692307692307693,0.5555555555555556,0.6623931623931625,0.5555555555555556,0.7692307692307693,0.19576751580166124,0.5738924972745585,-0.17071504163583168,1.1518210922628278,0.3834782160742429,10,10,8,3
common,fpca256_15,85,0.6464285714285714,0.5988323081935369,0.7857142857142857,0.35,0.5678571428571428,0.4583333333333333,0.7,0.2422618792392664,0.6992423623081632,-0.3347285422972748,0.43000399590428207,0.3649285011408687,11,7,13,3
common,fpca256_15,86,0.5595238095238095,0.5467937702090058,0.9285714285714286,0.3333333333333333,0.6309523809523809,0.52,0.8571428571428571,0.3004191794415099,0.8095580787009369,-0.2161323052128432,0.1447743267226545,0.2003706737236725,13,6,12,1
common,fpca256_15,87,0.6357142857142857,0.511559856130554,0.9285714285714286,0.2,0.5642857142857143,0.4482758620689655,0.8,0.25326549587896996,0.7091070869177367,-0.35307452416273966,0.39745375731491694,0.2759671381655411,13,4,16,1
common,fpca256_15,88,0.6428571428571428,0.5938785817357247,0.9285714285714286,0.11764705882352941,0.523109243697479,0.4642857142857143,0.6666666666666666,0.2428117981111186,0.6816776884193673,-0.26507882299097446,0.5819295364015833,0.2779171796464349,13,2,15,1
common,fpca256_15,89,0.7744360902255639,0.7540699413158694,1.0,0.3157894736842105,0.6578947368421053,0.5185185185185185,1.0,0.19362592467352702,0.5648831602728182,-0.09285317080217496,1.6417495528619053,0.2841183870738878,14,6,13,0
common,fpca256_15,90,0.7255639097744361,0.5958782322313032,1.0,0.3157894736842105,0.6578947368421053,0.5185185185185185,1.0,0.21521695287619916,0.6220885351186048,-0.41064806885177585,1.083515254318234,0.33385932133484786,14,6,13,0
common,fpca256_15,91,0.6746031746031746,0.5795753676964857,0.9285714285714286,0.2777777777777778,0.6031746031746033,0.5,0.8333333333333334,0.23517687435809026,0.6849277937331787,-0.20113305216799776,0.4710335788812076,0.2654151824720565,13,5,13,1
common,fpca256_15,92,0.6890756302521008,0.74819528950006,0.7857142857142857,0.47058823529411764,0.6281512605042017,0.55,0.7272727272727273,0.22547773294303838,0.6634455234725459,-0.04198651765141662,0.5736190373190796,0.31125852318929936,11,8,9,3
common,fpca256_15,93,0.687719298245614,0.6152272968784837,0.9333333333333333,0.21052631578947367,0.5719298245614035,0.4827586206896552,0.8,0.23352455549997875,0.6703986810882538,-0.383805874608232,0.705119619181223,0.28458560785239334,14,4,15,1
common,fpca256_15,94,0.5201465201465202,0.4094692814348704,0.7692307692307693,0.23809523809523808,0.5036630036630036,0.38461538461538464,0.625,0.2748641007300047,0.7553736720152597,-0.46624411752815037,0.16522901030530096,0.3329508287941933,10,5,16,3
common,fpca256_15,95,0.6616541353383459,0.6015141305789178,0.9285714285714286,0.2631578947368421,0.5958646616541353,0.48148148148148145,0.8333333333333334,0.22491709589516964,0.6396235075491759,-0.24793927155983525,0.8039871705776576,0.3277084562231464,13,5,14,1
common,fpca256_15,96,0.7222222222222223,0.7074767091528842,0.9285714285714286,0.2777777777777778,0.6031746031746033,0.5,0.8333333333333334,0.20849990392814188,0.6049356861069262,-0.20352804166883098,1.2133927942761744,0.3495599293639314,13,5,13,1
common,fpca256_15,97,0.6190476190476191,0.5426284987679282,0.9285714285714286,0.05555555555555555,0.4920634920634921,0.43333333333333335,0.5,0.271921757083151,0.7700304125760229,-0.3312603021922427,0.24449283982398254,0.3017276037976421,13,1,17,1
common,fpca256_15,98,0.6842105263157895,0.5924982818151698,0.9333333333333333,0.42105263157894735,0.6771929824561403,0.56,0.8888888888888888,0.22041808222846693,0.6272839337084634,-0.012181415587479713,0.8969980587201833,0.31085813340842644,14,8,11,1
common,fpca256_15,99,0.6538461538461539,0.5594378574641732,0.8461538461538461,0.4,0.6230769230769231,0.4782608695652174,0.8,0.24218162593922346,0.685154034691624,-0.4272591856213791,0.4899598510191042,0.33008728096955453,11,8,12,2
common,fpca256_20,0,0.7301587301587301,0.6488728663637803,0.9333333333333333,0.14285714285714285,0.5380952380952381,0.4375,0.75,0.2177467135779892,0.6267036286072383,-0.47188585379891645,1.002424977648942,0.2695204085239345,14,3,18,1
common,fpca256_20,1,0.4722222222222222,0.41952301666587377,0.5714285714285714,0.3888888888888889,0.4801587301587301,0.42105263157894735,0.5384615384615384,0.3189741662789276,0.8707489491503615,-0.2619430760630773,-0.020775865852289757,0.30444515780728043,8,7,11,6
common,fpca256_20,2,0.7983193277310924,0.7202021322362937,0.9285714285714286,0.47058823529411764,0.6995798319327731,0.5909090909090909,0.8888888888888888,0.1945428496488939,0.5665290576808506,0.14664590128004146,1.1836465278077415,0.29555836510002337,13,8,9,1
common,fpca256_20,3,0.650375939849624,0.5706529753890002,0.9285714285714286,0.10526315789473684,0.5169172932330828,0.43333333333333335,0.6666666666666666,0.26980349149367844,0.7546265436269934,-0.4087095864065901,0.32031169767200063,0.3304509305449392,13,2,17,1
common,fpca256_20,4,0.5789473684210527,0.5058649846885142,0.6923076923076923,0.3684210526315789,0.5303643724696356,0.42857142857142855,0.6363636363636364,0.2505802284802634,0.7154298891772073,-0.32672306388302114,0.3188233487918632,0.38413887492186627,9,7,12,4
common,fpca256_20,5,0.5952380952380953,0.6148862911902445,0.8571428571428571,0.3333333333333333,0.5952380952380952,0.5,0.75,0.27244105196756424,0.7625620016816501,-0.28477416094730934,0.26442795286446963,0.38626081303387644,12,6,12,2
common,fpca256_20,6,0.6165413533834586,0.5749046012870898,0.7857142857142857,0.42105263157894735,0.6033834586466165,0.5,0.7272727272727273,0.2634724167931245,0.7784754267983233,-0.2529541191554883,0.17645185141431408,0.3021161450989552,11,8,11,3
common,fpca256_20,7,0.7420634920634921,0.6314839504689129,1.0,0.3333333333333333,0.6666666666666666,0.5384615384615384,1.0,0.21375229420046205,0.6231585497086554,-0.37597764860426647,0.930113913145926,0.32670881617708236,14,6,12,0
common,fpca256_20,8,0.6421052631578947,0.6226723597429421,0.8,0.42105263157894735,0.6105263157894737,0.5217391304347826,0.7272727272727273,0.24201994287811643,0.677881216603465,-0.07997746754330955,0.5067208774509795,0.28833571972325445,12,8,11,3
common,fpca256_20,9,0.6807692307692308,0.5133394669278624,0.9230769230769231,0.4,0.6615384615384616,0.5,0.8888888888888888,0.22543267890890556,0.638236134274818,-0.3176091304990826,0.6614155517625188,0.33324143171166454,12,8,12,1
common,fpca256_20,10,0.7631578947368421,0.623126245447674,0.9285714285714286,0.3684210526315789,0.6484962406015038,0.52,0.875,0.20016516433874348,0.5982760681940336,-0.3882645110928137,0.8652300222754313,0.3411341481168021,13,7,12,1
common,fpca256_20,11,0.6842105263157894,0.6438392206921619,0.8666666666666667,0.3684210526315789,0.6175438596491228,0.52,0.7777777777777778,0.23276138250393752,0.6711110473504632,-0.2491314387204539,0.6072886009218919,0.3529741871145898,13,7,12,2
common,fpca256_20,12,0.7293233082706767,0.6202001845635385,0.8571428571428571,0.5789473684210527,0.7180451127819549,0.6,0.8461538461538461,0.22282073846117334,0.6431864496134342,-0.05046163865470022,0.6158725225573527,0.32365483499054987,12,11,8,2
common,fpca256_20,13,0.5263157894736842,0.5156507355550897,0.8571428571428571,0.21052631578947367,0.5338345864661653,0.4444444444444444,0.6666666666666666,0.3018360084594207,0.8111415687877834,-0.32788767881221054,0.14179497936084234,0.323875898205368,12,4,15,2
common,fpca256_20,14,0.670940170940171,0.6114442118967006,0.7692307692307693,0.3333333333333333,0.5512820512820513,0.45454545454545453,0.6666666666666666,0.23273117823798778,0.6705770729054753,-0.25473247872633525,0.5541248975477495,0.3633452785099884,10,6,12,3
common,fpca256_20,15,0.6944444444444444,0.6084098956721691,0.9285714285714286,0.3888888888888889,0.6587301587301587,0.5416666666666666,0.875,0.22160168483659903,0.6375760388056708,-0.30385517493721326,0.6590498078936207,0.2590647541172748,13,7,11,1
common,fpca256_20,16,0.593984962406015,0.5020581198986772,0.8571428571428571,0.3684210526315789,0.612781954887218,0.5,0.7777777777777778,0.25009520884116676,0.7021873175724452,-0.28035574789258716,0.4055271383974459,0.3281088503228331,12,7,12,2
common,fpca256_20,17,0.5962962962962963,0.510733027186494,0.8,0.2222222222222222,0.5111111111111111,0.46153846153846156,0.5714285714285714,0.25146809984918067,0.6995953498779891,-0.09049224972750552,0.3960955035955832,0.30788408632505354,12,4,14,3
common,fpca256_20,18,0.8796992481203008,0.8608117606016765,1.0,0.3157894736842105,0.6578947368421053,0.5185185185185185,1.0,0.15842703706803873,0.48540645634470087,-0.31284868935939963,1.736073693877519,0.22934506244841468,14,6,13,0
common,fpca256_20,19,0.6,0.4949220949181941,0.7692307692307693,0.3,0.5346153846153846,0.4166666666666667,0.6666666666666666,0.259804200800235,0.7522816658560497,-0.40648869856102077,0.2563739596697714,0.33198232647765996,10,6,14,3
common,fpca256_20,20,0.6285714285714287,0.6182823818145959,0.7857142857142857,0.3,0.5428571428571428,0.44,0.6666666666666666,0.2498233386858334,0.7035228922859578,-0.293744555100961,0.4056244680210088,0.2623405363015845,11,6,14,3
common,fpca256_20,21,0.5912698412698413,0.4909495494104074,0.6428571428571429,0.5555555555555556,0.5992063492063493,0.5294117647058824,0.6666666666666666,0.26004229982956306,0.7104269488195305,-0.08279440722833438,0.3790055342795427,0.37629811625517595,9,10,8,5
common,fpca256_20,22,0.6015037593984962,0.5516742781028495,0.7857142857142857,0.3684210526315789,0.5770676691729323,0.4782608695652174,0.7,0.2538209416036525,0.7189706232982129,-0.2874305209405316,0.32928249845377694,0.34265315920611145,11,7,12,3
common,fpca256_20,23,0.5436507936507937,0.5127487861924553,0.7857142857142857,0.2777777777777778,0.5317460317460317,0.4583333333333333,0.625,0.30118255095083823,0.8481233831783397,-0.26319465819990934,0.12439716458798122,0.2543491293025388,11,5,13,3
common,fpca256_20,24,0.7293233082706767,0.6519335347315223,0.9285714285714286,0.42105263157894735,0.674812030075188,0.5416666666666666,0.8888888888888888,0.2153519703972923,0.6166708701174723,-0.4513780707389061,0.9027763419275092,0.3594061491054265,13,8,11,1
common,fpca256_20,25,0.6626984126984127,0.6558804159982117,0.8571428571428571,0.1111111111111111,0.4841269841269841,0.42857142857142855,0.5,0.23244158514308016,0.6666803048406091,-0.06618328040222018,0.6632450051068111,0.2819137999064182,12,2,16,2
common,fpca256_20,26,0.7518796992481203,0.653548752834467,0.9285714285714286,0.42105263157894735,0.674812030075188,0.5416666666666666,0.8888888888888888,0.21355958804821398,0.6306717288407923,-0.4914767763799732,0.6717530335362912,0.2825975011952711,13,8,11,1
common,fpca256_20,27,0.6424242424242423,0.5611407836407837,0.8,0.3181818181818182,0.5590909090909091,0.4444444444444444,0.7,0.24333241556547494,0.688260338278168,-0.3635337283941683,0.49264135350825133,0.31099825771144407,12,7,15,3
common,fpca256_20,28,0.7226890756302521,0.6074450254072102,0.9285714285714286,0.47058823529411764,0.6995798319327731,0.5909090909090909,0.8888888888888888,0.219092857966852,0.6288900447629202,-0.04377476526651676,0.6726292244152912,0.3589667397445271,13,8,9,1
common,fpca256_20,29,0.5897435897435898,0.4779530489839362,0.9230769230769231,0.3888888888888889,0.655982905982906,0.5217391304347826,0.875,0.2573486870873887,0.7050780472763731,-0.32611694577524114,0.4354984453827212,0.33025824499007905,12,7,11,1
common,fpca256_20,30,0.7406015037593985,0.6040877355726979,0.9285714285714286,0.42105263157894735,0.674812030075188,0.5416666666666666,0.8888888888888888,0.2103095904374338,0.6180286193169162,-0.39274280664573313,0.7931604307044843,0.3514137380867964,13,8,11,1
common,fpca256_20,31,0.6350877192982456,0.5742996486022465,0.8,0.47368421052631576,0.6368421052631579,0.5454545454545454,0.75,0.230248025747714,0.6442400068517646,0.017822695028056126,0.679428813261171,0.3251994696723366,12,9,10,3
common,fpca256_20,32,0.7142857142857143,0.6445719374337171,0.9285714285714286,0.3157894736842105,0.6221804511278195,0.5,0.8571428571428571,0.21996217627037015,0.6271209169795655,-0.5019734766993265,0.9416241162509668,0.39805901796999044,13,6,13,1
common,fpca256_20,33,0.6825396825396826,0.6420379499171325,0.8571428571428571,0.3888888888888889,0.623015873015873,0.5217391304347826,0.7777777777777778,0.22654586829398576,0.6626466886740132,-0.13062776477655913,0.5880524031293637,0.34271420954608134,12,7,11,2
common,fpca256_20,34,0.6396761133603239,0.541278305028305,0.7692307692307693,0.2631578947368421,0.5161943319838057,0.4166666666666667,0.625,0.23713161801748417,0.6826193551432169,-0.25131420198092314,0.442819731053209,0.3327610653663079,10,5,14,3
common,fpca256_20,35,0.6285714285714286,0.5075053143164598,0.7857142857142857,0.4,0.5928571428571429,0.4782608695652174,0.7272727272727273,0.2508852583907774,0.7025283519995293,-0.2542651985663783,0.3808910696113815,0.3021362722854507,11,8,12,3
common,fpca256_20,36,0.7341269841269842,0.7085491616381661,1.0,0.16666666666666666,0.5833333333333334,0.4827586206896552,1.0,0.21534475125802532,0.6182097965691291,-0.4717375272122344,1.1971653882223856,0.2908784447673169,14,3,15,0
common,fpca256_20,37,0.6507936507936508,0.5747284289209755,0.7142857142857143,0.3888888888888889,0.5515873015873016,0.47619047619047616,0.6363636363636364,0.2526979210521032,0.7330663474948667,-0.18853935532361846,0.3266600910252016,0.33407168072346755,10,7,11,4
common,fpca256_20,38,0.6587301587301587,0.5343052722254402,1.0,0.2777777777777778,0.6388888888888888,0.5185185185185185,1.0,0.23571795808142487,0.6617265092928817,-0.215803961928724,0.6349419642551494,0.2765153675823938,14,5,13,0
common,fpca256_20,39,0.7214285714285714,0.7240067868639297,0.9285714285714286,0.2,0.5642857142857143,0.4482758620689655,0.8,0.21441853726923404,0.6203754935095234,-0.26495057276819145,1.0317077710989773,0.3455842398825636,13,4,16,1
common,fpca256_20,40,0.6360544217687075,0.5497063107617989,0.8571428571428571,0.14285714285714285,0.5,0.4,0.6,0.24807681054674577,0.6932862579735889,-0.5207019858250571,0.6202382480107007,0.3395737676176944,12,3,18,2
common,fpca256_20,41,0.6190476190476191,0.5337936186620397,0.8571428571428571,0.3888888888888889,0.623015873015873,0.5217391304347826,0.7777777777777778,0.2421365143449099,0.6796959327312904,-0.1817573398084115,0.4771805419537642,0.3278617174112887,12,7,11,2
common,fpca256_20,42,0.6407407407407408,0.5296940918844943,0.9333333333333333,0.2222222222222222,0.5777777777777777,0.5,0.8,0.246573395769455,0.7208472741230803,-0.28567135164553387,0.43493654574496454,0.298979319855381,14,4,14,1
common,fpca256_20,43,0.8095238095238095,0.8278660513005864,0.8571428571428571,0.5,0.6785714285714286,0.5714285714285714,0.8181818181818182,0.18974041393927488,0.5662391070024306,0.35847816323700493,1.8747614062329945,0.35276852933542147,12,9,9,2
common,fpca256_20,44,0.5384615384615385,0.4889401046414621,0.7692307692307693,0.3684210526315789,0.5688259109311741,0.45454545454545453,0.7,0.2558361585952809,0.7036207048156975,-0.2758290449240284,0.30676420081360106,0.32365745112672983,10,7,12,3
common,fpca256_20,45,0.7380952380952381,0.6985201895750326,1.0,0.3888888888888889,0.6944444444444444,0.56,1.0,0.20425004695942817,0.588994974369014,-0.24928451565091517,1.2218200353065467,0.3076274951061911,14,7,11,0
common,fpca256_20,46,0.47,0.4694542665594075,0.6666666666666666,0.3,0.4833333333333333,0.4166666666666667,0.5454545454545454,0.29293388468439374,0.7863163811270428,-0.2693837242972534,0.06130208725726806,0.3107993521389962,10,6,14,5
common,fpca256_20,47,0.5873015873015872,0.5500130956170248,0.5714285714285714,0.5,0.5357142857142857,0.47058823529411764,0.6,0.2663163814262289,0.758268463339305,-0.12837199422877546,0.2692795723398242,0.3802097232034449,8,9,9,6
common,fpca256_20,48,0.6178571428571429,0.5589014981200288,0.8571428571428571,0.45,0.6535714285714286,0.5217391304347826,0.8181818181818182,0.2661152982556926,0.7447593549294554,-0.3423087837613899,0.3125572824213617,0.31827666499274504,12,9,11,2
common,fpca256_20,49,0.8418803418803418,0.8081281965897349,1.0,0.16666666666666666,0.5833333333333334,0.4642857142857143,1.0,0.1892324015619801,0.5629674153438892,-0.770440806331932,2.43739202061693,0.34787913142887855,13,3,15,0
common,fpca256_20,50,0.6944444444444444,0.590430364678485,0.8571428571428571,0.3333333333333333,0.5952380952380952,0.5,0.75,0.23163838915459228,0.6583168054001953,-0.30548595798348305,0.6438326753877103,0.3499618687326861,12,6,12,2
common,fpca256_20,51,0.634453781512605,0.5859972149171928,0.7857142857142857,0.5294117647058824,0.657563025210084,0.5789473684210527,0.75,0.2469304029625592,0.7059382694904809,-0.1351567638790469,0.38794224970817137,0.3914701970912346,11,9,8,3
common,fpca256_20,52,0.7142857142857143,0.6096479420625384,0.9285714285714286,0.36363636363636365,0.6461038961038961,0.48148148148148145,0.8888888888888888,0.22852257304152973,0.6666328155892642,-0.5525891558705289,0.6269411692802451,0.33366409215639914,13,8,14,1
common,fpca256_20,53,0.623015873015873,0.5541010265800181,0.8571428571428571,0.4444444444444444,0.6507936507936507,0.5454545454545454,0.8,0.2522632295678139,0.7079605148679485,-0.1420644021017378,0.38610772893463424,0.3233912582220695,12,8,10,2
common,fpca256_20,54,0.6390977443609023,0.5144924909207236,0.7857142857142857,0.5263157894736842,0.6560150375939849,0.55,0.7692307692307693,0.23715639771654695,0.6638908529454557,-0.11775810358108836,0.5655117057034038,0.31819427760522334,11,10,9,3
common,fpca256_20,55,0.78,0.6735816911638947,0.9333333333333333,0.55,0.7416666666666667,0.6086956521739131,0.9166666666666666,0.19696682134085394,0.5845157634160946,-0.1912205649100404,1.0231681805844655,0.3484928170674413,14,11,9,1
common,fpca256_20,56,0.7058823529411764,0.7343606408080473,0.7857142857142857,0.6470588235294118,0.7163865546218487,0.6470588235294118,0.7857142857142857,0.21471468134058613,0.6549440274988858,0.028294854008443327,0.6024850684528619,0.36396382940395605,11,11,6,3
common,fpca256_20,57,0.6464285714285714,0.6344122595274669,0.7857142857142857,0.35,0.5678571428571428,0.4583333333333333,0.7,0.24847188275085125,0.696321671072453,-0.4666790198622155,0.5342342901227494,0.3682753564119854,11,7,13,3
common,fpca256_20,58,0.5555555555555556,0.49527154121833755,1.0,0.1111111111111111,0.5555555555555556,0.4666666666666667,1.0,0.2633666394770286,0.7203892292195799,-0.35491170645907694,0.44288188273901924,0.27518609368591157,14,2,16,0
common,fpca256_20,59,0.6518218623481782,0.5424652929916087,0.9230769230769231,0.3157894736842105,0.6194331983805668,0.48,0.8571428571428571,0.23191180333052303,0.651997907449013,-0.20822303160030192,0.6391499925737824,0.2710426023468517,12,6,13,1
common,fpca256_20,60,0.6941176470588235,0.6479627845868254,0.8666666666666667,0.47058823529411764,0.6686274509803922,0.5909090909090909,0.8,0.22119014295036601,0.6279297330757625,-0.08565496244934319,0.8428196833088893,0.37715300247860795,13,8,9,2
common,fpca256_20,61,0.5864661654135338,0.5675315493181732,0.5714285714285714,0.5789473684210527,0.575187969924812,0.5,0.6470588235294118,0.259036684773792,0.7300793205940078,-0.12836467204321655,0.3047854462768917,0.3332626158675928,8,11,8,6
common,fpca256_20,62,0.7819548872180451,0.7095863151637074,0.9285714285714286,0.42105263157894735,0.674812030075188,0.5416666666666666,0.8888888888888888,0.19678217141307636,0.5894299512288668,-0.24486456057797484,0.8126182392420092,0.28433555908944563,13,8,11,1
common,fpca256_20,63,0.5857142857142857,0.5308844116066893,1.0,0.1,0.55,0.4375,1.0,0.2590128144693694,0.7141454766580716,-0.44992439778704596,0.4824675222629736,0.30748821906718266,14,2,18,0
common,fpca256_20,64,0.6194331983805668,0.5437600797806861,0.7692307692307693,0.2631578947368421,0.5161943319838057,0.4166666666666667,0.625,0.24350431658428906,0.6943120618549932,-0.32334836600552747,0.42975474422706816,0.344851772263569,10,5,14,3
common,fpca256_20,65,0.6984126984126984,0.6311341378043058,1.0,0.3333333333333333,0.6666666666666666,0.5384615384615384,1.0,0.22183359331146688,0.6338050155716615,-0.36556493564187487,0.9877883411837757,0.34005898486351915,14,6,12,0
common,fpca256_20,66,0.6000000000000001,0.5170853443360488,0.8666666666666667,0.25,0.5583333333333333,0.4642857142857143,0.7142857142857143,0.2785382925253318,0.8169299610829561,-0.3172819454107344,0.19274234882094415,0.3442197854709875,13,5,15,2
common,fpca256_20,67,0.45488721804511284,0.49875815952134406,0.7142857142857143,0.21052631578947367,0.462406015037594,0.4,0.5,0.3019713068998912,0.8402969905510568,-0.3278198139838556,-0.07637907097157476,0.3174024285115882,10,4,15,4
common,fpca256_20,68,0.9117647058823529,0.8697031143459715,1.0,0.35294117647058826,0.6764705882352942,0.56,1.0,0.1542327990686559,0.48581276546784075,-0.3967899252342598,3.3470813642225066,0.2875753706053987,14,6,11,0
common,fpca256_20,69,0.5846153846153845,0.49275531763624164,0.7692307692307693,0.5,0.6346153846153846,0.5,0.7692307692307693,0.272047641061573,0.7419440397467102,-0.34495621562032797,0.20821689865994,0.33061022065458157,10,10,10,3
common,fpca256_20,70,0.7087719298245615,0.6975564159877885,0.8666666666666667,0.3157894736842105,0.5912280701754387,0.5,0.75,0.21429327364392,0.6187101657915768,0.016186672159986374,0.9630625195553846,0.2929918223236998,13,6,13,2
common,fpca256_20,71,0.6706349206349207,0.6385297566202415,0.7857142857142857,0.3333333333333333,0.5595238095238095,0.4782608695652174,0.6666666666666666,0.24511996192689212,0.7150394755202911,-0.2690587786762237,0.41732792551127335,0.3229867250104619,11,6,12,3
common,fpca256_20,72,0.5396825396825398,0.4863917399085529,1.0,0.16666666666666666,0.5833333333333334,0.4827586206896552,1.0,0.26489118676746193,0.7231929383064881,-0.2436713251877135,0.32521280480208253,0.2941722880865509,14,3,15,0
common,fpca256_20,73,0.42857142857142855,0.39384157222529226,0.7142857142857143,0.15,0.43214285714285716,0.37037037037037035,0.42857142857142855,0.3204651577841126,0.8689351978764759,-0.35968729059928156,-0.08613668224102754,0.27772072710444756,10,3,17,4
common,fpca256_20,74,0.7651821862348178,0.6008318604472451,0.9230769230769231,0.42105263157894735,0.6720647773279352,0.5217391304347826,0.8888888888888888,0.20240019349666616,0.5920536960187557,-0.36331786072951355,1.046737411205927,0.3754157462422149,12,8,11,1
common,fpca256_20,75,0.6203007518796994,0.5360184834322765,0.8571428571428571,0.15789473684210525,0.5075187969924811,0.42857142857142855,0.6,0.2483771445377531,0.6973754406037359,-0.27429356438942853,0.42199229994370024,0.3285381484184874,12,3,16,2
common,fpca256_20,76,0.6190476190476191,0.5440750564608803,0.8571428571428571,0.3888888888888889,0.623015873015873,0.5217391304347826,0.7777777777777778,0.2506746547084791,0.7044610717688261,-0.2570006767843491,0.42894843844486985,0.3500534971040387,12,7,11,2
common,fpca256_20,77,0.6807017543859649,0.614301848672558,0.8666666666666667,0.3157894736842105,0.5912280701754387,0.5,0.75,0.23050969421760928,0.6498832348024659,-0.13071533242636285,0.8059948589782782,0.33687415017277983,13,6,13,2
common,fpca256_20,78,0.6954887218045113,0.5696583178726036,0.9285714285714286,0.42105263157894735,0.674812030075188,0.5416666666666666,0.8888888888888888,0.2274864063486293,0.6506659972137763,-0.4019239432206426,0.6734941761249402,0.35210982718857314,13,8,11,1
common,fpca256_20,79,0.6963562753036437,0.67085702130951,0.8461538461538461,0.42105263157894735,0.6336032388663968,0.5,0.8,0.2180111175447601,0.6246107019509877,-0.18628388146811944,0.7267798686260469,0.31190821858303036,11,8,11,2
common,fpca256_20,80,0.6000000000000001,0.47228247166599047,0.9285714285714286,0.3,0.6142857142857143,0.48148148148148145,0.8571428571428571,0.2560333977965109,0.7123905795103125,-0.38645386660492737,0.41119215468608405,0.3321937510235171,13,6,14,1
common,fpca256_20,81,0.6386554621848739,0.5971594195278406,0.8571428571428571,0.35294117647058826,0.6050420168067226,0.5217391304347826,0.75,0.2456837046380048,0.7124396807555015,0.01947216868929468,0.41013674489638435,0.25772897771296854,12,6,11,2
common,fpca256_20,82,0.5719298245614035,0.5026962572562884,0.9333333333333333,0.21052631578947367,0.5719298245614035,0.4827586206896552,0.8,0.26945223737973434,0.7571196914282997,-0.31413802873835767,0.26821134823797055,0.33812945175247217,14,4,15,1
common,fpca256_20,83,0.6928571428571428,0.5344578910417157,0.9285714285714286,0.45,0.6892857142857143,0.5416666666666666,0.9,0.21810135019510776,0.6331766557290974,-0.37086648683785206,0.6951746982867887,0.3283068116930968,13,9,11,1
common,fpca256_20,84,0.7735042735042735,0.764102564102564,0.7692307692307693,0.5555555555555556,0.6623931623931625,0.5555555555555556,0.7692307692307693,0.18953987249006826,0.5584346793776954,-0.16996722014219098,1.2718430143662955,0.3944930905145595,10,10,8,3
common,fpca256_20,85,0.6464285714285715,0.590402557574754,0.7857142857142857,0.4,0.5928571428571429,0.4782608695652174,0.7272727272727273,0.24869545760920667,0.7269759041308064,-0.3280283694950838,0.35361164330132727,0.36073421622262414,11,8,12,3
common,fpca256_20,86,0.5357142857142857,0.496491928579212,0.8571428571428571,0.3888888888888889,0.623015873015873,0.5217391304347826,0.7777777777777778,0.3058882722240785,0.8242364536862701,-0.21656968142098237,0.13387350865499978,0.24069069871194465,12,7,11,2
common,fpca256_20,87,0.5678571428571428,0.4476404349618635,0.9285714285714286,0.2,0.5642857142857143,0.4482758620689655,0.8,0.27182080777136974,0.767420505697572,-0.3515876839213343,0.18744459848906173,0.26887452323324307,13,4,16,1
common,fpca256_20,88,0.6260504201680673,0.5782286133525693,0.9285714285714286,0.11764705882352941,0.523109243697479,0.4642857142857143,0.6666666666666666,0.24530134880694787,0.686036155309528,-0.24663221341245598,0.5531839288830396,0.3081792019936068,13,2,15,1
common,fpca256_20,89,0.7218045112781954,0.7011368970767468,1.0,0.2631578947368421,0.631578947368421,0.5,1.0,0.20780543198003823,0.5953369914419736,-0.1428393282411795,1.1736641098228247,0.30683831746856893,14,5,14,0
common,fpca256_20,90,0.7067669172932332,0.5639234806336945,1.0,0.2631578947368421,0.631578947368421,0.5,1.0,0.21929680867775067,0.6321727779584736,-0.3984705115564717,0.887700472867272,0.32307839191545057,14,5,14,0
common,fpca256_20,91,0.6547619047619048,0.566735231642064,0.9285714285714286,0.2777777777777778,0.6031746031746033,0.5,0.8333333333333334,0.24159273583137297,0.6987309393722141,-0.20212398697336761,0.42047699767436203,0.267747004301979,13,5,13,1
common,fpca256_20,92,0.6722689075630253,0.7212472375520079,0.7142857142857143,0.5882352941176471,0.6512605042016807,0.5882352941176471,0.7142857142857143,0.2297606667892339,0.678144867047933,-0.04249252856347901,0.5123056681135868,0.36472528972947243,10,10,7,4
common,fpca256_20,93,0.6631578947368422,0.6095206509463476,0.9333333333333333,0.2631578947368421,0.5982456140350877,0.5,0.8333333333333334,0.23845037562316448,0.6849237342302871,-0.3366642772858121,0.5694762962947422,0.3042861599175493,14,5,14,1
common,fpca256_20,94,0.531135531135531,0.39687027304612943,0.8461538461538461,0.3333333333333333,0.5897435897435898,0.44,0.7777777777777778,0.2772554566159937,0.763459859019204,-0.4711768542728945,0.1547973276221654,0.33040549455156487,11,7,14,2
common,fpca256_20,95,0.650375939849624,0.5954546948335768,0.9285714285714286,0.2631578947368421,0.5958646616541353,0.48148148148148145,0.8333333333333334,0.23510374860596067,0.6615210441067003,-0.23857521729381864,0.6264816352779826,0.27636560915532293,13,5,14,1
common,fpca256_20,96,0.6904761904761905,0.6484915448201427,0.9285714285714286,0.3333333333333333,0.6309523809523809,0.52,0.8571428571428571,0.21791518139575805,0.622979527882771,-0.19386866694282487,1.0959126392577072,0.3481825029308153,13,6,12,1
common,fpca256_20,97,0.5873015873015874,0.5174751439037153,0.9285714285714286,0.1111111111111111,0.5198412698412699,0.4482758620689655,0.6666666666666666,0.2832094017347394,0.8210034756449571,-0.27604638438811385,0.09204944476194808,0.33803230270138596,13,2,16,1
common,fpca256_20,98,0.6035087719298246,0.536786663814841,0.9333333333333333,0.3157894736842105,0.6245614035087719,0.5185185185185185,0.8571428571428571,0.248436132535971,0.6869517828869699,-0.09566362544198777,0.47427398795474907,0.28456253346954,14,6,13,1
common,fpca256_20,99,0.6769230769230768,0.5762711686979369,0.8461538461538461,0.4,0.6230769230769231,0.4782608695652174,0.8,0.23981546744701585,0.6826471621665307,-0.44833498785879533,0.5028203806114048,0.34198177868607527,11,8,12,2
common,fpca256_25,0,0.707936507936508,0.6212682487591628,0.9333333333333333,0.23809523809523808,0.5857142857142857,0.4666666666666667,0.8333333333333334,0.2199337273359857,0.629312355361932,-0.4171512112008437,0.873798825174602,0.2665252423831672,14,5,16,1
common,fpca256_25,1,0.46428571428571425,0.41632357516593976,0.7142857142857143,0.3333333333333333,0.5238095238095238,0.45454545454545453,0.6,0.3244789545783702,0.9012454475763474,-0.27652705131814126,-0.04392002010154529,0.24156922995258037,10,6,12,4
common,fpca256_25,2,0.8025210084033613,0.7030386280386282,0.9285714285714286,0.29411764705882354,0.6113445378151261,0.52,0.8333333333333334,0.1892068914085092,0.5616268255853747,0.1359748924176673,1.2414681088048425,0.26136857503778815,13,5,12,1
common,fpca256_25,3,0.6654135338345865,0.5840254983112125,0.9285714285714286,0.10526315789473684,0.5169172932330828,0.43333333333333335,0.6666666666666666,0.2637421629335569,0.7461256266871106,-0.404689694814863,0.3500196665629952,0.29832249503496455,13,2,17,1
common,fpca256_25,4,0.5668016194331984,0.5042554061261306,0.6153846153846154,0.42105263157894735,0.5182186234817814,0.42105263157894735,0.6153846153846154,0.2521229032880914,0.7205842262539153,-0.3312361979897268,0.31135981983602307,0.387119932996917,8,8,11,5
common,fpca256_25,5,0.5873015873015873,0.5859470234288174,0.8571428571428571,0.2777777777777778,0.5674603174603174,0.48,0.7142857142857143,0.27624789836785957,0.7849911750801273,-0.27992669820673766,0.23336235044969153,0.3618463702724659,12,5,13,2
common,fpca256_25,6,0.6015037593984962,0.5262273658241401,0.7142857142857143,0.3157894736842105,0.5150375939849624,0.43478260869565216,0.6,0.2651515737766375,0.7947649713855569,-0.2590069795417605,0.1447347653619855,0.33166418908525924,10,6,13,4
common,fpca256_25,7,0.7380952380952381,0.6220313416741988,1.0,0.3333333333333333,0.6666666666666666,0.5384615384615384,1.0,0.21065557523560935,0.6174969820071009,-0.41578086006919,0.9820653513351573,0.3102993700676488,14,6,12,0
common,fpca256_25,8,0.631578947368421,0.5585302833544888,0.8,0.3684210526315789,0.5842105263157895,0.5,0.7,0.24477854216223563,0.6940891376178505,-0.08893492853582949,0.4472842429758492,0.26673107585381955,12,7,12,3
common,fpca256_25,9,0.6615384615384615,0.4892244451454978,0.9230769230769231,0.35,0.6365384615384615,0.48,0.875,0.22664579950980904,0.6422998176091451,-0.3476955225884641,0.6539806152170122,0.33975386053836976,12,7,13,1
common,fpca256_25,10,0.7819548872180452,0.669698409666897,0.9285714285714286,0.42105263157894735,0.674812030075188,0.5416666666666666,0.8888888888888888,0.19394236461372527,0.5868280321937263,-0.4626532569577818,0.8380717889526004,0.28349937838221867,13,8,11,1
common,fpca256_25,11,0.6807017543859649,0.6578916578125502,0.8666666666666667,0.3684210526315789,0.6175438596491228,0.52,0.7777777777777778,0.23065594097289716,0.6651241572895122,-0.2405702075720469,0.6374176020534872,0.330718807084609,13,7,12,2
common,fpca256_25,12,0.7067669172932332,0.6121249781964069,0.7857142857142857,0.5789473684210527,0.6823308270676691,0.5789473684210527,0.7857142857142857,0.2309146931395297,0.6634891226202015,-0.06720237858934278,0.5470513102206161,0.32689853807714664,11,11,8,3
common,fpca256_25,13,0.5150375939849624,0.49528214327100595,0.7142857142857143,0.3157894736842105,0.5150375939849624,0.43478260869565216,0.6,0.32020892443014654,0.8628965145127768,-0.31313677665741163,0.08190849406775572,0.29207479752084575,10,6,13,4
common,fpca256_25,14,0.6752136752136753,0.6515041519566407,0.7692307692307693,0.16666666666666666,0.46794871794871795,0.4,0.5,0.236211146774653,0.6781805754114204,-0.25002499029660236,0.5093980234646358,0.31180861700111473,10,3,15,3
common,fpca256_25,15,0.7142857142857143,0.6363142625471241,0.8571428571428571,0.3888888888888889,0.623015873015873,0.5217391304347826,0.7777777777777778,0.21283006210587568,0.617573324574703,-0.3094658824793799,0.7358755413753267,0.2915044198686966,12,7,11,2
common,fpca256_25,16,0.5977443609022556,0.5079735754109069,0.8571428571428571,0.47368421052631576,0.6654135338345865,0.5454545454545454,0.8181818181818182,0.2661915351358752,0.774685875045397,-0.30595702425228777,0.24222388459670205,0.3743710788221748,12,9,10,2
common,fpca256_25,17,0.6222222222222222,0.5216578280394071,0.6666666666666666,0.6111111111111112,0.6388888888888888,0.5882352941176471,0.6875,0.25050588710586363,0.6980217911298178,-0.04122536014983298,0.43837574613888486,0.3679111939548568,10,11,7,5
common,fpca256_25,18,0.8609022556390977,0.831166405956322,1.0,0.47368421052631576,0.7368421052631579,0.5833333333333334,1.0,0.15830750690350345,0.4828506137623368,-0.2078550997110367,1.6581392487385127,0.28726223464569156,14,9,10,0
common,fpca256_25,19,0.6346153846153847,0.5229745091509798,0.7692307692307693,0.55,0.6596153846153847,0.5263157894736842,0.7857142857142857,0.25273603962436264,0.7392141011730747,-0.39591950634564504,0.2916494262046964,0.3922095482394584,10,11,9,3
common,fpca256_25,20,0.6249999999999999,0.5105904987185775,0.7857142857142857,0.35,0.5678571428571428,0.4583333333333333,0.7,0.2679336923632593,0.7647783455861866,-0.2945069254453678,0.25511096270924094,0.31255004034956235,11,7,13,3
common,fpca256_25,21,0.5912698412698413,0.49230675896089426,0.5714285714285714,0.5555555555555556,0.5634920634920635,0.5,0.625,0.2623924467719313,0.7169042035693478,-0.08148310350560642,0.3629494419711321,0.3622701858516907,8,10,8,6
common,fpca256_25,22,0.6165413533834586,0.5423278053453136,0.7857142857142857,0.47368421052631576,0.6296992481203008,0.5238095238095238,0.75,0.25238903789983347,0.7254464566874973,-0.2755780414354836,0.3031762879612014,0.38273072391989266,11,9,10,3
common,fpca256_25,23,0.5357142857142857,0.4697552754523723,0.8571428571428571,0.3333333333333333,0.5952380952380952,0.5,0.75,0.30280741116199766,0.8579897363957318,-0.263757327907268,0.09126169178820433,0.2558358819187401,12,6,12,2
common,fpca256_25,24,0.7255639097744361,0.5990833460730631,1.0,0.42105263157894735,0.7105263157894737,0.56,1.0,0.2145007605972175,0.6189063290078114,-0.4687498746011611,0.8305071240367959,0.34903572436368285,14,8,11,0
common,fpca256_25,25,0.5952380952380952,0.5732338072381576,0.7857142857142857,0.16666666666666666,0.47619047619047616,0.4230769230769231,0.5,0.2489307433080044,0.7061597645251703,-0.16175216278250468,0.3232887854773881,0.30105391511257173,11,3,15,3
common,fpca256_25,26,0.7518796992481203,0.6536806963001125,0.8571428571428571,0.42105263157894735,0.6390977443609023,0.5217391304347826,0.8,0.21734227470840817,0.6453504280907431,-0.4862092691717804,0.6128817833829471,0.3262321524869241,12,8,11,2
common,fpca256_25,27,0.6121212121212121,0.529656663422648,0.8,0.4090909090909091,0.6045454545454546,0.48,0.75,0.24721090458939995,0.6945475439465028,-0.33344426622331835,0.4302249507552959,0.3804647494693959,12,9,13,3
common,fpca256_25,28,0.7100840336134453,0.6063444968630727,0.8571428571428571,0.5294117647058824,0.6932773109243697,0.6,0.8181818181818182,0.2197465883542643,0.6334025928981597,-0.02222796164689826,0.6267954735897132,0.34299470755521594,12,9,8,2
common,fpca256_25,29,0.5854700854700854,0.46612048326297056,0.7692307692307693,0.3333333333333333,0.5512820512820513,0.45454545454545453,0.6666666666666666,0.26417371890148195,0.7230535536301551,-0.31820309188753726,0.3616916341682944,0.3596970480443493,10,6,12,3
common,fpca256_25,30,0.7406015037593985,0.5938625343811103,1.0,0.3157894736842105,0.6578947368421053,0.5185185185185185,1.0,0.2082742516799194,0.6157251464336938,-0.3597655106047022,0.7713454819984941,0.24169349151979602,14,6,13,0
common,fpca256_25,31,0.6280701754385966,0.581037381598044,0.8,0.47368421052631576,0.6368421052631579,0.5454545454545454,0.75,0.23740276929294002,0.6616620362923491,-0.016037981751596365,0.5739547228862725,0.32026164705793947,12,9,10,3
common,fpca256_25,32,0.6992481203007519,0.6652635474110413,0.9285714285714286,0.3157894736842105,0.6221804511278195,0.5,0.8571428571428571,0.23282206033735198,0.6547969989925319,-0.4746048716580237,0.7701256947924923,0.3400014531572571,13,6,13,1
common,fpca256_25,33,0.6825396825396826,0.562567180003816,0.8571428571428571,0.5,0.6785714285714286,0.5714285714285714,0.8181818181818182,0.22099732716523718,0.6581133059730864,-0.09014602101681239,0.574744499655063,0.3445132034880162,12,9,9,2
common,fpca256_25,34,0.6518218623481782,0.5666139006068156,0.8461538461538461,0.2631578947368421,0.5546558704453441,0.44,0.7142857142857143,0.24035737023326814,0.6934813356825362,-0.2502129688397875,0.36258906091683274,0.28906413187276997,11,5,14,2
common,fpca256_25,35,0.6178571428571429,0.5167385018786621,0.7857142857142857,0.4,0.5928571428571429,0.4782608695652174,0.7272727272727273,0.2527853137529787,0.7097628155826547,-0.2615686105037895,0.3594882200723122,0.3336708470247171,11,8,12,3
common,fpca256_25,36,0.7142857142857143,0.6491675611718926,1.0,0.2777777777777778,0.6388888888888888,0.5185185185185185,1.0,0.22071326126258725,0.6302761344814343,-0.5111800949463002,1.1095272691135514,0.3214283651857555,14,5,13,0
common,fpca256_25,37,0.6468253968253969,0.5665812153060485,0.7857142857142857,0.4444444444444444,0.6150793650793651,0.5238095238095238,0.7272727272727273,0.25420420488005324,0.7460164362827143,-0.19024678957114233,0.30132292418514844,0.33373012650312806,11,8,10,3
common,fpca256_25,38,0.6785714285714286,0.5851635370542934,1.0,0.2777777777777778,0.6388888888888888,0.5185185185185185,1.0,0.23198849760082085,0.6541577061638919,-0.18858576826568887,0.6434375801852346,0.2801658958067225,14,5,13,0
common,fpca256_25,39,0.75,0.7359173047449444,0.9285714285714286,0.2,0.5642857142857143,0.4482758620689655,0.8,0.2115026788172032,0.6136262877655733,-0.27792817069476505,1.0327313859209453,0.32315655084798633,13,4,16,1
common,fpca256_25,40,0.6598639455782312,0.5558744892422718,0.8571428571428571,0.23809523809523808,0.5476190476190476,0.42857142857142855,0.7142857142857143,0.25400666969569285,0.709908164133403,-0.565622588100095,0.5700593679739744,0.36526615595695694,12,5,16,2
common,fpca256_25,41,0.6309523809523809,0.5633201248473445,0.9285714285714286,0.3888888888888889,0.6587301587301587,0.5416666666666666,0.875,0.25618950762328707,0.7233722125818849,-0.23991966233108789,0.3819700201210331,0.2863238784929516,13,7,11,1
common,fpca256_25,42,0.5925925925925926,0.4951122438879876,0.9333333333333333,0.3333333333333333,0.6333333333333333,0.5384615384615384,0.8571428571428571,0.26112820064491543,0.7749511710999747,-0.23637053938256405,0.2539000295942452,0.35849259544617185,14,6,12,1
common,fpca256_25,43,0.8015873015873016,0.8145876630221982,0.9285714285714286,0.5555555555555556,0.7420634920634921,0.6190476190476191,0.9090909090909091,0.18531357293139517,0.5573685188318565,0.33695598635248847,1.9295055829960306,0.353962921456561,13,10,8,1
common,fpca256_25,44,0.49392712550607293,0.4547323813869976,0.6153846153846154,0.42105263157894735,0.5182186234817814,0.42105263157894735,0.6153846153846154,0.2759881036946804,0.7565390470013765,-0.355786940866057,0.05822440239892667,0.31691698760139475,8,8,11,5
common,fpca256_25,45,0.6944444444444444,0.6383497182244371,1.0,0.2777777777777778,0.6388888888888888,0.5185185185185185,1.0,0.21460482641381115,0.6117633975346165,-0.34201863291972084,0.9663109349595841,0.263773543428199,14,5,13,0
common,fpca256_25,46,0.4866666666666667,0.48119319131161237,0.8666666666666667,0.2,0.5333333333333333,0.4482758620689655,0.6666666666666666,0.2918851277616115,0.784769935104616,-0.26323893918838354,0.08637493858845101,0.24116486060660264,13,4,16,2
common,fpca256_25,47,0.5912698412698413,0.5507718606615042,0.5714285714285714,0.5,0.5357142857142857,0.47058823529411764,0.6,0.2689795407215319,0.7669003504857667,-0.13005665487065743,0.25697219947867117,0.37230303208687676,8,9,9,6
common,fpca256_25,48,0.6428571428571428,0.5562137005253989,0.8571428571428571,0.4,0.6285714285714286,0.5,0.8,0.26046724313131414,0.7307324491958701,-0.31826534592497735,0.3406893852130609,0.2946365739587333,12,8,12,2
common,fpca256_25,49,0.8290598290598291,0.7556331039630635,0.9230769230769231,0.2777777777777778,0.6004273504273505,0.48,0.8333333333333334,0.18477120562471344,0.5538005307585674,-0.6695919197537993,2.034093690020599,0.3755977393350062,12,5,13,1
common,fpca256_25,50,0.6746031746031745,0.5645781447283491,0.9285714285714286,0.16666666666666666,0.5476190476190477,0.4642857142857143,0.75,0.2349231159878751,0.6725285640920368,-0.27941217123413753,0.5553796800877993,0.30011509011533516,13,3,15,1
common,fpca256_25,51,0.6092436974789917,0.5552960343099972,0.5714285714285714,0.6470588235294118,0.6092436974789917,0.5714285714285714,0.6470588235294118,0.2680917487262875,0.7777028712711741,-0.137405932349986,0.19239501872681336,0.4183307943709468,8,11,6,6
common,fpca256_25,52,0.7077922077922078,0.5908169170967207,0.8571428571428571,0.36363636363636365,0.6103896103896104,0.46153846153846156,0.8,0.23166263854958796,0.6736116643141222,-0.5524501814967671,0.5933961887509555,0.3520067705356005,12,8,14,2
common,fpca256_25,53,0.6031746031746031,0.5239183893323044,0.8571428571428571,0.4444444444444444,0.6507936507936507,0.5454545454545454,0.8,0.262833959877532,0.7317791835680296,-0.1790095609674824,0.3183833337158179,0.3357818086358158,12,8,10,2
common,fpca256_25,54,0.6240601503759399,0.5883914094624991,0.7142857142857143,0.5263157894736842,0.6203007518796992,0.5263157894736842,0.7142857142857143,0.23484036981362105,0.6614205105388797,-0.10976391449098767,0.5702293568141555,0.3396383882069545,10,10,9,4
common,fpca256_25,55,0.77,0.6184542653195904,0.9333333333333333,0.45,0.6916666666666667,0.56,0.9,0.19968454634597438,0.5984613946029976,-0.21192275892119777,0.7793842679761019,0.3216266327391919,14,9,11,1
common,fpca256_25,56,0.7058823529411764,0.7289529299381516,0.7857142857142857,0.5882352941176471,0.6869747899159664,0.6111111111111112,0.7692307692307693,0.22055121867888786,0.6762003272045466,0.08937786011102378,0.5411829670042677,0.3141038173048624,11,10,7,3
common,fpca256_25,57,0.6142857142857143,0.5272182334472251,0.7142857142857143,0.45,0.5821428571428572,0.47619047619047616,0.6923076923076923,0.2580268333624479,0.7238598562493577,-0.41641904802814805,0.41647988876994363,0.36943476263131547,10,9,11,4
common,fpca256_25,58,0.5317460317460317,0.5254117806658525,1.0,0.2777777777777778,0.6388888888888888,0.5185185185185185,1.0,0.2735873265994683,0.7431680223459339,-0.34420672493433613,0.34893157292732696,0.29639521411240394,14,5,13,0
common,fpca256_25,59,0.6153846153846154,0.5053357753357753,0.7692307692307693,0.3157894736842105,0.5425101214574899,0.43478260869565216,0.6666666666666666,0.24314355731279116,0.6793075235165731,-0.24555120062401914,0.4662989676371878,0.268049946232428,10,6,13,3
common,fpca256_25,60,0.6588235294117647,0.6299370098500533,0.9333333333333333,0.35294117647058826,0.6431372549019608,0.56,0.8571428571428571,0.2340320200198466,0.6606655526738194,-0.08750145010584799,0.5901923201479065,0.31668221265277136,14,6,11,1
common,fpca256_25,61,0.5864661654135339,0.5537664818876922,0.42857142857142855,0.6842105263157895,0.556390977443609,0.5,0.6190476190476191,0.26739081913013113,0.7759413006606682,-0.13347212023398666,0.22482926454334226,0.3495907122875083,6,13,6,8
common,fpca256_25,62,0.7631578947368421,0.7048819625601952,0.9285714285714286,0.5263157894736842,0.7274436090225564,0.5909090909090909,0.9090909090909091,0.2023767413094228,0.6059161603046836,-0.2326717233587023,0.7475989285737942,0.34290172529645063,13,10,9,1
common,fpca256_25,63,0.5607142857142857,0.5027309167814282,1.0,0.1,0.55,0.4375,1.0,0.2658639780749695,0.7326224876408916,-0.43249303972648495,0.3646225761579824,0.3283100375157543,14,2,18,0
common,fpca256_25,64,0.5789473684210528,0.5373163395744041,0.8461538461538461,0.21052631578947367,0.5283400809716599,0.4230769230769231,0.6666666666666666,0.2608247436521008,0.7392590154663923,-0.34163643809918803,0.274497613595391,0.2930891893348488,11,4,15,2
common,fpca256_25,65,0.6865079365079365,0.6214602012440358,1.0,0.3888888888888889,0.6944444444444444,0.56,1.0,0.22560159455525694,0.641579159541448,-0.3688064642979409,0.8889644346233211,0.3343267900985964,14,7,11,0
common,fpca256_25,66,0.5966666666666667,0.5512343246708572,0.8,0.5,0.65,0.5454545454545454,0.7692307692307693,0.2878761713050694,0.8478034508673238,-0.30605544893979664,0.17310577052368384,0.4048843586908004,12,10,10,3
common,fpca256_25,67,0.4285714285714286,0.4537058806455358,0.7142857142857143,0.21052631578947367,0.462406015037594,0.4,0.5,0.31306196479396603,0.8750032478010792,-0.35750238926309896,-0.14977117353793348,0.29572934357080194,10,4,15,4
common,fpca256_25,68,0.8571428571428572,0.8049543664633179,1.0,0.4117647058823529,0.7058823529411764,0.5833333333333334,1.0,0.17083972870468822,0.5165272893989683,-0.21326496266612902,2.146890974150867,0.3696786779950685,14,7,10,0
common,fpca256_25,69,0.5538461538461539,0.4253353433896421,0.8461538461538461,0.45,0.6480769230769231,0.5,0.8181818181818182,0.28062579512624736,0.7605121508326484,-0.3481456419923691,0.1865179446765854,0.28831465170428383,11,9,11,2
common,fpca256_25,70,0.7298245614035088,0.7218084165609628,0.8666666666666667,0.47368421052631576,0.6701754385964912,0.5652173913043478,0.8181818181818182,0.20516375396164643,0.5998570394691489,0.016892851595847944,0.9559952290485778,0.30909609729255566,13,9,10,2
common,fpca256_25,71,0.6626984126984127,0.6237701927747572,0.6428571428571429,0.5,0.5714285714285714,0.5,0.6428571428571429,0.26035089203696693,0.7709710145418445,-0.2365742885534194,0.2981189557732059,0.40099806731385457,9,9,9,5
common,fpca256_25,72,0.5158730158730158,0.47086890817331517,0.8571428571428571,0.2777777777777778,0.5674603174603174,0.48,0.7142857142857143,0.2777913018889062,0.7523512920905188,-0.23920124837875928,0.21912695462860898,0.2975815975480384,12,5,13,2
common,fpca256_25,73,0.42500000000000004,0.38563893495883517,0.6428571428571429,0.2,0.4214285714285715,0.36,0.4444444444444444,0.3464334940549742,0.9514657115993589,-0.36032273075008403,-0.1214662623930908,0.3085944724021144,9,4,16,5
common,fpca256_25,74,0.7246963562753037,0.5591225362969046,0.9230769230769231,0.3684210526315789,0.645748987854251,0.5,0.875,0.2140745779239951,0.6272603516956012,-0.36993546000848104,0.7657051373776594,0.36700314874893997,12,7,12,1
common,fpca256_25,75,0.6278195488721804,0.5306987972827585,0.8571428571428571,0.21052631578947367,0.5338345864661653,0.4444444444444444,0.6666666666666666,0.2491944628242866,0.7009259721838756,-0.25605610969371034,0.3886391496943103,0.34500357432428524,12,4,15,2
common,fpca256_25,76,0.6031746031746031,0.5150716571213465,0.7857142857142857,0.3888888888888889,0.5873015873015873,0.5,0.7,0.25993993770498247,0.7375470912970874,-0.248984673388438,0.33583870861991694,0.29901211807966926,11,7,11,3
common,fpca256_25,77,0.6701754385964913,0.5847180399086025,0.9333333333333333,0.2631578947368421,0.5982456140350877,0.5,0.8333333333333334,0.2280520684344943,0.6441530749581419,-0.1163747607876408,0.8515752601689404,0.2936842826073793,14,5,14,1
common,fpca256_25,78,0.7030075187969925,0.5682702148916334,0.7142857142857143,0.47368421052631576,0.5939849624060151,0.5,0.6923076923076923,0.2328146912154277,0.6817933185785225,-0.3615700537261961,0.5225947772834759,0.39568296755662064,10,9,10,4
common,fpca256_25,79,0.6761133603238867,0.6133854735528164,0.8461538461538461,0.42105263157894735,0.6336032388663968,0.5,0.8,0.22786727389959327,0.6532570387552434,-0.17992897215145864,0.5692221791201381,0.32908071355613927,11,8,11,2
common,fpca256_25,80,0.625,0.4778402319310032,0.9285714285714286,0.4,0.6642857142857144,0.52,0.8888888888888888,0.252891278724574,0.7172787182092503,-0.38636501438598286,0.4139560924889556,0.31329993402324613,13,8,12,1
common,fpca256_25,81,0.6470588235294117,0.5970416801243869,0.7857142857142857,0.47058823529411764,0.6281512605042017,0.55,0.7272727272727273,0.24322052473366984,0.7111544390058359,0.030176856722697862,0.4172826126353699,0.32000022833245595,11,8,9,3
common,fpca256_25,82,0.543859649122807,0.5143731351320049,0.9333333333333333,0.21052631578947367,0.5719298245614035,0.4827586206896552,0.8,0.27511297346240055,0.7655902736438327,-0.3074824462394599,0.2488962210309188,0.32040093460859737,14,4,15,1
common,fpca256_25,83,0.7142857142857143,0.5510393645406496,0.8571428571428571,0.5,0.6785714285714286,0.5454545454545454,0.8333333333333334,0.21252947925569526,0.6235257130260268,-0.3496063886817557,0.6571752427713818,0.28298808565371125,12,10,10,2
common,fpca256_25,84,0.7905982905982907,0.7846581196581195,0.7692307692307693,0.6666666666666666,0.717948717948718,0.625,0.8,0.18646928411318056,0.5501352066124258,-0.2123895173199189,1.3372718998623716,0.4157456260435936,10,12,6,3
common,fpca256_25,85,0.6428571428571429,0.5905035274979556,0.7857142857142857,0.4,0.5928571428571429,0.4782608695652174,0.7272727272727273,0.2491087344519892,0.7335134319471851,-0.324764722272903,0.3379533967609386,0.35546343961992005,11,8,12,3
common,fpca256_25,86,0.5238095238095237,0.5115593526615694,0.6428571428571429,0.3333333333333333,0.48809523809523814,0.42857142857142855,0.5454545454545454,0.3240032177064068,0.8845445461560666,-0.2374662472070214,0.05805615622795642,0.30497944383274855,9,6,12,5
common,fpca256_25,87,0.5714285714285714,0.4497684656613228,0.9285714285714286,0.2,0.5642857142857143,0.4482758620689655,0.8,0.2734096326702397,0.7684785414437956,-0.34915808442880614,0.17550916403843228,0.2584468300414042,13,4,16,1
common,fpca256_25,88,0.6050420168067228,0.5643340212339116,0.9285714285714286,0.23529411764705882,0.5819327731092437,0.5,0.8,0.25072783045688046,0.6984660154184783,-0.23325323946070134,0.4764025335635968,0.33308384147387604,13,4,13,1
common,fpca256_25,89,0.6992481203007519,0.670478511868672,1.0,0.2631578947368421,0.631578947368421,0.5,1.0,0.20952823089199313,0.5988358448072066,-0.14979930498059876,1.049507526635511,0.29311233354136645,14,5,14,0
common,fpca256_25,90,0.6917293233082706,0.5575810361358791,0.9285714285714286,0.3684210526315789,0.6484962406015038,0.52,0.875,0.2274913349032752,0.655186857456859,-0.3560373179603067,0.6656745241682295,0.3402522741194234,13,7,12,1
common,fpca256_25,91,0.6547619047619048,0.5535428006394825,0.9285714285714286,0.3333333333333333,0.6309523809523809,0.52,0.8571428571428571,0.24701607852375845,0.7302138121456561,-0.17459356269487156,0.3325507341024467,0.27015690989082836,13,6,12,1
common,fpca256_25,92,0.6428571428571428,0.6832091545725275,0.7142857142857143,0.5294117647058824,0.6218487394957983,0.5555555555555556,0.6923076923076923,0.2434161069372119,0.7179660961283665,-0.0250286899279816,0.3966390713126619,0.3373678820150474,10,9,8,4
common,fpca256_25,93,0.7122807017543861,0.6283306459622249,0.9333333333333333,0.2631578947368421,0.5982456140350877,0.5,0.8333333333333334,0.2293146883701627,0.6638917907773978,-0.3848249778778158,0.7065312362779302,0.3102077634124767,14,5,14,1
common,fpca256_25,94,0.5421245421245422,0.40901313018898655,0.6923076923076923,0.42857142857142855,0.5604395604395604,0.42857142857142855,0.6923076923076923,0.273558905155427,0.7582293095305804,-0.4716234176587308,0.2047819249480612,0.35166863830969436,9,9,12,4
common,fpca256_25,95,0.6090225563909775,0.561275778404588,0.7142857142857143,0.3684210526315789,0.5413533834586466,0.45454545454545453,0.6363636363636364,0.24809690293087996,0.6932336009872436,-0.23181760419051273,0.4406061109413471,0.3657627475611472,10,7,12,4
common,fpca256_25,96,0.6904761904761905,0.6690714556271088,0.8571428571428571,0.2777777777777778,0.5674603174603174,0.48,0.7142857142857143,0.22503803095757824,0.6396348116936655,-0.16543305477147635,0.8839067347576399,0.34525012390349796,12,5,13,2
common,fpca256_25,97,0.5714285714285714,0.5038739768922883,0.9285714285714286,0.05555555555555555,0.4920634920634921,0.43333333333333335,0.5,0.28326731729730203,0.8118927793795476,-0.268733054986533,0.07382165201763159,0.31826023100437906,13,1,17,1
common,fpca256_25,98,0.6070175438596491,0.5550474779396348,0.9333333333333333,0.2631578947368421,0.5982456140350877,0.5,0.8333333333333334,0.24865877562520436,0.6872496501916892,-0.07864709803186756,0.4723430053289176,0.2729963100145811,14,5,14,1
common,fpca256_25,99,0.673076923076923,0.5782274754423296,0.8461538461538461,0.4,0.6230769230769231,0.4782608695652174,0.8,0.23677093181214792,0.6802318273240462,-0.45379858517872035,0.506735217469997,0.3265221007218884,11,8,12,2
common,fpca256_30,0,0.7111111111111111,0.6263261810229773,0.9333333333333333,0.38095238095238093,0.6571428571428571,0.5185185185185185,0.8888888888888888,0.21522154580654326,0.6204530101830771,-0.45986475395524834,0.9399530854512822,0.32060336232476533,14,8,13,1
common,fpca256_30,1,0.503968253968254,0.4362927548641834,0.6428571428571429,0.4444444444444444,0.5436507936507937,0.47368421052631576,0.6153846153846154,0.3300282684523198,0.92945472273893,-0.26354064598489013,-0.019002940702932344,0.28801400828328283,9,8,10,5
common,fpca256_30,2,0.8025210084033614,0.7509949900706203,0.8571428571428571,0.5294117647058824,0.6932773109243697,0.6,0.8181818181818182,0.19029877021893393,0.5664470244072207,0.20382645673351477,1.053071835529086,0.30195174612572523,12,9,8,2
common,fpca256_30,3,0.6729323308270676,0.5731706388849246,0.8571428571428571,0.3157894736842105,0.5864661654135338,0.48,0.75,0.255349986279067,0.7409523580405769,-0.41234010139017013,0.3897019406701239,0.3857509627532711,12,6,13,2
common,fpca256_30,4,0.562753036437247,0.5041289244207017,0.6923076923076923,0.21052631578947367,0.451417004048583,0.375,0.5,0.2657515793326536,0.7640648244429664,-0.35721401998410934,0.21305352728267482,0.32116418918832484,9,4,15,4
common,fpca256_30,5,0.6111111111111112,0.6188124149953236,0.8571428571428571,0.3333333333333333,0.5952380952380952,0.5,0.75,0.2768548925906605,0.8191175172807025,-0.26705449349192534,0.1740470855974227,0.3398783453011163,12,6,12,2
common,fpca256_30,6,0.6240601503759399,0.5754789449903154,0.7857142857142857,0.3157894736842105,0.5507518796992481,0.4583333333333333,0.6666666666666666,0.25731680320388106,0.7627347516629458,-0.2407255972457243,0.2455018534894031,0.28532000279900555,11,6,13,3
common,fpca256_30,7,0.75,0.6602905952590826,1.0,0.3333333333333333,0.6666666666666666,0.5384615384615384,1.0,0.20828113184104854,0.6142280341767585,-0.3698050817861418,0.847657509768158,0.28326203707523145,14,6,12,0
common,fpca256_30,8,0.656140350877193,0.5645569806949118,0.7333333333333333,0.42105263157894735,0.5771929824561404,0.5,0.6666666666666666,0.245799271570334,0.708288456989723,-0.10912451178516142,0.40305653063781743,0.2858072233757888,11,8,11,4
common,fpca256_30,9,0.6538461538461539,0.5269798796713223,0.9230769230769231,0.3,0.6115384615384616,0.46153846153846156,0.8571428571428571,0.222596622028893,0.626721878852265,-0.3820034080732604,0.783953539413146,0.28729757785891497,12,6,14,1
common,fpca256_30,10,0.7857142857142857,0.672765370594318,0.9285714285714286,0.42105263157894735,0.674812030075188,0.5416666666666666,0.8888888888888888,0.19208912074931217,0.5777425615469381,-0.61009547020073,0.9015896422948191,0.33135596237719883,13,8,11,1
common,fpca256_30,11,0.6982456140350877,0.6123914121002302,0.8666666666666667,0.2631578947368421,0.5649122807017544,0.48148148148148145,0.7142857142857143,0.2254158052789308,0.6590611530189451,-0.2801350743962519,0.6751351991957849,0.3124819293185519,13,5,14,2
common,fpca256_30,12,0.6428571428571429,0.6219285946701912,0.7142857142857143,0.631578947368421,0.6729323308270676,0.5882352941176471,0.75,0.2475438221786396,0.7029071159795741,-0.0875477355287401,0.4153703774396606,0.35924089712501234,10,12,7,4
common,fpca256_30,13,0.518796992481203,0.49643827778247673,0.7142857142857143,0.2631578947368421,0.4887218045112782,0.4166666666666667,0.5555555555555556,0.3059767629788984,0.8295828879099448,-0.32865574660518515,0.15110415533838908,0.3076570761649411,10,5,14,4
common,fpca256_30,14,0.7008547008547009,0.6928429881347653,0.7692307692307693,0.2777777777777778,0.5235042735042735,0.43478260869565216,0.625,0.2397409544086207,0.6968025324801925,-0.2473198137857339,0.41541603457908327,0.3245685216441781,10,5,13,3
common,fpca256_30,15,0.7301587301587301,0.6697830344258916,0.8571428571428571,0.4444444444444444,0.6507936507936507,0.5454545454545454,0.8,0.21852142999006213,0.6288630107526252,-0.28042255373783836,0.6641257720283127,0.3251118197534697,12,8,10,2
common,fpca256_30,16,0.5939849624060151,0.5070950940343052,0.7142857142857143,0.47368421052631576,0.5939849624060151,0.5,0.6923076923076923,0.26920555704878457,0.7794057901910422,-0.2847131812746564,0.2425698612664451,0.3709266147910308,10,9,10,4
common,fpca256_30,17,0.6925925925925926,0.5810180388353763,0.9333333333333333,0.6111111111111112,0.7722222222222223,0.6666666666666666,0.9166666666666666,0.2435920627047288,0.6797093156536509,-0.03403543049041339,0.5444992156951513,0.3320680813325287,14,11,7,1
common,fpca256_30,18,0.8609022556390977,0.8117814467217386,1.0,0.42105263157894735,0.7105263157894737,0.56,1.0,0.16083554390515123,0.4875132492680656,-0.02956136137247022,1.7323273007959146,0.2941469567783733,14,8,11,0
common,fpca256_30,19,0.6576923076923077,0.5700804340733491,0.7692307692307693,0.55,0.6596153846153847,0.5263157894736842,0.7857142857142857,0.247553209245867,0.7451522500005308,-0.40766473682647086,0.32191711367198733,0.37570965867549927,10,11,9,3
common,fpca256_30,20,0.6035714285714285,0.48579720825799383,0.7857142857142857,0.35,0.5678571428571428,0.4583333333333333,0.7,0.27469338592669923,0.80052096211532,-0.2865468253812673,0.2061320667220566,0.2551433771569913,11,7,13,3
common,fpca256_30,21,0.6150793650793651,0.5287684034966644,0.6428571428571429,0.6111111111111112,0.626984126984127,0.5625,0.6875,0.2563404470392065,0.7040824164136852,-0.033619673104274495,0.4177450497618055,0.3661655496809346,9,11,7,5
common,fpca256_30,22,0.6428571428571429,0.5749339330620118,0.8571428571428571,0.3684210526315789,0.612781954887218,0.5,0.7777777777777778,0.24525168868909034,0.7132188760241864,-0.3003488720065241,0.3902556000872977,0.3417889052388088,12,7,12,2
common,fpca256_30,23,0.5515873015873016,0.47105730163919113,0.8571428571428571,0.3333333333333333,0.5952380952380952,0.5,0.75,0.30194372927389485,0.8542584858687592,-0.2632744504281114,0.10079503017532508,0.2641610302501707,12,6,12,2
common,fpca256_30,24,0.7593984962406015,0.6530833034968373,0.9285714285714286,0.5263157894736842,0.7274436090225564,0.5909090909090909,0.9090909090909091,0.20341323681064252,0.599227783883154,-0.4402969281770862,0.8588904833423392,0.34261175864876586,13,10,9,1
common,fpca256_30,25,0.5436507936507937,0.5293888713985291,0.7857142857142857,0.16666666666666666,0.47619047619047616,0.4230769230769231,0.5,0.2607643026539807,0.730414294138967,-0.19628892977131798,0.1979992626789902,0.2502728175743036,11,3,15,3
common,fpca256_30,26,0.7819548872180451,0.6518582190574671,0.9285714285714286,0.631578947368421,0.7800751879699248,0.65,0.9230769230769231,0.19890103256362787,0.6181886248207797,-0.49617140722334685,0.6202571359211666,0.3135616172090619,13,12,7,1
common,fpca256_30,27,0.6606060606060606,0.568436542921063,0.7333333333333333,0.5454545454545454,0.6393939393939394,0.5238095238095238,0.75,0.2364273418488488,0.6805327763861907,-0.2642888405087615,0.46650607974560615,0.4041823638510508,11,12,10,4
common,fpca256_30,28,0.7142857142857143,0.6101262727313147,0.8571428571428571,0.47058823529411764,0.6638655462184874,0.5714285714285714,0.8,0.22032033615239777,0.6332187767870602,-0.009082151959475588,0.6299855333493002,0.33500467462701294,12,8,9,2
common,fpca256_30,29,0.5897435897435898,0.46770805683849165,0.9230769230769231,0.3888888888888889,0.655982905982906,0.5217391304347826,0.875,0.2686601817073158,0.7397697961566138,-0.33688259582151336,0.32328642892763826,0.3218975474442315,12,7,11,1
common,fpca256_30,30,0.7593984962406015,0.6376541924584825,1.0,0.42105263157894735,0.7105263157894737,0.56,1.0,0.20394918606147253,0.6003011429478724,-0.3532350968165434,0.7957446955278542,0.24950105454436602,14,8,11,0
common,fpca256_30,31,0.631578947368421,0.5622703786205148,0.8,0.5263157894736842,0.6631578947368422,0.5714285714285714,0.7692307692307693,0.2416144380064616,0.6708874290056173,-0.020053146903749926,0.5272072009977599,0.3521296550524929,12,10,9,3
common,fpca256_30,32,0.6578947368421052,0.6165631725242446,0.8571428571428571,0.3157894736842105,0.5864661654135338,0.48,0.75,0.2530082536698715,0.7076605547869034,-0.4434815937314278,0.5141254495478287,0.3939182514686363,12,6,13,2
common,fpca256_30,33,0.6865079365079365,0.5743163943094212,0.8571428571428571,0.5555555555555556,0.7063492063492063,0.6,0.8333333333333334,0.22789876264039988,0.688896348282449,-0.11276860776525184,0.44989105624373293,0.34977324229537543,12,10,8,2
common,fpca256_30,34,0.6396761133603239,0.509988374223324,0.6923076923076923,0.5263157894736842,0.6093117408906883,0.5,0.7142857142857143,0.251943143628834,0.7161306972783101,-0.23295688592715744,0.30127591578258,0.3092556279572872,9,10,9,4
common,fpca256_30,35,0.6499999999999999,0.5236959747298093,0.7857142857142857,0.55,0.6678571428571429,0.55,0.7857142857142857,0.24380225821172696,0.7095917481467495,-0.26803008315507093,0.3711515777573251,0.3535551700873649,11,11,9,3
common,fpca256_30,36,0.7777777777777778,0.7177463409606267,1.0,0.2222222222222222,0.6111111111111112,0.5,1.0,0.20412284552349824,0.5941783301217588,-0.4809916020919895,1.1419236469510443,0.24385322773132043,14,4,14,0
common,fpca256_30,37,0.6309523809523809,0.5500566166223884,0.7142857142857143,0.4444444444444444,0.5793650793650793,0.5,0.6666666666666666,0.26402108555847925,0.7574437253070807,-0.18489915852734226,0.30203894049076047,0.3132198591160914,10,8,10,4
common,fpca256_30,38,0.6666666666666666,0.5479187461800245,0.9285714285714286,0.5,0.7142857142857143,0.5909090909090909,0.9,0.2295376159719947,0.6478882028323293,-0.16154346015151522,0.6358146773935904,0.31577316728083565,13,9,9,1
common,fpca256_30,39,0.725,0.6775328837828838,0.9285714285714286,0.3,0.6142857142857143,0.48148148148148145,0.8571428571428571,0.21497858466265277,0.6245759639822885,-0.25775131184199007,0.8049069713174958,0.2981541140582598,13,6,14,1
common,fpca256_30,40,0.653061224489796,0.5817888673914888,0.8571428571428571,0.3333333333333333,0.5952380952380952,0.46153846153846156,0.7777777777777778,0.262761033377765,0.7391201757358253,-0.5163683233224414,0.4290344995664159,0.29736784825983803,12,7,14,2
common,fpca256_30,41,0.6388888888888888,0.5597904105900999,0.9285714285714286,0.3888888888888889,0.6587301587301587,0.5416666666666666,0.875,0.25569790629419226,0.732663357634813,-0.2227742695681006,0.36028545879258067,0.30471844947425253,13,7,11,1
common,fpca256_30,42,0.6370370370370371,0.5442991208138267,0.9333333333333333,0.2222222222222222,0.5777777777777777,0.5,0.8,0.2630147068496117,0.7763247279235863,-0.2295659244280856,0.26022207363255945,0.3008626129831656,14,4,14,1
common,fpca256_30,43,0.8293650793650794,0.826950628736343,0.8571428571428571,0.5555555555555556,0.7063492063492063,0.6,0.8333333333333334,0.17543391741144287,0.5310789057039357,0.22093800897944973,1.6033215554276314,0.34029433225136757,12,10,8,2
common,fpca256_30,44,0.5101214574898786,0.4633688024767122,0.6923076923076923,0.47368421052631576,0.582995951417004,0.47368421052631576,0.6923076923076923,0.27477721576153913,0.754664945459528,-0.3327759366807492,0.10003170935627903,0.2847556252693955,9,9,10,4
common,fpca256_30,45,0.6944444444444444,0.5749173393440311,1.0,0.3888888888888889,0.6944444444444444,0.56,1.0,0.21353415906029977,0.6227109464323859,-0.4662718029877816,0.9118686791347929,0.3356601124017045,14,7,11,0
common,fpca256_30,46,0.4866666666666667,0.43577449923048184,0.8,0.3,0.55,0.46153846153846156,0.6666666666666666,0.29659466676188084,0.7966875028647785,-0.2764404961909153,0.0400089142384184,0.26305275389740596,12,6,14,3
common,fpca256_30,47,0.5793650793650793,0.5465817431708939,0.5714285714285714,0.5555555555555556,0.5634920634920635,0.5,0.625,0.27577475079437036,0.7874802149375977,-0.1480277853782476,0.20786590693173182,0.4041376489643609,8,10,8,6
common,fpca256_30,48,0.6535714285714286,0.5376202992580893,0.7142857142857143,0.5,0.6071428571428572,0.5,0.7142857142857143,0.2522145126816197,0.7186749740377316,-0.3057714250312109,0.3713763233415979,0.33171963789653325,10,10,10,4
common,fpca256_30,49,0.8504273504273504,0.777781671134514,0.9230769230769231,0.4444444444444444,0.6837606837606838,0.5454545454545454,0.8888888888888888,0.17350862767794034,0.5294572570562788,-0.5390474844143109,1.6928819415648444,0.3341361831997896,12,8,10,1
common,fpca256_30,50,0.6904761904761904,0.5730801936159079,0.8571428571428571,0.3333333333333333,0.5952380952380952,0.5,0.75,0.22972248867264905,0.6705138112215765,-0.2918079618424334,0.5551576688949932,0.29836837564628516,12,6,12,2
common,fpca256_30,51,0.5840336134453781,0.5382932991227922,0.7857142857142857,0.5294117647058824,0.657563025210084,0.5789473684210527,0.75,0.2759284334012881,0.8032124468407106,-0.1597644943673423,0.11839153722846894,0.3573637400947624,11,9,8,3
common,fpca256_30,52,0.7045454545454546,0.5836262488816165,0.9285714285714286,0.36363636363636365,0.6461038961038961,0.48148148148148145,0.8888888888888888,0.22405092130131898,0.6530262793552597,-0.504089158049775,0.620845740114898,0.31532393813961995,13,8,14,1
common,fpca256_30,53,0.5912698412698412,0.4925635667014977,0.6428571428571429,0.4444444444444444,0.5436507936507937,0.47368421052631576,0.6153846153846154,0.2742143585381904,0.7714194397339927,-0.19352310094397931,0.25127118349369987,0.35170841575897416,9,8,10,5
common,fpca256_30,54,0.5789473684210527,0.5022302727670183,0.7142857142857143,0.47368421052631576,0.5939849624060151,0.5,0.6923076923076923,0.2660801970896449,0.7442689731857337,-0.1692904186457329,0.2637973098482804,0.31321381679066707,10,9,10,4
common,fpca256_30,55,0.7766666666666666,0.6169723989460831,0.9333333333333333,0.65,0.7916666666666667,0.6666666666666666,0.9285714285714286,0.19798625455494148,0.6056647220143324,-0.14939591017426063,0.6475723550392473,0.2971857940248437,14,13,7,1
common,fpca256_30,56,0.7016806722689075,0.7107338301973127,0.7857142857142857,0.5882352941176471,0.6869747899159664,0.6111111111111112,0.7692307692307693,0.21602300152294293,0.6731036655772289,0.1390186706764005,0.5422547607158311,0.30502829105555734,11,10,7,3
common,fpca256_30,57,0.6035714285714285,0.5210050663622092,0.7142857142857143,0.3,0.5071428571428571,0.4166666666666667,0.6,0.28037121099397,0.7960293232434529,-0.40609664979950266,0.27161832999171104,0.3550129501663956,10,6,14,4
common,fpca256_30,58,0.5357142857142857,0.46661991969322797,1.0,0.2777777777777778,0.6388888888888888,0.5185185185185185,1.0,0.278826669353947,0.7587860139179339,-0.31842256532806473,0.2766966338618799,0.31830274831591954,14,5,13,0
common,fpca256_30,59,0.6558704453441295,0.5417840897681746,0.9230769230769231,0.21052631578947367,0.5668016194331984,0.4444444444444444,0.8,0.23973442163436792,0.6774226390067625,-0.2642903648200057,0.4828200661811048,0.22131771991257113,12,4,15,1
common,fpca256_30,60,0.6431372549019608,0.6105964487868513,0.9333333333333333,0.35294117647058826,0.6431372549019608,0.56,0.8571428571428571,0.24081669320214302,0.6735126459482002,-0.04650901090248427,0.51103061695677,0.2844325261492806,14,6,11,1
common,fpca256_30,61,0.556390977443609,0.5347737179424569,0.42857142857142855,0.6842105263157895,0.556390977443609,0.5,0.6190476190476191,0.2809263524240757,0.8175583026029583,-0.19648425456923466,0.13960495931899036,0.3367914903847142,6,13,6,8
common,fpca256_30,62,0.7894736842105263,0.7317001140632206,0.8571428571428571,0.5789473684210527,0.7180451127819549,0.6,0.8461538461538461,0.1950890963408081,0.5921271755367724,-0.24541263788746248,0.7804506173217797,0.3249230888496804,12,11,8,2
common,fpca256_30,63,0.6321428571428571,0.5768512407634405,0.9285714285714286,0.15,0.5392857142857143,0.43333333333333335,0.75,0.2578059742888891,0.7153077960843115,-0.43110065690034666,0.4457002856890574,0.32398872568450954,13,3,17,1
common,fpca256_30,64,0.5991902834008097,0.5020251530683838,0.9230769230769231,0.21052631578947367,0.5668016194331984,0.4444444444444444,0.8,0.2594823451796615,0.7425251309906469,-0.33904916784432215,0.28021531705777625,0.2408497562672102,12,4,15,1
common,fpca256_30,65,0.7103174603174603,0.5829338234736481,0.8571428571428571,0.5,0.6785714285714286,0.5714285714285714,0.8181818181818182,0.21779413966004807,0.6290902230494632,-0.2506983458680991,0.7117688686405073,0.35848913784902897,12,9,9,2
common,fpca256_30,66,0.6,0.5113886483886485,0.8666666666666667,0.35,0.6083333333333334,0.5,0.7777777777777778,0.2859123207283948,0.8516392407508118,-0.30557063503703,0.17953847282177637,0.3000819532639709,13,7,13,2
common,fpca256_30,67,0.49624060150375937,0.491869706782051,0.6428571428571429,0.3157894736842105,0.4793233082706767,0.4090909090909091,0.5454545454545454,0.30909941383112965,0.8944181992158743,-0.33634523633797814,-0.07093867628747014,0.33628421247632706,9,6,13,5
common,fpca256_30,68,0.8361344537815126,0.7860143171274259,1.0,0.47058823529411764,0.7352941176470589,0.6086956521739131,1.0,0.17107152227678077,0.5121309488799273,-0.11916751176139534,1.6531694791005738,0.30891050362834377,14,8,9,0
common,fpca256_30,69,0.5461538461538461,0.4592966435274128,0.5384615384615384,0.5,0.5192307692307692,0.4117647058823529,0.625,0.2855879267138901,0.7658528257099837,-0.3520162040269982,0.1754426474631646,0.3195871136309992,7,10,10,6
common,fpca256_30,70,0.7649122807017544,0.7436031442678448,0.8,0.5263157894736842,0.6631578947368422,0.5714285714285714,0.7692307692307693,0.1913098109431413,0.5768336013142492,0.06752965563572887,0.8802017127674666,0.31320823190510017,12,10,9,3
common,fpca256_30,71,0.6626984126984126,0.6376383306576734,0.6428571428571429,0.5,0.5714285714285714,0.5,0.6428571428571429,0.25834745604501685,0.7663927737383676,-0.23507874413888408,0.30054485207415893,0.3891093773300427,9,9,9,5
common,fpca256_30,72,0.5396825396825397,0.4898738608351001,0.9285714285714286,0.2222222222222222,0.5753968253968254,0.48148148148148145,0.8,0.2752117367299959,0.7459559709158696,-0.22860421001653444,0.24141952648713347,0.27492070585580974,13,4,14,1
common,fpca256_30,73,0.43214285714285716,0.3950100865815395,0.7142857142857143,0.2,0.4571428571428572,0.38461538461538464,0.5,0.34131299022460426,0.9310517793073285,-0.3605510481421242,-0.08433843593136518,0.28938747294708195,10,4,16,4
common,fpca256_30,74,0.708502024291498,0.5567161634055819,0.8461538461538461,0.47368421052631576,0.659919028340081,0.5238095238095238,0.8181818181818182,0.22105692707294472,0.6470524473661382,-0.3235385379596925,0.6242029812713408,0.36662584760513234,11,9,10,2
common,fpca256_30,75,0.6992481203007519,0.644612553646167,0.8571428571428571,0.3157894736842105,0.5864661654135338,0.48,0.75,0.2334565035122188,0.6718283580830994,-0.1967784776894292,0.5451259240608494,0.3385004368832522,12,6,13,2
common,fpca256_30,76,0.6031746031746031,0.5161297211681324,0.9285714285714286,0.3888888888888889,0.6587301587301587,0.5416666666666666,0.875,0.26506989569391776,0.7408226191805903,-0.26014058485370006,0.33940614361852256,0.27118189434886053,13,7,11,1
common,fpca256_30,77,0.6631578947368422,0.592490994840215,0.9333333333333333,0.3157894736842105,0.6245614035087719,0.5185185185185185,0.8571428571428571,0.22964845104830608,0.6466488864190998,-0.07646285454703891,0.7810663390553971,0.3189176530872534,14,6,13,1
common,fpca256_30,78,0.6879699248120301,0.6099608724608725,0.8571428571428571,0.2631578947368421,0.5601503759398496,0.46153846153846156,0.7142857142857143,0.23486617512438282,0.7018571824102592,-0.32023954129417653,0.44565325279086443,0.264990460762701,12,5,14,2
common,fpca256_30,79,0.659919028340081,0.6000060216871631,0.8461538461538461,0.42105263157894735,0.6336032388663968,0.5,0.8,0.23038110990195115,0.6646299954741066,-0.1919129842721651,0.5148747230348247,0.3232097571491304,11,8,11,2
common,fpca256_30,80,0.6428571428571428,0.49359006788123627,0.9285714285714286,0.4,0.6642857142857144,0.52,0.8888888888888888,0.2524443569035168,0.7176575055346693,-0.3796757438005672,0.4055006116857962,0.3390020805369562,13,8,12,1
common,fpca256_30,81,0.6470588235294117,0.5950421915177554,0.6428571428571429,0.47058823529411764,0.5567226890756303,0.5,0.6153846153846154,0.24495253184973434,0.7256644978925442,0.025704828817367447,0.375718402139108,0.33448034778583524,9,8,9,5
common,fpca256_30,82,0.5719298245614035,0.49567540105703534,0.9333333333333333,0.15789473684210525,0.5456140350877193,0.4666666666666667,0.75,0.2661700835747179,0.75194391205633,-0.320204053462779,0.30965370714366663,0.32435324557534595,14,3,16,1
common,fpca256_30,83,0.7214285714285714,0.5618541577470149,0.8571428571428571,0.4,0.6285714285714286,0.5,0.8,0.20530258027963927,0.6060842908014001,-0.3265889840975023,0.695566118054348,0.2433755741568199,12,8,12,2
common,fpca256_30,84,0.7948717948717949,0.7817658376481904,0.8461538461538461,0.6111111111111112,0.7286324786324787,0.6111111111111112,0.8461538461538461,0.18114529305027507,0.5382342880733773,-0.1723953563855183,1.2854501493173796,0.36643855334692327,11,11,7,2
common,fpca256_30,85,0.6464285714285715,0.5964541495402115,0.7857142857142857,0.35,0.5678571428571428,0.4583333333333333,0.7,0.24656293478817273,0.7287326187960094,-0.27900363799939026,0.3416606473138896,0.29370856423060604,11,7,13,3
common,fpca256_30,86,0.5198412698412698,0.5104099273742131,0.6428571428571429,0.3333333333333333,0.48809523809523814,0.42857142857142855,0.5454545454545454,0.3213962811247503,0.8766584956181434,-0.2360249595923409,0.058948417489286226,0.3067623220987852,9,6,12,5
common,fpca256_30,87,0.6035714285714286,0.47983553623050046,1.0,0.25,0.625,0.4827586206896552,1.0,0.2673437192618555,0.7525054839797081,-0.3494720381476228,0.2683830711754948,0.24269513450629795,14,5,15,0
common,fpca256_30,88,0.6512605042016807,0.5676357200425522,0.9285714285714286,0.29411764705882354,0.6113445378151261,0.52,0.8333333333333334,0.2482956867219365,0.7083400822157847,-0.2696967223084048,0.4535847422150503,0.33419934219409686,13,5,12,1
common,fpca256_30,89,0.7142857142857143,0.645989750989751,0.7857142857142857,0.3157894736842105,0.5507518796992481,0.4583333333333333,0.6666666666666666,0.2041318955738846,0.5870536112749576,-0.0963114980377678,0.9889066613363531,0.33429213190382107,11,6,13,3
common,fpca256_30,90,0.6992481203007519,0.5974039921079034,0.9285714285714286,0.47368421052631576,0.7011278195488722,0.5652173913043478,0.9,0.22313007159637732,0.6447529673438468,-0.3797641226163528,0.7057178832826743,0.3442685487485908,13,9,10,1
common,fpca256_30,91,0.6785714285714286,0.5564916784813955,0.7857142857142857,0.5555555555555556,0.6706349206349207,0.5789473684210527,0.7692307692307693,0.24841479557807444,0.7417157839711411,-0.14539751897246983,0.31030677499879766,0.32308404942144164,11,10,8,3
common,fpca256_30,92,0.592436974789916,0.6535716326784367,0.7142857142857143,0.5294117647058824,0.6218487394957983,0.5555555555555556,0.6923076923076923,0.2576452843513675,0.7800584391115187,-0.05925881416818721,0.2670572167226042,0.3358852446696338,10,9,8,4
common,fpca256_30,93,0.6982456140350878,0.6221090093058056,0.9333333333333333,0.42105263157894735,0.6771929824561403,0.56,0.8888888888888888,0.2272651760732025,0.6585122739341,-0.3182501602536106,0.6453746590743438,0.33244449860639497,14,8,11,1
common,fpca256_30,94,0.5604395604395604,0.41937946312946317,0.9230769230769231,0.23809523809523808,0.5805860805860806,0.42857142857142855,0.8333333333333334,0.26873622686383714,0.747020889955063,-0.4721038245766088,0.2637761513601011,0.2865062794002894,12,5,16,1
common,fpca256_30,95,0.6240601503759399,0.5757644830466973,0.7857142857142857,0.42105263157894735,0.6033834586466165,0.5,0.7272727272727273,0.24177914517569268,0.6827935381337309,-0.19873033508208685,0.4735803553304179,0.36904198654597437,11,8,11,3
common,fpca256_30,96,0.7023809523809524,0.5943229963436729,0.8571428571428571,0.4444444444444444,0.6507936507936507,0.5454545454545454,0.8,0.22332703205568002,0.639564585085065,-0.13812644322209677,0.7875249049505644,0.3564295370786374,12,8,10,2
common,fpca256_30,97,0.630952380952381,0.5203498480118338,0.9285714285714286,0.05555555555555555,0.4920634920634921,0.43333333333333335,0.5,0.26801475074768055,0.7958750140302765,-0.3036432688856556,0.22962723686486522,0.23827634656571695,13,1,17,1
common,fpca256_30,98,0.656140350877193,0.5748971966954424,0.8666666666666667,0.47368421052631576,0.6701754385964912,0.5652173913043478,0.8181818181818182,0.24500986088199403,0.6799019057699532,-0.04106607808869388,0.4991559356481742,0.3060866321438217,13,9,10,2
common,fpca256_30,99,0.7192307692307692,0.6707589228049586,0.8461538461538461,0.4,0.6230769230769231,0.4782608695652174,0.8,0.22946742022063407,0.6623068319150289,-0.5488831114165869,0.5876662002829044,0.3101779563956692,11,8,12,2
