cohort,profile_encoder,reference_encoder,split_id,repeat_id,fold_id,metric,delta
common,fpca256_10,raw100,0,0,0,roc_auc,-0.10476190476190483
common,fpca256_10,raw100,0,0,0,sensitivity,0.0
common,fpca256_10,raw100,0,0,0,specificity,-0.2857142857142857
common,fpca256_10,raw100,1,0,1,roc_auc,-0.09523809523809529
common,fpca256_10,raw100,1,0,1,sensitivity,-0.0714285714285714
common,fpca256_10,raw100,1,0,1,specificity,0.0
common,fpca256_10,raw100,2,0,2,roc_auc,0.025210084033613356
common,fpca256_10,raw100,2,0,2,sensitivity,0.2857142857142857
common,fpca256_10,raw100,2,0,2,specificity,-0.29411764705882354
common,fpca256_10,raw100,3,0,3,roc_auc,0.16917293233082709
common,fpca256_10,raw100,3,0,3,sensitivity,0.1428571428571429
common,fpca256_10,raw100,3,0,3,specificity,-0.15789473684210525
common,fpca256_10,raw100,4,0,4,roc_auc,-0.012145748987854255
common,fpca256_10,raw100,4,0,4,sensitivity,0.15384615384615385
common,fpca256_10,raw100,4,0,4,specificity,-0.15789473684210525
common,fpca256_10,raw100,5,1,0,roc_auc,-0.015873015873015817
common,fpca256_10,raw100,5,1,0,sensitivity,0.0
common,fpca256_10,raw100,5,1,0,specificity,-0.05555555555555555
common,fpca256_10,raw100,6,1,1,roc_auc,-0.05639097744360899
common,fpca256_10,raw100,6,1,1,sensitivity,0.0714285714285714
common,fpca256_10,raw100,6,1,1,specificity,-0.10526315789473684
common,fpca256_10,raw100,7,1,2,roc_auc,-0.0277777777777779
common,fpca256_10,raw100,7,1,2,sensitivity,0.0714285714285714
common,fpca256_10,raw100,7,1,2,specificity,-0.05555555555555558
common,fpca256_10,raw100,8,1,3,roc_auc,0.04210526315789476
common,fpca256_10,raw100,8,1,3,sensitivity,0.06666666666666665
common,fpca256_10,raw100,8,1,3,specificity,-0.21052631578947367
common,fpca256_10,raw100,9,1,4,roc_auc,-0.12307692307692308
common,fpca256_10,raw100,9,1,4,sensitivity,0.0
common,fpca256_10,raw100,9,1,4,specificity,0.10000000000000003
common,fpca256_10,raw100,10,2,0,roc_auc,-0.02631578947368418
common,fpca256_10,raw100,10,2,0,sensitivity,0.0714285714285714
common,fpca256_10,raw100,10,2,0,specificity,-0.21052631578947367
common,fpca256_10,raw100,11,2,1,roc_auc,0.03157894736842093
common,fpca256_10,raw100,11,2,1,sensitivity,0.0
common,fpca256_10,raw100,11,2,1,specificity,0.0
common,fpca256_10,raw100,12,2,2,roc_auc,0.015037593984962405
common,fpca256_10,raw100,12,2,2,sensitivity,0.2142857142857142
common,fpca256_10,raw100,12,2,2,specificity,0.0
common,fpca256_10,raw100,13,2,3,roc_auc,-0.10150375939849632
common,fpca256_10,raw100,13,2,3,sensitivity,0.07142857142857151
common,fpca256_10,raw100,13,2,3,specificity,0.0
common,fpca256_10,raw100,14,2,4,roc_auc,0.042735042735042805
common,fpca256_10,raw100,14,2,4,sensitivity,0.0
common,fpca256_10,raw100,14,2,4,specificity,-0.11111111111111113
common,fpca256_10,raw100,15,3,0,roc_auc,-0.06349206349206338
common,fpca256_10,raw100,15,3,0,sensitivity,0.07142857142857151
common,fpca256_10,raw100,15,3,0,specificity,-0.055555555555555525
common,fpca256_10,raw100,16,3,1,roc_auc,-0.007518796992481258
common,fpca256_10,raw100,16,3,1,sensitivity,-0.07142857142857151
common,fpca256_10,raw100,16,3,1,specificity,-0.15789473684210525
common,fpca256_10,raw100,17,3,2,roc_auc,-0.0888888888888889
common,fpca256_10,raw100,17,3,2,sensitivity,-0.1333333333333333
common,fpca256_10,raw100,17,3,2,specificity,-0.055555555555555525
common,fpca256_10,raw100,18,3,3,roc_auc,0.12406015037593987
common,fpca256_10,raw100,18,3,3,sensitivity,0.2142857142857143
common,fpca256_10,raw100,18,3,3,specificity,-0.21052631578947373
common,fpca256_10,raw100,19,3,4,roc_auc,0.019230769230769162
common,fpca256_10,raw100,19,3,4,sensitivity,0.23076923076923073
common,fpca256_10,raw100,19,3,4,specificity,-0.30000000000000004
common,fpca256_10,raw100,20,4,0,roc_auc,0.06428571428571428
common,fpca256_10,raw100,20,4,0,sensitivity,0.0
common,fpca256_10,raw100,20,4,0,specificity,-0.050000000000000044
common,fpca256_10,raw100,21,4,1,roc_auc,-0.031746031746031744
common,fpca256_10,raw100,21,4,1,sensitivity,0.0714285714285714
common,fpca256_10,raw100,21,4,1,specificity,-0.16666666666666669
common,fpca256_10,raw100,22,4,2,roc_auc,-0.011278195488721776
common,fpca256_10,raw100,22,4,2,sensitivity,0.1428571428571428
common,fpca256_10,raw100,22,4,2,specificity,-0.05263157894736842
common,fpca256_10,raw100,23,4,3,roc_auc,0.0
common,fpca256_10,raw100,23,4,3,sensitivity,0.2142857142857143
common,fpca256_10,raw100,23,4,3,specificity,-0.2222222222222222
common,fpca256_10,raw100,24,4,4,roc_auc,-0.03383458646616544
common,fpca256_10,raw100,24,4,4,sensitivity,0.0
common,fpca256_10,raw100,24,4,4,specificity,-0.10526315789473684
common,fpca256_10,raw100,25,5,0,roc_auc,-0.019841269841269993
common,fpca256_10,raw100,25,5,0,sensitivity,0.0
common,fpca256_10,raw100,25,5,0,specificity,0.0
common,fpca256_10,raw100,26,5,1,roc_auc,0.02631578947368418
common,fpca256_10,raw100,26,5,1,sensitivity,0.0
common,fpca256_10,raw100,26,5,1,specificity,-0.05263157894736842
common,fpca256_10,raw100,27,5,2,roc_auc,0.027272727272727337
common,fpca256_10,raw100,27,5,2,sensitivity,0.13333333333333341
common,fpca256_10,raw100,27,5,2,specificity,-0.04545454545454547
common,fpca256_10,raw100,28,5,3,roc_auc,-0.025210084033613467
common,fpca256_10,raw100,28,5,3,sensitivity,0.0
common,fpca256_10,raw100,28,5,3,specificity,-0.23529411764705882
common,fpca256_10,raw100,29,5,4,roc_auc,-0.1068376068376069
common,fpca256_10,raw100,29,5,4,sensitivity,0.0
common,fpca256_10,raw100,29,5,4,specificity,0.0
common,fpca256_10,raw100,30,6,0,roc_auc,-0.03007518796992481
common,fpca256_10,raw100,30,6,0,sensitivity,-0.0714285714285714
common,fpca256_10,raw100,30,6,0,specificity,0.0
common,fpca256_10,raw100,31,6,1,roc_auc,0.05964912280701751
common,fpca256_10,raw100,31,6,1,sensitivity,0.13333333333333341
common,fpca256_10,raw100,31,6,1,specificity,-0.21052631578947367
common,fpca256_10,raw100,32,6,2,roc_auc,-0.05263157894736836
common,fpca256_10,raw100,32,6,2,sensitivity,0.0
common,fpca256_10,raw100,32,6,2,specificity,-0.15789473684210525
common,fpca256_10,raw100,33,6,3,roc_auc,0.10317460317460325
common,fpca256_10,raw100,33,6,3,sensitivity,0.2142857142857142
common,fpca256_10,raw100,33,6,3,specificity,-0.16666666666666669
common,fpca256_10,raw100,34,6,4,roc_auc,-0.020242914979757054
common,fpca256_10,raw100,34,6,4,sensitivity,0.07692307692307698
common,fpca256_10,raw100,34,6,4,specificity,-0.21052631578947367
common,fpca256_10,raw100,35,7,0,roc_auc,-0.02499999999999991
common,fpca256_10,raw100,35,7,0,sensitivity,-0.0714285714285714
common,fpca256_10,raw100,35,7,0,specificity,-0.04999999999999999
common,fpca256_10,raw100,36,7,1,roc_auc,0.03571428571428559
common,fpca256_10,raw100,36,7,1,sensitivity,0.0714285714285714
common,fpca256_10,raw100,36,7,1,specificity,-0.2777777777777778
common,fpca256_10,raw100,37,7,2,roc_auc,-0.03571428571428581
common,fpca256_10,raw100,37,7,2,sensitivity,0.0714285714285714
common,fpca256_10,raw100,37,7,2,specificity,-0.16666666666666669
common,fpca256_10,raw100,38,7,3,roc_auc,-0.11507936507936511
common,fpca256_10,raw100,38,7,3,sensitivity,0.0714285714285714
common,fpca256_10,raw100,38,7,3,specificity,-0.2777777777777778
common,fpca256_10,raw100,39,7,4,roc_auc,0.09642857142857153
common,fpca256_10,raw100,39,7,4,sensitivity,0.0
common,fpca256_10,raw100,39,7,4,specificity,-0.04999999999999999
common,fpca256_10,raw100,40,8,0,roc_auc,-0.11904761904761918
common,fpca256_10,raw100,40,8,0,sensitivity,0.0
common,fpca256_10,raw100,40,8,0,specificity,-0.047619047619047616
common,fpca256_10,raw100,41,8,1,roc_auc,0.09126984126984128
common,fpca256_10,raw100,41,8,1,sensitivity,0.3571428571428571
common,fpca256_10,raw100,41,8,1,specificity,-0.16666666666666669
common,fpca256_10,raw100,42,8,2,roc_auc,-0.011111111111111183
common,fpca256_10,raw100,42,8,2,sensitivity,0.1333333333333333
common,fpca256_10,raw100,42,8,2,specificity,-0.2222222222222222
common,fpca256_10,raw100,43,8,3,roc_auc,-0.02777777777777779
common,fpca256_10,raw100,43,8,3,sensitivity,0.0714285714285714
common,fpca256_10,raw100,43,8,3,specificity,-0.16666666666666669
common,fpca256_10,raw100,44,8,4,roc_auc,-0.01619433198380571
common,fpca256_10,raw100,44,8,4,sensitivity,-0.07692307692307687
common,fpca256_10,raw100,44,8,4,specificity,0.0
common,fpca256_10,raw100,45,9,0,roc_auc,0.08333333333333337
common,fpca256_10,raw100,45,9,0,sensitivity,0.0714285714285714
common,fpca256_10,raw100,45,9,0,specificity,0.055555555555555525
common,fpca256_10,raw100,46,9,1,roc_auc,0.023333333333333428
common,fpca256_10,raw100,46,9,1,sensitivity,0.20000000000000007
common,fpca256_10,raw100,46,9,1,specificity,-0.2
common,fpca256_10,raw100,47,9,2,roc_auc,-0.03571428571428581
common,fpca256_10,raw100,47,9,2,sensitivity,0.0714285714285714
common,fpca256_10,raw100,47,9,2,specificity,-0.11111111111111116
common,fpca256_10,raw100,48,9,3,roc_auc,-0.07857142857142863
common,fpca256_10,raw100,48,9,3,sensitivity,0.0
common,fpca256_10,raw100,48,9,3,specificity,-0.25000000000000006
common,fpca256_10,raw100,49,9,4,roc_auc,-0.021367521367521403
common,fpca256_10,raw100,49,9,4,sensitivity,0.07692307692307687
common,fpca256_10,raw100,49,9,4,specificity,-0.2777777777777778
common,fpca256_10,raw100,50,10,0,roc_auc,-0.07539682539682535
common,fpca256_10,raw100,50,10,0,sensitivity,0.0714285714285714
common,fpca256_10,raw100,50,10,0,specificity,-0.3333333333333333
common,fpca256_10,raw100,51,10,1,roc_auc,-0.025210084033613467
common,fpca256_10,raw100,51,10,1,sensitivity,0.0
common,fpca256_10,raw100,51,10,1,specificity,-0.23529411764705882
common,fpca256_10,raw100,52,10,2,roc_auc,-0.022727272727272707
common,fpca256_10,raw100,52,10,2,sensitivity,0.1428571428571429
common,fpca256_10,raw100,52,10,2,specificity,-0.1363636363636364
common,fpca256_10,raw100,53,10,3,roc_auc,0.003968253968254065
common,fpca256_10,raw100,53,10,3,sensitivity,0.1428571428571428
common,fpca256_10,raw100,53,10,3,specificity,0.0
common,fpca256_10,raw100,54,10,4,roc_auc,0.0
common,fpca256_10,raw100,54,10,4,sensitivity,0.07142857142857151
common,fpca256_10,raw100,54,10,4,specificity,0.10526315789473684
common,fpca256_10,raw100,55,11,0,roc_auc,-0.06666666666666665
common,fpca256_10,raw100,55,11,0,sensitivity,-0.06666666666666665
common,fpca256_10,raw100,55,11,0,specificity,0.0
common,fpca256_10,raw100,56,11,1,roc_auc,0.04621848739495804
common,fpca256_10,raw100,56,11,1,sensitivity,0.0714285714285714
common,fpca256_10,raw100,56,11,1,specificity,-0.05882352941176472
common,fpca256_10,raw100,57,11,2,roc_auc,0.0892857142857143
common,fpca256_10,raw100,57,11,2,sensitivity,-0.07142857142857151
common,fpca256_10,raw100,57,11,2,specificity,-0.04999999999999999
common,fpca256_10,raw100,58,11,3,roc_auc,-0.06349206349206349
common,fpca256_10,raw100,58,11,3,sensitivity,0.0714285714285714
common,fpca256_10,raw100,58,11,3,specificity,-0.16666666666666669
common,fpca256_10,raw100,59,11,4,roc_auc,-0.09716599190283393
common,fpca256_10,raw100,59,11,4,sensitivity,0.07692307692307698
common,fpca256_10,raw100,59,11,4,specificity,-0.10526315789473684
common,fpca256_10,raw100,60,12,0,roc_auc,0.08627450980392148
common,fpca256_10,raw100,60,12,0,sensitivity,0.06666666666666665
common,fpca256_10,raw100,60,12,0,specificity,-0.11764705882352944
common,fpca256_10,raw100,61,12,1,roc_auc,-0.02631578947368418
common,fpca256_10,raw100,61,12,1,sensitivity,0.0
common,fpca256_10,raw100,61,12,1,specificity,0.10526315789473684
common,fpca256_10,raw100,62,12,2,roc_auc,0.08270676691729328
common,fpca256_10,raw100,62,12,2,sensitivity,0.0
common,fpca256_10,raw100,62,12,2,specificity,0.0
common,fpca256_10,raw100,63,12,3,roc_auc,-0.12142857142857133
common,fpca256_10,raw100,63,12,3,sensitivity,0.0714285714285714
common,fpca256_10,raw100,63,12,3,specificity,-0.24999999999999997
common,fpca256_10,raw100,64,12,4,roc_auc,-0.08097165991902833
common,fpca256_10,raw100,64,12,4,sensitivity,0.15384615384615385
common,fpca256_10,raw100,64,12,4,specificity,-0.21052631578947367
common,fpca256_10,raw100,65,13,0,roc_auc,0.04365079365079372
common,fpca256_10,raw100,65,13,0,sensitivity,0.0714285714285714
common,fpca256_10,raw100,65,13,0,specificity,-0.2777777777777778
common,fpca256_10,raw100,66,13,1,roc_auc,-0.029999999999999916
common,fpca256_10,raw100,66,13,1,sensitivity,0.06666666666666665
common,fpca256_10,raw100,66,13,1,specificity,-0.39999999999999997
common,fpca256_10,raw100,67,13,2,roc_auc,-0.09398496240601517
common,fpca256_10,raw100,67,13,2,sensitivity,0.0714285714285714
common,fpca256_10,raw100,67,13,2,specificity,-0.10526315789473684
common,fpca256_10,raw100,68,13,3,roc_auc,0.1470588235294117
common,fpca256_10,raw100,68,13,3,sensitivity,0.0
common,fpca256_10,raw100,68,13,3,specificity,0.05882352941176466
common,fpca256_10,raw100,69,13,4,roc_auc,-0.03461538461538449
common,fpca256_10,raw100,69,13,4,sensitivity,0.15384615384615385
common,fpca256_10,raw100,69,13,4,specificity,-0.09999999999999998
common,fpca256_10,raw100,70,14,0,roc_auc,0.01403508771929829
common,fpca256_10,raw100,70,14,0,sensitivity,0.06666666666666665
common,fpca256_10,raw100,70,14,0,specificity,-0.2631578947368421
common,fpca256_10,raw100,71,14,1,roc_auc,-0.015873015873015817
common,fpca256_10,raw100,71,14,1,sensitivity,0.0
common,fpca256_10,raw100,71,14,1,specificity,-0.1111111111111111
common,fpca256_10,raw100,72,14,2,roc_auc,-0.11904761904761907
common,fpca256_10,raw100,72,14,2,sensitivity,0.2142857142857143
common,fpca256_10,raw100,72,14,2,specificity,-0.16666666666666666
common,fpca256_10,raw100,73,14,3,roc_auc,-0.05357142857142855
common,fpca256_10,raw100,73,14,3,sensitivity,0.3571428571428572
common,fpca256_10,raw100,73,14,3,specificity,-0.15
common,fpca256_10,raw100,74,14,4,roc_auc,0.0080971659919028
common,fpca256_10,raw100,74,14,4,sensitivity,0.0
common,fpca256_10,raw100,74,14,4,specificity,-0.15789473684210525
common,fpca256_10,raw100,75,15,0,roc_auc,-0.12030075187969935
common,fpca256_10,raw100,75,15,0,sensitivity,-0.0714285714285714
common,fpca256_10,raw100,75,15,0,specificity,-0.10526315789473684
common,fpca256_10,raw100,76,15,1,roc_auc,-0.09523809523809523
common,fpca256_10,raw100,76,15,1,sensitivity,0.1428571428571429
common,fpca256_10,raw100,76,15,1,specificity,-0.16666666666666669
common,fpca256_10,raw100,77,15,2,roc_auc,0.08771929824561409
common,fpca256_10,raw100,77,15,2,sensitivity,0.06666666666666665
common,fpca256_10,raw100,77,15,2,specificity,-0.21052631578947367
common,fpca256_10,raw100,78,15,3,roc_auc,-0.018796992481203034
common,fpca256_10,raw100,78,15,3,sensitivity,0.0
common,fpca256_10,raw100,78,15,3,specificity,-0.3157894736842105
common,fpca256_10,raw100,79,15,4,roc_auc,-0.06882591093117396
common,fpca256_10,raw100,79,15,4,sensitivity,0.07692307692307687
common,fpca256_10,raw100,79,15,4,specificity,-0.31578947368421056
common,fpca256_10,raw100,80,16,0,roc_auc,-0.1428571428571429
common,fpca256_10,raw100,80,16,0,sensitivity,0.0
common,fpca256_10,raw100,80,16,0,specificity,-0.30000000000000004
common,fpca256_10,raw100,81,16,1,roc_auc,0.02941176470588236
common,fpca256_10,raw100,81,16,1,sensitivity,0.0714285714285714
common,fpca256_10,raw100,81,16,1,specificity,0.05882352941176466
common,fpca256_10,raw100,82,16,2,roc_auc,-0.01754385964912275
common,fpca256_10,raw100,82,16,2,sensitivity,0.06666666666666665
common,fpca256_10,raw100,82,16,2,specificity,0.10526315789473684
common,fpca256_10,raw100,83,16,3,roc_auc,-0.014285714285714235
common,fpca256_10,raw100,83,16,3,sensitivity,0.0
common,fpca256_10,raw100,83,16,3,specificity,-0.20000000000000007
common,fpca256_10,raw100,84,16,4,roc_auc,0.07692307692307687
common,fpca256_10,raw100,84,16,4,sensitivity,-0.15384615384615385
common,fpca256_10,raw100,84,16,4,specificity,-0.1111111111111111
common,fpca256_10,raw100,85,17,0,roc_auc,0.010714285714285787
common,fpca256_10,raw100,85,17,0,sensitivity,0.1428571428571428
common,fpca256_10,raw100,85,17,0,specificity,-0.25000000000000006
common,fpca256_10,raw100,86,17,1,roc_auc,0.05158730158730157
common,fpca256_10,raw100,86,17,1,sensitivity,0.2857142857142857
common,fpca256_10,raw100,86,17,1,specificity,-0.055555555555555525
common,fpca256_10,raw100,87,17,2,roc_auc,-0.010714285714285676
common,fpca256_10,raw100,87,17,2,sensitivity,0.1428571428571429
common,fpca256_10,raw100,87,17,2,specificity,-0.30000000000000004
common,fpca256_10,raw100,88,17,3,roc_auc,-0.012605042016806678
common,fpca256_10,raw100,88,17,3,sensitivity,0.2142857142857143
common,fpca256_10,raw100,88,17,3,specificity,-0.3529411764705882
common,fpca256_10,raw100,89,17,4,roc_auc,0.09022556390977432
common,fpca256_10,raw100,89,17,4,sensitivity,0.0
common,fpca256_10,raw100,89,17,4,specificity,0.0
common,fpca256_10,raw100,90,18,0,roc_auc,0.06015037593984962
common,fpca256_10,raw100,90,18,0,sensitivity,0.0714285714285714
common,fpca256_10,raw100,90,18,0,specificity,-0.3157894736842105
common,fpca256_10,raw100,91,18,1,roc_auc,-0.015873015873015928
common,fpca256_10,raw100,91,18,1,sensitivity,0.2142857142857143
common,fpca256_10,raw100,91,18,1,specificity,-0.1111111111111111
common,fpca256_10,raw100,92,18,2,roc_auc,0.02941176470588236
common,fpca256_10,raw100,92,18,2,sensitivity,0.0714285714285714
common,fpca256_10,raw100,92,18,2,specificity,-0.05882352941176472
common,fpca256_10,raw100,93,18,3,roc_auc,0.028070175438596467
common,fpca256_10,raw100,93,18,3,sensitivity,0.0
common,fpca256_10,raw100,93,18,3,specificity,0.15789473684210525
common,fpca256_10,raw100,94,18,4,roc_auc,-0.10256410256410253
common,fpca256_10,raw100,94,18,4,sensitivity,-0.3076923076923077
common,fpca256_10,raw100,94,18,4,specificity,0.19047619047619047
common,fpca256_10,raw100,95,19,0,roc_auc,-0.015037593984962405
common,fpca256_10,raw100,95,19,0,sensitivity,0.07142857142857151
common,fpca256_10,raw100,95,19,0,specificity,0.05263157894736842
common,fpca256_10,raw100,96,19,1,roc_auc,-0.051587301587301515
common,fpca256_10,raw100,96,19,1,sensitivity,-0.0714285714285714
common,fpca256_10,raw100,96,19,1,specificity,-0.055555555555555525
common,fpca256_10,raw100,97,19,2,roc_auc,0.023809523809523836
common,fpca256_10,raw100,97,19,2,sensitivity,0.1428571428571429
common,fpca256_10,raw100,97,19,2,specificity,-0.33333333333333337
common,fpca256_10,raw100,98,19,3,roc_auc,0.09473684210526301
common,fpca256_10,raw100,98,19,3,sensitivity,0.1333333333333333
common,fpca256_10,raw100,98,19,3,specificity,0.10526315789473684
common,fpca256_10,raw100,99,19,4,roc_auc,0.007692307692307776
common,fpca256_10,raw100,99,19,4,sensitivity,0.0
common,fpca256_10,raw100,99,19,4,specificity,-0.04999999999999999
common,fpca256_10,raw256,0,0,0,roc_auc,-0.060317460317460436
common,fpca256_10,raw256,0,0,0,sensitivity,0.06666666666666665
common,fpca256_10,raw256,0,0,0,specificity,-0.4761904761904762
common,fpca256_10,raw256,1,0,1,roc_auc,-0.0753968253968254
common,fpca256_10,raw256,1,0,1,sensitivity,0.07142857142857151
common,fpca256_10,raw256,1,0,1,specificity,0.05555555555555558
common,fpca256_10,raw256,2,0,2,roc_auc,0.01680672268907557
common,fpca256_10,raw256,2,0,2,sensitivity,0.4285714285714286
common,fpca256_10,raw256,2,0,2,specificity,-0.5294117647058822
common,fpca256_10,raw256,3,0,3,roc_auc,0.1428571428571429
common,fpca256_10,raw256,3,0,3,sensitivity,0.2857142857142857
common,fpca256_10,raw256,3,0,3,specificity,-0.3684210526315789
common,fpca256_10,raw256,4,0,4,roc_auc,0.10931174089068818
common,fpca256_10,raw256,4,0,4,sensitivity,0.4615384615384615
common,fpca256_10,raw256,4,0,4,specificity,-0.5263157894736842
common,fpca256_10,raw256,5,1,0,roc_auc,0.059523809523809534
common,fpca256_10,raw256,5,1,0,sensitivity,0.2142857142857142
common,fpca256_10,raw256,5,1,0,specificity,-0.5
common,fpca256_10,raw256,6,1,1,roc_auc,-0.02631578947368418
common,fpca256_10,raw256,6,1,1,sensitivity,0.2142857142857143
common,fpca256_10,raw256,6,1,1,specificity,-0.42105263157894735
common,fpca256_10,raw256,7,1,2,roc_auc,0.05952380952380942
common,fpca256_10,raw256,7,1,2,sensitivity,0.4285714285714286
common,fpca256_10,raw256,7,1,2,specificity,-0.38888888888888895
common,fpca256_10,raw256,8,1,3,roc_auc,0.0736842105263158
common,fpca256_10,raw256,8,1,3,sensitivity,0.2666666666666666
common,fpca256_10,raw256,8,1,3,specificity,-0.3157894736842105
common,fpca256_10,raw256,9,1,4,roc_auc,-0.0038461538461538325
common,fpca256_10,raw256,9,1,4,sensitivity,0.23076923076923084
common,fpca256_10,raw256,9,1,4,specificity,-0.10000000000000003
common,fpca256_10,raw256,10,2,0,roc_auc,-0.02631578947368418
common,fpca256_10,raw256,10,2,0,sensitivity,0.1428571428571429
common,fpca256_10,raw256,10,2,0,specificity,-0.31578947368421056
common,fpca256_10,raw256,11,2,1,roc_auc,0.09122807017543855
common,fpca256_10,raw256,11,2,1,sensitivity,0.06666666666666665
common,fpca256_10,raw256,11,2,1,specificity,-0.05263157894736842
common,fpca256_10,raw256,12,2,2,roc_auc,0.1428571428571429
common,fpca256_10,raw256,12,2,2,sensitivity,0.49999999999999994
common,fpca256_10,raw256,12,2,2,specificity,-0.1578947368421053
common,fpca256_10,raw256,13,2,3,roc_auc,-0.12406015037593987
common,fpca256_10,raw256,13,2,3,sensitivity,0.2857142857142857
common,fpca256_10,raw256,13,2,3,specificity,-0.3157894736842105
common,fpca256_10,raw256,14,2,4,roc_auc,0.14529914529914534
common,fpca256_10,raw256,14,2,4,sensitivity,0.23076923076923084
common,fpca256_10,raw256,14,2,4,specificity,-0.33333333333333337
common,fpca256_10,raw256,15,3,0,roc_auc,0.011904761904761973
common,fpca256_10,raw256,15,3,0,sensitivity,0.2857142857142857
common,fpca256_10,raw256,15,3,0,specificity,-0.49999999999999994
common,fpca256_10,raw256,16,3,1,roc_auc,0.07518796992481203
common,fpca256_10,raw256,16,3,1,sensitivity,0.0
common,fpca256_10,raw256,16,3,1,specificity,-0.21052631578947367
common,fpca256_10,raw256,17,3,2,roc_auc,-0.03703703703703698
common,fpca256_10,raw256,17,3,2,sensitivity,0.2666666666666667
common,fpca256_10,raw256,17,3,2,specificity,-0.2777777777777778
common,fpca256_10,raw256,18,3,3,roc_auc,0.13909774436090228
common,fpca256_10,raw256,18,3,3,sensitivity,0.4285714285714286
common,fpca256_10,raw256,18,3,3,specificity,-0.3684210526315789
common,fpca256_10,raw256,19,3,4,roc_auc,0.04230769230769227
common,fpca256_10,raw256,19,3,4,sensitivity,0.3846153846153846
common,fpca256_10,raw256,19,3,4,specificity,-0.44999999999999996
common,fpca256_10,raw256,20,4,0,roc_auc,0.03214285714285714
common,fpca256_10,raw256,20,4,0,sensitivity,0.2142857142857142
common,fpca256_10,raw256,20,4,0,specificity,-0.15000000000000002
common,fpca256_10,raw256,21,4,1,roc_auc,-0.05952380952380942
common,fpca256_10,raw256,21,4,1,sensitivity,0.2857142857142857
common,fpca256_10,raw256,21,4,1,specificity,-0.3333333333333333
common,fpca256_10,raw256,22,4,2,roc_auc,0.03759398496240607
common,fpca256_10,raw256,22,4,2,sensitivity,0.3571428571428571
common,fpca256_10,raw256,22,4,2,specificity,-0.3684210526315789
common,fpca256_10,raw256,23,4,3,roc_auc,0.07142857142857151
common,fpca256_10,raw256,23,4,3,sensitivity,0.4285714285714286
common,fpca256_10,raw256,23,4,3,specificity,-0.3333333333333333
common,fpca256_10,raw256,24,4,4,roc_auc,0.045112781954887216
common,fpca256_10,raw256,24,4,4,sensitivity,0.3571428571428572
common,fpca256_10,raw256,24,4,4,specificity,-0.4210526315789474
common,fpca256_10,raw256,25,5,0,roc_auc,0.04365079365079361
common,fpca256_10,raw256,25,5,0,sensitivity,0.2142857142857143
common,fpca256_10,raw256,25,5,0,specificity,-0.1111111111111111
common,fpca256_10,raw256,26,5,1,roc_auc,0.003759398496240629
common,fpca256_10,raw256,26,5,1,sensitivity,0.0714285714285714
common,fpca256_10,raw256,26,5,1,specificity,-0.3684210526315789
common,fpca256_10,raw256,27,5,2,roc_auc,0.057575757575757724
common,fpca256_10,raw256,27,5,2,sensitivity,0.4666666666666667
common,fpca256_10,raw256,27,5,2,specificity,-0.40909090909090906
common,fpca256_10,raw256,28,5,3,roc_auc,0.09243697478991597
common,fpca256_10,raw256,28,5,3,sensitivity,0.5
common,fpca256_10,raw256,28,5,3,specificity,-0.29411764705882354
common,fpca256_10,raw256,29,5,4,roc_auc,-0.02136752136752129
common,fpca256_10,raw256,29,5,4,sensitivity,0.46153846153846156
common,fpca256_10,raw256,29,5,4,specificity,-0.27777777777777785
common,fpca256_10,raw256,30,6,0,roc_auc,0.048872180451127845
common,fpca256_10,raw256,30,6,0,sensitivity,0.1428571428571429
common,fpca256_10,raw256,30,6,0,specificity,-0.15789473684210525
common,fpca256_10,raw256,31,6,1,roc_auc,0.06666666666666665
common,fpca256_10,raw256,31,6,1,sensitivity,0.20000000000000007
common,fpca256_10,raw256,31,6,1,specificity,-0.21052631578947367
common,fpca256_10,raw256,32,6,2,roc_auc,0.0
common,fpca256_10,raw256,32,6,2,sensitivity,0.4285714285714286
common,fpca256_10,raw256,32,6,2,specificity,-0.3684210526315789
common,fpca256_10,raw256,33,6,3,roc_auc,-0.023809523809523836
common,fpca256_10,raw256,33,6,3,sensitivity,0.42857142857142855
common,fpca256_10,raw256,33,6,3,specificity,-0.5
common,fpca256_10,raw256,34,6,4,roc_auc,-0.020242914979757054
common,fpca256_10,raw256,34,6,4,sensitivity,0.23076923076923084
common,fpca256_10,raw256,34,6,4,specificity,-0.3157894736842105
common,fpca256_10,raw256,35,7,0,roc_auc,-0.02857142857142847
common,fpca256_10,raw256,35,7,0,sensitivity,0.0
common,fpca256_10,raw256,35,7,0,specificity,-0.09999999999999998
common,fpca256_10,raw256,36,7,1,roc_auc,0.16666666666666663
common,fpca256_10,raw256,36,7,1,sensitivity,0.5714285714285714
common,fpca256_10,raw256,36,7,1,specificity,-0.5
common,fpca256_10,raw256,37,7,2,roc_auc,-0.003968253968253843
common,fpca256_10,raw256,37,7,2,sensitivity,0.2857142857142857
common,fpca256_10,raw256,37,7,2,specificity,-0.38888888888888895
common,fpca256_10,raw256,38,7,3,roc_auc,-0.051587301587301626
common,fpca256_10,raw256,38,7,3,sensitivity,0.3571428571428571
common,fpca256_10,raw256,38,7,3,specificity,-0.6666666666666667
common,fpca256_10,raw256,39,7,4,roc_auc,0.06428571428571439
common,fpca256_10,raw256,39,7,4,sensitivity,0.2142857142857143
common,fpca256_10,raw256,39,7,4,specificity,-0.39999999999999997
common,fpca256_10,raw256,40,8,0,roc_auc,-0.04421768707482998
common,fpca256_10,raw256,40,8,0,sensitivity,0.0714285714285714
common,fpca256_10,raw256,40,8,0,specificity,-0.4761904761904762
common,fpca256_10,raw256,41,8,1,roc_auc,0.011904761904761862
common,fpca256_10,raw256,41,8,1,sensitivity,0.4285714285714286
common,fpca256_10,raw256,41,8,1,specificity,-0.3333333333333333
common,fpca256_10,raw256,42,8,2,roc_auc,0.1074074074074074
common,fpca256_10,raw256,42,8,2,sensitivity,0.2666666666666667
common,fpca256_10,raw256,42,8,2,specificity,-0.2777777777777778
common,fpca256_10,raw256,43,8,3,roc_auc,0.08333333333333337
common,fpca256_10,raw256,43,8,3,sensitivity,0.42857142857142855
common,fpca256_10,raw256,43,8,3,specificity,-0.4444444444444445
common,fpca256_10,raw256,44,8,4,roc_auc,0.028340080971659853
common,fpca256_10,raw256,44,8,4,sensitivity,0.3076923076923077
common,fpca256_10,raw256,44,8,4,specificity,-0.31578947368421056
common,fpca256_10,raw256,45,9,0,roc_auc,0.11507936507936511
common,fpca256_10,raw256,45,9,0,sensitivity,0.2857142857142857
common,fpca256_10,raw256,45,9,0,specificity,-0.22222222222222227
common,fpca256_10,raw256,46,9,1,roc_auc,0.050000000000000044
common,fpca256_10,raw256,46,9,1,sensitivity,0.4
common,fpca256_10,raw256,46,9,1,specificity,-0.39999999999999997
common,fpca256_10,raw256,47,9,2,roc_auc,0.01984126984126977
common,fpca256_10,raw256,47,9,2,sensitivity,0.35714285714285715
common,fpca256_10,raw256,47,9,2,specificity,-0.38888888888888895
common,fpca256_10,raw256,48,9,3,roc_auc,-0.07499999999999996
common,fpca256_10,raw256,48,9,3,sensitivity,0.1428571428571428
common,fpca256_10,raw256,48,9,3,specificity,-0.25000000000000006
common,fpca256_10,raw256,49,9,4,roc_auc,0.017094017094017033
common,fpca256_10,raw256,49,9,4,sensitivity,0.07692307692307687
common,fpca256_10,raw256,49,9,4,specificity,-0.44444444444444453
common,fpca256_10,raw256,50,10,0,roc_auc,-0.011904761904761862
common,fpca256_10,raw256,50,10,0,sensitivity,0.5
common,fpca256_10,raw256,50,10,0,specificity,-0.6111111111111112
common,fpca256_10,raw256,51,10,1,roc_auc,-0.012605042016806789
common,fpca256_10,raw256,51,10,1,sensitivity,0.0714285714285714
common,fpca256_10,raw256,51,10,1,specificity,-0.35294117647058826
common,fpca256_10,raw256,52,10,2,roc_auc,0.019480519480519543
common,fpca256_10,raw256,52,10,2,sensitivity,0.2857142857142857
common,fpca256_10,raw256,52,10,2,specificity,-0.36363636363636365
common,fpca256_10,raw256,53,10,3,roc_auc,0.08730158730158732
common,fpca256_10,raw256,53,10,3,sensitivity,0.49999999999999994
common,fpca256_10,raw256,53,10,3,specificity,-0.4444444444444445
common,fpca256_10,raw256,54,10,4,roc_auc,0.14661654135338342
common,fpca256_10,raw256,54,10,4,sensitivity,0.2142857142857143
common,fpca256_10,raw256,54,10,4,specificity,-0.10526315789473684
common,fpca256_10,raw256,55,11,0,roc_auc,-0.036666666666666736
common,fpca256_10,raw256,55,11,0,sensitivity,0.20000000000000007
common,fpca256_10,raw256,55,11,0,specificity,-0.29999999999999993
common,fpca256_10,raw256,56,11,1,roc_auc,0.15966386554621848
common,fpca256_10,raw256,56,11,1,sensitivity,0.35714285714285715
common,fpca256_10,raw256,56,11,1,specificity,-0.23529411764705888
common,fpca256_10,raw256,57,11,2,roc_auc,0.1357142857142858
common,fpca256_10,raw256,57,11,2,sensitivity,0.42857142857142855
common,fpca256_10,raw256,57,11,2,specificity,-0.35000000000000003
common,fpca256_10,raw256,58,11,3,roc_auc,-0.06349206349206349
common,fpca256_10,raw256,58,11,3,sensitivity,0.3571428571428571
common,fpca256_10,raw256,58,11,3,specificity,-0.4444444444444445
common,fpca256_10,raw256,59,11,4,roc_auc,0.00809716599190291
common,fpca256_10,raw256,59,11,4,sensitivity,0.46153846153846156
common,fpca256_10,raw256,59,11,4,specificity,-0.4210526315789474
common,fpca256_10,raw256,60,12,0,roc_auc,0.180392156862745
common,fpca256_10,raw256,60,12,0,sensitivity,0.33333333333333337
common,fpca256_10,raw256,60,12,0,specificity,-0.23529411764705882
common,fpca256_10,raw256,61,12,1,roc_auc,0.02631578947368418
common,fpca256_10,raw256,61,12,1,sensitivity,0.21428571428571436
common,fpca256_10,raw256,61,12,1,specificity,-0.10526315789473684
common,fpca256_10,raw256,62,12,2,roc_auc,0.13533834586466165
common,fpca256_10,raw256,62,12,2,sensitivity,0.3571428571428572
common,fpca256_10,raw256,62,12,2,specificity,-0.15789473684210525
common,fpca256_10,raw256,63,12,3,roc_auc,-0.05357142857142849
common,fpca256_10,raw256,63,12,3,sensitivity,0.3571428571428571
common,fpca256_10,raw256,63,12,3,specificity,-0.65
common,fpca256_10,raw256,64,12,4,roc_auc,-0.028340080971659964
common,fpca256_10,raw256,64,12,4,sensitivity,0.15384615384615385
common,fpca256_10,raw256,64,12,4,specificity,-0.4210526315789474
common,fpca256_10,raw256,65,13,0,roc_auc,0.13888888888888895
common,fpca256_10,raw256,65,13,0,sensitivity,0.6428571428571428
common,fpca256_10,raw256,65,13,0,specificity,-0.5555555555555556
common,fpca256_10,raw256,66,13,1,roc_auc,-0.023333333333333317
common,fpca256_10,raw256,66,13,1,sensitivity,0.20000000000000007
common,fpca256_10,raw256,66,13,1,specificity,-0.45
common,fpca256_10,raw256,67,13,2,roc_auc,-0.03007518796992492
common,fpca256_10,raw256,67,13,2,sensitivity,0.2142857142857143
common,fpca256_10,raw256,67,13,2,specificity,-0.47368421052631576
common,fpca256_10,raw256,68,13,3,roc_auc,0.18487394957983183
common,fpca256_10,raw256,68,13,3,sensitivity,0.2142857142857143
common,fpca256_10,raw256,68,13,3,specificity,-0.05882352941176472
common,fpca256_10,raw256,69,13,4,roc_auc,-0.11153846153846159
common,fpca256_10,raw256,69,13,4,sensitivity,0.15384615384615385
common,fpca256_10,raw256,69,13,4,specificity,-0.19999999999999996
common,fpca256_10,raw256,70,14,0,roc_auc,0.021052631578947323
common,fpca256_10,raw256,70,14,0,sensitivity,0.33333333333333337
common,fpca256_10,raw256,70,14,0,specificity,-0.5789473684210527
common,fpca256_10,raw256,71,14,1,roc_auc,0.015873015873015928
common,fpca256_10,raw256,71,14,1,sensitivity,0.0714285714285714
common,fpca256_10,raw256,71,14,1,specificity,-0.16666666666666669
common,fpca256_10,raw256,72,14,2,roc_auc,-0.134920634920635
common,fpca256_10,raw256,72,14,2,sensitivity,0.4285714285714286
common,fpca256_10,raw256,72,14,2,specificity,-0.33333333333333337
common,fpca256_10,raw256,73,14,3,roc_auc,0.017857142857142905
common,fpca256_10,raw256,73,14,3,sensitivity,0.6428571428571429
common,fpca256_10,raw256,73,14,3,specificity,-0.44999999999999996
common,fpca256_10,raw256,74,14,4,roc_auc,0.19838056680161942
common,fpca256_10,raw256,74,14,4,sensitivity,0.5384615384615384
common,fpca256_10,raw256,74,14,4,specificity,-0.2631578947368421
common,fpca256_10,raw256,75,15,0,roc_auc,0.011278195488721776
common,fpca256_10,raw256,75,15,0,sensitivity,0.2142857142857143
common,fpca256_10,raw256,75,15,0,specificity,-0.15789473684210525
common,fpca256_10,raw256,76,15,1,roc_auc,-0.023809523809523836
common,fpca256_10,raw256,76,15,1,sensitivity,0.2857142857142857
common,fpca256_10,raw256,76,15,1,specificity,-0.33333333333333337
common,fpca256_10,raw256,77,15,2,roc_auc,0.17543859649122817
common,fpca256_10,raw256,77,15,2,sensitivity,0.4666666666666667
common,fpca256_10,raw256,77,15,2,specificity,-0.4210526315789474
common,fpca256_10,raw256,78,15,3,roc_auc,-0.018796992481203034
common,fpca256_10,raw256,78,15,3,sensitivity,0.1428571428571429
common,fpca256_10,raw256,78,15,3,specificity,-0.42105263157894735
common,fpca256_10,raw256,79,15,4,roc_auc,-0.09716599190283393
common,fpca256_10,raw256,79,15,4,sensitivity,0.3076923076923077
common,fpca256_10,raw256,79,15,4,specificity,-0.47368421052631576
common,fpca256_10,raw256,80,16,0,roc_auc,-0.12857142857142856
common,fpca256_10,raw256,80,16,0,sensitivity,0.4285714285714286
common,fpca256_10,raw256,80,16,0,specificity,-0.65
common,fpca256_10,raw256,81,16,1,roc_auc,0.08403361344537807
common,fpca256_10,raw256,81,16,1,sensitivity,0.2857142857142857
common,fpca256_10,raw256,81,16,1,specificity,-0.11764705882352944
common,fpca256_10,raw256,82,16,2,roc_auc,-0.0035087719298245723
common,fpca256_10,raw256,82,16,2,sensitivity,0.4
common,fpca256_10,raw256,82,16,2,specificity,-0.3157894736842105
common,fpca256_10,raw256,83,16,3,roc_auc,0.03214285714285725
common,fpca256_10,raw256,83,16,3,sensitivity,0.2857142857142857
common,fpca256_10,raw256,83,16,3,specificity,-0.35
common,fpca256_10,raw256,84,16,4,roc_auc,0.0726495726495725
common,fpca256_10,raw256,84,16,4,sensitivity,0.3076923076923077
common,fpca256_10,raw256,84,16,4,specificity,-0.3333333333333333
common,fpca256_10,raw256,85,17,0,roc_auc,0.06071428571428583
common,fpca256_10,raw256,85,17,0,sensitivity,0.3571428571428571
common,fpca256_10,raw256,85,17,0,specificity,-0.3
common,fpca256_10,raw256,86,17,1,roc_auc,-0.00793650793650802
common,fpca256_10,raw256,86,17,1,sensitivity,0.4285714285714286
common,fpca256_10,raw256,86,17,1,specificity,-0.2222222222222222
common,fpca256_10,raw256,87,17,2,roc_auc,-0.03928571428571426
common,fpca256_10,raw256,87,17,2,sensitivity,0.2857142857142857
common,fpca256_10,raw256,87,17,2,specificity,-0.4
common,fpca256_10,raw256,88,17,3,roc_auc,0.04621848739495804
common,fpca256_10,raw256,88,17,3,sensitivity,0.4285714285714286
common,fpca256_10,raw256,88,17,3,specificity,-0.5882352941176471
common,fpca256_10,raw256,89,17,4,roc_auc,0.2443609022556391
common,fpca256_10,raw256,89,17,4,sensitivity,0.2857142857142857
common,fpca256_10,raw256,89,17,4,specificity,-0.21052631578947367
common,fpca256_10,raw256,90,18,0,roc_auc,0.06015037593984962
common,fpca256_10,raw256,90,18,0,sensitivity,0.5714285714285714
common,fpca256_10,raw256,90,18,0,specificity,-0.5789473684210527
common,fpca256_10,raw256,91,18,1,roc_auc,0.011904761904761862
common,fpca256_10,raw256,91,18,1,sensitivity,0.4285714285714286
common,fpca256_10,raw256,91,18,1,specificity,-0.3333333333333333
common,fpca256_10,raw256,92,18,2,roc_auc,0.09663865546218486
common,fpca256_10,raw256,92,18,2,sensitivity,0.2142857142857143
common,fpca256_10,raw256,92,18,2,specificity,0.0
common,fpca256_10,raw256,93,18,3,roc_auc,0.0842105263157894
common,fpca256_10,raw256,93,18,3,sensitivity,0.33333333333333337
common,fpca256_10,raw256,93,18,3,specificity,-0.10526315789473684
common,fpca256_10,raw256,94,18,4,roc_auc,-0.19780219780219777
common,fpca256_10,raw256,94,18,4,sensitivity,-0.07692307692307698
common,fpca256_10,raw256,94,18,4,specificity,-0.09523809523809523
common,fpca256_10,raw256,95,19,0,roc_auc,0.21052631578947362
common,fpca256_10,raw256,95,19,0,sensitivity,0.4285714285714286
common,fpca256_10,raw256,95,19,0,specificity,-0.368421052631579
common,fpca256_10,raw256,96,19,1,roc_auc,0.003968253968254065
common,fpca256_10,raw256,96,19,1,sensitivity,0.3571428571428572
common,fpca256_10,raw256,96,19,1,specificity,-0.38888888888888884
common,fpca256_10,raw256,97,19,2,roc_auc,-0.04761904761904767
common,fpca256_10,raw256,97,19,2,sensitivity,0.2857142857142857
common,fpca256_10,raw256,97,19,2,specificity,-0.6666666666666666
common,fpca256_10,raw256,98,19,3,roc_auc,0.1087719298245613
common,fpca256_10,raw256,98,19,3,sensitivity,0.4666666666666667
common,fpca256_10,raw256,98,19,3,specificity,-0.21052631578947373
common,fpca256_10,raw256,99,19,4,roc_auc,0.007692307692307776
common,fpca256_10,raw256,99,19,4,sensitivity,0.23076923076923084
common,fpca256_10,raw256,99,19,4,specificity,-0.15000000000000002
common,fpca256_15,raw100,0,0,0,roc_auc,-0.11428571428571432
common,fpca256_15,raw100,0,0,0,sensitivity,0.0
common,fpca256_15,raw100,0,0,0,specificity,-0.2857142857142857
common,fpca256_15,raw100,1,0,1,roc_auc,-0.0674603174603175
common,fpca256_15,raw100,1,0,1,sensitivity,-0.1428571428571429
common,fpca256_15,raw100,1,0,1,specificity,0.0
common,fpca256_15,raw100,2,0,2,roc_auc,0.04201680672268904
common,fpca256_15,raw100,2,0,2,sensitivity,0.2857142857142857
common,fpca256_15,raw100,2,0,2,specificity,-0.29411764705882354
common,fpca256_15,raw100,3,0,3,roc_auc,0.14661654135338353
common,fpca256_15,raw100,3,0,3,sensitivity,0.1428571428571429
common,fpca256_15,raw100,3,0,3,specificity,-0.15789473684210525
common,fpca256_15,raw100,4,0,4,roc_auc,-0.028340080971659853
common,fpca256_15,raw100,4,0,4,sensitivity,0.0
common,fpca256_15,raw100,4,0,4,specificity,-0.10526315789473684
common,fpca256_15,raw100,5,1,0,roc_auc,-0.023809523809523725
common,fpca256_15,raw100,5,1,0,sensitivity,0.0
common,fpca256_15,raw100,5,1,0,specificity,0.0
common,fpca256_15,raw100,6,1,1,roc_auc,-0.045112781954887216
common,fpca256_15,raw100,6,1,1,sensitivity,0.0714285714285714
common,fpca256_15,raw100,6,1,1,specificity,-0.05263157894736842
common,fpca256_15,raw100,7,1,2,roc_auc,-0.00793650793650802
common,fpca256_15,raw100,7,1,2,sensitivity,0.0714285714285714
common,fpca256_15,raw100,7,1,2,specificity,0.055555555555555525
common,fpca256_15,raw100,8,1,3,roc_auc,0.056140350877192935
common,fpca256_15,raw100,8,1,3,sensitivity,0.06666666666666665
common,fpca256_15,raw100,8,1,3,specificity,-0.21052631578947367
common,fpca256_15,raw100,9,1,4,roc_auc,-0.09999999999999998
common,fpca256_15,raw100,9,1,4,sensitivity,0.0
common,fpca256_15,raw100,9,1,4,specificity,0.10000000000000003
common,fpca256_15,raw100,10,2,0,roc_auc,-0.03759398496240607
common,fpca256_15,raw100,10,2,0,sensitivity,0.0714285714285714
common,fpca256_15,raw100,10,2,0,specificity,-0.10526315789473684
common,fpca256_15,raw100,11,2,1,roc_auc,0.0035087719298244613
common,fpca256_15,raw100,11,2,1,sensitivity,0.0
common,fpca256_15,raw100,11,2,1,specificity,0.10526315789473684
common,fpca256_15,raw100,12,2,2,roc_auc,0.03383458646616533
common,fpca256_15,raw100,12,2,2,sensitivity,0.2142857142857142
common,fpca256_15,raw100,12,2,2,specificity,0.0
common,fpca256_15,raw100,13,2,3,roc_auc,-0.10526315789473695
common,fpca256_15,raw100,13,2,3,sensitivity,0.07142857142857151
common,fpca256_15,raw100,13,2,3,specificity,0.0
common,fpca256_15,raw100,14,2,4,roc_auc,0.03846153846153855
common,fpca256_15,raw100,14,2,4,sensitivity,0.07692307692307687
common,fpca256_15,raw100,14,2,4,specificity,-0.11111111111111113
common,fpca256_15,raw100,15,3,0,roc_auc,-0.06349206349206338
common,fpca256_15,raw100,15,3,0,sensitivity,0.07142857142857151
common,fpca256_15,raw100,15,3,0,specificity,-0.055555555555555525
common,fpca256_15,raw100,16,3,1,roc_auc,-0.018796992481203034
common,fpca256_15,raw100,16,3,1,sensitivity,-0.07142857142857151
common,fpca256_15,raw100,16,3,1,specificity,-0.10526315789473684
common,fpca256_15,raw100,17,3,2,roc_auc,-0.04444444444444451
common,fpca256_15,raw100,17,3,2,sensitivity,0.0
common,fpca256_15,raw100,17,3,2,specificity,-0.1111111111111111
common,fpca256_15,raw100,18,3,3,roc_auc,0.13157894736842102
common,fpca256_15,raw100,18,3,3,sensitivity,0.2142857142857143
common,fpca256_15,raw100,18,3,3,specificity,-0.10526315789473689
common,fpca256_15,raw100,19,3,4,roc_auc,0.0038461538461538325
common,fpca256_15,raw100,19,3,4,sensitivity,0.15384615384615385
common,fpca256_15,raw100,19,3,4,specificity,-0.20000000000000007
common,fpca256_15,raw100,20,4,0,roc_auc,0.0
common,fpca256_15,raw100,20,4,0,sensitivity,0.0
common,fpca256_15,raw100,20,4,0,specificity,-0.2
common,fpca256_15,raw100,21,4,1,roc_auc,-0.02777777777777779
common,fpca256_15,raw100,21,4,1,sensitivity,-0.0714285714285714
common,fpca256_15,raw100,21,4,1,specificity,0.0
common,fpca256_15,raw100,22,4,2,roc_auc,0.022556390977443552
common,fpca256_15,raw100,22,4,2,sensitivity,0.1428571428571428
common,fpca256_15,raw100,22,4,2,specificity,0.0
common,fpca256_15,raw100,23,4,3,roc_auc,-0.023809523809523836
common,fpca256_15,raw100,23,4,3,sensitivity,0.1428571428571429
common,fpca256_15,raw100,23,4,3,specificity,-0.2222222222222222
common,fpca256_15,raw100,24,4,4,roc_auc,-0.026315789473684292
common,fpca256_15,raw100,24,4,4,sensitivity,0.0714285714285714
common,fpca256_15,raw100,24,4,4,specificity,-0.05263157894736842
common,fpca256_15,raw100,25,5,0,roc_auc,-0.003968253968254065
common,fpca256_15,raw100,25,5,0,sensitivity,0.0714285714285714
common,fpca256_15,raw100,25,5,0,specificity,-0.055555555555555525
common,fpca256_15,raw100,26,5,1,roc_auc,0.0
common,fpca256_15,raw100,26,5,1,sensitivity,0.0
common,fpca256_15,raw100,26,5,1,specificity,0.05263157894736842
common,fpca256_15,raw100,27,5,2,roc_auc,0.015151515151515138
common,fpca256_15,raw100,27,5,2,sensitivity,0.20000000000000007
common,fpca256_15,raw100,27,5,2,specificity,-0.18181818181818182
common,fpca256_15,raw100,28,5,3,roc_auc,-0.054621848739495826
common,fpca256_15,raw100,28,5,3,sensitivity,0.0
common,fpca256_15,raw100,28,5,3,specificity,-0.1764705882352941
common,fpca256_15,raw100,29,5,4,roc_auc,-0.11538461538461542
common,fpca256_15,raw100,29,5,4,sensitivity,-0.07692307692307687
common,fpca256_15,raw100,29,5,4,specificity,0.0
common,fpca256_15,raw100,30,6,0,roc_auc,-0.018796992481203034
common,fpca256_15,raw100,30,6,0,sensitivity,-0.0714285714285714
common,fpca256_15,raw100,30,6,0,specificity,0.05263157894736842
common,fpca256_15,raw100,31,6,1,roc_auc,0.03859649122807007
common,fpca256_15,raw100,31,6,1,sensitivity,0.13333333333333341
common,fpca256_15,raw100,31,6,1,specificity,-0.05263157894736842
common,fpca256_15,raw100,32,6,2,roc_auc,-0.03759398496240607
common,fpca256_15,raw100,32,6,2,sensitivity,0.0
common,fpca256_15,raw100,32,6,2,specificity,-0.10526315789473684
common,fpca256_15,raw100,33,6,3,roc_auc,0.08730158730158732
common,fpca256_15,raw100,33,6,3,sensitivity,0.2142857142857142
common,fpca256_15,raw100,33,6,3,specificity,-0.1111111111111111
common,fpca256_15,raw100,34,6,4,roc_auc,-0.03238866396761131
common,fpca256_15,raw100,34,6,4,sensitivity,0.07692307692307698
common,fpca256_15,raw100,34,6,4,specificity,-0.3684210526315789
common,fpca256_15,raw100,35,7,0,roc_auc,-0.017857142857142794
common,fpca256_15,raw100,35,7,0,sensitivity,-0.0714285714285714
common,fpca256_15,raw100,35,7,0,specificity,-0.04999999999999999
common,fpca256_15,raw100,36,7,1,roc_auc,0.003968253968253954
common,fpca256_15,raw100,36,7,1,sensitivity,0.0714285714285714
common,fpca256_15,raw100,36,7,1,specificity,-0.16666666666666663
common,fpca256_15,raw100,37,7,2,roc_auc,-0.04365079365079372
common,fpca256_15,raw100,37,7,2,sensitivity,0.0
common,fpca256_15,raw100,37,7,2,specificity,0.0
common,fpca256_15,raw100,38,7,3,roc_auc,-0.11904761904761907
common,fpca256_15,raw100,38,7,3,sensitivity,0.0714285714285714
common,fpca256_15,raw100,38,7,3,specificity,-0.22222222222222224
common,fpca256_15,raw100,39,7,4,roc_auc,0.125
common,fpca256_15,raw100,39,7,4,sensitivity,0.0
common,fpca256_15,raw100,39,7,4,specificity,-0.04999999999999999
common,fpca256_15,raw100,40,8,0,roc_auc,-0.12244897959183687
common,fpca256_15,raw100,40,8,0,sensitivity,0.0
common,fpca256_15,raw100,40,8,0,specificity,-0.047619047619047616
common,fpca256_15,raw100,41,8,1,roc_auc,0.059523809523809645
common,fpca256_15,raw100,41,8,1,sensitivity,0.3571428571428571
common,fpca256_15,raw100,41,8,1,specificity,-0.16666666666666669
common,fpca256_15,raw100,42,8,2,roc_auc,0.0
common,fpca256_15,raw100,42,8,2,sensitivity,0.1333333333333333
common,fpca256_15,raw100,42,8,2,specificity,-0.2222222222222222
common,fpca256_15,raw100,43,8,3,roc_auc,-0.023809523809523725
common,fpca256_15,raw100,43,8,3,sensitivity,0.0714285714285714
common,fpca256_15,raw100,43,8,3,specificity,0.0
common,fpca256_15,raw100,44,8,4,roc_auc,-0.02429149797570851
common,fpca256_15,raw100,44,8,4,sensitivity,-0.07692307692307687
common,fpca256_15,raw100,44,8,4,specificity,0.0
common,fpca256_15,raw100,45,9,0,roc_auc,0.08730158730158732
common,fpca256_15,raw100,45,9,0,sensitivity,0.0714285714285714
common,fpca256_15,raw100,45,9,0,specificity,-0.11111111111111113
common,fpca256_15,raw100,46,9,1,roc_auc,-0.033333333333333326
common,fpca256_15,raw100,46,9,1,sensitivity,0.06666666666666676
common,fpca256_15,raw100,46,9,1,specificity,-0.15000000000000002
common,fpca256_15,raw100,47,9,2,roc_auc,-0.08730158730158732
common,fpca256_15,raw100,47,9,2,sensitivity,0.0
common,fpca256_15,raw100,47,9,2,specificity,-0.11111111111111116
common,fpca256_15,raw100,48,9,3,roc_auc,-0.07500000000000007
common,fpca256_15,raw100,48,9,3,sensitivity,0.0
common,fpca256_15,raw100,48,9,3,specificity,-0.25000000000000006
common,fpca256_15,raw100,49,9,4,roc_auc,-0.042735042735042694
common,fpca256_15,raw100,49,9,4,sensitivity,0.07692307692307687
common,fpca256_15,raw100,49,9,4,specificity,-0.2777777777777778
common,fpca256_15,raw100,50,10,0,roc_auc,-0.06349206349206349
common,fpca256_15,raw100,50,10,0,sensitivity,0.0
common,fpca256_15,raw100,50,10,0,specificity,-0.2222222222222222
common,fpca256_15,raw100,51,10,1,roc_auc,-0.05882352941176472
common,fpca256_15,raw100,51,10,1,sensitivity,-0.0714285714285714
common,fpca256_15,raw100,51,10,1,specificity,-0.23529411764705882
common,fpca256_15,raw100,52,10,2,roc_auc,-0.0032467532467532756
common,fpca256_15,raw100,52,10,2,sensitivity,0.1428571428571429
common,fpca256_15,raw100,52,10,2,specificity,-0.18181818181818185
common,fpca256_15,raw100,53,10,3,roc_auc,-0.0357142857142857
common,fpca256_15,raw100,53,10,3,sensitivity,0.1428571428571428
common,fpca256_15,raw100,53,10,3,specificity,0.055555555555555525
common,fpca256_15,raw100,54,10,4,roc_auc,-0.018796992481202923
common,fpca256_15,raw100,54,10,4,sensitivity,0.0
common,fpca256_15,raw100,54,10,4,specificity,0.21052631578947367
common,fpca256_15,raw100,55,11,0,roc_auc,-0.043333333333333335
common,fpca256_15,raw100,55,11,0,sensitivity,-0.06666666666666665
common,fpca256_15,raw100,55,11,0,specificity,0.04999999999999999
common,fpca256_15,raw100,56,11,1,roc_auc,0.021008403361344463
common,fpca256_15,raw100,56,11,1,sensitivity,0.0714285714285714
common,fpca256_15,raw100,56,11,1,specificity,0.05882352941176472
common,fpca256_15,raw100,57,11,2,roc_auc,0.07499999999999996
common,fpca256_15,raw100,57,11,2,sensitivity,-0.07142857142857151
common,fpca256_15,raw100,57,11,2,specificity,-0.04999999999999999
common,fpca256_15,raw100,58,11,3,roc_auc,-0.059523809523809534
common,fpca256_15,raw100,58,11,3,sensitivity,0.0714285714285714
common,fpca256_15,raw100,58,11,3,specificity,-0.16666666666666669
common,fpca256_15,raw100,59,11,4,roc_auc,-0.08502024291497967
common,fpca256_15,raw100,59,11,4,sensitivity,0.07692307692307698
common,fpca256_15,raw100,59,11,4,specificity,0.0
common,fpca256_15,raw100,60,12,0,roc_auc,0.07843137254901955
common,fpca256_15,raw100,60,12,0,sensitivity,0.06666666666666665
common,fpca256_15,raw100,60,12,0,specificity,0.11764705882352938
common,fpca256_15,raw100,61,12,1,roc_auc,-0.018796992481202923
common,fpca256_15,raw100,61,12,1,sensitivity,0.0714285714285714
common,fpca256_15,raw100,61,12,1,specificity,0.052631578947368474
common,fpca256_15,raw100,62,12,2,roc_auc,0.06766917293233088
common,fpca256_15,raw100,62,12,2,sensitivity,0.0
common,fpca256_15,raw100,62,12,2,specificity,0.10526315789473684
common,fpca256_15,raw100,63,12,3,roc_auc,-0.13214285714285712
common,fpca256_15,raw100,63,12,3,sensitivity,0.0714285714285714
common,fpca256_15,raw100,63,12,3,specificity,-0.24999999999999997
common,fpca256_15,raw100,64,12,4,roc_auc,-0.10931174089068818
common,fpca256_15,raw100,64,12,4,sensitivity,0.23076923076923084
common,fpca256_15,raw100,64,12,4,specificity,-0.21052631578947367
common,fpca256_15,raw100,65,13,0,roc_auc,0.06349206349206349
common,fpca256_15,raw100,65,13,0,sensitivity,0.0714285714285714
common,fpca256_15,raw100,65,13,0,specificity,-0.05555555555555558
common,fpca256_15,raw100,66,13,1,roc_auc,-0.036666666666666625
common,fpca256_15,raw100,66,13,1,sensitivity,0.06666666666666665
common,fpca256_15,raw100,66,13,1,specificity,-0.39999999999999997
common,fpca256_15,raw100,67,13,2,roc_auc,-0.1278195488721806
common,fpca256_15,raw100,67,13,2,sensitivity,0.0714285714285714
common,fpca256_15,raw100,67,13,2,specificity,-0.10526315789473684
common,fpca256_15,raw100,68,13,3,roc_auc,0.134453781512605
common,fpca256_15,raw100,68,13,3,sensitivity,0.0
common,fpca256_15,raw100,68,13,3,specificity,-0.05882352941176472
common,fpca256_15,raw100,69,13,4,roc_auc,-0.038461538461538325
common,fpca256_15,raw100,69,13,4,sensitivity,0.23076923076923084
common,fpca256_15,raw100,69,13,4,specificity,-0.15000000000000002
common,fpca256_15,raw100,70,14,0,roc_auc,0.024561403508772006
common,fpca256_15,raw100,70,14,0,sensitivity,0.1333333333333333
common,fpca256_15,raw100,70,14,0,specificity,-0.2631578947368421
common,fpca256_15,raw100,71,14,1,roc_auc,-0.023809523809523725
common,fpca256_15,raw100,71,14,1,sensitivity,0.0
common,fpca256_15,raw100,71,14,1,specificity,-0.1111111111111111
common,fpca256_15,raw100,72,14,2,roc_auc,-0.12301587301587302
common,fpca256_15,raw100,72,14,2,sensitivity,0.2142857142857143
common,fpca256_15,raw100,72,14,2,specificity,-0.16666666666666666
common,fpca256_15,raw100,73,14,3,roc_auc,-0.04999999999999999
common,fpca256_15,raw100,73,14,3,sensitivity,0.3571428571428572
common,fpca256_15,raw100,73,14,3,specificity,-0.15
common,fpca256_15,raw100,74,14,4,roc_auc,0.004048582995951344
common,fpca256_15,raw100,74,14,4,sensitivity,-0.07692307692307687
common,fpca256_15,raw100,74,14,4,specificity,-0.10526315789473684
common,fpca256_15,raw100,75,15,0,roc_auc,-0.10150375939849632
common,fpca256_15,raw100,75,15,0,sensitivity,0.0
common,fpca256_15,raw100,75,15,0,specificity,-0.2631578947368421
common,fpca256_15,raw100,76,15,1,roc_auc,-0.09523809523809523
common,fpca256_15,raw100,76,15,1,sensitivity,0.07142857142857151
common,fpca256_15,raw100,76,15,1,specificity,-0.16666666666666669
common,fpca256_15,raw100,77,15,2,roc_auc,0.11228070175438598
common,fpca256_15,raw100,77,15,2,sensitivity,0.06666666666666665
common,fpca256_15,raw100,77,15,2,specificity,-0.05263157894736842
common,fpca256_15,raw100,78,15,3,roc_auc,-0.05263157894736836
common,fpca256_15,raw100,78,15,3,sensitivity,0.0
common,fpca256_15,raw100,78,15,3,specificity,-0.21052631578947367
common,fpca256_15,raw100,79,15,4,roc_auc,-0.08097165991902833
common,fpca256_15,raw100,79,15,4,sensitivity,0.07692307692307687
common,fpca256_15,raw100,79,15,4,specificity,-0.31578947368421056
common,fpca256_15,raw100,80,16,0,roc_auc,-0.13571428571428568
common,fpca256_15,raw100,80,16,0,sensitivity,0.0
common,fpca256_15,raw100,80,16,0,specificity,-0.2
common,fpca256_15,raw100,81,16,1,roc_auc,0.01680672268907557
common,fpca256_15,raw100,81,16,1,sensitivity,0.0714285714285714
common,fpca256_15,raw100,81,16,1,specificity,0.05882352941176466
common,fpca256_15,raw100,82,16,2,roc_auc,-0.038596491228070184
common,fpca256_15,raw100,82,16,2,sensitivity,0.06666666666666665
common,fpca256_15,raw100,82,16,2,specificity,0.10526315789473684
common,fpca256_15,raw100,83,16,3,roc_auc,-0.014285714285714346
common,fpca256_15,raw100,83,16,3,sensitivity,0.0
common,fpca256_15,raw100,83,16,3,specificity,-0.20000000000000007
common,fpca256_15,raw100,84,16,4,roc_auc,0.09401709401709402
common,fpca256_15,raw100,84,16,4,sensitivity,-0.15384615384615385
common,fpca256_15,raw100,84,16,4,specificity,0.11111111111111116
common,fpca256_15,raw100,85,17,0,roc_auc,0.014285714285714235
common,fpca256_15,raw100,85,17,0,sensitivity,0.0714285714285714
common,fpca256_15,raw100,85,17,0,specificity,-0.20000000000000007
common,fpca256_15,raw100,86,17,1,roc_auc,0.07142857142857145
common,fpca256_15,raw100,86,17,1,sensitivity,0.2857142857142857
common,fpca256_15,raw100,86,17,1,specificity,0.0
common,fpca256_15,raw100,87,17,2,roc_auc,-0.017857142857142905
common,fpca256_15,raw100,87,17,2,sensitivity,0.07142857142857151
common,fpca256_15,raw100,87,17,2,specificity,-0.25
common,fpca256_15,raw100,88,17,3,roc_auc,-0.04201680672268915
common,fpca256_15,raw100,88,17,3,sensitivity,0.2142857142857143
common,fpca256_15,raw100,88,17,3,specificity,-0.3529411764705882
common,fpca256_15,raw100,89,17,4,roc_auc,0.048872180451127734
common,fpca256_15,raw100,89,17,4,sensitivity,0.0714285714285714
common,fpca256_15,raw100,89,17,4,specificity,0.05263157894736842
common,fpca256_15,raw100,90,18,0,roc_auc,0.045112781954887216
common,fpca256_15,raw100,90,18,0,sensitivity,0.0714285714285714
common,fpca256_15,raw100,90,18,0,specificity,-0.15789473684210525
common,fpca256_15,raw100,91,18,1,roc_auc,0.015873015873015928
common,fpca256_15,raw100,91,18,1,sensitivity,0.2142857142857143
common,fpca256_15,raw100,91,18,1,specificity,-0.16666666666666663
common,fpca256_15,raw100,92,18,2,roc_auc,0.021008403361344574
common,fpca256_15,raw100,92,18,2,sensitivity,0.0714285714285714
common,fpca256_15,raw100,92,18,2,specificity,-0.05882352941176472
common,fpca256_15,raw100,93,18,3,roc_auc,0.024561403508771895
common,fpca256_15,raw100,93,18,3,sensitivity,0.0
common,fpca256_15,raw100,93,18,3,specificity,0.10526315789473684
common,fpca256_15,raw100,94,18,4,roc_auc,-0.11721611721611724
common,fpca256_15,raw100,94,18,4,sensitivity,-0.23076923076923073
common,fpca256_15,raw100,94,18,4,specificity,0.047619047619047616
common,fpca256_15,raw100,95,19,0,roc_auc,-0.048872180451127734
common,fpca256_15,raw100,95,19,0,sensitivity,0.07142857142857151
common,fpca256_15,raw100,95,19,0,specificity,0.10526315789473684
common,fpca256_15,raw100,96,19,1,roc_auc,-0.05952380952380942
common,fpca256_15,raw100,96,19,1,sensitivity,-0.0714285714285714
common,fpca256_15,raw100,96,19,1,specificity,-0.055555555555555525
common,fpca256_15,raw100,97,19,2,roc_auc,0.02777777777777779
common,fpca256_15,raw100,97,19,2,sensitivity,0.1428571428571429
common,fpca256_15,raw100,97,19,2,specificity,-0.33333333333333337
common,fpca256_15,raw100,98,19,3,roc_auc,0.0842105263157894
common,fpca256_15,raw100,98,19,3,sensitivity,0.1333333333333333
common,fpca256_15,raw100,98,19,3,specificity,0.15789473684210525
common,fpca256_15,raw100,99,19,4,roc_auc,0.019230769230769273
common,fpca256_15,raw100,99,19,4,sensitivity,0.07692307692307687
common,fpca256_15,raw100,99,19,4,specificity,-0.04999999999999999
common,fpca256_15,raw256,0,0,0,roc_auc,-0.06984126984126993
common,fpca256_15,raw256,0,0,0,sensitivity,0.06666666666666665
common,fpca256_15,raw256,0,0,0,specificity,-0.4761904761904762
common,fpca256_15,raw256,1,0,1,roc_auc,-0.047619047619047616
common,fpca256_15,raw256,1,0,1,sensitivity,0.0
common,fpca256_15,raw256,1,0,1,specificity,0.05555555555555558
common,fpca256_15,raw256,2,0,2,roc_auc,0.03361344537815125
common,fpca256_15,raw256,2,0,2,sensitivity,0.4285714285714286
common,fpca256_15,raw256,2,0,2,specificity,-0.5294117647058822
common,fpca256_15,raw256,3,0,3,roc_auc,0.12030075187969935
common,fpca256_15,raw256,3,0,3,sensitivity,0.2857142857142857
common,fpca256_15,raw256,3,0,3,specificity,-0.3684210526315789
common,fpca256_15,raw256,4,0,4,roc_auc,0.09311740890688258
common,fpca256_15,raw256,4,0,4,sensitivity,0.30769230769230765
common,fpca256_15,raw256,4,0,4,specificity,-0.47368421052631576
common,fpca256_15,raw256,5,1,0,roc_auc,0.051587301587301626
common,fpca256_15,raw256,5,1,0,sensitivity,0.2142857142857142
common,fpca256_15,raw256,5,1,0,specificity,-0.44444444444444453
common,fpca256_15,raw256,6,1,1,roc_auc,-0.015037593984962405
common,fpca256_15,raw256,6,1,1,sensitivity,0.2142857142857143
common,fpca256_15,raw256,6,1,1,specificity,-0.3684210526315789
common,fpca256_15,raw256,7,1,2,roc_auc,0.0793650793650793
common,fpca256_15,raw256,7,1,2,sensitivity,0.4285714285714286
common,fpca256_15,raw256,7,1,2,specificity,-0.27777777777777785
common,fpca256_15,raw256,8,1,3,roc_auc,0.08771929824561397
common,fpca256_15,raw256,8,1,3,sensitivity,0.2666666666666666
common,fpca256_15,raw256,8,1,3,specificity,-0.3157894736842105
common,fpca256_15,raw256,9,1,4,roc_auc,0.019230769230769273
common,fpca256_15,raw256,9,1,4,sensitivity,0.23076923076923084
common,fpca256_15,raw256,9,1,4,specificity,-0.10000000000000003
common,fpca256_15,raw256,10,2,0,roc_auc,-0.03759398496240607
common,fpca256_15,raw256,10,2,0,sensitivity,0.1428571428571429
common,fpca256_15,raw256,10,2,0,specificity,-0.21052631578947373
common,fpca256_15,raw256,11,2,1,roc_auc,0.06315789473684208
common,fpca256_15,raw256,11,2,1,sensitivity,0.06666666666666665
common,fpca256_15,raw256,11,2,1,specificity,0.05263157894736842
common,fpca256_15,raw256,12,2,2,roc_auc,0.16165413533834583
common,fpca256_15,raw256,12,2,2,sensitivity,0.49999999999999994
common,fpca256_15,raw256,12,2,2,specificity,-0.1578947368421053
common,fpca256_15,raw256,13,2,3,roc_auc,-0.1278195488721805
common,fpca256_15,raw256,13,2,3,sensitivity,0.2857142857142857
common,fpca256_15,raw256,13,2,3,specificity,-0.3157894736842105
common,fpca256_15,raw256,14,2,4,roc_auc,0.14102564102564108
common,fpca256_15,raw256,14,2,4,sensitivity,0.3076923076923077
common,fpca256_15,raw256,14,2,4,specificity,-0.33333333333333337
common,fpca256_15,raw256,15,3,0,roc_auc,0.011904761904761973
common,fpca256_15,raw256,15,3,0,sensitivity,0.2857142857142857
common,fpca256_15,raw256,15,3,0,specificity,-0.49999999999999994
common,fpca256_15,raw256,16,3,1,roc_auc,0.06390977443609025
common,fpca256_15,raw256,16,3,1,sensitivity,0.0
common,fpca256_15,raw256,16,3,1,specificity,-0.15789473684210525
common,fpca256_15,raw256,17,3,2,roc_auc,0.007407407407407418
common,fpca256_15,raw256,17,3,2,sensitivity,0.4
common,fpca256_15,raw256,17,3,2,specificity,-0.33333333333333337
common,fpca256_15,raw256,18,3,3,roc_auc,0.14661654135338342
common,fpca256_15,raw256,18,3,3,sensitivity,0.4285714285714286
common,fpca256_15,raw256,18,3,3,specificity,-0.2631578947368421
common,fpca256_15,raw256,19,3,4,roc_auc,0.02692307692307694
common,fpca256_15,raw256,19,3,4,sensitivity,0.3076923076923077
common,fpca256_15,raw256,19,3,4,specificity,-0.35
common,fpca256_15,raw256,20,4,0,roc_auc,-0.03214285714285714
common,fpca256_15,raw256,20,4,0,sensitivity,0.2142857142857142
common,fpca256_15,raw256,20,4,0,specificity,-0.3
common,fpca256_15,raw256,21,4,1,roc_auc,-0.05555555555555547
common,fpca256_15,raw256,21,4,1,sensitivity,0.1428571428571429
common,fpca256_15,raw256,21,4,1,specificity,-0.16666666666666663
common,fpca256_15,raw256,22,4,2,roc_auc,0.0714285714285714
common,fpca256_15,raw256,22,4,2,sensitivity,0.3571428571428571
common,fpca256_15,raw256,22,4,2,specificity,-0.3157894736842105
common,fpca256_15,raw256,23,4,3,roc_auc,0.04761904761904767
common,fpca256_15,raw256,23,4,3,sensitivity,0.3571428571428572
common,fpca256_15,raw256,23,4,3,specificity,-0.3333333333333333
common,fpca256_15,raw256,24,4,4,roc_auc,0.05263157894736836
common,fpca256_15,raw256,24,4,4,sensitivity,0.4285714285714286
common,fpca256_15,raw256,24,4,4,specificity,-0.368421052631579
common,fpca256_15,raw256,25,5,0,roc_auc,0.059523809523809534
common,fpca256_15,raw256,25,5,0,sensitivity,0.2857142857142857
common,fpca256_15,raw256,25,5,0,specificity,-0.16666666666666663
common,fpca256_15,raw256,26,5,1,roc_auc,-0.022556390977443552
common,fpca256_15,raw256,26,5,1,sensitivity,0.0714285714285714
common,fpca256_15,raw256,26,5,1,specificity,-0.2631578947368421
common,fpca256_15,raw256,27,5,2,roc_auc,0.045454545454545525
common,fpca256_15,raw256,27,5,2,sensitivity,0.5333333333333333
common,fpca256_15,raw256,27,5,2,specificity,-0.5454545454545454
common,fpca256_15,raw256,28,5,3,roc_auc,0.06302521008403361
common,fpca256_15,raw256,28,5,3,sensitivity,0.5
common,fpca256_15,raw256,28,5,3,specificity,-0.23529411764705882
common,fpca256_15,raw256,29,5,4,roc_auc,-0.029914529914529808
common,fpca256_15,raw256,29,5,4,sensitivity,0.3846153846153847
common,fpca256_15,raw256,29,5,4,specificity,-0.27777777777777785
common,fpca256_15,raw256,30,6,0,roc_auc,0.06015037593984962
common,fpca256_15,raw256,30,6,0,sensitivity,0.1428571428571429
common,fpca256_15,raw256,30,6,0,specificity,-0.10526315789473684
common,fpca256_15,raw256,31,6,1,roc_auc,0.04561403508771922
common,fpca256_15,raw256,31,6,1,sensitivity,0.20000000000000007
common,fpca256_15,raw256,31,6,1,specificity,-0.05263157894736842
common,fpca256_15,raw256,32,6,2,roc_auc,0.015037593984962294
common,fpca256_15,raw256,32,6,2,sensitivity,0.4285714285714286
common,fpca256_15,raw256,32,6,2,specificity,-0.3157894736842105
common,fpca256_15,raw256,33,6,3,roc_auc,-0.039682539682539764
common,fpca256_15,raw256,33,6,3,sensitivity,0.42857142857142855
common,fpca256_15,raw256,33,6,3,specificity,-0.4444444444444445
common,fpca256_15,raw256,34,6,4,roc_auc,-0.03238866396761131
common,fpca256_15,raw256,34,6,4,sensitivity,0.23076923076923084
common,fpca256_15,raw256,34,6,4,specificity,-0.47368421052631576
common,fpca256_15,raw256,35,7,0,roc_auc,-0.021428571428571352
common,fpca256_15,raw256,35,7,0,sensitivity,0.0
common,fpca256_15,raw256,35,7,0,specificity,-0.09999999999999998
common,fpca256_15,raw256,36,7,1,roc_auc,0.134920634920635
common,fpca256_15,raw256,36,7,1,sensitivity,0.5714285714285714
common,fpca256_15,raw256,36,7,1,specificity,-0.38888888888888884
common,fpca256_15,raw256,37,7,2,roc_auc,-0.011904761904761751
common,fpca256_15,raw256,37,7,2,sensitivity,0.2142857142857143
common,fpca256_15,raw256,37,7,2,specificity,-0.22222222222222227
common,fpca256_15,raw256,38,7,3,roc_auc,-0.05555555555555558
common,fpca256_15,raw256,38,7,3,sensitivity,0.3571428571428571
common,fpca256_15,raw256,38,7,3,specificity,-0.6111111111111112
common,fpca256_15,raw256,39,7,4,roc_auc,0.09285714285714286
common,fpca256_15,raw256,39,7,4,sensitivity,0.2142857142857143
common,fpca256_15,raw256,39,7,4,specificity,-0.39999999999999997
common,fpca256_15,raw256,40,8,0,roc_auc,-0.04761904761904767
common,fpca256_15,raw256,40,8,0,sensitivity,0.0714285714285714
common,fpca256_15,raw256,40,8,0,specificity,-0.4761904761904762
common,fpca256_15,raw256,41,8,1,roc_auc,-0.01984126984126977
common,fpca256_15,raw256,41,8,1,sensitivity,0.4285714285714286
common,fpca256_15,raw256,41,8,1,specificity,-0.3333333333333333
common,fpca256_15,raw256,42,8,2,roc_auc,0.11851851851851858
common,fpca256_15,raw256,42,8,2,sensitivity,0.2666666666666667
common,fpca256_15,raw256,42,8,2,specificity,-0.2777777777777778
common,fpca256_15,raw256,43,8,3,roc_auc,0.08730158730158744
common,fpca256_15,raw256,43,8,3,sensitivity,0.42857142857142855
common,fpca256_15,raw256,43,8,3,specificity,-0.2777777777777778
common,fpca256_15,raw256,44,8,4,roc_auc,0.020242914979757054
common,fpca256_15,raw256,44,8,4,sensitivity,0.3076923076923077
common,fpca256_15,raw256,44,8,4,specificity,-0.31578947368421056
common,fpca256_15,raw256,45,9,0,roc_auc,0.11904761904761907
common,fpca256_15,raw256,45,9,0,sensitivity,0.2857142857142857
common,fpca256_15,raw256,45,9,0,specificity,-0.38888888888888895
common,fpca256_15,raw256,46,9,1,roc_auc,-0.00666666666666671
common,fpca256_15,raw256,46,9,1,sensitivity,0.2666666666666667
common,fpca256_15,raw256,46,9,1,specificity,-0.35
common,fpca256_15,raw256,47,9,2,roc_auc,-0.031746031746031744
common,fpca256_15,raw256,47,9,2,sensitivity,0.28571428571428575
common,fpca256_15,raw256,47,9,2,specificity,-0.38888888888888895
common,fpca256_15,raw256,48,9,3,roc_auc,-0.0714285714285714
common,fpca256_15,raw256,48,9,3,sensitivity,0.1428571428571428
common,fpca256_15,raw256,48,9,3,specificity,-0.25000000000000006
common,fpca256_15,raw256,49,9,4,roc_auc,-0.004273504273504258
common,fpca256_15,raw256,49,9,4,sensitivity,0.07692307692307687
common,fpca256_15,raw256,49,9,4,specificity,-0.44444444444444453
common,fpca256_15,raw256,50,10,0,roc_auc,0.0
common,fpca256_15,raw256,50,10,0,sensitivity,0.4285714285714286
common,fpca256_15,raw256,50,10,0,specificity,-0.5
common,fpca256_15,raw256,51,10,1,roc_auc,-0.04621848739495804
common,fpca256_15,raw256,51,10,1,sensitivity,0.0
common,fpca256_15,raw256,51,10,1,specificity,-0.35294117647058826
common,fpca256_15,raw256,52,10,2,roc_auc,0.038961038961038974
common,fpca256_15,raw256,52,10,2,sensitivity,0.2857142857142857
common,fpca256_15,raw256,52,10,2,specificity,-0.40909090909090906
common,fpca256_15,raw256,53,10,3,roc_auc,0.04761904761904756
common,fpca256_15,raw256,53,10,3,sensitivity,0.49999999999999994
common,fpca256_15,raw256,53,10,3,specificity,-0.38888888888888895
common,fpca256_15,raw256,54,10,4,roc_auc,0.1278195488721805
common,fpca256_15,raw256,54,10,4,sensitivity,0.1428571428571428
common,fpca256_15,raw256,54,10,4,specificity,0.0
common,fpca256_15,raw256,55,11,0,roc_auc,-0.01333333333333342
common,fpca256_15,raw256,55,11,0,sensitivity,0.20000000000000007
common,fpca256_15,raw256,55,11,0,specificity,-0.24999999999999994
common,fpca256_15,raw256,56,11,1,roc_auc,0.1344537815126049
common,fpca256_15,raw256,56,11,1,sensitivity,0.35714285714285715
common,fpca256_15,raw256,56,11,1,specificity,-0.11764705882352944
common,fpca256_15,raw256,57,11,2,roc_auc,0.12142857142857144
common,fpca256_15,raw256,57,11,2,sensitivity,0.42857142857142855
common,fpca256_15,raw256,57,11,2,specificity,-0.35000000000000003
common,fpca256_15,raw256,58,11,3,roc_auc,-0.059523809523809534
common,fpca256_15,raw256,58,11,3,sensitivity,0.3571428571428571
common,fpca256_15,raw256,58,11,3,specificity,-0.4444444444444445
common,fpca256_15,raw256,59,11,4,roc_auc,0.020242914979757165
common,fpca256_15,raw256,59,11,4,sensitivity,0.46153846153846156
common,fpca256_15,raw256,59,11,4,specificity,-0.31578947368421056
common,fpca256_15,raw256,60,12,0,roc_auc,0.17254901960784308
common,fpca256_15,raw256,60,12,0,sensitivity,0.33333333333333337
common,fpca256_15,raw256,60,12,0,specificity,0.0
common,fpca256_15,raw256,61,12,1,roc_auc,0.03383458646616544
common,fpca256_15,raw256,61,12,1,sensitivity,0.28571428571428575
common,fpca256_15,raw256,61,12,1,specificity,-0.1578947368421052
common,fpca256_15,raw256,62,12,2,roc_auc,0.12030075187969924
common,fpca256_15,raw256,62,12,2,sensitivity,0.3571428571428572
common,fpca256_15,raw256,62,12,2,specificity,-0.05263157894736842
common,fpca256_15,raw256,63,12,3,roc_auc,-0.06428571428571428
common,fpca256_15,raw256,63,12,3,sensitivity,0.3571428571428571
common,fpca256_15,raw256,63,12,3,specificity,-0.65
common,fpca256_15,raw256,64,12,4,roc_auc,-0.05668016194331982
common,fpca256_15,raw256,64,12,4,sensitivity,0.23076923076923084
common,fpca256_15,raw256,64,12,4,specificity,-0.4210526315789474
common,fpca256_15,raw256,65,13,0,roc_auc,0.15873015873015872
common,fpca256_15,raw256,65,13,0,sensitivity,0.6428571428571428
common,fpca256_15,raw256,65,13,0,specificity,-0.3333333333333333
common,fpca256_15,raw256,66,13,1,roc_auc,-0.030000000000000027
common,fpca256_15,raw256,66,13,1,sensitivity,0.20000000000000007
common,fpca256_15,raw256,66,13,1,specificity,-0.45
common,fpca256_15,raw256,67,13,2,roc_auc,-0.06390977443609036
common,fpca256_15,raw256,67,13,2,sensitivity,0.2142857142857143
common,fpca256_15,raw256,67,13,2,specificity,-0.47368421052631576
common,fpca256_15,raw256,68,13,3,roc_auc,0.17226890756302515
common,fpca256_15,raw256,68,13,3,sensitivity,0.2142857142857143
common,fpca256_15,raw256,68,13,3,specificity,-0.1764705882352941
common,fpca256_15,raw256,69,13,4,roc_auc,-0.11538461538461542
common,fpca256_15,raw256,69,13,4,sensitivity,0.23076923076923084
common,fpca256_15,raw256,69,13,4,specificity,-0.25
common,fpca256_15,raw256,70,14,0,roc_auc,0.03157894736842104
common,fpca256_15,raw256,70,14,0,sensitivity,0.4
common,fpca256_15,raw256,70,14,0,specificity,-0.5789473684210527
common,fpca256_15,raw256,71,14,1,roc_auc,0.00793650793650802
common,fpca256_15,raw256,71,14,1,sensitivity,0.0714285714285714
common,fpca256_15,raw256,71,14,1,specificity,-0.16666666666666669
common,fpca256_15,raw256,72,14,2,roc_auc,-0.13888888888888895
common,fpca256_15,raw256,72,14,2,sensitivity,0.4285714285714286
common,fpca256_15,raw256,72,14,2,specificity,-0.33333333333333337
common,fpca256_15,raw256,73,14,3,roc_auc,0.021428571428571463
common,fpca256_15,raw256,73,14,3,sensitivity,0.6428571428571429
common,fpca256_15,raw256,73,14,3,specificity,-0.44999999999999996
common,fpca256_15,raw256,74,14,4,roc_auc,0.19433198380566796
common,fpca256_15,raw256,74,14,4,sensitivity,0.46153846153846156
common,fpca256_15,raw256,74,14,4,specificity,-0.21052631578947367
common,fpca256_15,raw256,75,15,0,roc_auc,0.03007518796992481
common,fpca256_15,raw256,75,15,0,sensitivity,0.2857142857142857
common,fpca256_15,raw256,75,15,0,specificity,-0.3157894736842105
common,fpca256_15,raw256,76,15,1,roc_auc,-0.023809523809523836
common,fpca256_15,raw256,76,15,1,sensitivity,0.2142857142857143
common,fpca256_15,raw256,76,15,1,specificity,-0.33333333333333337
common,fpca256_15,raw256,77,15,2,roc_auc,0.20000000000000007
common,fpca256_15,raw256,77,15,2,sensitivity,0.4666666666666667
common,fpca256_15,raw256,77,15,2,specificity,-0.26315789473684215
common,fpca256_15,raw256,78,15,3,roc_auc,-0.05263157894736836
common,fpca256_15,raw256,78,15,3,sensitivity,0.1428571428571429
common,fpca256_15,raw256,78,15,3,specificity,-0.3157894736842105
common,fpca256_15,raw256,79,15,4,roc_auc,-0.10931174089068829
common,fpca256_15,raw256,79,15,4,sensitivity,0.3076923076923077
common,fpca256_15,raw256,79,15,4,specificity,-0.47368421052631576
common,fpca256_15,raw256,80,16,0,roc_auc,-0.12142857142857133
common,fpca256_15,raw256,80,16,0,sensitivity,0.4285714285714286
common,fpca256_15,raw256,80,16,0,specificity,-0.55
common,fpca256_15,raw256,81,16,1,roc_auc,0.07142857142857129
common,fpca256_15,raw256,81,16,1,sensitivity,0.2857142857142857
common,fpca256_15,raw256,81,16,1,specificity,-0.11764705882352944
common,fpca256_15,raw256,82,16,2,roc_auc,-0.024561403508772006
common,fpca256_15,raw256,82,16,2,sensitivity,0.4
common,fpca256_15,raw256,82,16,2,specificity,-0.3157894736842105
common,fpca256_15,raw256,83,16,3,roc_auc,0.03214285714285714
common,fpca256_15,raw256,83,16,3,sensitivity,0.2857142857142857
common,fpca256_15,raw256,83,16,3,specificity,-0.35
common,fpca256_15,raw256,84,16,4,roc_auc,0.08974358974358965
common,fpca256_15,raw256,84,16,4,sensitivity,0.3076923076923077
common,fpca256_15,raw256,84,16,4,specificity,-0.11111111111111105
common,fpca256_15,raw256,85,17,0,roc_auc,0.06428571428571428
common,fpca256_15,raw256,85,17,0,sensitivity,0.2857142857142857
common,fpca256_15,raw256,85,17,0,specificity,-0.25
common,fpca256_15,raw256,86,17,1,roc_auc,0.011904761904761862
common,fpca256_15,raw256,86,17,1,sensitivity,0.4285714285714286
common,fpca256_15,raw256,86,17,1,specificity,-0.16666666666666669
common,fpca256_15,raw256,87,17,2,roc_auc,-0.046428571428571486
common,fpca256_15,raw256,87,17,2,sensitivity,0.2142857142857143
common,fpca256_15,raw256,87,17,2,specificity,-0.35000000000000003
common,fpca256_15,raw256,88,17,3,roc_auc,0.01680672268907557
common,fpca256_15,raw256,88,17,3,sensitivity,0.4285714285714286
common,fpca256_15,raw256,88,17,3,specificity,-0.5882352941176471
common,fpca256_15,raw256,89,17,4,roc_auc,0.20300751879699253
common,fpca256_15,raw256,89,17,4,sensitivity,0.3571428571428571
common,fpca256_15,raw256,89,17,4,specificity,-0.15789473684210525
common,fpca256_15,raw256,90,18,0,roc_auc,0.045112781954887216
common,fpca256_15,raw256,90,18,0,sensitivity,0.5714285714285714
common,fpca256_15,raw256,90,18,0,specificity,-0.42105263157894735
common,fpca256_15,raw256,91,18,1,roc_auc,0.04365079365079372
common,fpca256_15,raw256,91,18,1,sensitivity,0.4285714285714286
common,fpca256_15,raw256,91,18,1,specificity,-0.38888888888888884
common,fpca256_15,raw256,92,18,2,roc_auc,0.08823529411764708
common,fpca256_15,raw256,92,18,2,sensitivity,0.2142857142857143
common,fpca256_15,raw256,92,18,2,specificity,0.0
common,fpca256_15,raw256,93,18,3,roc_auc,0.08070175438596483
common,fpca256_15,raw256,93,18,3,sensitivity,0.33333333333333337
common,fpca256_15,raw256,93,18,3,specificity,-0.15789473684210525
common,fpca256_15,raw256,94,18,4,roc_auc,-0.21245421245421248
common,fpca256_15,raw256,94,18,4,sensitivity,0.0
common,fpca256_15,raw256,94,18,4,specificity,-0.23809523809523808
common,fpca256_15,raw256,95,19,0,roc_auc,0.1766917293233083
common,fpca256_15,raw256,95,19,0,sensitivity,0.4285714285714286
common,fpca256_15,raw256,95,19,0,specificity,-0.31578947368421056
common,fpca256_15,raw256,96,19,1,roc_auc,-0.003968253968253843
common,fpca256_15,raw256,96,19,1,sensitivity,0.3571428571428572
common,fpca256_15,raw256,96,19,1,specificity,-0.38888888888888884
common,fpca256_15,raw256,97,19,2,roc_auc,-0.04365079365079372
common,fpca256_15,raw256,97,19,2,sensitivity,0.2857142857142857
common,fpca256_15,raw256,97,19,2,specificity,-0.6666666666666666
common,fpca256_15,raw256,98,19,3,roc_auc,0.09824561403508769
common,fpca256_15,raw256,98,19,3,sensitivity,0.4666666666666667
common,fpca256_15,raw256,98,19,3,specificity,-0.1578947368421053
common,fpca256_15,raw256,99,19,4,roc_auc,0.019230769230769273
common,fpca256_15,raw256,99,19,4,sensitivity,0.3076923076923077
common,fpca256_15,raw256,99,19,4,specificity,-0.15000000000000002
common,fpca256_20,raw100,0,0,0,roc_auc,-0.11428571428571432
common,fpca256_20,raw100,0,0,0,sensitivity,0.0
common,fpca256_20,raw100,0,0,0,specificity,-0.2857142857142857
common,fpca256_20,raw100,1,0,1,roc_auc,-0.07539682539682546
common,fpca256_20,raw100,1,0,1,sensitivity,-0.1428571428571429
common,fpca256_20,raw100,1,0,1,specificity,0.0
common,fpca256_20,raw100,2,0,2,roc_auc,0.054621848739495715
common,fpca256_20,raw100,2,0,2,sensitivity,0.2142857142857143
common,fpca256_20,raw100,2,0,2,specificity,-0.11764705882352944
common,fpca256_20,raw100,3,0,3,roc_auc,0.13157894736842102
common,fpca256_20,raw100,3,0,3,sensitivity,0.1428571428571429
common,fpca256_20,raw100,3,0,3,specificity,-0.15789473684210525
common,fpca256_20,raw100,4,0,4,roc_auc,-0.06477732793522262
common,fpca256_20,raw100,4,0,4,sensitivity,0.0
common,fpca256_20,raw100,4,0,4,specificity,0.0
common,fpca256_20,raw100,5,1,0,roc_auc,-0.04761904761904745
common,fpca256_20,raw100,5,1,0,sensitivity,0.0
common,fpca256_20,raw100,5,1,0,specificity,0.16666666666666666
common,fpca256_20,raw100,6,1,1,roc_auc,-0.048872180451127845
common,fpca256_20,raw100,6,1,1,sensitivity,0.0714285714285714
common,fpca256_20,raw100,6,1,1,specificity,0.0
common,fpca256_20,raw100,7,1,2,roc_auc,-0.023809523809523836
common,fpca256_20,raw100,7,1,2,sensitivity,0.0714285714285714
common,fpca256_20,raw100,7,1,2,specificity,0.055555555555555525
common,fpca256_20,raw100,8,1,3,roc_auc,0.0
common,fpca256_20,raw100,8,1,3,sensitivity,0.13333333333333341
common,fpca256_20,raw100,8,1,3,specificity,-0.21052631578947367
common,fpca256_20,raw100,9,1,4,roc_auc,-0.11538461538461542
common,fpca256_20,raw100,9,1,4,sensitivity,0.0
common,fpca256_20,raw100,9,1,4,specificity,0.050000000000000044
common,fpca256_20,raw100,10,2,0,roc_auc,-0.05639097744360899
common,fpca256_20,raw100,10,2,0,sensitivity,0.0
common,fpca256_20,raw100,10,2,0,specificity,-0.10526315789473684
common,fpca256_20,raw100,11,2,1,roc_auc,-0.007017543859649256
common,fpca256_20,raw100,11,2,1,sensitivity,0.0
common,fpca256_20,raw100,11,2,1,specificity,0.05263157894736842
common,fpca256_20,raw100,12,2,2,roc_auc,0.02631578947368418
common,fpca256_20,raw100,12,2,2,sensitivity,0.2142857142857142
common,fpca256_20,raw100,12,2,2,specificity,-0.05263157894736836
common,fpca256_20,raw100,13,2,3,roc_auc,-0.09022556390977454
common,fpca256_20,raw100,13,2,3,sensitivity,0.0
common,fpca256_20,raw100,13,2,3,specificity,0.0
common,fpca256_20,raw100,14,2,4,roc_auc,0.03418803418803429
common,fpca256_20,raw100,14,2,4,sensitivity,0.0
common,fpca256_20,raw100,14,2,4,specificity,0.055555555555555525
common,fpca256_20,raw100,15,3,0,roc_auc,-0.09523809523809523
common,fpca256_20,raw100,15,3,0,sensitivity,0.07142857142857151
common,fpca256_20,raw100,15,3,0,specificity,-0.055555555555555525
common,fpca256_20,raw100,16,3,1,roc_auc,-0.022556390977443774
common,fpca256_20,raw100,16,3,1,sensitivity,-0.07142857142857151
common,fpca256_20,raw100,16,3,1,specificity,-0.05263157894736842
common,fpca256_20,raw100,17,3,2,roc_auc,-0.07407407407407407
common,fpca256_20,raw100,17,3,2,sensitivity,-0.1333333333333333
common,fpca256_20,raw100,17,3,2,specificity,-0.1111111111111111
common,fpca256_20,raw100,18,3,3,roc_auc,0.13909774436090228
common,fpca256_20,raw100,18,3,3,sensitivity,0.2142857142857143
common,fpca256_20,raw100,18,3,3,specificity,-0.26315789473684215
common,fpca256_20,raw100,19,3,4,roc_auc,-0.011538461538461608
common,fpca256_20,raw100,19,3,4,sensitivity,0.15384615384615385
common,fpca256_20,raw100,19,3,4,specificity,-0.25000000000000006
common,fpca256_20,raw100,20,4,0,roc_auc,-0.017857142857142794
common,fpca256_20,raw100,20,4,0,sensitivity,-0.0714285714285714
common,fpca256_20,raw100,20,4,0,specificity,-0.10000000000000003
common,fpca256_20,raw100,21,4,1,roc_auc,-0.05555555555555558
common,fpca256_20,raw100,21,4,1,sensitivity,-0.0714285714285714
common,fpca256_20,raw100,21,4,1,specificity,0.0
common,fpca256_20,raw100,22,4,2,roc_auc,-0.018796992481203034
common,fpca256_20,raw100,22,4,2,sensitivity,0.0714285714285714
common,fpca256_20,raw100,22,4,2,specificity,0.05263157894736842
common,fpca256_20,raw100,23,4,3,roc_auc,-0.0714285714285714
common,fpca256_20,raw100,23,4,3,sensitivity,0.0
common,fpca256_20,raw100,23,4,3,specificity,-0.055555555555555525
common,fpca256_20,raw100,24,4,4,roc_auc,-0.018796992481203034
common,fpca256_20,raw100,24,4,4,sensitivity,0.0
common,fpca256_20,raw100,24,4,4,specificity,0.05263157894736842
common,fpca256_20,raw100,25,5,0,roc_auc,-0.031746031746031855
common,fpca256_20,raw100,25,5,0,sensitivity,0.0714285714285714
common,fpca256_20,raw100,25,5,0,specificity,-0.2222222222222222
common,fpca256_20,raw100,26,5,1,roc_auc,-0.026315789473684292
common,fpca256_20,raw100,26,5,1,sensitivity,-0.0714285714285714
common,fpca256_20,raw100,26,5,1,specificity,0.10526315789473684
common,fpca256_20,raw100,27,5,2,roc_auc,0.042424242424242364
common,fpca256_20,raw100,27,5,2,sensitivity,0.06666666666666676
common,fpca256_20,raw100,27,5,2,specificity,0.0
common,fpca256_20,raw100,28,5,3,roc_auc,-0.01680672268907568
common,fpca256_20,raw100,28,5,3,sensitivity,0.0
common,fpca256_20,raw100,28,5,3,specificity,-0.05882352941176472
common,fpca256_20,raw100,29,5,4,roc_auc,-0.14102564102564108
common,fpca256_20,raw100,29,5,4,sensitivity,-0.07692307692307687
common,fpca256_20,raw100,29,5,4,specificity,0.05555555555555558
common,fpca256_20,raw100,30,6,0,roc_auc,-0.018796992481203034
common,fpca256_20,raw100,30,6,0,sensitivity,-0.0714285714285714
common,fpca256_20,raw100,30,6,0,specificity,0.10526315789473684
common,fpca256_20,raw100,31,6,1,roc_auc,0.03859649122807007
common,fpca256_20,raw100,31,6,1,sensitivity,0.06666666666666676
common,fpca256_20,raw100,31,6,1,specificity,-0.05263157894736842
common,fpca256_20,raw100,32,6,2,roc_auc,-0.05639097744360899
common,fpca256_20,raw100,32,6,2,sensitivity,0.0
common,fpca256_20,raw100,32,6,2,specificity,-0.10526315789473684
common,fpca256_20,raw100,33,6,3,roc_auc,0.08333333333333337
common,fpca256_20,raw100,33,6,3,sensitivity,0.2142857142857142
common,fpca256_20,raw100,33,6,3,specificity,-0.1111111111111111
common,fpca256_20,raw100,34,6,4,roc_auc,-0.03238866396761131
common,fpca256_20,raw100,34,6,4,sensitivity,0.07692307692307698
common,fpca256_20,raw100,34,6,4,specificity,-0.3684210526315789
common,fpca256_20,raw100,35,7,0,roc_auc,-0.010714285714285676
common,fpca256_20,raw100,35,7,0,sensitivity,-0.0714285714285714
common,fpca256_20,raw100,35,7,0,specificity,-0.04999999999999999
common,fpca256_20,raw100,36,7,1,roc_auc,0.007936507936507908
common,fpca256_20,raw100,36,7,1,sensitivity,0.0714285714285714
common,fpca256_20,raw100,36,7,1,specificity,-0.2777777777777778
common,fpca256_20,raw100,37,7,2,roc_auc,-0.031746031746031855
common,fpca256_20,raw100,37,7,2,sensitivity,-0.0714285714285714
common,fpca256_20,raw100,37,7,2,specificity,0.0
common,fpca256_20,raw100,38,7,3,roc_auc,-0.1428571428571429
common,fpca256_20,raw100,38,7,3,sensitivity,0.0714285714285714
common,fpca256_20,raw100,38,7,3,specificity,-0.1111111111111111
common,fpca256_20,raw100,39,7,4,roc_auc,0.09285714285714286
common,fpca256_20,raw100,39,7,4,sensitivity,0.0
common,fpca256_20,raw100,39,7,4,specificity,-0.04999999999999999
common,fpca256_20,raw100,40,8,0,roc_auc,-0.13605442176870752
common,fpca256_20,raw100,40,8,0,sensitivity,0.0
common,fpca256_20,raw100,40,8,0,specificity,-0.047619047619047616
common,fpca256_20,raw100,41,8,1,roc_auc,0.04365079365079372
common,fpca256_20,raw100,41,8,1,sensitivity,0.2142857142857142
common,fpca256_20,raw100,41,8,1,specificity,-0.1111111111111111
common,fpca256_20,raw100,42,8,2,roc_auc,-0.01851851851851849
common,fpca256_20,raw100,42,8,2,sensitivity,0.1333333333333333
common,fpca256_20,raw100,42,8,2,specificity,-0.2222222222222222
common,fpca256_20,raw100,43,8,3,roc_auc,-0.003968253968253954
common,fpca256_20,raw100,43,8,3,sensitivity,0.0714285714285714
common,fpca256_20,raw100,43,8,3,specificity,-0.05555555555555558
common,fpca256_20,raw100,44,8,4,roc_auc,-0.03238866396761131
common,fpca256_20,raw100,44,8,4,sensitivity,-0.07692307692307687
common,fpca256_20,raw100,44,8,4,specificity,0.10526315789473684
common,fpca256_20,raw100,45,9,0,roc_auc,0.08333333333333337
common,fpca256_20,raw100,45,9,0,sensitivity,0.0714285714285714
common,fpca256_20,raw100,45,9,0,specificity,0.1111111111111111
common,fpca256_20,raw100,46,9,1,roc_auc,-0.06666666666666665
common,fpca256_20,raw100,46,9,1,sensitivity,-0.06666666666666665
common,fpca256_20,raw100,46,9,1,specificity,-0.10000000000000003
common,fpca256_20,raw100,47,9,2,roc_auc,-0.07936507936507953
common,fpca256_20,raw100,47,9,2,sensitivity,-0.1428571428571429
common,fpca256_20,raw100,47,9,2,specificity,-0.05555555555555558
common,fpca256_20,raw100,48,9,3,roc_auc,-0.046428571428571486
common,fpca256_20,raw100,48,9,3,sensitivity,0.0
common,fpca256_20,raw100,48,9,3,specificity,-0.10000000000000003
common,fpca256_20,raw100,49,9,4,roc_auc,-1.1102230246251565e-16
common,fpca256_20,raw100,49,9,4,sensitivity,0.07692307692307687
common,fpca256_20,raw100,49,9,4,specificity,-0.2777777777777778
common,fpca256_20,raw100,50,10,0,roc_auc,-0.051587301587301626
common,fpca256_20,raw100,50,10,0,sensitivity,-0.07142857142857151
common,fpca256_20,raw100,50,10,0,specificity,-0.1111111111111111
common,fpca256_20,raw100,51,10,1,roc_auc,-0.050420168067226934
common,fpca256_20,raw100,51,10,1,sensitivity,-0.0714285714285714
common,fpca256_20,raw100,51,10,1,specificity,0.0
common,fpca256_20,raw100,52,10,2,roc_auc,-0.012987012987012991
common,fpca256_20,raw100,52,10,2,sensitivity,0.1428571428571429
common,fpca256_20,raw100,52,10,2,specificity,-0.04545454545454547
common,fpca256_20,raw100,53,10,3,roc_auc,-0.03968253968253965
common,fpca256_20,raw100,53,10,3,sensitivity,0.1428571428571428
common,fpca256_20,raw100,53,10,3,specificity,0.055555555555555525
common,fpca256_20,raw100,54,10,4,roc_auc,-0.0714285714285714
common,fpca256_20,raw100,54,10,4,sensitivity,-0.0714285714285714
common,fpca256_20,raw100,54,10,4,specificity,0.21052631578947367
common,fpca256_20,raw100,55,11,0,roc_auc,-0.04999999999999993
common,fpca256_20,raw100,55,11,0,sensitivity,-0.06666666666666665
common,fpca256_20,raw100,55,11,0,specificity,0.15000000000000002
common,fpca256_20,raw100,56,11,1,roc_auc,0.021008403361344463
common,fpca256_20,raw100,56,11,1,sensitivity,0.0714285714285714
common,fpca256_20,raw100,56,11,1,specificity,0.17647058823529416
common,fpca256_20,raw100,57,11,2,roc_auc,0.07857142857142851
common,fpca256_20,raw100,57,11,2,sensitivity,-0.1428571428571429
common,fpca256_20,raw100,57,11,2,specificity,0.09999999999999998
common,fpca256_20,raw100,58,11,3,roc_auc,-0.0793650793650793
common,fpca256_20,raw100,58,11,3,sensitivity,0.0714285714285714
common,fpca256_20,raw100,58,11,3,specificity,-0.16666666666666669
common,fpca256_20,raw100,59,11,4,roc_auc,-0.09311740890688258
common,fpca256_20,raw100,59,11,4,sensitivity,0.07692307692307698
common,fpca256_20,raw100,59,11,4,specificity,-0.05263157894736842
common,fpca256_20,raw100,60,12,0,roc_auc,0.08235294117647052
common,fpca256_20,raw100,60,12,0,sensitivity,0.0
common,fpca256_20,raw100,60,12,0,specificity,0.11764705882352938
common,fpca256_20,raw100,61,12,1,roc_auc,-0.041353383458646586
common,fpca256_20,raw100,61,12,1,sensitivity,-0.07142857142857151
common,fpca256_20,raw100,61,12,1,specificity,0.052631578947368474
common,fpca256_20,raw100,62,12,2,roc_auc,0.0714285714285714
common,fpca256_20,raw100,62,12,2,sensitivity,0.0
common,fpca256_20,raw100,62,12,2,specificity,0.05263157894736842
common,fpca256_20,raw100,63,12,3,roc_auc,-0.12499999999999989
common,fpca256_20,raw100,63,12,3,sensitivity,0.0714285714285714
common,fpca256_20,raw100,63,12,3,specificity,-0.24999999999999997
common,fpca256_20,raw100,64,12,4,roc_auc,-0.10526315789473684
common,fpca256_20,raw100,64,12,4,sensitivity,0.07692307692307698
common,fpca256_20,raw100,64,12,4,specificity,-0.10526315789473684
common,fpca256_20,raw100,65,13,0,roc_auc,0.051587301587301626
common,fpca256_20,raw100,65,13,0,sensitivity,0.0714285714285714
common,fpca256_20,raw100,65,13,0,specificity,-0.05555555555555558
common,fpca256_20,raw100,66,13,1,roc_auc,-0.05666666666666653
common,fpca256_20,raw100,66,13,1,sensitivity,0.06666666666666665
common,fpca256_20,raw100,66,13,1,specificity,-0.35
common,fpca256_20,raw100,67,13,2,roc_auc,-0.15413533834586474
common,fpca256_20,raw100,67,13,2,sensitivity,0.0
common,fpca256_20,raw100,67,13,2,specificity,-0.05263157894736842
common,fpca256_20,raw100,68,13,3,roc_auc,0.134453781512605
common,fpca256_20,raw100,68,13,3,sensitivity,0.0
common,fpca256_20,raw100,68,13,3,specificity,0.0
common,fpca256_20,raw100,69,13,4,roc_auc,-0.007692307692307665
common,fpca256_20,raw100,69,13,4,sensitivity,0.23076923076923084
common,fpca256_20,raw100,69,13,4,specificity,0.0
common,fpca256_20,raw100,70,14,0,roc_auc,0.021052631578947545
common,fpca256_20,raw100,70,14,0,sensitivity,0.06666666666666665
common,fpca256_20,raw100,70,14,0,specificity,-0.15789473684210525
common,fpca256_20,raw100,71,14,1,roc_auc,-0.011904761904761862
common,fpca256_20,raw100,71,14,1,sensitivity,0.0
common,fpca256_20,raw100,71,14,1,specificity,-0.16666666666666669
common,fpca256_20,raw100,72,14,2,roc_auc,-0.09126984126984117
common,fpca256_20,raw100,72,14,2,sensitivity,0.2142857142857143
common,fpca256_20,raw100,72,14,2,specificity,-0.16666666666666666
common,fpca256_20,raw100,73,14,3,roc_auc,-0.07500000000000001
common,fpca256_20,raw100,73,14,3,sensitivity,0.1428571428571429
common,fpca256_20,raw100,73,14,3,specificity,-0.15
common,fpca256_20,raw100,74,14,4,roc_auc,0.0080971659919028
common,fpca256_20,raw100,74,14,4,sensitivity,-0.07692307692307687
common,fpca256_20,raw100,74,14,4,specificity,0.0
common,fpca256_20,raw100,75,15,0,roc_auc,-0.09774436090225558
common,fpca256_20,raw100,75,15,0,sensitivity,0.0
common,fpca256_20,raw100,75,15,0,specificity,-0.21052631578947367
common,fpca256_20,raw100,76,15,1,roc_auc,-0.12698412698412698
common,fpca256_20,raw100,76,15,1,sensitivity,0.0
common,fpca256_20,raw100,76,15,1,specificity,0.0
common,fpca256_20,raw100,77,15,2,roc_auc,0.09473684210526312
common,fpca256_20,raw100,77,15,2,sensitivity,0.06666666666666665
common,fpca256_20,raw100,77,15,2,specificity,-0.05263157894736842
common,fpca256_20,raw100,78,15,3,roc_auc,-0.07518796992481203
common,fpca256_20,raw100,78,15,3,sensitivity,0.0
common,fpca256_20,raw100,78,15,3,specificity,-0.10526315789473684
common,fpca256_20,raw100,79,15,4,roc_auc,-0.07692307692307687
common,fpca256_20,raw100,79,15,4,sensitivity,0.07692307692307687
common,fpca256_20,raw100,79,15,4,specificity,-0.26315789473684215
common,fpca256_20,raw100,80,16,0,roc_auc,-0.11785714285714277
common,fpca256_20,raw100,80,16,0,sensitivity,0.0
common,fpca256_20,raw100,80,16,0,specificity,-0.15000000000000002
common,fpca256_20,raw100,81,16,1,roc_auc,0.012605042016806678
common,fpca256_20,raw100,81,16,1,sensitivity,0.1428571428571428
common,fpca256_20,raw100,81,16,1,specificity,0.0
common,fpca256_20,raw100,82,16,2,roc_auc,-0.0842105263157894
common,fpca256_20,raw100,82,16,2,sensitivity,0.0
common,fpca256_20,raw100,82,16,2,specificity,0.15789473684210525
common,fpca256_20,raw100,83,16,3,roc_auc,-0.08214285714285718
common,fpca256_20,raw100,83,16,3,sensitivity,0.0
common,fpca256_20,raw100,83,16,3,specificity,-0.10000000000000003
common,fpca256_20,raw100,84,16,4,roc_auc,0.11965811965811968
common,fpca256_20,raw100,84,16,4,sensitivity,-0.15384615384615385
common,fpca256_20,raw100,84,16,4,specificity,0.11111111111111116
common,fpca256_20,raw100,85,17,0,roc_auc,0.014285714285714346
common,fpca256_20,raw100,85,17,0,sensitivity,0.0714285714285714
common,fpca256_20,raw100,85,17,0,specificity,-0.15000000000000002
common,fpca256_20,raw100,86,17,1,roc_auc,0.047619047619047616
common,fpca256_20,raw100,86,17,1,sensitivity,0.2142857142857142
common,fpca256_20,raw100,86,17,1,specificity,0.05555555555555558
common,fpca256_20,raw100,87,17,2,roc_auc,-0.08571428571428574
common,fpca256_20,raw100,87,17,2,sensitivity,0.07142857142857151
common,fpca256_20,raw100,87,17,2,specificity,-0.25
common,fpca256_20,raw100,88,17,3,roc_auc,-0.05882352941176461
common,fpca256_20,raw100,88,17,3,sensitivity,0.2142857142857143
common,fpca256_20,raw100,88,17,3,specificity,-0.3529411764705882
common,fpca256_20,raw100,89,17,4,roc_auc,-0.00375939849624074
common,fpca256_20,raw100,89,17,4,sensitivity,0.0714285714285714
common,fpca256_20,raw100,89,17,4,specificity,0.0
common,fpca256_20,raw100,90,18,0,roc_auc,0.026315789473684292
common,fpca256_20,raw100,90,18,0,sensitivity,0.0714285714285714
common,fpca256_20,raw100,90,18,0,specificity,-0.21052631578947367
common,fpca256_20,raw100,91,18,1,roc_auc,-0.003968253968253954
common,fpca256_20,raw100,91,18,1,sensitivity,0.2142857142857143
common,fpca256_20,raw100,91,18,1,specificity,-0.16666666666666663
common,fpca256_20,raw100,92,18,2,roc_auc,0.004201680672269004
common,fpca256_20,raw100,92,18,2,sensitivity,0.0
common,fpca256_20,raw100,92,18,2,specificity,0.05882352941176472
common,fpca256_20,raw100,93,18,3,roc_auc,1.1102230246251565e-16
common,fpca256_20,raw100,93,18,3,sensitivity,0.0
common,fpca256_20,raw100,93,18,3,specificity,0.15789473684210525
common,fpca256_20,raw100,94,18,4,roc_auc,-0.1062271062271064
common,fpca256_20,raw100,94,18,4,sensitivity,-0.15384615384615385
common,fpca256_20,raw100,94,18,4,specificity,0.14285714285714285
common,fpca256_20,raw100,95,19,0,roc_auc,-0.06015037593984962
common,fpca256_20,raw100,95,19,0,sensitivity,0.07142857142857151
common,fpca256_20,raw100,95,19,0,specificity,0.10526315789473684
common,fpca256_20,raw100,96,19,1,roc_auc,-0.09126984126984128
common,fpca256_20,raw100,96,19,1,sensitivity,-0.0714285714285714
common,fpca256_20,raw100,96,19,1,specificity,0.0
common,fpca256_20,raw100,97,19,2,roc_auc,-0.003968253968253843
common,fpca256_20,raw100,97,19,2,sensitivity,0.1428571428571429
common,fpca256_20,raw100,97,19,2,specificity,-0.2777777777777778
common,fpca256_20,raw100,98,19,3,roc_auc,0.0035087719298244613
common,fpca256_20,raw100,98,19,3,sensitivity,0.1333333333333333
common,fpca256_20,raw100,98,19,3,specificity,0.05263157894736842
common,fpca256_20,raw100,99,19,4,roc_auc,0.04230769230769227
common,fpca256_20,raw100,99,19,4,sensitivity,0.07692307692307687
common,fpca256_20,raw100,99,19,4,specificity,-0.04999999999999999
common,fpca256_20,raw256,0,0,0,roc_auc,-0.06984126984126993
common,fpca256_20,raw256,0,0,0,sensitivity,0.06666666666666665
common,fpca256_20,raw256,0,0,0,specificity,-0.4761904761904762
common,fpca256_20,raw256,1,0,1,roc_auc,-0.05555555555555558
common,fpca256_20,raw256,1,0,1,sensitivity,0.0
common,fpca256_20,raw256,1,0,1,specificity,0.05555555555555558
common,fpca256_20,raw256,2,0,2,roc_auc,0.04621848739495793
common,fpca256_20,raw256,2,0,2,sensitivity,0.3571428571428572
common,fpca256_20,raw256,2,0,2,specificity,-0.3529411764705882
common,fpca256_20,raw256,3,0,3,roc_auc,0.10526315789473684
common,fpca256_20,raw256,3,0,3,sensitivity,0.2857142857142857
common,fpca256_20,raw256,3,0,3,specificity,-0.3684210526315789
common,fpca256_20,raw256,4,0,4,roc_auc,0.05668016194331982
common,fpca256_20,raw256,4,0,4,sensitivity,0.30769230769230765
common,fpca256_20,raw256,4,0,4,specificity,-0.3684210526315789
common,fpca256_20,raw256,5,1,0,roc_auc,0.0277777777777779
common,fpca256_20,raw256,5,1,0,sensitivity,0.2142857142857142
common,fpca256_20,raw256,5,1,0,specificity,-0.27777777777777785
common,fpca256_20,raw256,6,1,1,roc_auc,-0.018796992481203034
common,fpca256_20,raw256,6,1,1,sensitivity,0.2142857142857143
common,fpca256_20,raw256,6,1,1,specificity,-0.3157894736842105
common,fpca256_20,raw256,7,1,2,roc_auc,0.06349206349206349
common,fpca256_20,raw256,7,1,2,sensitivity,0.4285714285714286
common,fpca256_20,raw256,7,1,2,specificity,-0.27777777777777785
common,fpca256_20,raw256,8,1,3,roc_auc,0.03157894736842104
common,fpca256_20,raw256,8,1,3,sensitivity,0.33333333333333337
common,fpca256_20,raw256,8,1,3,specificity,-0.3157894736842105
common,fpca256_20,raw256,9,1,4,roc_auc,0.0038461538461538325
common,fpca256_20,raw256,9,1,4,sensitivity,0.23076923076923084
common,fpca256_20,raw256,9,1,4,specificity,-0.15000000000000002
common,fpca256_20,raw256,10,2,0,roc_auc,-0.05639097744360899
common,fpca256_20,raw256,10,2,0,sensitivity,0.07142857142857151
common,fpca256_20,raw256,10,2,0,specificity,-0.21052631578947373
common,fpca256_20,raw256,11,2,1,roc_auc,0.05263157894736836
common,fpca256_20,raw256,11,2,1,sensitivity,0.06666666666666665
common,fpca256_20,raw256,11,2,1,specificity,0.0
common,fpca256_20,raw256,12,2,2,roc_auc,0.15413533834586468
common,fpca256_20,raw256,12,2,2,sensitivity,0.49999999999999994
common,fpca256_20,raw256,12,2,2,specificity,-0.21052631578947367
common,fpca256_20,raw256,13,2,3,roc_auc,-0.1127819548872181
common,fpca256_20,raw256,13,2,3,sensitivity,0.2142857142857142
common,fpca256_20,raw256,13,2,3,specificity,-0.3157894736842105
common,fpca256_20,raw256,14,2,4,roc_auc,0.13675213675213682
common,fpca256_20,raw256,14,2,4,sensitivity,0.23076923076923084
common,fpca256_20,raw256,14,2,4,specificity,-0.16666666666666669
common,fpca256_20,raw256,15,3,0,roc_auc,-0.019841269841269882
common,fpca256_20,raw256,15,3,0,sensitivity,0.2857142857142857
common,fpca256_20,raw256,15,3,0,specificity,-0.49999999999999994
common,fpca256_20,raw256,16,3,1,roc_auc,0.06015037593984951
common,fpca256_20,raw256,16,3,1,sensitivity,0.0
common,fpca256_20,raw256,16,3,1,specificity,-0.10526315789473684
common,fpca256_20,raw256,17,3,2,roc_auc,-0.022222222222222143
common,fpca256_20,raw256,17,3,2,sensitivity,0.2666666666666667
common,fpca256_20,raw256,17,3,2,specificity,-0.33333333333333337
common,fpca256_20,raw256,18,3,3,roc_auc,0.15413533834586468
common,fpca256_20,raw256,18,3,3,sensitivity,0.4285714285714286
common,fpca256_20,raw256,18,3,3,specificity,-0.42105263157894735
common,fpca256_20,raw256,19,3,4,roc_auc,0.011538461538461497
common,fpca256_20,raw256,19,3,4,sensitivity,0.3076923076923077
common,fpca256_20,raw256,19,3,4,specificity,-0.39999999999999997
common,fpca256_20,raw256,20,4,0,roc_auc,-0.04999999999999993
common,fpca256_20,raw256,20,4,0,sensitivity,0.1428571428571428
common,fpca256_20,raw256,20,4,0,specificity,-0.2
common,fpca256_20,raw256,21,4,1,roc_auc,-0.08333333333333326
common,fpca256_20,raw256,21,4,1,sensitivity,0.1428571428571429
common,fpca256_20,raw256,21,4,1,specificity,-0.16666666666666663
common,fpca256_20,raw256,22,4,2,roc_auc,0.03007518796992481
common,fpca256_20,raw256,22,4,2,sensitivity,0.2857142857142857
common,fpca256_20,raw256,22,4,2,specificity,-0.2631578947368421
common,fpca256_20,raw256,23,4,3,roc_auc,1.1102230246251565e-16
common,fpca256_20,raw256,23,4,3,sensitivity,0.2142857142857143
common,fpca256_20,raw256,23,4,3,specificity,-0.16666666666666663
common,fpca256_20,raw256,24,4,4,roc_auc,0.06015037593984962
common,fpca256_20,raw256,24,4,4,sensitivity,0.3571428571428572
common,fpca256_20,raw256,24,4,4,specificity,-0.26315789473684215
common,fpca256_20,raw256,25,5,0,roc_auc,0.031746031746031744
common,fpca256_20,raw256,25,5,0,sensitivity,0.2857142857142857
common,fpca256_20,raw256,25,5,0,specificity,-0.3333333333333333
common,fpca256_20,raw256,26,5,1,roc_auc,-0.048872180451127845
common,fpca256_20,raw256,26,5,1,sensitivity,0.0
common,fpca256_20,raw256,26,5,1,specificity,-0.21052631578947367
common,fpca256_20,raw256,27,5,2,roc_auc,0.07272727272727275
common,fpca256_20,raw256,27,5,2,sensitivity,0.4
common,fpca256_20,raw256,27,5,2,specificity,-0.3636363636363636
common,fpca256_20,raw256,28,5,3,roc_auc,0.10084033613445376
common,fpca256_20,raw256,28,5,3,sensitivity,0.5
common,fpca256_20,raw256,28,5,3,specificity,-0.11764705882352944
common,fpca256_20,raw256,29,5,4,roc_auc,-0.05555555555555547
common,fpca256_20,raw256,29,5,4,sensitivity,0.3846153846153847
common,fpca256_20,raw256,29,5,4,specificity,-0.22222222222222227
common,fpca256_20,raw256,30,6,0,roc_auc,0.06015037593984962
common,fpca256_20,raw256,30,6,0,sensitivity,0.1428571428571429
common,fpca256_20,raw256,30,6,0,specificity,-0.05263157894736842
common,fpca256_20,raw256,31,6,1,roc_auc,0.04561403508771922
common,fpca256_20,raw256,31,6,1,sensitivity,0.13333333333333341
common,fpca256_20,raw256,31,6,1,specificity,-0.05263157894736842
common,fpca256_20,raw256,32,6,2,roc_auc,-0.003759398496240629
common,fpca256_20,raw256,32,6,2,sensitivity,0.4285714285714286
common,fpca256_20,raw256,32,6,2,specificity,-0.3157894736842105
common,fpca256_20,raw256,33,6,3,roc_auc,-0.04365079365079372
common,fpca256_20,raw256,33,6,3,sensitivity,0.42857142857142855
common,fpca256_20,raw256,33,6,3,specificity,-0.4444444444444445
common,fpca256_20,raw256,34,6,4,roc_auc,-0.03238866396761131
common,fpca256_20,raw256,34,6,4,sensitivity,0.23076923076923084
common,fpca256_20,raw256,34,6,4,specificity,-0.47368421052631576
common,fpca256_20,raw256,35,7,0,roc_auc,-0.014285714285714235
common,fpca256_20,raw256,35,7,0,sensitivity,0.0
common,fpca256_20,raw256,35,7,0,specificity,-0.09999999999999998
common,fpca256_20,raw256,36,7,1,roc_auc,0.13888888888888895
common,fpca256_20,raw256,36,7,1,sensitivity,0.5714285714285714
common,fpca256_20,raw256,36,7,1,specificity,-0.5
common,fpca256_20,raw256,37,7,2,roc_auc,1.1102230246251565e-16
common,fpca256_20,raw256,37,7,2,sensitivity,0.1428571428571429
common,fpca256_20,raw256,37,7,2,specificity,-0.22222222222222227
common,fpca256_20,raw256,38,7,3,roc_auc,-0.07936507936507942
common,fpca256_20,raw256,38,7,3,sensitivity,0.3571428571428571
common,fpca256_20,raw256,38,7,3,specificity,-0.5
common,fpca256_20,raw256,39,7,4,roc_auc,0.06071428571428572
common,fpca256_20,raw256,39,7,4,sensitivity,0.2142857142857143
common,fpca256_20,raw256,39,7,4,specificity,-0.39999999999999997
common,fpca256_20,raw256,40,8,0,roc_auc,-0.061224489795918324
common,fpca256_20,raw256,40,8,0,sensitivity,0.0714285714285714
common,fpca256_20,raw256,40,8,0,specificity,-0.4761904761904762
common,fpca256_20,raw256,41,8,1,roc_auc,-0.0357142857142857
common,fpca256_20,raw256,41,8,1,sensitivity,0.2857142857142857
common,fpca256_20,raw256,41,8,1,specificity,-0.27777777777777773
common,fpca256_20,raw256,42,8,2,roc_auc,0.10000000000000009
common,fpca256_20,raw256,42,8,2,sensitivity,0.2666666666666667
common,fpca256_20,raw256,42,8,2,specificity,-0.2777777777777778
common,fpca256_20,raw256,43,8,3,roc_auc,0.1071428571428572
common,fpca256_20,raw256,43,8,3,sensitivity,0.42857142857142855
common,fpca256_20,raw256,43,8,3,specificity,-0.33333333333333337
common,fpca256_20,raw256,44,8,4,roc_auc,0.012145748987854255
common,fpca256_20,raw256,44,8,4,sensitivity,0.3076923076923077
common,fpca256_20,raw256,44,8,4,specificity,-0.21052631578947373
common,fpca256_20,raw256,45,9,0,roc_auc,0.11507936507936511
common,fpca256_20,raw256,45,9,0,sensitivity,0.2857142857142857
common,fpca256_20,raw256,45,9,0,specificity,-0.16666666666666669
common,fpca256_20,raw256,46,9,1,roc_auc,-0.040000000000000036
common,fpca256_20,raw256,46,9,1,sensitivity,0.1333333333333333
common,fpca256_20,raw256,46,9,1,specificity,-0.3
common,fpca256_20,raw256,47,9,2,roc_auc,-0.023809523809523947
common,fpca256_20,raw256,47,9,2,sensitivity,0.14285714285714285
common,fpca256_20,raw256,47,9,2,specificity,-0.33333333333333337
common,fpca256_20,raw256,48,9,3,roc_auc,-0.042857142857142816
common,fpca256_20,raw256,48,9,3,sensitivity,0.1428571428571428
common,fpca256_20,raw256,48,9,3,specificity,-0.10000000000000003
common,fpca256_20,raw256,49,9,4,roc_auc,0.038461538461538325
common,fpca256_20,raw256,49,9,4,sensitivity,0.07692307692307687
common,fpca256_20,raw256,49,9,4,specificity,-0.44444444444444453
common,fpca256_20,raw256,50,10,0,roc_auc,0.011904761904761862
common,fpca256_20,raw256,50,10,0,sensitivity,0.3571428571428571
common,fpca256_20,raw256,50,10,0,specificity,-0.3888888888888889
common,fpca256_20,raw256,51,10,1,roc_auc,-0.037815126050420256
common,fpca256_20,raw256,51,10,1,sensitivity,0.0
common,fpca256_20,raw256,51,10,1,specificity,-0.11764705882352944
common,fpca256_20,raw256,52,10,2,roc_auc,0.02922077922077926
common,fpca256_20,raw256,52,10,2,sensitivity,0.2857142857142857
common,fpca256_20,raw256,52,10,2,specificity,-0.2727272727272727
common,fpca256_20,raw256,53,10,3,roc_auc,0.04365079365079361
common,fpca256_20,raw256,53,10,3,sensitivity,0.49999999999999994
common,fpca256_20,raw256,53,10,3,specificity,-0.38888888888888895
common,fpca256_20,raw256,54,10,4,roc_auc,0.07518796992481203
common,fpca256_20,raw256,54,10,4,sensitivity,0.0714285714285714
common,fpca256_20,raw256,54,10,4,specificity,0.0
common,fpca256_20,raw256,55,11,0,roc_auc,-0.020000000000000018
common,fpca256_20,raw256,55,11,0,sensitivity,0.20000000000000007
common,fpca256_20,raw256,55,11,0,specificity,-0.1499999999999999
common,fpca256_20,raw256,56,11,1,roc_auc,0.1344537815126049
common,fpca256_20,raw256,56,11,1,sensitivity,0.35714285714285715
common,fpca256_20,raw256,56,11,1,specificity,0.0
common,fpca256_20,raw256,57,11,2,roc_auc,0.125
common,fpca256_20,raw256,57,11,2,sensitivity,0.35714285714285715
common,fpca256_20,raw256,57,11,2,specificity,-0.20000000000000007
common,fpca256_20,raw256,58,11,3,roc_auc,-0.0793650793650793
common,fpca256_20,raw256,58,11,3,sensitivity,0.3571428571428571
common,fpca256_20,raw256,58,11,3,specificity,-0.4444444444444445
common,fpca256_20,raw256,59,11,4,roc_auc,0.012145748987854255
common,fpca256_20,raw256,59,11,4,sensitivity,0.46153846153846156
common,fpca256_20,raw256,59,11,4,specificity,-0.368421052631579
common,fpca256_20,raw256,60,12,0,roc_auc,0.17647058823529405
common,fpca256_20,raw256,60,12,0,sensitivity,0.2666666666666667
common,fpca256_20,raw256,60,12,0,specificity,0.0
common,fpca256_20,raw256,61,12,1,roc_auc,0.011278195488721776
common,fpca256_20,raw256,61,12,1,sensitivity,0.14285714285714285
common,fpca256_20,raw256,61,12,1,specificity,-0.1578947368421052
common,fpca256_20,raw256,62,12,2,roc_auc,0.12406015037593976
common,fpca256_20,raw256,62,12,2,sensitivity,0.3571428571428572
common,fpca256_20,raw256,62,12,2,specificity,-0.10526315789473684
common,fpca256_20,raw256,63,12,3,roc_auc,-0.05714285714285705
common,fpca256_20,raw256,63,12,3,sensitivity,0.3571428571428571
common,fpca256_20,raw256,63,12,3,specificity,-0.65
common,fpca256_20,raw256,64,12,4,roc_auc,-0.052631578947368474
common,fpca256_20,raw256,64,12,4,sensitivity,0.07692307692307698
common,fpca256_20,raw256,64,12,4,specificity,-0.31578947368421056
common,fpca256_20,raw256,65,13,0,roc_auc,0.14682539682539686
common,fpca256_20,raw256,65,13,0,sensitivity,0.6428571428571428
common,fpca256_20,raw256,65,13,0,specificity,-0.3333333333333333
common,fpca256_20,raw256,66,13,1,roc_auc,-0.04999999999999993
common,fpca256_20,raw256,66,13,1,sensitivity,0.20000000000000007
common,fpca256_20,raw256,66,13,1,specificity,-0.4
common,fpca256_20,raw256,67,13,2,roc_auc,-0.09022556390977449
common,fpca256_20,raw256,67,13,2,sensitivity,0.1428571428571429
common,fpca256_20,raw256,67,13,2,specificity,-0.42105263157894735
common,fpca256_20,raw256,68,13,3,roc_auc,0.17226890756302515
common,fpca256_20,raw256,68,13,3,sensitivity,0.2142857142857143
common,fpca256_20,raw256,68,13,3,specificity,-0.11764705882352938
common,fpca256_20,raw256,69,13,4,roc_auc,-0.08461538461538476
common,fpca256_20,raw256,69,13,4,sensitivity,0.23076923076923084
common,fpca256_20,raw256,69,13,4,specificity,-0.09999999999999998
common,fpca256_20,raw256,70,14,0,roc_auc,0.02807017543859658
common,fpca256_20,raw256,70,14,0,sensitivity,0.33333333333333337
common,fpca256_20,raw256,70,14,0,specificity,-0.4736842105263158
common,fpca256_20,raw256,71,14,1,roc_auc,0.019841269841269882
common,fpca256_20,raw256,71,14,1,sensitivity,0.0714285714285714
common,fpca256_20,raw256,71,14,1,specificity,-0.22222222222222227
common,fpca256_20,raw256,72,14,2,roc_auc,-0.1071428571428571
common,fpca256_20,raw256,72,14,2,sensitivity,0.4285714285714286
common,fpca256_20,raw256,72,14,2,specificity,-0.33333333333333337
common,fpca256_20,raw256,73,14,3,roc_auc,-0.0035714285714285587
common,fpca256_20,raw256,73,14,3,sensitivity,0.4285714285714286
common,fpca256_20,raw256,73,14,3,specificity,-0.44999999999999996
common,fpca256_20,raw256,74,14,4,roc_auc,0.19838056680161942
common,fpca256_20,raw256,74,14,4,sensitivity,0.46153846153846156
common,fpca256_20,raw256,74,14,4,specificity,-0.10526315789473684
common,fpca256_20,raw256,75,15,0,roc_auc,0.03383458646616555
common,fpca256_20,raw256,75,15,0,sensitivity,0.2857142857142857
common,fpca256_20,raw256,75,15,0,specificity,-0.2631578947368421
common,fpca256_20,raw256,76,15,1,roc_auc,-0.05555555555555558
common,fpca256_20,raw256,76,15,1,sensitivity,0.1428571428571428
common,fpca256_20,raw256,76,15,1,specificity,-0.16666666666666669
common,fpca256_20,raw256,77,15,2,roc_auc,0.1824561403508772
common,fpca256_20,raw256,77,15,2,sensitivity,0.4666666666666667
common,fpca256_20,raw256,77,15,2,specificity,-0.26315789473684215
common,fpca256_20,raw256,78,15,3,roc_auc,-0.07518796992481203
common,fpca256_20,raw256,78,15,3,sensitivity,0.1428571428571429
common,fpca256_20,raw256,78,15,3,specificity,-0.21052631578947367
common,fpca256_20,raw256,79,15,4,roc_auc,-0.10526315789473684
common,fpca256_20,raw256,79,15,4,sensitivity,0.3076923076923077
common,fpca256_20,raw256,79,15,4,specificity,-0.42105263157894735
common,fpca256_20,raw256,80,16,0,roc_auc,-0.10357142857142843
common,fpca256_20,raw256,80,16,0,sensitivity,0.4285714285714286
common,fpca256_20,raw256,80,16,0,specificity,-0.5
common,fpca256_20,raw256,81,16,1,roc_auc,0.0672268907563024
common,fpca256_20,raw256,81,16,1,sensitivity,0.3571428571428571
common,fpca256_20,raw256,81,16,1,specificity,-0.1764705882352941
common,fpca256_20,raw256,82,16,2,roc_auc,-0.07017543859649122
common,fpca256_20,raw256,82,16,2,sensitivity,0.33333333333333337
common,fpca256_20,raw256,82,16,2,specificity,-0.2631578947368421
common,fpca256_20,raw256,83,16,3,roc_auc,-0.0357142857142857
common,fpca256_20,raw256,83,16,3,sensitivity,0.2857142857142857
common,fpca256_20,raw256,83,16,3,specificity,-0.24999999999999994
common,fpca256_20,raw256,84,16,4,roc_auc,0.11538461538461531
common,fpca256_20,raw256,84,16,4,sensitivity,0.3076923076923077
common,fpca256_20,raw256,84,16,4,specificity,-0.11111111111111105
common,fpca256_20,raw256,85,17,0,roc_auc,0.06428571428571439
common,fpca256_20,raw256,85,17,0,sensitivity,0.2857142857142857
common,fpca256_20,raw256,85,17,0,specificity,-0.19999999999999996
common,fpca256_20,raw256,86,17,1,roc_auc,-0.011904761904761973
common,fpca256_20,raw256,86,17,1,sensitivity,0.3571428571428571
common,fpca256_20,raw256,86,17,1,specificity,-0.1111111111111111
common,fpca256_20,raw256,87,17,2,roc_auc,-0.11428571428571432
common,fpca256_20,raw256,87,17,2,sensitivity,0.2142857142857143
common,fpca256_20,raw256,87,17,2,specificity,-0.35000000000000003
common,fpca256_20,raw256,88,17,3,roc_auc,1.1102230246251565e-16
common,fpca256_20,raw256,88,17,3,sensitivity,0.4285714285714286
common,fpca256_20,raw256,88,17,3,specificity,-0.5882352941176471
common,fpca256_20,raw256,89,17,4,roc_auc,0.15037593984962405
common,fpca256_20,raw256,89,17,4,sensitivity,0.3571428571428571
common,fpca256_20,raw256,89,17,4,specificity,-0.21052631578947367
common,fpca256_20,raw256,90,18,0,roc_auc,0.026315789473684292
common,fpca256_20,raw256,90,18,0,sensitivity,0.5714285714285714
common,fpca256_20,raw256,90,18,0,specificity,-0.47368421052631576
common,fpca256_20,raw256,91,18,1,roc_auc,0.023809523809523836
common,fpca256_20,raw256,91,18,1,sensitivity,0.4285714285714286
common,fpca256_20,raw256,91,18,1,specificity,-0.38888888888888884
common,fpca256_20,raw256,92,18,2,roc_auc,0.07142857142857151
common,fpca256_20,raw256,92,18,2,sensitivity,0.1428571428571429
common,fpca256_20,raw256,92,18,2,specificity,0.11764705882352944
common,fpca256_20,raw256,93,18,3,roc_auc,0.056140350877193046
common,fpca256_20,raw256,93,18,3,sensitivity,0.33333333333333337
common,fpca256_20,raw256,93,18,3,specificity,-0.10526315789473684
common,fpca256_20,raw256,94,18,4,roc_auc,-0.20146520146520164
common,fpca256_20,raw256,94,18,4,sensitivity,0.07692307692307687
common,fpca256_20,raw256,94,18,4,specificity,-0.14285714285714285
common,fpca256_20,raw256,95,19,0,roc_auc,0.1654135338345864
common,fpca256_20,raw256,95,19,0,sensitivity,0.4285714285714286
common,fpca256_20,raw256,95,19,0,specificity,-0.31578947368421056
common,fpca256_20,raw256,96,19,1,roc_auc,-0.0357142857142857
common,fpca256_20,raw256,96,19,1,sensitivity,0.3571428571428572
common,fpca256_20,raw256,96,19,1,specificity,-0.3333333333333333
common,fpca256_20,raw256,97,19,2,roc_auc,-0.07539682539682535
common,fpca256_20,raw256,97,19,2,sensitivity,0.2857142857142857
common,fpca256_20,raw256,97,19,2,specificity,-0.6111111111111112
common,fpca256_20,raw256,98,19,3,roc_auc,0.01754385964912275
common,fpca256_20,raw256,98,19,3,sensitivity,0.4666666666666667
common,fpca256_20,raw256,98,19,3,specificity,-0.26315789473684215
common,fpca256_20,raw256,99,19,4,roc_auc,0.04230769230769227
common,fpca256_20,raw256,99,19,4,sensitivity,0.3076923076923077
common,fpca256_20,raw256,99,19,4,specificity,-0.15000000000000002
common,fpca256_25,raw100,0,0,0,roc_auc,-0.13650793650793647
common,fpca256_25,raw100,0,0,0,sensitivity,0.0
common,fpca256_25,raw100,0,0,0,specificity,-0.19047619047619047
common,fpca256_25,raw100,1,0,1,roc_auc,-0.08333333333333343
common,fpca256_25,raw100,1,0,1,sensitivity,0.0
common,fpca256_25,raw100,1,0,1,specificity,-0.05555555555555558
common,fpca256_25,raw100,2,0,2,roc_auc,0.05882352941176461
common,fpca256_25,raw100,2,0,2,sensitivity,0.2142857142857143
common,fpca256_25,raw100,2,0,2,specificity,-0.29411764705882354
common,fpca256_25,raw100,3,0,3,roc_auc,0.14661654135338342
common,fpca256_25,raw100,3,0,3,sensitivity,0.1428571428571429
common,fpca256_25,raw100,3,0,3,specificity,-0.15789473684210525
common,fpca256_25,raw100,4,0,4,roc_auc,-0.07692307692307687
common,fpca256_25,raw100,4,0,4,sensitivity,-0.07692307692307687
common,fpca256_25,raw100,4,0,4,specificity,0.05263157894736842
common,fpca256_25,raw100,5,1,0,roc_auc,-0.05555555555555547
common,fpca256_25,raw100,5,1,0,sensitivity,0.0
common,fpca256_25,raw100,5,1,0,specificity,0.11111111111111113
common,fpca256_25,raw100,6,1,1,roc_auc,-0.06390977443609025
common,fpca256_25,raw100,6,1,1,sensitivity,0.0
common,fpca256_25,raw100,6,1,1,specificity,-0.10526315789473684
common,fpca256_25,raw100,7,1,2,roc_auc,-0.02777777777777779
common,fpca256_25,raw100,7,1,2,sensitivity,0.0714285714285714
common,fpca256_25,raw100,7,1,2,specificity,0.055555555555555525
common,fpca256_25,raw100,8,1,3,roc_auc,-0.010526315789473717
common,fpca256_25,raw100,8,1,3,sensitivity,0.13333333333333341
common,fpca256_25,raw100,8,1,3,specificity,-0.2631578947368421
common,fpca256_25,raw100,9,1,4,roc_auc,-0.1346153846153847
common,fpca256_25,raw100,9,1,4,sensitivity,0.0
common,fpca256_25,raw100,9,1,4,specificity,0.0
common,fpca256_25,raw100,10,2,0,roc_auc,-0.03759398496240596
common,fpca256_25,raw100,10,2,0,sensitivity,0.0
common,fpca256_25,raw100,10,2,0,specificity,-0.05263157894736842
common,fpca256_25,raw100,11,2,1,roc_auc,-0.010526315789473717
common,fpca256_25,raw100,11,2,1,sensitivity,0.0
common,fpca256_25,raw100,11,2,1,specificity,0.05263157894736842
common,fpca256_25,raw100,12,2,2,roc_auc,0.003759398496240629
common,fpca256_25,raw100,12,2,2,sensitivity,0.1428571428571428
common,fpca256_25,raw100,12,2,2,specificity,-0.05263157894736836
common,fpca256_25,raw100,13,2,3,roc_auc,-0.10150375939849632
common,fpca256_25,raw100,13,2,3,sensitivity,-0.1428571428571428
common,fpca256_25,raw100,13,2,3,specificity,0.10526315789473684
common,fpca256_25,raw100,14,2,4,roc_auc,0.03846153846153855
common,fpca256_25,raw100,14,2,4,sensitivity,0.0
common,fpca256_25,raw100,14,2,4,specificity,-0.11111111111111113
common,fpca256_25,raw100,15,3,0,roc_auc,-0.07539682539682535
common,fpca256_25,raw100,15,3,0,sensitivity,0.0
common,fpca256_25,raw100,15,3,0,specificity,-0.055555555555555525
common,fpca256_25,raw100,16,3,1,roc_auc,-0.018796992481203145
common,fpca256_25,raw100,16,3,1,sensitivity,-0.07142857142857151
common,fpca256_25,raw100,16,3,1,specificity,0.05263157894736842
common,fpca256_25,raw100,17,3,2,roc_auc,-0.04814814814814816
common,fpca256_25,raw100,17,3,2,sensitivity,-0.2666666666666667
common,fpca256_25,raw100,17,3,2,specificity,0.27777777777777785
common,fpca256_25,raw100,18,3,3,roc_auc,0.12030075187969924
common,fpca256_25,raw100,18,3,3,sensitivity,0.2142857142857143
common,fpca256_25,raw100,18,3,3,specificity,-0.10526315789473689
common,fpca256_25,raw100,19,3,4,roc_auc,0.023076923076923106
common,fpca256_25,raw100,19,3,4,sensitivity,0.15384615384615385
common,fpca256_25,raw100,19,3,4,specificity,0.0
common,fpca256_25,raw100,20,4,0,roc_auc,-0.021428571428571574
common,fpca256_25,raw100,20,4,0,sensitivity,-0.0714285714285714
common,fpca256_25,raw100,20,4,0,specificity,-0.050000000000000044
common,fpca256_25,raw100,21,4,1,roc_auc,-0.05555555555555558
common,fpca256_25,raw100,21,4,1,sensitivity,-0.1428571428571429
common,fpca256_25,raw100,21,4,1,specificity,0.0
common,fpca256_25,raw100,22,4,2,roc_auc,-0.003759398496240629
common,fpca256_25,raw100,22,4,2,sensitivity,0.0714285714285714
common,fpca256_25,raw100,22,4,2,specificity,0.15789473684210525
common,fpca256_25,raw100,23,4,3,roc_auc,-0.07936507936507942
common,fpca256_25,raw100,23,4,3,sensitivity,0.0714285714285714
common,fpca256_25,raw100,23,4,3,specificity,0.0
common,fpca256_25,raw100,24,4,4,roc_auc,-0.022556390977443663
common,fpca256_25,raw100,24,4,4,sensitivity,0.0714285714285714
common,fpca256_25,raw100,24,4,4,specificity,0.05263157894736842
common,fpca256_25,raw100,25,5,0,roc_auc,-0.0992063492063493
common,fpca256_25,raw100,25,5,0,sensitivity,0.0
common,fpca256_25,raw100,25,5,0,specificity,-0.16666666666666666
common,fpca256_25,raw100,26,5,1,roc_auc,-0.026315789473684292
common,fpca256_25,raw100,26,5,1,sensitivity,-0.1428571428571429
common,fpca256_25,raw100,26,5,1,specificity,0.10526315789473684
common,fpca256_25,raw100,27,5,2,roc_auc,0.012121212121212088
common,fpca256_25,raw100,27,5,2,sensitivity,0.06666666666666676
common,fpca256_25,raw100,27,5,2,specificity,0.09090909090909094
common,fpca256_25,raw100,28,5,3,roc_auc,-0.02941176470588247
common,fpca256_25,raw100,28,5,3,sensitivity,-0.07142857142857151
common,fpca256_25,raw100,28,5,3,specificity,0.0
common,fpca256_25,raw100,29,5,4,roc_auc,-0.14529914529914545
common,fpca256_25,raw100,29,5,4,sensitivity,-0.23076923076923073
common,fpca256_25,raw100,29,5,4,specificity,0.0
common,fpca256_25,raw100,30,6,0,roc_auc,-0.018796992481203034
common,fpca256_25,raw100,30,6,0,sensitivity,0.0
common,fpca256_25,raw100,30,6,0,specificity,0.0
common,fpca256_25,raw100,31,6,1,roc_auc,0.03157894736842104
common,fpca256_25,raw100,31,6,1,sensitivity,0.06666666666666676
common,fpca256_25,raw100,31,6,1,specificity,-0.05263157894736842
common,fpca256_25,raw100,32,6,2,roc_auc,-0.0714285714285714
common,fpca256_25,raw100,32,6,2,sensitivity,0.0
common,fpca256_25,raw100,32,6,2,specificity,-0.10526315789473684
common,fpca256_25,raw100,33,6,3,roc_auc,0.08333333333333337
common,fpca256_25,raw100,33,6,3,sensitivity,0.2142857142857142
common,fpca256_25,raw100,33,6,3,specificity,0.0
common,fpca256_25,raw100,34,6,4,roc_auc,-0.020242914979757054
common,fpca256_25,raw100,34,6,4,sensitivity,0.15384615384615385
common,fpca256_25,raw100,34,6,4,specificity,-0.3684210526315789
common,fpca256_25,raw100,35,7,0,roc_auc,-0.021428571428571352
common,fpca256_25,raw100,35,7,0,sensitivity,-0.0714285714285714
common,fpca256_25,raw100,35,7,0,specificity,-0.04999999999999999
common,fpca256_25,raw100,36,7,1,roc_auc,-0.011904761904761973
common,fpca256_25,raw100,36,7,1,sensitivity,0.0714285714285714
common,fpca256_25,raw100,36,7,1,specificity,-0.16666666666666663
common,fpca256_25,raw100,37,7,2,roc_auc,-0.03571428571428581
common,fpca256_25,raw100,37,7,2,sensitivity,0.0
common,fpca256_25,raw100,37,7,2,specificity,0.055555555555555525
common,fpca256_25,raw100,38,7,3,roc_auc,-0.12301587301587302
common,fpca256_25,raw100,38,7,3,sensitivity,0.0714285714285714
common,fpca256_25,raw100,38,7,3,specificity,-0.1111111111111111
common,fpca256_25,raw100,39,7,4,roc_auc,0.12142857142857144
common,fpca256_25,raw100,39,7,4,sensitivity,0.0
common,fpca256_25,raw100,39,7,4,specificity,-0.04999999999999999
common,fpca256_25,raw100,40,8,0,roc_auc,-0.1122448979591838
common,fpca256_25,raw100,40,8,0,sensitivity,0.0
common,fpca256_25,raw100,40,8,0,specificity,0.047619047619047616
common,fpca256_25,raw100,41,8,1,roc_auc,0.05555555555555558
common,fpca256_25,raw100,41,8,1,sensitivity,0.2857142857142857
common,fpca256_25,raw100,41,8,1,specificity,-0.1111111111111111
common,fpca256_25,raw100,42,8,2,roc_auc,-0.06666666666666676
common,fpca256_25,raw100,42,8,2,sensitivity,0.1333333333333333
common,fpca256_25,raw100,42,8,2,specificity,-0.1111111111111111
common,fpca256_25,raw100,43,8,3,roc_auc,-0.011904761904761862
common,fpca256_25,raw100,43,8,3,sensitivity,0.1428571428571429
common,fpca256_25,raw100,43,8,3,specificity,0.0
common,fpca256_25,raw100,44,8,4,roc_auc,-0.07692307692307693
common,fpca256_25,raw100,44,8,4,sensitivity,-0.23076923076923073
common,fpca256_25,raw100,44,8,4,specificity,0.15789473684210525
common,fpca256_25,raw100,45,9,0,roc_auc,0.03968253968253965
common,fpca256_25,raw100,45,9,0,sensitivity,0.0714285714285714
common,fpca256_25,raw100,45,9,0,specificity,0.0
common,fpca256_25,raw100,46,9,1,roc_auc,-0.04999999999999993
common,fpca256_25,raw100,46,9,1,sensitivity,0.13333333333333341
common,fpca256_25,raw100,46,9,1,specificity,-0.2
common,fpca256_25,raw100,47,9,2,roc_auc,-0.07539682539682546
common,fpca256_25,raw100,47,9,2,sensitivity,-0.1428571428571429
common,fpca256_25,raw100,47,9,2,specificity,-0.05555555555555558
common,fpca256_25,raw100,48,9,3,roc_auc,-0.021428571428571574
common,fpca256_25,raw100,48,9,3,sensitivity,0.0
common,fpca256_25,raw100,48,9,3,specificity,-0.15000000000000002
common,fpca256_25,raw100,49,9,4,roc_auc,-0.012820512820512775
common,fpca256_25,raw100,49,9,4,sensitivity,0.0
common,fpca256_25,raw100,49,9,4,specificity,-0.16666666666666663
common,fpca256_25,raw100,50,10,0,roc_auc,-0.07142857142857151
common,fpca256_25,raw100,50,10,0,sensitivity,0.0
common,fpca256_25,raw100,50,10,0,specificity,-0.2777777777777778
common,fpca256_25,raw100,51,10,1,roc_auc,-0.07563025210084029
common,fpca256_25,raw100,51,10,1,sensitivity,-0.2857142857142857
common,fpca256_25,raw100,51,10,1,specificity,0.11764705882352944
common,fpca256_25,raw100,52,10,2,roc_auc,-0.019480519480519543
common,fpca256_25,raw100,52,10,2,sensitivity,0.0714285714285714
common,fpca256_25,raw100,52,10,2,specificity,-0.04545454545454547
common,fpca256_25,raw100,53,10,3,roc_auc,-0.059523809523809534
common,fpca256_25,raw100,53,10,3,sensitivity,0.1428571428571428
common,fpca256_25,raw100,53,10,3,specificity,0.055555555555555525
common,fpca256_25,raw100,54,10,4,roc_auc,-0.0864661654135338
common,fpca256_25,raw100,54,10,4,sensitivity,-0.1428571428571428
common,fpca256_25,raw100,54,10,4,specificity,0.21052631578947367
common,fpca256_25,raw100,55,11,0,roc_auc,-0.05999999999999994
common,fpca256_25,raw100,55,11,0,sensitivity,-0.06666666666666665
common,fpca256_25,raw100,55,11,0,specificity,0.04999999999999999
common,fpca256_25,raw100,56,11,1,roc_auc,0.021008403361344463
common,fpca256_25,raw100,56,11,1,sensitivity,0.0714285714285714
common,fpca256_25,raw100,56,11,1,specificity,0.11764705882352944
common,fpca256_25,raw100,57,11,2,roc_auc,0.046428571428571486
common,fpca256_25,raw100,57,11,2,sensitivity,-0.2142857142857143
common,fpca256_25,raw100,57,11,2,specificity,0.2
common,fpca256_25,raw100,58,11,3,roc_auc,-0.10317460317460314
common,fpca256_25,raw100,58,11,3,sensitivity,0.0714285714285714
common,fpca256_25,raw100,58,11,3,specificity,0.0
common,fpca256_25,raw100,59,11,4,roc_auc,-0.12955465587044535
common,fpca256_25,raw100,59,11,4,sensitivity,-0.07692307692307687
common,fpca256_25,raw100,59,11,4,specificity,-0.05263157894736842
common,fpca256_25,raw100,60,12,0,roc_auc,0.04705882352941171
common,fpca256_25,raw100,60,12,0,sensitivity,0.06666666666666665
common,fpca256_25,raw100,60,12,0,specificity,0.0
common,fpca256_25,raw100,61,12,1,roc_auc,-0.041353383458646475
common,fpca256_25,raw100,61,12,1,sensitivity,-0.21428571428571436
common,fpca256_25,raw100,61,12,1,specificity,0.1578947368421053
common,fpca256_25,raw100,62,12,2,roc_auc,0.052631578947368474
common,fpca256_25,raw100,62,12,2,sensitivity,0.0
common,fpca256_25,raw100,62,12,2,specificity,0.15789473684210525
common,fpca256_25,raw100,63,12,3,roc_auc,-0.1499999999999999
common,fpca256_25,raw100,63,12,3,sensitivity,0.0714285714285714
common,fpca256_25,raw100,63,12,3,specificity,-0.24999999999999997
common,fpca256_25,raw100,64,12,4,roc_auc,-0.14574898785425083
common,fpca256_25,raw100,64,12,4,sensitivity,0.15384615384615385
common,fpca256_25,raw100,64,12,4,specificity,-0.15789473684210525
common,fpca256_25,raw100,65,13,0,roc_auc,0.039682539682539764
common,fpca256_25,raw100,65,13,0,sensitivity,0.0714285714285714
common,fpca256_25,raw100,65,13,0,specificity,0.0
common,fpca256_25,raw100,66,13,1,roc_auc,-0.05999999999999994
common,fpca256_25,raw100,66,13,1,sensitivity,0.0
common,fpca256_25,raw100,66,13,1,specificity,-0.09999999999999998
common,fpca256_25,raw100,67,13,2,roc_auc,-0.18045112781954897
common,fpca256_25,raw100,67,13,2,sensitivity,0.0
common,fpca256_25,raw100,67,13,2,specificity,-0.05263157894736842
common,fpca256_25,raw100,68,13,3,roc_auc,0.0798319327731093
common,fpca256_25,raw100,68,13,3,sensitivity,0.0
common,fpca256_25,raw100,68,13,3,specificity,0.05882352941176466
common,fpca256_25,raw100,69,13,4,roc_auc,-0.038461538461538325
common,fpca256_25,raw100,69,13,4,sensitivity,0.3076923076923077
common,fpca256_25,raw100,69,13,4,specificity,-0.04999999999999999
common,fpca256_25,raw100,70,14,0,roc_auc,0.04210526315789487
common,fpca256_25,raw100,70,14,0,sensitivity,0.06666666666666665
common,fpca256_25,raw100,70,14,0,specificity,0.0
common,fpca256_25,raw100,71,14,1,roc_auc,-0.019841269841269882
common,fpca256_25,raw100,71,14,1,sensitivity,-0.1428571428571428
common,fpca256_25,raw100,71,14,1,specificity,0.0
common,fpca256_25,raw100,72,14,2,roc_auc,-0.11507936507936511
common,fpca256_25,raw100,72,14,2,sensitivity,0.0714285714285714
common,fpca256_25,raw100,72,14,2,specificity,-0.055555555555555525
common,fpca256_25,raw100,73,14,3,roc_auc,-0.07857142857142851
common,fpca256_25,raw100,73,14,3,sensitivity,0.07142857142857151
common,fpca256_25,raw100,73,14,3,specificity,-0.09999999999999998
common,fpca256_25,raw100,74,14,4,roc_auc,-0.03238866396761131
common,fpca256_25,raw100,74,14,4,sensitivity,-0.07692307692307687
common,fpca256_25,raw100,74,14,4,specificity,-0.05263157894736842
common,fpca256_25,raw100,75,15,0,roc_auc,-0.09022556390977454
common,fpca256_25,raw100,75,15,0,sensitivity,0.0
common,fpca256_25,raw100,75,15,0,specificity,-0.15789473684210525
common,fpca256_25,raw100,76,15,1,roc_auc,-0.1428571428571429
common,fpca256_25,raw100,76,15,1,sensitivity,-0.0714285714285714
common,fpca256_25,raw100,76,15,1,specificity,0.0
common,fpca256_25,raw100,77,15,2,roc_auc,0.08421052631578951
common,fpca256_25,raw100,77,15,2,sensitivity,0.1333333333333333
common,fpca256_25,raw100,77,15,2,specificity,-0.10526315789473684
common,fpca256_25,raw100,78,15,3,roc_auc,-0.06766917293233077
common,fpca256_25,raw100,78,15,3,sensitivity,-0.2142857142857143
common,fpca256_25,raw100,78,15,3,specificity,-0.05263157894736842
common,fpca256_25,raw100,79,15,4,roc_auc,-0.09716599190283393
common,fpca256_25,raw100,79,15,4,sensitivity,0.07692307692307687
common,fpca256_25,raw100,79,15,4,specificity,-0.26315789473684215
common,fpca256_25,raw100,80,16,0,roc_auc,-0.09285714285714286
common,fpca256_25,raw100,80,16,0,sensitivity,0.0
common,fpca256_25,raw100,80,16,0,specificity,-0.04999999999999999
common,fpca256_25,raw100,81,16,1,roc_auc,0.021008403361344463
common,fpca256_25,raw100,81,16,1,sensitivity,0.0714285714285714
common,fpca256_25,raw100,81,16,1,specificity,0.11764705882352938
common,fpca256_25,raw100,82,16,2,roc_auc,-0.11228070175438587
common,fpca256_25,raw100,82,16,2,sensitivity,0.0
common,fpca256_25,raw100,82,16,2,specificity,0.15789473684210525
common,fpca256_25,raw100,83,16,3,roc_auc,-0.06071428571428572
common,fpca256_25,raw100,83,16,3,sensitivity,-0.07142857142857151
common,fpca256_25,raw100,83,16,3,specificity,-0.050000000000000044
common,fpca256_25,raw100,84,16,4,roc_auc,0.13675213675213682
common,fpca256_25,raw100,84,16,4,sensitivity,-0.15384615384615385
common,fpca256_25,raw100,84,16,4,specificity,0.2222222222222222
common,fpca256_25,raw100,85,17,0,roc_auc,0.010714285714285787
common,fpca256_25,raw100,85,17,0,sensitivity,0.0714285714285714
common,fpca256_25,raw100,85,17,0,specificity,-0.15000000000000002
common,fpca256_25,raw100,86,17,1,roc_auc,0.03571428571428564
common,fpca256_25,raw100,86,17,1,sensitivity,0.0
common,fpca256_25,raw100,86,17,1,specificity,0.0
common,fpca256_25,raw100,87,17,2,roc_auc,-0.08214285714285718
common,fpca256_25,raw100,87,17,2,sensitivity,0.07142857142857151
common,fpca256_25,raw100,87,17,2,specificity,-0.25
common,fpca256_25,raw100,88,17,3,roc_auc,-0.07983193277310918
common,fpca256_25,raw100,88,17,3,sensitivity,0.2142857142857143
common,fpca256_25,raw100,88,17,3,specificity,-0.23529411764705882
common,fpca256_25,raw100,89,17,4,roc_auc,-0.026315789473684292
common,fpca256_25,raw100,89,17,4,sensitivity,0.0714285714285714
common,fpca256_25,raw100,89,17,4,specificity,0.0
common,fpca256_25,raw100,90,18,0,roc_auc,0.011278195488721776
common,fpca256_25,raw100,90,18,0,sensitivity,0.0
common,fpca256_25,raw100,90,18,0,specificity,-0.10526315789473684
common,fpca256_25,raw100,91,18,1,roc_auc,-0.003968253968253954
common,fpca256_25,raw100,91,18,1,sensitivity,0.2142857142857143
common,fpca256_25,raw100,91,18,1,specificity,-0.1111111111111111
common,fpca256_25,raw100,92,18,2,roc_auc,-0.025210084033613467
common,fpca256_25,raw100,92,18,2,sensitivity,0.0
common,fpca256_25,raw100,92,18,2,specificity,0.0
common,fpca256_25,raw100,93,18,3,roc_auc,0.04912280701754401
common,fpca256_25,raw100,93,18,3,sensitivity,0.0
common,fpca256_25,raw100,93,18,3,specificity,0.15789473684210525
common,fpca256_25,raw100,94,18,4,roc_auc,-0.09523809523809523
common,fpca256_25,raw100,94,18,4,sensitivity,-0.3076923076923077
common,fpca256_25,raw100,94,18,4,specificity,0.23809523809523808
common,fpca256_25,raw100,95,19,0,roc_auc,-0.10150375939849621
common,fpca256_25,raw100,95,19,0,sensitivity,-0.1428571428571428
common,fpca256_25,raw100,95,19,0,specificity,0.21052631578947367
common,fpca256_25,raw100,96,19,1,roc_auc,-0.09126984126984128
common,fpca256_25,raw100,96,19,1,sensitivity,-0.1428571428571429
common,fpca256_25,raw100,96,19,1,specificity,-0.055555555555555525
common,fpca256_25,raw100,97,19,2,roc_auc,-0.019841269841269882
common,fpca256_25,raw100,97,19,2,sensitivity,0.1428571428571429
common,fpca256_25,raw100,97,19,2,specificity,-0.33333333333333337
common,fpca256_25,raw100,98,19,3,roc_auc,0.007017543859649034
common,fpca256_25,raw100,98,19,3,sensitivity,0.1333333333333333
common,fpca256_25,raw100,98,19,3,specificity,0.0
common,fpca256_25,raw100,99,19,4,roc_auc,0.038461538461538436
common,fpca256_25,raw100,99,19,4,sensitivity,0.07692307692307687
common,fpca256_25,raw100,99,19,4,specificity,-0.04999999999999999
common,fpca256_25,raw256,0,0,0,roc_auc,-0.09206349206349207
common,fpca256_25,raw256,0,0,0,sensitivity,0.06666666666666665
common,fpca256_25,raw256,0,0,0,specificity,-0.380952380952381
common,fpca256_25,raw256,1,0,1,roc_auc,-0.06349206349206354
common,fpca256_25,raw256,1,0,1,sensitivity,0.1428571428571429
common,fpca256_25,raw256,1,0,1,specificity,0.0
common,fpca256_25,raw256,2,0,2,roc_auc,0.05042016806722682
common,fpca256_25,raw256,2,0,2,sensitivity,0.3571428571428572
common,fpca256_25,raw256,2,0,2,specificity,-0.5294117647058822
common,fpca256_25,raw256,3,0,3,roc_auc,0.12030075187969924
common,fpca256_25,raw256,3,0,3,sensitivity,0.2857142857142857
common,fpca256_25,raw256,3,0,3,specificity,-0.3684210526315789
common,fpca256_25,raw256,4,0,4,roc_auc,0.04453441295546556
common,fpca256_25,raw256,4,0,4,sensitivity,0.23076923076923078
common,fpca256_25,raw256,4,0,4,specificity,-0.3157894736842105
common,fpca256_25,raw256,5,1,0,roc_auc,0.019841269841269882
common,fpca256_25,raw256,5,1,0,sensitivity,0.2142857142857142
common,fpca256_25,raw256,5,1,0,specificity,-0.33333333333333337
common,fpca256_25,raw256,6,1,1,roc_auc,-0.03383458646616544
common,fpca256_25,raw256,6,1,1,sensitivity,0.1428571428571429
common,fpca256_25,raw256,6,1,1,specificity,-0.42105263157894735
common,fpca256_25,raw256,7,1,2,roc_auc,0.059523809523809534
common,fpca256_25,raw256,7,1,2,sensitivity,0.4285714285714286
common,fpca256_25,raw256,7,1,2,specificity,-0.27777777777777785
common,fpca256_25,raw256,8,1,3,roc_auc,0.021052631578947323
common,fpca256_25,raw256,8,1,3,sensitivity,0.33333333333333337
common,fpca256_25,raw256,8,1,3,specificity,-0.3684210526315789
common,fpca256_25,raw256,9,1,4,roc_auc,-0.015384615384615441
common,fpca256_25,raw256,9,1,4,sensitivity,0.23076923076923084
common,fpca256_25,raw256,9,1,4,specificity,-0.20000000000000007
common,fpca256_25,raw256,10,2,0,roc_auc,-0.03759398496240596
common,fpca256_25,raw256,10,2,0,sensitivity,0.07142857142857151
common,fpca256_25,raw256,10,2,0,specificity,-0.1578947368421053
common,fpca256_25,raw256,11,2,1,roc_auc,0.0491228070175439
common,fpca256_25,raw256,11,2,1,sensitivity,0.06666666666666665
common,fpca256_25,raw256,11,2,1,specificity,0.0
common,fpca256_25,raw256,12,2,2,roc_auc,0.13157894736842113
common,fpca256_25,raw256,12,2,2,sensitivity,0.42857142857142855
common,fpca256_25,raw256,12,2,2,specificity,-0.21052631578947367
common,fpca256_25,raw256,13,2,3,roc_auc,-0.12406015037593987
common,fpca256_25,raw256,13,2,3,sensitivity,0.0714285714285714
common,fpca256_25,raw256,13,2,3,specificity,-0.21052631578947367
common,fpca256_25,raw256,14,2,4,roc_auc,0.14102564102564108
common,fpca256_25,raw256,14,2,4,sensitivity,0.23076923076923084
common,fpca256_25,raw256,14,2,4,specificity,-0.33333333333333337
common,fpca256_25,raw256,15,3,0,roc_auc,0.0
common,fpca256_25,raw256,15,3,0,sensitivity,0.2142857142857142
common,fpca256_25,raw256,15,3,0,specificity,-0.49999999999999994
common,fpca256_25,raw256,16,3,1,roc_auc,0.06390977443609014
common,fpca256_25,raw256,16,3,1,sensitivity,0.0
common,fpca256_25,raw256,16,3,1,specificity,0.0
common,fpca256_25,raw256,17,3,2,roc_auc,0.0037037037037037646
common,fpca256_25,raw256,17,3,2,sensitivity,0.1333333333333333
common,fpca256_25,raw256,17,3,2,specificity,0.05555555555555558
common,fpca256_25,raw256,18,3,3,roc_auc,0.13533834586466165
common,fpca256_25,raw256,18,3,3,sensitivity,0.4285714285714286
common,fpca256_25,raw256,18,3,3,specificity,-0.2631578947368421
common,fpca256_25,raw256,19,3,4,roc_auc,0.04615384615384621
common,fpca256_25,raw256,19,3,4,sensitivity,0.3076923076923077
common,fpca256_25,raw256,19,3,4,specificity,-0.1499999999999999
common,fpca256_25,raw256,20,4,0,roc_auc,-0.053571428571428714
common,fpca256_25,raw256,20,4,0,sensitivity,0.1428571428571428
common,fpca256_25,raw256,20,4,0,specificity,-0.15000000000000002
common,fpca256_25,raw256,21,4,1,roc_auc,-0.08333333333333326
common,fpca256_25,raw256,21,4,1,sensitivity,0.0714285714285714
common,fpca256_25,raw256,21,4,1,specificity,-0.16666666666666663
common,fpca256_25,raw256,22,4,2,roc_auc,0.045112781954887216
common,fpca256_25,raw256,22,4,2,sensitivity,0.2857142857142857
common,fpca256_25,raw256,22,4,2,specificity,-0.15789473684210525
common,fpca256_25,raw256,23,4,3,roc_auc,-0.007936507936507908
common,fpca256_25,raw256,23,4,3,sensitivity,0.2857142857142857
common,fpca256_25,raw256,23,4,3,specificity,-0.1111111111111111
common,fpca256_25,raw256,24,4,4,roc_auc,0.05639097744360899
common,fpca256_25,raw256,24,4,4,sensitivity,0.4285714285714286
common,fpca256_25,raw256,24,4,4,specificity,-0.26315789473684215
common,fpca256_25,raw256,25,5,0,roc_auc,-0.0357142857142857
common,fpca256_25,raw256,25,5,0,sensitivity,0.2142857142857143
common,fpca256_25,raw256,25,5,0,specificity,-0.2777777777777778
common,fpca256_25,raw256,26,5,1,roc_auc,-0.048872180451127845
common,fpca256_25,raw256,26,5,1,sensitivity,-0.07142857142857151
common,fpca256_25,raw256,26,5,1,specificity,-0.21052631578947367
common,fpca256_25,raw256,27,5,2,roc_auc,0.042424242424242475
common,fpca256_25,raw256,27,5,2,sensitivity,0.4
common,fpca256_25,raw256,27,5,2,specificity,-0.27272727272727265
common,fpca256_25,raw256,28,5,3,roc_auc,0.08823529411764697
common,fpca256_25,raw256,28,5,3,sensitivity,0.42857142857142855
common,fpca256_25,raw256,28,5,3,specificity,-0.05882352941176472
common,fpca256_25,raw256,29,5,4,roc_auc,-0.05982905982905984
common,fpca256_25,raw256,29,5,4,sensitivity,0.23076923076923084
common,fpca256_25,raw256,29,5,4,specificity,-0.27777777777777785
common,fpca256_25,raw256,30,6,0,roc_auc,0.06015037593984962
common,fpca256_25,raw256,30,6,0,sensitivity,0.2142857142857143
common,fpca256_25,raw256,30,6,0,specificity,-0.15789473684210525
common,fpca256_25,raw256,31,6,1,roc_auc,0.038596491228070184
common,fpca256_25,raw256,31,6,1,sensitivity,0.13333333333333341
common,fpca256_25,raw256,31,6,1,specificity,-0.05263157894736842
common,fpca256_25,raw256,32,6,2,roc_auc,-0.018796992481203034
common,fpca256_25,raw256,32,6,2,sensitivity,0.4285714285714286
common,fpca256_25,raw256,32,6,2,specificity,-0.3157894736842105
common,fpca256_25,raw256,33,6,3,roc_auc,-0.04365079365079372
common,fpca256_25,raw256,33,6,3,sensitivity,0.42857142857142855
common,fpca256_25,raw256,33,6,3,specificity,-0.33333333333333337
common,fpca256_25,raw256,34,6,4,roc_auc,-0.020242914979757054
common,fpca256_25,raw256,34,6,4,sensitivity,0.3076923076923077
common,fpca256_25,raw256,34,6,4,specificity,-0.47368421052631576
common,fpca256_25,raw256,35,7,0,roc_auc,-0.02499999999999991
common,fpca256_25,raw256,35,7,0,sensitivity,0.0
common,fpca256_25,raw256,35,7,0,specificity,-0.09999999999999998
common,fpca256_25,raw256,36,7,1,roc_auc,0.11904761904761907
common,fpca256_25,raw256,36,7,1,sensitivity,0.5714285714285714
common,fpca256_25,raw256,36,7,1,specificity,-0.38888888888888884
common,fpca256_25,raw256,37,7,2,roc_auc,-0.003968253968253843
common,fpca256_25,raw256,37,7,2,sensitivity,0.2142857142857143
common,fpca256_25,raw256,37,7,2,specificity,-0.16666666666666674
common,fpca256_25,raw256,38,7,3,roc_auc,-0.059523809523809534
common,fpca256_25,raw256,38,7,3,sensitivity,0.3571428571428571
common,fpca256_25,raw256,38,7,3,specificity,-0.5
common,fpca256_25,raw256,39,7,4,roc_auc,0.0892857142857143
common,fpca256_25,raw256,39,7,4,sensitivity,0.2142857142857143
common,fpca256_25,raw256,39,7,4,specificity,-0.39999999999999997
common,fpca256_25,raw256,40,8,0,roc_auc,-0.0374149659863946
common,fpca256_25,raw256,40,8,0,sensitivity,0.0714285714285714
common,fpca256_25,raw256,40,8,0,specificity,-0.380952380952381
common,fpca256_25,raw256,41,8,1,roc_auc,-0.023809523809523836
common,fpca256_25,raw256,41,8,1,sensitivity,0.3571428571428572
common,fpca256_25,raw256,41,8,1,specificity,-0.27777777777777773
common,fpca256_25,raw256,42,8,2,roc_auc,0.051851851851851816
common,fpca256_25,raw256,42,8,2,sensitivity,0.2666666666666667
common,fpca256_25,raw256,42,8,2,specificity,-0.16666666666666669
common,fpca256_25,raw256,43,8,3,roc_auc,0.0992063492063493
common,fpca256_25,raw256,43,8,3,sensitivity,0.5
common,fpca256_25,raw256,43,8,3,specificity,-0.2777777777777778
common,fpca256_25,raw256,44,8,4,roc_auc,-0.032388663967611364
common,fpca256_25,raw256,44,8,4,sensitivity,0.15384615384615385
common,fpca256_25,raw256,44,8,4,specificity,-0.1578947368421053
common,fpca256_25,raw256,45,9,0,roc_auc,0.0714285714285714
common,fpca256_25,raw256,45,9,0,sensitivity,0.2857142857142857
common,fpca256_25,raw256,45,9,0,specificity,-0.2777777777777778
common,fpca256_25,raw256,46,9,1,roc_auc,-0.023333333333333317
common,fpca256_25,raw256,46,9,1,sensitivity,0.33333333333333337
common,fpca256_25,raw256,46,9,1,specificity,-0.39999999999999997
common,fpca256_25,raw256,47,9,2,roc_auc,-0.019841269841269882
common,fpca256_25,raw256,47,9,2,sensitivity,0.14285714285714285
common,fpca256_25,raw256,47,9,2,specificity,-0.33333333333333337
common,fpca256_25,raw256,48,9,3,roc_auc,-0.017857142857142905
common,fpca256_25,raw256,48,9,3,sensitivity,0.1428571428571428
common,fpca256_25,raw256,48,9,3,specificity,-0.15000000000000002
common,fpca256_25,raw256,49,9,4,roc_auc,0.02564102564102566
common,fpca256_25,raw256,49,9,4,sensitivity,0.0
common,fpca256_25,raw256,49,9,4,specificity,-0.33333333333333337
common,fpca256_25,raw256,50,10,0,roc_auc,-0.00793650793650802
common,fpca256_25,raw256,50,10,0,sensitivity,0.4285714285714286
common,fpca256_25,raw256,50,10,0,specificity,-0.5555555555555556
common,fpca256_25,raw256,51,10,1,roc_auc,-0.06302521008403361
common,fpca256_25,raw256,51,10,1,sensitivity,-0.2142857142857143
common,fpca256_25,raw256,51,10,1,specificity,0.0
common,fpca256_25,raw256,52,10,2,roc_auc,0.022727272727272707
common,fpca256_25,raw256,52,10,2,sensitivity,0.2142857142857142
common,fpca256_25,raw256,52,10,2,specificity,-0.2727272727272727
common,fpca256_25,raw256,53,10,3,roc_auc,0.023809523809523725
common,fpca256_25,raw256,53,10,3,sensitivity,0.49999999999999994
common,fpca256_25,raw256,53,10,3,specificity,-0.38888888888888895
common,fpca256_25,raw256,54,10,4,roc_auc,0.06015037593984962
common,fpca256_25,raw256,54,10,4,sensitivity,0.0
common,fpca256_25,raw256,54,10,4,specificity,0.0
common,fpca256_25,raw256,55,11,0,roc_auc,-0.030000000000000027
common,fpca256_25,raw256,55,11,0,sensitivity,0.20000000000000007
common,fpca256_25,raw256,55,11,0,specificity,-0.24999999999999994
common,fpca256_25,raw256,56,11,1,roc_auc,0.1344537815126049
common,fpca256_25,raw256,56,11,1,sensitivity,0.35714285714285715
common,fpca256_25,raw256,56,11,1,specificity,-0.05882352941176472
common,fpca256_25,raw256,57,11,2,roc_auc,0.09285714285714297
common,fpca256_25,raw256,57,11,2,sensitivity,0.28571428571428575
common,fpca256_25,raw256,57,11,2,specificity,-0.10000000000000003
common,fpca256_25,raw256,58,11,3,roc_auc,-0.10317460317460314
common,fpca256_25,raw256,58,11,3,sensitivity,0.3571428571428571
common,fpca256_25,raw256,58,11,3,specificity,-0.2777777777777778
common,fpca256_25,raw256,59,11,4,roc_auc,-0.02429149797570851
common,fpca256_25,raw256,59,11,4,sensitivity,0.3076923076923077
common,fpca256_25,raw256,59,11,4,specificity,-0.368421052631579
common,fpca256_25,raw256,60,12,0,roc_auc,0.14117647058823524
common,fpca256_25,raw256,60,12,0,sensitivity,0.33333333333333337
common,fpca256_25,raw256,60,12,0,specificity,-0.11764705882352938
common,fpca256_25,raw256,61,12,1,roc_auc,0.011278195488721887
common,fpca256_25,raw256,61,12,1,sensitivity,0.0
common,fpca256_25,raw256,61,12,1,specificity,-0.05263157894736836
common,fpca256_25,raw256,62,12,2,roc_auc,0.10526315789473684
common,fpca256_25,raw256,62,12,2,sensitivity,0.3571428571428572
common,fpca256_25,raw256,62,12,2,specificity,0.0
common,fpca256_25,raw256,63,12,3,roc_auc,-0.08214285714285707
common,fpca256_25,raw256,63,12,3,sensitivity,0.3571428571428571
common,fpca256_25,raw256,63,12,3,specificity,-0.65
common,fpca256_25,raw256,64,12,4,roc_auc,-0.09311740890688247
common,fpca256_25,raw256,64,12,4,sensitivity,0.15384615384615385
common,fpca256_25,raw256,64,12,4,specificity,-0.368421052631579
common,fpca256_25,raw256,65,13,0,roc_auc,0.134920634920635
common,fpca256_25,raw256,65,13,0,sensitivity,0.6428571428571428
common,fpca256_25,raw256,65,13,0,specificity,-0.27777777777777773
common,fpca256_25,raw256,66,13,1,roc_auc,-0.053333333333333344
common,fpca256_25,raw256,66,13,1,sensitivity,0.13333333333333341
common,fpca256_25,raw256,66,13,1,specificity,-0.15000000000000002
common,fpca256_25,raw256,67,13,2,roc_auc,-0.11654135338345872
common,fpca256_25,raw256,67,13,2,sensitivity,0.1428571428571429
common,fpca256_25,raw256,67,13,2,specificity,-0.42105263157894735
common,fpca256_25,raw256,68,13,3,roc_auc,0.11764705882352944
common,fpca256_25,raw256,68,13,3,sensitivity,0.2142857142857143
common,fpca256_25,raw256,68,13,3,specificity,-0.05882352941176472
common,fpca256_25,raw256,69,13,4,roc_auc,-0.11538461538461542
common,fpca256_25,raw256,69,13,4,sensitivity,0.3076923076923077
common,fpca256_25,raw256,69,13,4,specificity,-0.14999999999999997
common,fpca256_25,raw256,70,14,0,roc_auc,0.0491228070175439
common,fpca256_25,raw256,70,14,0,sensitivity,0.33333333333333337
common,fpca256_25,raw256,70,14,0,specificity,-0.31578947368421056
common,fpca256_25,raw256,71,14,1,roc_auc,0.011904761904761862
common,fpca256_25,raw256,71,14,1,sensitivity,-0.0714285714285714
common,fpca256_25,raw256,71,14,1,specificity,-0.05555555555555558
common,fpca256_25,raw256,72,14,2,roc_auc,-0.13095238095238104
common,fpca256_25,raw256,72,14,2,sensitivity,0.2857142857142857
common,fpca256_25,raw256,72,14,2,specificity,-0.2222222222222222
common,fpca256_25,raw256,73,14,3,roc_auc,-0.007142857142857062
common,fpca256_25,raw256,73,14,3,sensitivity,0.3571428571428572
common,fpca256_25,raw256,73,14,3,specificity,-0.39999999999999997
common,fpca256_25,raw256,74,14,4,roc_auc,0.1578947368421053
common,fpca256_25,raw256,74,14,4,sensitivity,0.46153846153846156
common,fpca256_25,raw256,74,14,4,specificity,-0.15789473684210525
common,fpca256_25,raw256,75,15,0,roc_auc,0.041353383458646586
common,fpca256_25,raw256,75,15,0,sensitivity,0.2857142857142857
common,fpca256_25,raw256,75,15,0,specificity,-0.21052631578947367
common,fpca256_25,raw256,76,15,1,roc_auc,-0.07142857142857151
common,fpca256_25,raw256,76,15,1,sensitivity,0.0714285714285714
common,fpca256_25,raw256,76,15,1,specificity,-0.16666666666666669
common,fpca256_25,raw256,77,15,2,roc_auc,0.1719298245614036
common,fpca256_25,raw256,77,15,2,sensitivity,0.5333333333333333
common,fpca256_25,raw256,77,15,2,specificity,-0.31578947368421056
common,fpca256_25,raw256,78,15,3,roc_auc,-0.06766917293233077
common,fpca256_25,raw256,78,15,3,sensitivity,-0.0714285714285714
common,fpca256_25,raw256,78,15,3,specificity,-0.15789473684210525
common,fpca256_25,raw256,79,15,4,roc_auc,-0.1255060728744939
common,fpca256_25,raw256,79,15,4,sensitivity,0.3076923076923077
common,fpca256_25,raw256,79,15,4,specificity,-0.42105263157894735
common,fpca256_25,raw256,80,16,0,roc_auc,-0.07857142857142851
common,fpca256_25,raw256,80,16,0,sensitivity,0.4285714285714286
common,fpca256_25,raw256,80,16,0,specificity,-0.4
common,fpca256_25,raw256,81,16,1,roc_auc,0.07563025210084018
common,fpca256_25,raw256,81,16,1,sensitivity,0.2857142857142857
common,fpca256_25,raw256,81,16,1,specificity,-0.05882352941176472
common,fpca256_25,raw256,82,16,2,roc_auc,-0.09824561403508769
common,fpca256_25,raw256,82,16,2,sensitivity,0.33333333333333337
common,fpca256_25,raw256,82,16,2,specificity,-0.2631578947368421
common,fpca256_25,raw256,83,16,3,roc_auc,-0.014285714285714235
common,fpca256_25,raw256,83,16,3,sensitivity,0.2142857142857142
common,fpca256_25,raw256,83,16,3,specificity,-0.19999999999999996
common,fpca256_25,raw256,84,16,4,roc_auc,0.13247863247863245
common,fpca256_25,raw256,84,16,4,sensitivity,0.3076923076923077
common,fpca256_25,raw256,84,16,4,specificity,0.0
common,fpca256_25,raw256,85,17,0,roc_auc,0.06071428571428583
common,fpca256_25,raw256,85,17,0,sensitivity,0.2857142857142857
common,fpca256_25,raw256,85,17,0,specificity,-0.19999999999999996
common,fpca256_25,raw256,86,17,1,roc_auc,-0.023809523809523947
common,fpca256_25,raw256,86,17,1,sensitivity,0.1428571428571429
common,fpca256_25,raw256,86,17,1,specificity,-0.16666666666666669
common,fpca256_25,raw256,87,17,2,roc_auc,-0.11071428571428577
common,fpca256_25,raw256,87,17,2,sensitivity,0.2142857142857143
common,fpca256_25,raw256,87,17,2,specificity,-0.35000000000000003
common,fpca256_25,raw256,88,17,3,roc_auc,-0.021008403361344463
common,fpca256_25,raw256,88,17,3,sensitivity,0.4285714285714286
common,fpca256_25,raw256,88,17,3,specificity,-0.4705882352941177
common,fpca256_25,raw256,89,17,4,roc_auc,0.1278195488721805
common,fpca256_25,raw256,89,17,4,sensitivity,0.3571428571428571
common,fpca256_25,raw256,89,17,4,specificity,-0.21052631578947367
common,fpca256_25,raw256,90,18,0,roc_auc,0.011278195488721776
common,fpca256_25,raw256,90,18,0,sensitivity,0.5
common,fpca256_25,raw256,90,18,0,specificity,-0.3684210526315789
common,fpca256_25,raw256,91,18,1,roc_auc,0.023809523809523836
common,fpca256_25,raw256,91,18,1,sensitivity,0.4285714285714286
common,fpca256_25,raw256,91,18,1,specificity,-0.3333333333333333
common,fpca256_25,raw256,92,18,2,roc_auc,0.04201680672268904
common,fpca256_25,raw256,92,18,2,sensitivity,0.1428571428571429
common,fpca256_25,raw256,92,18,2,specificity,0.05882352941176472
common,fpca256_25,raw256,93,18,3,roc_auc,0.10526315789473695
common,fpca256_25,raw256,93,18,3,sensitivity,0.33333333333333337
common,fpca256_25,raw256,93,18,3,specificity,-0.10526315789473684
common,fpca256_25,raw256,94,18,4,roc_auc,-0.19047619047619047
common,fpca256_25,raw256,94,18,4,sensitivity,-0.07692307692307698
common,fpca256_25,raw256,94,18,4,specificity,-0.047619047619047616
common,fpca256_25,raw256,95,19,0,roc_auc,0.12406015037593981
common,fpca256_25,raw256,95,19,0,sensitivity,0.2142857142857143
common,fpca256_25,raw256,95,19,0,specificity,-0.21052631578947373
common,fpca256_25,raw256,96,19,1,roc_auc,-0.0357142857142857
common,fpca256_25,raw256,96,19,1,sensitivity,0.2857142857142857
common,fpca256_25,raw256,96,19,1,specificity,-0.38888888888888884
common,fpca256_25,raw256,97,19,2,roc_auc,-0.09126984126984139
common,fpca256_25,raw256,97,19,2,sensitivity,0.2857142857142857
common,fpca256_25,raw256,97,19,2,specificity,-0.6666666666666666
common,fpca256_25,raw256,98,19,3,roc_auc,0.021052631578947323
common,fpca256_25,raw256,98,19,3,sensitivity,0.4666666666666667
common,fpca256_25,raw256,98,19,3,specificity,-0.31578947368421056
common,fpca256_25,raw256,99,19,4,roc_auc,0.038461538461538436
common,fpca256_25,raw256,99,19,4,sensitivity,0.3076923076923077
common,fpca256_25,raw256,99,19,4,specificity,-0.15000000000000002
common,fpca256_30,raw100,0,0,0,roc_auc,-0.1333333333333333
common,fpca256_30,raw100,0,0,0,sensitivity,0.0
common,fpca256_30,raw100,0,0,0,specificity,-0.047619047619047616
common,fpca256_30,raw100,1,0,1,roc_auc,-0.04365079365079372
common,fpca256_30,raw100,1,0,1,sensitivity,-0.0714285714285714
common,fpca256_30,raw100,1,0,1,specificity,0.055555555555555525
common,fpca256_30,raw100,2,0,2,roc_auc,0.05882352941176472
common,fpca256_30,raw100,2,0,2,sensitivity,0.1428571428571428
common,fpca256_30,raw100,2,0,2,specificity,-0.05882352941176472
common,fpca256_30,raw100,3,0,3,roc_auc,0.15413533834586457
common,fpca256_30,raw100,3,0,3,sensitivity,0.0714285714285714
common,fpca256_30,raw100,3,0,3,specificity,0.05263157894736842
common,fpca256_30,raw100,4,0,4,roc_auc,-0.08097165991902833
common,fpca256_30,raw100,4,0,4,sensitivity,0.0
common,fpca256_30,raw100,4,0,4,specificity,-0.15789473684210525
common,fpca256_30,raw100,5,1,0,roc_auc,-0.03174603174603163
common,fpca256_30,raw100,5,1,0,sensitivity,0.0
common,fpca256_30,raw100,5,1,0,specificity,0.16666666666666666
common,fpca256_30,raw100,6,1,1,roc_auc,-0.041353383458646586
common,fpca256_30,raw100,6,1,1,sensitivity,0.0714285714285714
common,fpca256_30,raw100,6,1,1,specificity,-0.10526315789473684
common,fpca256_30,raw100,7,1,2,roc_auc,-0.015873015873015928
common,fpca256_30,raw100,7,1,2,sensitivity,0.0714285714285714
common,fpca256_30,raw100,7,1,2,specificity,0.055555555555555525
common,fpca256_30,raw100,8,1,3,roc_auc,0.01403508771929829
common,fpca256_30,raw100,8,1,3,sensitivity,0.06666666666666665
common,fpca256_30,raw100,8,1,3,specificity,-0.21052631578947367
common,fpca256_30,raw100,9,1,4,roc_auc,-0.14230769230769236
common,fpca256_30,raw100,9,1,4,sensitivity,0.0
common,fpca256_30,raw100,9,1,4,specificity,-0.04999999999999999
common,fpca256_30,raw100,10,2,0,roc_auc,-0.03383458646616544
common,fpca256_30,raw100,10,2,0,sensitivity,0.0
common,fpca256_30,raw100,10,2,0,specificity,-0.05263157894736842
common,fpca256_30,raw100,11,2,1,roc_auc,0.007017543859649034
common,fpca256_30,raw100,11,2,1,sensitivity,0.0
common,fpca256_30,raw100,11,2,1,specificity,-0.05263157894736842
common,fpca256_30,raw100,12,2,2,roc_auc,-0.06015037593984962
common,fpca256_30,raw100,12,2,2,sensitivity,0.0714285714285714
common,fpca256_30,raw100,12,2,2,specificity,0.0
common,fpca256_30,raw100,13,2,3,roc_auc,-0.09774436090225569
common,fpca256_30,raw100,13,2,3,sensitivity,-0.1428571428571428
common,fpca256_30,raw100,13,2,3,specificity,0.05263157894736842
common,fpca256_30,raw100,14,2,4,roc_auc,0.06410256410256421
common,fpca256_30,raw100,14,2,4,sensitivity,0.0
common,fpca256_30,raw100,14,2,4,specificity,0.0
common,fpca256_30,raw100,15,3,0,roc_auc,-0.059523809523809534
common,fpca256_30,raw100,15,3,0,sensitivity,0.0
common,fpca256_30,raw100,15,3,0,specificity,0.0
common,fpca256_30,raw100,16,3,1,roc_auc,-0.022556390977443663
common,fpca256_30,raw100,16,3,1,sensitivity,-0.2142857142857143
common,fpca256_30,raw100,16,3,1,specificity,0.05263157894736842
common,fpca256_30,raw100,17,3,2,roc_auc,0.022222222222222254
common,fpca256_30,raw100,17,3,2,sensitivity,0.0
common,fpca256_30,raw100,17,3,2,specificity,0.27777777777777785
common,fpca256_30,raw100,18,3,3,roc_auc,0.12030075187969924
common,fpca256_30,raw100,18,3,3,sensitivity,0.2142857142857143
common,fpca256_30,raw100,18,3,3,specificity,-0.1578947368421053
common,fpca256_30,raw100,19,3,4,roc_auc,0.0461538461538461
common,fpca256_30,raw100,19,3,4,sensitivity,0.15384615384615385
common,fpca256_30,raw100,19,3,4,specificity,0.0
common,fpca256_30,raw100,20,4,0,roc_auc,-0.04285714285714293
common,fpca256_30,raw100,20,4,0,sensitivity,-0.0714285714285714
common,fpca256_30,raw100,20,4,0,specificity,-0.050000000000000044
common,fpca256_30,raw100,21,4,1,roc_auc,-0.031746031746031744
common,fpca256_30,raw100,21,4,1,sensitivity,-0.0714285714285714
common,fpca256_30,raw100,21,4,1,specificity,0.05555555555555558
common,fpca256_30,raw100,22,4,2,roc_auc,0.022556390977443663
common,fpca256_30,raw100,22,4,2,sensitivity,0.1428571428571428
common,fpca256_30,raw100,22,4,2,specificity,0.05263157894736842
common,fpca256_30,raw100,23,4,3,roc_auc,-0.06349206349206349
common,fpca256_30,raw100,23,4,3,sensitivity,0.0714285714285714
common,fpca256_30,raw100,23,4,3,specificity,0.0
common,fpca256_30,raw100,24,4,4,roc_auc,0.011278195488721776
common,fpca256_30,raw100,24,4,4,sensitivity,0.0
common,fpca256_30,raw100,24,4,4,specificity,0.15789473684210525
common,fpca256_30,raw100,25,5,0,roc_auc,-0.1507936507936508
common,fpca256_30,raw100,25,5,0,sensitivity,0.0
common,fpca256_30,raw100,25,5,0,specificity,-0.16666666666666666
common,fpca256_30,raw100,26,5,1,roc_auc,0.003759398496240518
common,fpca256_30,raw100,26,5,1,sensitivity,-0.0714285714285714
common,fpca256_30,raw100,26,5,1,specificity,0.3157894736842105
common,fpca256_30,raw100,27,5,2,roc_auc,0.06060606060606066
common,fpca256_30,raw100,27,5,2,sensitivity,0.0
common,fpca256_30,raw100,27,5,2,specificity,0.22727272727272724
common,fpca256_30,raw100,28,5,3,roc_auc,-0.025210084033613467
common,fpca256_30,raw100,28,5,3,sensitivity,-0.07142857142857151
common,fpca256_30,raw100,28,5,3,specificity,-0.05882352941176472
common,fpca256_30,raw100,29,5,4,roc_auc,-0.14102564102564108
common,fpca256_30,raw100,29,5,4,sensitivity,-0.07692307692307687
common,fpca256_30,raw100,29,5,4,specificity,0.05555555555555558
common,fpca256_30,raw100,30,6,0,roc_auc,0.0
common,fpca256_30,raw100,30,6,0,sensitivity,0.0
common,fpca256_30,raw100,30,6,0,specificity,0.10526315789473684
common,fpca256_30,raw100,31,6,1,roc_auc,0.0350877192982455
common,fpca256_30,raw100,31,6,1,sensitivity,0.06666666666666676
common,fpca256_30,raw100,31,6,1,specificity,0.0
common,fpca256_30,raw100,32,6,2,roc_auc,-0.1127819548872181
common,fpca256_30,raw100,32,6,2,sensitivity,-0.07142857142857151
common,fpca256_30,raw100,32,6,2,specificity,-0.10526315789473684
common,fpca256_30,raw100,33,6,3,roc_auc,0.08730158730158732
common,fpca256_30,raw100,33,6,3,sensitivity,0.2142857142857142
common,fpca256_30,raw100,33,6,3,specificity,0.05555555555555558
common,fpca256_30,raw100,34,6,4,roc_auc,-0.03238866396761131
common,fpca256_30,raw100,34,6,4,sensitivity,0.0
common,fpca256_30,raw100,34,6,4,specificity,-0.10526315789473684
common,fpca256_30,raw100,35,7,0,roc_auc,0.010714285714285676
common,fpca256_30,raw100,35,7,0,sensitivity,-0.0714285714285714
common,fpca256_30,raw100,35,7,0,specificity,0.10000000000000003
common,fpca256_30,raw100,36,7,1,roc_auc,0.051587301587301515
common,fpca256_30,raw100,36,7,1,sensitivity,0.0714285714285714
common,fpca256_30,raw100,36,7,1,specificity,-0.2222222222222222
common,fpca256_30,raw100,37,7,2,roc_auc,-0.05158730158730174
common,fpca256_30,raw100,37,7,2,sensitivity,-0.0714285714285714
common,fpca256_30,raw100,37,7,2,specificity,0.055555555555555525
common,fpca256_30,raw100,38,7,3,roc_auc,-0.134920634920635
common,fpca256_30,raw100,38,7,3,sensitivity,0.0
common,fpca256_30,raw100,38,7,3,specificity,0.1111111111111111
common,fpca256_30,raw100,39,7,4,roc_auc,0.09642857142857142
common,fpca256_30,raw100,39,7,4,sensitivity,0.0
common,fpca256_30,raw100,39,7,4,specificity,0.04999999999999999
common,fpca256_30,raw100,40,8,0,roc_auc,-0.11904761904761907
common,fpca256_30,raw100,40,8,0,sensitivity,0.0
common,fpca256_30,raw100,40,8,0,specificity,0.14285714285714285
common,fpca256_30,raw100,41,8,1,roc_auc,0.06349206349206349
common,fpca256_30,raw100,41,8,1,sensitivity,0.2857142857142857
common,fpca256_30,raw100,41,8,1,specificity,-0.1111111111111111
common,fpca256_30,raw100,42,8,2,roc_auc,-0.022222222222222254
common,fpca256_30,raw100,42,8,2,sensitivity,0.1333333333333333
common,fpca256_30,raw100,42,8,2,specificity,-0.2222222222222222
common,fpca256_30,raw100,43,8,3,roc_auc,0.015873015873015928
common,fpca256_30,raw100,43,8,3,sensitivity,0.0714285714285714
common,fpca256_30,raw100,43,8,3,specificity,0.0
common,fpca256_30,raw100,44,8,4,roc_auc,-0.06072874493927127
common,fpca256_30,raw100,44,8,4,sensitivity,-0.15384615384615385
common,fpca256_30,raw100,44,8,4,specificity,0.21052631578947367
common,fpca256_30,raw100,45,9,0,roc_auc,0.03968253968253965
common,fpca256_30,raw100,45,9,0,sensitivity,0.0714285714285714
common,fpca256_30,raw100,45,9,0,specificity,0.1111111111111111
common,fpca256_30,raw100,46,9,1,roc_auc,-0.04999999999999993
common,fpca256_30,raw100,46,9,1,sensitivity,0.06666666666666676
common,fpca256_30,raw100,46,9,1,specificity,-0.10000000000000003
common,fpca256_30,raw100,47,9,2,roc_auc,-0.08730158730158744
common,fpca256_30,raw100,47,9,2,sensitivity,-0.1428571428571429
common,fpca256_30,raw100,47,9,2,specificity,0.0
common,fpca256_30,raw100,48,9,3,roc_auc,-0.010714285714285787
common,fpca256_30,raw100,48,9,3,sensitivity,-0.1428571428571428
common,fpca256_30,raw100,48,9,3,specificity,-0.050000000000000044
common,fpca256_30,raw100,49,9,4,roc_auc,0.008547008547008517
common,fpca256_30,raw100,49,9,4,sensitivity,0.0
common,fpca256_30,raw100,49,9,4,specificity,0.0
common,fpca256_30,raw100,50,10,0,roc_auc,-0.05555555555555569
common,fpca256_30,raw100,50,10,0,sensitivity,-0.07142857142857151
common,fpca256_30,raw100,50,10,0,specificity,-0.1111111111111111
common,fpca256_30,raw100,51,10,1,roc_auc,-0.10084033613445387
common,fpca256_30,raw100,51,10,1,sensitivity,-0.0714285714285714
common,fpca256_30,raw100,51,10,1,specificity,0.0
common,fpca256_30,raw100,52,10,2,roc_auc,-0.022727272727272707
common,fpca256_30,raw100,52,10,2,sensitivity,0.1428571428571429
common,fpca256_30,raw100,52,10,2,specificity,-0.04545454545454547
common,fpca256_30,raw100,53,10,3,roc_auc,-0.07142857142857151
common,fpca256_30,raw100,53,10,3,sensitivity,-0.0714285714285714
common,fpca256_30,raw100,53,10,3,specificity,0.055555555555555525
common,fpca256_30,raw100,54,10,4,roc_auc,-0.13157894736842102
common,fpca256_30,raw100,54,10,4,sensitivity,-0.1428571428571428
common,fpca256_30,raw100,54,10,4,specificity,0.15789473684210525
common,fpca256_30,raw100,55,11,0,roc_auc,-0.053333333333333344
common,fpca256_30,raw100,55,11,0,sensitivity,-0.06666666666666665
common,fpca256_30,raw100,55,11,0,specificity,0.25
common,fpca256_30,raw100,56,11,1,roc_auc,0.01680672268907557
common,fpca256_30,raw100,56,11,1,sensitivity,0.0714285714285714
common,fpca256_30,raw100,56,11,1,specificity,0.11764705882352944
common,fpca256_30,raw100,57,11,2,roc_auc,0.0357142857142857
common,fpca256_30,raw100,57,11,2,sensitivity,-0.2142857142857143
common,fpca256_30,raw100,57,11,2,specificity,0.04999999999999999
common,fpca256_30,raw100,58,11,3,roc_auc,-0.09920634920634919
common,fpca256_30,raw100,58,11,3,sensitivity,0.0714285714285714
common,fpca256_30,raw100,58,11,3,specificity,0.0
common,fpca256_30,raw100,59,11,4,roc_auc,-0.08906882591093124
common,fpca256_30,raw100,59,11,4,sensitivity,0.07692307692307698
common,fpca256_30,raw100,59,11,4,specificity,-0.15789473684210525
common,fpca256_30,raw100,60,12,0,roc_auc,0.03137254901960784
common,fpca256_30,raw100,60,12,0,sensitivity,0.06666666666666665
common,fpca256_30,raw100,60,12,0,specificity,0.0
common,fpca256_30,raw100,61,12,1,roc_auc,-0.0714285714285714
common,fpca256_30,raw100,61,12,1,sensitivity,-0.21428571428571436
common,fpca256_30,raw100,61,12,1,specificity,0.1578947368421053
common,fpca256_30,raw100,62,12,2,roc_auc,0.07894736842105265
common,fpca256_30,raw100,62,12,2,sensitivity,-0.07142857142857151
common,fpca256_30,raw100,62,12,2,specificity,0.21052631578947373
common,fpca256_30,raw100,63,12,3,roc_auc,-0.07857142857142851
common,fpca256_30,raw100,63,12,3,sensitivity,0.0
common,fpca256_30,raw100,63,12,3,specificity,-0.19999999999999998
common,fpca256_30,raw100,64,12,4,roc_auc,-0.1255060728744939
common,fpca256_30,raw100,64,12,4,sensitivity,0.23076923076923084
common,fpca256_30,raw100,64,12,4,specificity,-0.15789473684210525
common,fpca256_30,raw100,65,13,0,roc_auc,0.0634920634920636
common,fpca256_30,raw100,65,13,0,sensitivity,-0.07142857142857151
common,fpca256_30,raw100,65,13,0,specificity,0.1111111111111111
common,fpca256_30,raw100,66,13,1,roc_auc,-0.05666666666666664
common,fpca256_30,raw100,66,13,1,sensitivity,0.06666666666666665
common,fpca256_30,raw100,66,13,1,specificity,-0.25
common,fpca256_30,raw100,67,13,2,roc_auc,-0.1127819548872182
common,fpca256_30,raw100,67,13,2,sensitivity,-0.0714285714285714
common,fpca256_30,raw100,67,13,2,specificity,0.05263157894736842
common,fpca256_30,raw100,68,13,3,roc_auc,0.05882352941176472
common,fpca256_30,raw100,68,13,3,sensitivity,0.0
common,fpca256_30,raw100,68,13,3,specificity,0.11764705882352938
common,fpca256_30,raw100,69,13,4,roc_auc,-0.0461538461538461
common,fpca256_30,raw100,69,13,4,sensitivity,0.0
common,fpca256_30,raw100,69,13,4,specificity,0.0
common,fpca256_30,raw100,70,14,0,roc_auc,0.07719298245614048
common,fpca256_30,raw100,70,14,0,sensitivity,0.0
common,fpca256_30,raw100,70,14,0,specificity,0.05263157894736842
common,fpca256_30,raw100,71,14,1,roc_auc,-0.019841269841269993
common,fpca256_30,raw100,71,14,1,sensitivity,-0.1428571428571428
common,fpca256_30,raw100,71,14,1,specificity,0.0
common,fpca256_30,raw100,72,14,2,roc_auc,-0.09126984126984128
common,fpca256_30,raw100,72,14,2,sensitivity,0.1428571428571429
common,fpca256_30,raw100,72,14,2,specificity,-0.1111111111111111
common,fpca256_30,raw100,73,14,3,roc_auc,-0.0714285714285714
common,fpca256_30,raw100,73,14,3,sensitivity,0.1428571428571429
common,fpca256_30,raw100,73,14,3,specificity,-0.09999999999999998
common,fpca256_30,raw100,74,14,4,roc_auc,-0.04858299595141702
common,fpca256_30,raw100,74,14,4,sensitivity,-0.15384615384615385
common,fpca256_30,raw100,74,14,4,specificity,0.05263157894736842
common,fpca256_30,raw100,75,15,0,roc_auc,-0.018796992481203034
common,fpca256_30,raw100,75,15,0,sensitivity,0.0
common,fpca256_30,raw100,75,15,0,specificity,-0.05263157894736842
common,fpca256_30,raw100,76,15,1,roc_auc,-0.1428571428571429
common,fpca256_30,raw100,76,15,1,sensitivity,0.07142857142857151
common,fpca256_30,raw100,76,15,1,specificity,0.0
common,fpca256_30,raw100,77,15,2,roc_auc,0.07719298245614037
common,fpca256_30,raw100,77,15,2,sensitivity,0.1333333333333333
common,fpca256_30,raw100,77,15,2,specificity,-0.05263157894736842
common,fpca256_30,raw100,78,15,3,roc_auc,-0.08270676691729317
common,fpca256_30,raw100,78,15,3,sensitivity,-0.07142857142857151
common,fpca256_30,raw100,78,15,3,specificity,-0.2631578947368421
common,fpca256_30,raw100,79,15,4,roc_auc,-0.11336032388663964
common,fpca256_30,raw100,79,15,4,sensitivity,0.07692307692307687
common,fpca256_30,raw100,79,15,4,specificity,-0.26315789473684215
common,fpca256_30,raw100,80,16,0,roc_auc,-0.07500000000000007
common,fpca256_30,raw100,80,16,0,sensitivity,0.0
common,fpca256_30,raw100,80,16,0,specificity,-0.04999999999999999
common,fpca256_30,raw100,81,16,1,roc_auc,0.021008403361344463
common,fpca256_30,raw100,81,16,1,sensitivity,-0.0714285714285714
common,fpca256_30,raw100,81,16,1,specificity,0.11764705882352938
common,fpca256_30,raw100,82,16,2,roc_auc,-0.0842105263157894
common,fpca256_30,raw100,82,16,2,sensitivity,0.0
common,fpca256_30,raw100,82,16,2,specificity,0.10526315789473684
common,fpca256_30,raw100,83,16,3,roc_auc,-0.0535714285714286
common,fpca256_30,raw100,83,16,3,sensitivity,-0.07142857142857151
common,fpca256_30,raw100,83,16,3,specificity,-0.15000000000000002
common,fpca256_30,raw100,84,16,4,roc_auc,0.14102564102564108
common,fpca256_30,raw100,84,16,4,sensitivity,-0.07692307692307698
common,fpca256_30,raw100,84,16,4,specificity,0.16666666666666674
common,fpca256_30,raw100,85,17,0,roc_auc,0.014285714285714346
common,fpca256_30,raw100,85,17,0,sensitivity,0.0714285714285714
common,fpca256_30,raw100,85,17,0,specificity,-0.20000000000000007
common,fpca256_30,raw100,86,17,1,roc_auc,0.03174603174603169
common,fpca256_30,raw100,86,17,1,sensitivity,0.0
common,fpca256_30,raw100,86,17,1,specificity,0.0
common,fpca256_30,raw100,87,17,2,roc_auc,-0.04999999999999993
common,fpca256_30,raw100,87,17,2,sensitivity,0.1428571428571429
common,fpca256_30,raw100,87,17,2,specificity,-0.2
common,fpca256_30,raw100,88,17,3,roc_auc,-0.03361344537815125
common,fpca256_30,raw100,88,17,3,sensitivity,0.2142857142857143
common,fpca256_30,raw100,88,17,3,specificity,-0.1764705882352941
common,fpca256_30,raw100,89,17,4,roc_auc,-0.011278195488721887
common,fpca256_30,raw100,89,17,4,sensitivity,-0.1428571428571429
common,fpca256_30,raw100,89,17,4,specificity,0.05263157894736842
common,fpca256_30,raw100,90,18,0,roc_auc,0.018796992481203034
common,fpca256_30,raw100,90,18,0,sensitivity,0.0
common,fpca256_30,raw100,90,18,0,specificity,0.0
common,fpca256_30,raw100,91,18,1,roc_auc,0.019841269841269882
common,fpca256_30,raw100,91,18,1,sensitivity,0.0714285714285714
common,fpca256_30,raw100,91,18,1,specificity,0.11111111111111116
common,fpca256_30,raw100,92,18,2,roc_auc,-0.07563025210084029
common,fpca256_30,raw100,92,18,2,sensitivity,0.0
common,fpca256_30,raw100,92,18,2,specificity,0.0
common,fpca256_30,raw100,93,18,3,roc_auc,0.03508771929824572
common,fpca256_30,raw100,93,18,3,sensitivity,0.0
common,fpca256_30,raw100,93,18,3,specificity,0.3157894736842105
common,fpca256_30,raw100,94,18,4,roc_auc,-0.07692307692307698
common,fpca256_30,raw100,94,18,4,sensitivity,-0.07692307692307687
common,fpca256_30,raw100,94,18,4,specificity,0.047619047619047616
common,fpca256_30,raw100,95,19,0,roc_auc,-0.0864661654135338
common,fpca256_30,raw100,95,19,0,sensitivity,-0.0714285714285714
common,fpca256_30,raw100,95,19,0,specificity,0.2631578947368421
common,fpca256_30,raw100,96,19,1,roc_auc,-0.0793650793650793
common,fpca256_30,raw100,96,19,1,sensitivity,-0.1428571428571429
common,fpca256_30,raw100,96,19,1,specificity,0.1111111111111111
common,fpca256_30,raw100,97,19,2,roc_auc,0.039682539682539764
common,fpca256_30,raw100,97,19,2,sensitivity,0.1428571428571429
common,fpca256_30,raw100,97,19,2,specificity,-0.33333333333333337
common,fpca256_30,raw100,98,19,3,roc_auc,0.056140350877192935
common,fpca256_30,raw100,98,19,3,sensitivity,0.06666666666666665
common,fpca256_30,raw100,98,19,3,specificity,0.21052631578947367
common,fpca256_30,raw100,99,19,4,roc_auc,0.08461538461538465
common,fpca256_30,raw100,99,19,4,sensitivity,0.07692307692307687
common,fpca256_30,raw100,99,19,4,specificity,-0.04999999999999999
common,fpca256_30,raw256,0,0,0,roc_auc,-0.0888888888888889
common,fpca256_30,raw256,0,0,0,sensitivity,0.06666666666666665
common,fpca256_30,raw256,0,0,0,specificity,-0.23809523809523814
common,fpca256_30,raw256,1,0,1,roc_auc,-0.023809523809523836
common,fpca256_30,raw256,1,0,1,sensitivity,0.07142857142857151
common,fpca256_30,raw256,1,0,1,specificity,0.1111111111111111
common,fpca256_30,raw256,2,0,2,roc_auc,0.050420168067226934
common,fpca256_30,raw256,2,0,2,sensitivity,0.2857142857142857
common,fpca256_30,raw256,2,0,2,specificity,-0.2941176470588235
common,fpca256_30,raw256,3,0,3,roc_auc,0.1278195488721804
common,fpca256_30,raw256,3,0,3,sensitivity,0.2142857142857142
common,fpca256_30,raw256,3,0,3,specificity,-0.15789473684210525
common,fpca256_30,raw256,4,0,4,roc_auc,0.04048582995951411
common,fpca256_30,raw256,4,0,4,sensitivity,0.30769230769230765
common,fpca256_30,raw256,4,0,4,specificity,-0.5263157894736842
common,fpca256_30,raw256,5,1,0,roc_auc,0.04365079365079372
common,fpca256_30,raw256,5,1,0,sensitivity,0.2142857142857142
common,fpca256_30,raw256,5,1,0,specificity,-0.27777777777777785
common,fpca256_30,raw256,6,1,1,roc_auc,-0.011278195488721776
common,fpca256_30,raw256,6,1,1,sensitivity,0.2142857142857143
common,fpca256_30,raw256,6,1,1,specificity,-0.42105263157894735
common,fpca256_30,raw256,7,1,2,roc_auc,0.0714285714285714
common,fpca256_30,raw256,7,1,2,sensitivity,0.4285714285714286
common,fpca256_30,raw256,7,1,2,specificity,-0.27777777777777785
common,fpca256_30,raw256,8,1,3,roc_auc,0.04561403508771933
common,fpca256_30,raw256,8,1,3,sensitivity,0.2666666666666666
common,fpca256_30,raw256,8,1,3,specificity,-0.3157894736842105
common,fpca256_30,raw256,9,1,4,roc_auc,-0.023076923076923106
common,fpca256_30,raw256,9,1,4,sensitivity,0.23076923076923084
common,fpca256_30,raw256,9,1,4,specificity,-0.25000000000000006
common,fpca256_30,raw256,10,2,0,roc_auc,-0.03383458646616544
common,fpca256_30,raw256,10,2,0,sensitivity,0.07142857142857151
common,fpca256_30,raw256,10,2,0,specificity,-0.1578947368421053
common,fpca256_30,raw256,11,2,1,roc_auc,0.06666666666666665
common,fpca256_30,raw256,11,2,1,sensitivity,0.06666666666666665
common,fpca256_30,raw256,11,2,1,specificity,-0.10526315789473684
common,fpca256_30,raw256,12,2,2,roc_auc,0.06766917293233088
common,fpca256_30,raw256,12,2,2,sensitivity,0.35714285714285715
common,fpca256_30,raw256,12,2,2,specificity,-0.1578947368421053
common,fpca256_30,raw256,13,2,3,roc_auc,-0.12030075187969924
common,fpca256_30,raw256,13,2,3,sensitivity,0.0714285714285714
common,fpca256_30,raw256,13,2,3,specificity,-0.2631578947368421
common,fpca256_30,raw256,14,2,4,roc_auc,0.16666666666666674
common,fpca256_30,raw256,14,2,4,sensitivity,0.23076923076923084
common,fpca256_30,raw256,14,2,4,specificity,-0.2222222222222222
common,fpca256_30,raw256,15,3,0,roc_auc,0.015873015873015817
common,fpca256_30,raw256,15,3,0,sensitivity,0.2142857142857142
common,fpca256_30,raw256,15,3,0,specificity,-0.4444444444444444
common,fpca256_30,raw256,16,3,1,roc_auc,0.06015037593984962
common,fpca256_30,raw256,16,3,1,sensitivity,-0.1428571428571428
common,fpca256_30,raw256,16,3,1,specificity,0.0
common,fpca256_30,raw256,17,3,2,roc_auc,0.07407407407407418
common,fpca256_30,raw256,17,3,2,sensitivity,0.4
common,fpca256_30,raw256,17,3,2,specificity,0.05555555555555558
common,fpca256_30,raw256,18,3,3,roc_auc,0.13533834586466165
common,fpca256_30,raw256,18,3,3,sensitivity,0.4285714285714286
common,fpca256_30,raw256,18,3,3,specificity,-0.3157894736842105
common,fpca256_30,raw256,19,3,4,roc_auc,0.0692307692307692
common,fpca256_30,raw256,19,3,4,sensitivity,0.3076923076923077
common,fpca256_30,raw256,19,3,4,specificity,-0.1499999999999999
common,fpca256_30,raw256,20,4,0,roc_auc,-0.07500000000000007
common,fpca256_30,raw256,20,4,0,sensitivity,0.1428571428571428
common,fpca256_30,raw256,20,4,0,specificity,-0.15000000000000002
common,fpca256_30,raw256,21,4,1,roc_auc,-0.05952380952380942
common,fpca256_30,raw256,21,4,1,sensitivity,0.1428571428571429
common,fpca256_30,raw256,21,4,1,specificity,-0.11111111111111105
common,fpca256_30,raw256,22,4,2,roc_auc,0.07142857142857151
common,fpca256_30,raw256,22,4,2,sensitivity,0.3571428571428571
common,fpca256_30,raw256,22,4,2,specificity,-0.2631578947368421
common,fpca256_30,raw256,23,4,3,roc_auc,0.00793650793650802
common,fpca256_30,raw256,23,4,3,sensitivity,0.2857142857142857
common,fpca256_30,raw256,23,4,3,specificity,-0.1111111111111111
common,fpca256_30,raw256,24,4,4,roc_auc,0.09022556390977443
common,fpca256_30,raw256,24,4,4,sensitivity,0.3571428571428572
common,fpca256_30,raw256,24,4,4,specificity,-0.1578947368421053
common,fpca256_30,raw256,25,5,0,roc_auc,-0.08730158730158721
common,fpca256_30,raw256,25,5,0,sensitivity,0.2142857142857143
common,fpca256_30,raw256,25,5,0,specificity,-0.2777777777777778
common,fpca256_30,raw256,26,5,1,roc_auc,-0.018796992481203034
common,fpca256_30,raw256,26,5,1,sensitivity,0.0
common,fpca256_30,raw256,26,5,1,specificity,0.0
common,fpca256_30,raw256,27,5,2,roc_auc,0.09090909090909105
common,fpca256_30,raw256,27,5,2,sensitivity,0.33333333333333326
common,fpca256_30,raw256,27,5,2,specificity,-0.13636363636363635
common,fpca256_30,raw256,28,5,3,roc_auc,0.09243697478991597
common,fpca256_30,raw256,28,5,3,sensitivity,0.42857142857142855
common,fpca256_30,raw256,28,5,3,specificity,-0.11764705882352944
common,fpca256_30,raw256,29,5,4,roc_auc,-0.05555555555555547
common,fpca256_30,raw256,29,5,4,sensitivity,0.3846153846153847
common,fpca256_30,raw256,29,5,4,specificity,-0.22222222222222227
common,fpca256_30,raw256,30,6,0,roc_auc,0.07894736842105265
common,fpca256_30,raw256,30,6,0,sensitivity,0.2142857142857143
common,fpca256_30,raw256,30,6,0,specificity,-0.05263157894736842
common,fpca256_30,raw256,31,6,1,roc_auc,0.042105263157894646
common,fpca256_30,raw256,31,6,1,sensitivity,0.13333333333333341
common,fpca256_30,raw256,31,6,1,specificity,0.0
common,fpca256_30,raw256,32,6,2,roc_auc,-0.06015037593984973
common,fpca256_30,raw256,32,6,2,sensitivity,0.3571428571428571
common,fpca256_30,raw256,32,6,2,specificity,-0.3157894736842105
common,fpca256_30,raw256,33,6,3,roc_auc,-0.039682539682539764
common,fpca256_30,raw256,33,6,3,sensitivity,0.42857142857142855
common,fpca256_30,raw256,33,6,3,specificity,-0.2777777777777778
common,fpca256_30,raw256,34,6,4,roc_auc,-0.03238866396761131
common,fpca256_30,raw256,34,6,4,sensitivity,0.15384615384615385
common,fpca256_30,raw256,34,6,4,specificity,-0.21052631578947367
common,fpca256_30,raw256,35,7,0,roc_auc,0.0071428571428571175
common,fpca256_30,raw256,35,7,0,sensitivity,0.0
common,fpca256_30,raw256,35,7,0,specificity,0.050000000000000044
common,fpca256_30,raw256,36,7,1,roc_auc,0.18253968253968256
common,fpca256_30,raw256,36,7,1,sensitivity,0.5714285714285714
common,fpca256_30,raw256,36,7,1,specificity,-0.4444444444444444
common,fpca256_30,raw256,37,7,2,roc_auc,-0.01984126984126977
common,fpca256_30,raw256,37,7,2,sensitivity,0.1428571428571429
common,fpca256_30,raw256,37,7,2,specificity,-0.16666666666666674
common,fpca256_30,raw256,38,7,3,roc_auc,-0.07142857142857151
common,fpca256_30,raw256,38,7,3,sensitivity,0.2857142857142857
common,fpca256_30,raw256,38,7,3,specificity,-0.2777777777777778
common,fpca256_30,raw256,39,7,4,roc_auc,0.06428571428571428
common,fpca256_30,raw256,39,7,4,sensitivity,0.2142857142857143
common,fpca256_30,raw256,39,7,4,specificity,-0.3
common,fpca256_30,raw256,40,8,0,roc_auc,-0.04421768707482987
common,fpca256_30,raw256,40,8,0,sensitivity,0.0714285714285714
common,fpca256_30,raw256,40,8,0,specificity,-0.28571428571428575
common,fpca256_30,raw256,41,8,1,roc_auc,-0.015873015873015928
common,fpca256_30,raw256,41,8,1,sensitivity,0.3571428571428572
common,fpca256_30,raw256,41,8,1,specificity,-0.27777777777777773
common,fpca256_30,raw256,42,8,2,roc_auc,0.09629629629629632
common,fpca256_30,raw256,42,8,2,sensitivity,0.2666666666666667
common,fpca256_30,raw256,42,8,2,specificity,-0.2777777777777778
common,fpca256_30,raw256,43,8,3,roc_auc,0.1269841269841271
common,fpca256_30,raw256,43,8,3,sensitivity,0.42857142857142855
common,fpca256_30,raw256,43,8,3,specificity,-0.2777777777777778
common,fpca256_30,raw256,44,8,4,roc_auc,-0.01619433198380571
common,fpca256_30,raw256,44,8,4,sensitivity,0.23076923076923073
common,fpca256_30,raw256,44,8,4,specificity,-0.10526315789473689
common,fpca256_30,raw256,45,9,0,roc_auc,0.0714285714285714
common,fpca256_30,raw256,45,9,0,sensitivity,0.2857142857142857
common,fpca256_30,raw256,45,9,0,specificity,-0.16666666666666669
common,fpca256_30,raw256,46,9,1,roc_auc,-0.023333333333333317
common,fpca256_30,raw256,46,9,1,sensitivity,0.2666666666666667
common,fpca256_30,raw256,46,9,1,specificity,-0.3
common,fpca256_30,raw256,47,9,2,roc_auc,-0.031746031746031855
common,fpca256_30,raw256,47,9,2,sensitivity,0.14285714285714285
common,fpca256_30,raw256,47,9,2,specificity,-0.2777777777777778
common,fpca256_30,raw256,48,9,3,roc_auc,-0.0071428571428571175
common,fpca256_30,raw256,48,9,3,sensitivity,0.0
common,fpca256_30,raw256,48,9,3,specificity,-0.050000000000000044
common,fpca256_30,raw256,49,9,4,roc_auc,0.04700854700854695
common,fpca256_30,raw256,49,9,4,sensitivity,0.0
common,fpca256_30,raw256,49,9,4,specificity,-0.16666666666666674
common,fpca256_30,raw256,50,10,0,roc_auc,0.007936507936507797
common,fpca256_30,raw256,50,10,0,sensitivity,0.3571428571428571
common,fpca256_30,raw256,50,10,0,specificity,-0.3888888888888889
common,fpca256_30,raw256,51,10,1,roc_auc,-0.08823529411764719
common,fpca256_30,raw256,51,10,1,sensitivity,0.0
common,fpca256_30,raw256,51,10,1,specificity,-0.11764705882352944
common,fpca256_30,raw256,52,10,2,roc_auc,0.019480519480519543
common,fpca256_30,raw256,52,10,2,sensitivity,0.2857142857142857
common,fpca256_30,raw256,52,10,2,specificity,-0.2727272727272727
common,fpca256_30,raw256,53,10,3,roc_auc,0.011904761904761751
common,fpca256_30,raw256,53,10,3,sensitivity,0.28571428571428575
common,fpca256_30,raw256,53,10,3,specificity,-0.38888888888888895
common,fpca256_30,raw256,54,10,4,roc_auc,0.015037593984962405
common,fpca256_30,raw256,54,10,4,sensitivity,0.0
common,fpca256_30,raw256,54,10,4,specificity,-0.05263157894736842
common,fpca256_30,raw256,55,11,0,roc_auc,-0.023333333333333428
common,fpca256_30,raw256,55,11,0,sensitivity,0.20000000000000007
common,fpca256_30,raw256,55,11,0,specificity,-0.04999999999999993
common,fpca256_30,raw256,56,11,1,roc_auc,0.130252100840336
common,fpca256_30,raw256,56,11,1,sensitivity,0.35714285714285715
common,fpca256_30,raw256,56,11,1,specificity,-0.05882352941176472
common,fpca256_30,raw256,57,11,2,roc_auc,0.08214285714285718
common,fpca256_30,raw256,57,11,2,sensitivity,0.28571428571428575
common,fpca256_30,raw256,57,11,2,specificity,-0.25000000000000006
common,fpca256_30,raw256,58,11,3,roc_auc,-0.09920634920634919
common,fpca256_30,raw256,58,11,3,sensitivity,0.3571428571428571
common,fpca256_30,raw256,58,11,3,specificity,-0.2777777777777778
common,fpca256_30,raw256,59,11,4,roc_auc,0.0161943319838056
common,fpca256_30,raw256,59,11,4,sensitivity,0.46153846153846156
common,fpca256_30,raw256,59,11,4,specificity,-0.4736842105263158
common,fpca256_30,raw256,60,12,0,roc_auc,0.12549019607843137
common,fpca256_30,raw256,60,12,0,sensitivity,0.33333333333333337
common,fpca256_30,raw256,60,12,0,specificity,-0.11764705882352938
common,fpca256_30,raw256,61,12,1,roc_auc,-0.018796992481203034
common,fpca256_30,raw256,61,12,1,sensitivity,0.0
common,fpca256_30,raw256,61,12,1,specificity,-0.05263157894736836
common,fpca256_30,raw256,62,12,2,roc_auc,0.13157894736842102
common,fpca256_30,raw256,62,12,2,sensitivity,0.2857142857142857
common,fpca256_30,raw256,62,12,2,specificity,0.052631578947368474
common,fpca256_30,raw256,63,12,3,roc_auc,-0.010714285714285676
common,fpca256_30,raw256,63,12,3,sensitivity,0.2857142857142857
common,fpca256_30,raw256,63,12,3,specificity,-0.6
common,fpca256_30,raw256,64,12,4,roc_auc,-0.07287449392712553
common,fpca256_30,raw256,64,12,4,sensitivity,0.23076923076923084
common,fpca256_30,raw256,64,12,4,specificity,-0.368421052631579
common,fpca256_30,raw256,65,13,0,roc_auc,0.15873015873015883
common,fpca256_30,raw256,65,13,0,sensitivity,0.49999999999999994
common,fpca256_30,raw256,65,13,0,specificity,-0.16666666666666663
common,fpca256_30,raw256,66,13,1,roc_auc,-0.050000000000000044
common,fpca256_30,raw256,66,13,1,sensitivity,0.20000000000000007
common,fpca256_30,raw256,66,13,1,specificity,-0.30000000000000004
common,fpca256_30,raw256,67,13,2,roc_auc,-0.048872180451127956
common,fpca256_30,raw256,67,13,2,sensitivity,0.07142857142857151
common,fpca256_30,raw256,67,13,2,specificity,-0.3157894736842105
common,fpca256_30,raw256,68,13,3,roc_auc,0.09663865546218486
common,fpca256_30,raw256,68,13,3,sensitivity,0.2142857142857143
common,fpca256_30,raw256,68,13,3,specificity,0.0
common,fpca256_30,raw256,69,13,4,roc_auc,-0.1230769230769232
common,fpca256_30,raw256,69,13,4,sensitivity,0.0
common,fpca256_30,raw256,69,13,4,specificity,-0.09999999999999998
common,fpca256_30,raw256,70,14,0,roc_auc,0.08421052631578951
common,fpca256_30,raw256,70,14,0,sensitivity,0.2666666666666667
common,fpca256_30,raw256,70,14,0,specificity,-0.26315789473684215
common,fpca256_30,raw256,71,14,1,roc_auc,0.011904761904761751
common,fpca256_30,raw256,71,14,1,sensitivity,-0.0714285714285714
common,fpca256_30,raw256,71,14,1,specificity,-0.05555555555555558
common,fpca256_30,raw256,72,14,2,roc_auc,-0.1071428571428572
common,fpca256_30,raw256,72,14,2,sensitivity,0.3571428571428572
common,fpca256_30,raw256,72,14,2,specificity,-0.2777777777777778
common,fpca256_30,raw256,73,14,3,roc_auc,5.551115123125783e-17
common,fpca256_30,raw256,73,14,3,sensitivity,0.4285714285714286
common,fpca256_30,raw256,73,14,3,specificity,-0.39999999999999997
common,fpca256_30,raw256,74,14,4,roc_auc,0.1417004048582996
common,fpca256_30,raw256,74,14,4,sensitivity,0.3846153846153846
common,fpca256_30,raw256,74,14,4,specificity,-0.05263157894736842
common,fpca256_30,raw256,75,15,0,roc_auc,0.1127819548872181
common,fpca256_30,raw256,75,15,0,sensitivity,0.2857142857142857
common,fpca256_30,raw256,75,15,0,specificity,-0.10526315789473684
common,fpca256_30,raw256,76,15,1,roc_auc,-0.07142857142857151
common,fpca256_30,raw256,76,15,1,sensitivity,0.2142857142857143
common,fpca256_30,raw256,76,15,1,specificity,-0.16666666666666669
common,fpca256_30,raw256,77,15,2,roc_auc,0.16491228070175445
common,fpca256_30,raw256,77,15,2,sensitivity,0.5333333333333333
common,fpca256_30,raw256,77,15,2,specificity,-0.26315789473684215
common,fpca256_30,raw256,78,15,3,roc_auc,-0.08270676691729317
common,fpca256_30,raw256,78,15,3,sensitivity,0.0714285714285714
common,fpca256_30,raw256,78,15,3,specificity,-0.3684210526315789
common,fpca256_30,raw256,79,15,4,roc_auc,-0.1417004048582996
common,fpca256_30,raw256,79,15,4,sensitivity,0.3076923076923077
common,fpca256_30,raw256,79,15,4,specificity,-0.42105263157894735
common,fpca256_30,raw256,80,16,0,roc_auc,-0.06071428571428572
common,fpca256_30,raw256,80,16,0,sensitivity,0.4285714285714286
common,fpca256_30,raw256,80,16,0,specificity,-0.4
common,fpca256_30,raw256,81,16,1,roc_auc,0.07563025210084018
common,fpca256_30,raw256,81,16,1,sensitivity,0.1428571428571429
common,fpca256_30,raw256,81,16,1,specificity,-0.05882352941176472
common,fpca256_30,raw256,82,16,2,roc_auc,-0.07017543859649122
common,fpca256_30,raw256,82,16,2,sensitivity,0.33333333333333337
common,fpca256_30,raw256,82,16,2,specificity,-0.3157894736842105
common,fpca256_30,raw256,83,16,3,roc_auc,-0.0071428571428571175
common,fpca256_30,raw256,83,16,3,sensitivity,0.2142857142857142
common,fpca256_30,raw256,83,16,3,specificity,-0.29999999999999993
common,fpca256_30,raw256,84,16,4,roc_auc,0.1367521367521367
common,fpca256_30,raw256,84,16,4,sensitivity,0.3846153846153846
common,fpca256_30,raw256,84,16,4,specificity,-0.05555555555555547
common,fpca256_30,raw256,85,17,0,roc_auc,0.06428571428571439
common,fpca256_30,raw256,85,17,0,sensitivity,0.2857142857142857
common,fpca256_30,raw256,85,17,0,specificity,-0.25
common,fpca256_30,raw256,86,17,1,roc_auc,-0.0277777777777779
common,fpca256_30,raw256,86,17,1,sensitivity,0.1428571428571429
common,fpca256_30,raw256,86,17,1,specificity,-0.16666666666666669
common,fpca256_30,raw256,87,17,2,roc_auc,-0.07857142857142851
common,fpca256_30,raw256,87,17,2,sensitivity,0.2857142857142857
common,fpca256_30,raw256,87,17,2,specificity,-0.30000000000000004
common,fpca256_30,raw256,88,17,3,roc_auc,0.025210084033613467
common,fpca256_30,raw256,88,17,3,sensitivity,0.4285714285714286
common,fpca256_30,raw256,88,17,3,specificity,-0.411764705882353
common,fpca256_30,raw256,89,17,4,roc_auc,0.1428571428571429
common,fpca256_30,raw256,89,17,4,sensitivity,0.1428571428571428
common,fpca256_30,raw256,89,17,4,specificity,-0.15789473684210525
common,fpca256_30,raw256,90,18,0,roc_auc,0.018796992481203034
common,fpca256_30,raw256,90,18,0,sensitivity,0.5
common,fpca256_30,raw256,90,18,0,specificity,-0.2631578947368421
common,fpca256_30,raw256,91,18,1,roc_auc,0.04761904761904767
common,fpca256_30,raw256,91,18,1,sensitivity,0.2857142857142857
common,fpca256_30,raw256,91,18,1,specificity,-0.11111111111111105
common,fpca256_30,raw256,92,18,2,roc_auc,-0.008403361344537785
common,fpca256_30,raw256,92,18,2,sensitivity,0.1428571428571429
common,fpca256_30,raw256,92,18,2,specificity,0.05882352941176472
common,fpca256_30,raw256,93,18,3,roc_auc,0.09122807017543866
common,fpca256_30,raw256,93,18,3,sensitivity,0.33333333333333337
common,fpca256_30,raw256,93,18,3,specificity,0.05263157894736842
common,fpca256_30,raw256,94,18,4,roc_auc,-0.17216117216117222
common,fpca256_30,raw256,94,18,4,sensitivity,0.15384615384615385
common,fpca256_30,raw256,94,18,4,specificity,-0.23809523809523808
common,fpca256_30,raw256,95,19,0,roc_auc,0.13909774436090222
common,fpca256_30,raw256,95,19,0,sensitivity,0.2857142857142857
common,fpca256_30,raw256,95,19,0,specificity,-0.1578947368421053
common,fpca256_30,raw256,96,19,1,roc_auc,-0.023809523809523725
common,fpca256_30,raw256,96,19,1,sensitivity,0.2857142857142857
common,fpca256_30,raw256,96,19,1,specificity,-0.2222222222222222
common,fpca256_30,raw256,97,19,2,roc_auc,-0.031746031746031744
common,fpca256_30,raw256,97,19,2,sensitivity,0.2857142857142857
common,fpca256_30,raw256,97,19,2,specificity,-0.6666666666666666
common,fpca256_30,raw256,98,19,3,roc_auc,0.07017543859649122
common,fpca256_30,raw256,98,19,3,sensitivity,0.4
common,fpca256_30,raw256,98,19,3,specificity,-0.10526315789473689
common,fpca256_30,raw256,99,19,4,roc_auc,0.08461538461538465
common,fpca256_30,raw256,99,19,4,sensitivity,0.3076923076923077
common,fpca256_30,raw256,99,19,4,specificity,-0.15000000000000002
