profile_encoder,q_nm_inv,component_1,component_2,component_3,component_4,component_5,component_6,component_7,component_8,component_9,component_10,mean_profile,component_11,component_12,component_13,component_14,component_15,component_16,component_17,component_18,component_19,component_20,component_21,component_22,component_23,component_24,component_25,component_26,component_27,component_28,component_29,component_30
fpca256_10,2.041015630355105,-0.011336730109677586,0.015118140869756014,-0.0915361313688048,0.2600890154858263,-0.08497206243968598,0.29371722525295296,-0.029925087304096782,0.009792410760058382,0.0758565968116688,0.04921865971020022,1.7148153503220893,,,,,,,,,,,,,,,,,,,,
fpca256_10,2.1230468910653144,-0.004195259492534076,0.02027554426572853,-0.08246715563771484,0.2379004229936434,-0.08117926688816762,0.3233509983783064,-0.12225310127206518,-0.0230365738466917,0.24483375476140107,-0.04208369839374381,1.7196997885298204,,,,,,,,,,,,,,,,,,,,
fpca256_10,2.205078151775524,0.0030045122922224277,0.021875858140865012,-0.08370896599044392,0.22893651083521116,-0.068536838404125,0.21602436444830755,-0.09624537544777574,0.032872171589202304,0.17467066720106506,0.10265630955994189,1.7329097992848972,,,,,,,,,,,,,,,,,,,,
fpca256_10,2.2871094124857336,0.008791768416910872,0.023354100128773148,-0.08987397735153817,0.2113898806173518,-0.025509351254883513,0.1871791079358433,-0.08887714121528467,-0.06348085289728345,0.014252938678484336,0.24028703477228308,1.743914539454719,,,,,,,,,,,,,,,,,,,,
fpca256_10,2.3691406731959432,0.01200850617510225,0.027568926428841095,-0.09671476567068882,0.1907879859330534,-0.011193659904306902,0.14178127623172213,-0.006471745066952781,-0.019249559399094236,-0.0992424541417359,0.14781743927304108,1.75353748121328,,,,,,,,,,,,,,,,,,,,
fpca256_10,2.451171933906153,0.017956096112780543,0.02565083368396109,-0.09062616770120002,0.17729433861173388,-0.012443675772639051,0.08536247741382097,0.031175874041583673,-0.08151321212744371,-0.07323995005807982,-0.07281936428439281,1.7495550176636243,,,,,,,,,,,,,,,,,,,,
fpca256_10,2.5332031946163625,0.01673528463009038,0.029762596130218935,-0.09349789090921719,0.17690755048767098,-0.007103323814704909,0.0339802476236834,0.05076808649902216,-0.16220362806672586,-0.14709948023216846,-0.11481700311753795,1.7485164857114845,,,,,,,,,,,,,,,,,,,,
fpca256_10,2.615234455326572,0.015961572360570286,0.028387374238042183,-0.09840816889037764,0.17133328194531203,0.004367237830995435,0.04238564258004274,0.05828529298413822,-0.116349760302387,-0.21530647025465915,-0.01414473758021502,1.7333378044045102,,,,,,,,,,,,,,,,,,,,
fpca256_10,2.6972657160367817,0.016574267311914952,0.028808176956241365,-0.10410312404346668,0.15752710136398362,0.006696329401278959,0.05923489611483329,0.06353977741942182,-0.0008158872533784514,-0.15289747385617436,0.006693122022879361,1.7273610439618152,,,,,,,,,,,,,,,,,,,,
fpca256_10,2.7792969767469913,0.017986420715006245,0.03029832798816994,-0.09728004374452974,0.16119964917517565,-0.005818500185965522,0.052395645073044256,0.04760979858179237,-0.03465128315066962,-0.04682851316238962,0.001395111889231554,1.7149643526504186,,,,,,,,,,,,,,,,,,,,
fpca256_10,2.861328237457201,0.017756645484158357,0.029136005641724694,-0.09672109854353017,0.1478228298870635,0.00280233274681398,-0.002248106472467702,-0.01099169098837871,-0.08920678363659723,-0.10030853832937439,0.024443258136416447,1.6955322370758679,,,,,,,,,,,,,,,,,,,,
fpca256_10,2.9433594981674105,0.016360385491453723,0.03110378334129736,-0.0913152455144486,0.14064307550447935,-0.009348458855284477,-0.03491255426803084,0.059126122605245524,-0.064526669084247,-0.05719486966206472,0.06277221302455535,1.6756352255317564,,,,,,,,,,,,,,,,,,,,
fpca256_10,3.02539075887762,0.01593355478519348,0.02635745541219176,-0.0903818300031092,0.13390015342634554,0.01757545640525782,-0.02524520111593588,0.09466536473222847,-0.005153214159295705,0.04653120004055805,0.03991059479593426,1.645815806154641,,,,,,,,,,,,,,,,,,,,
fpca256_10,3.1074220195878297,0.015484998181539806,0.027699514180831747,-0.09271240307259662,0.12665095414186286,0.019067724551940734,-0.03629017249665377,0.008988055542434634,0.03127723268397162,0.06028599681957425,0.03197643612040928,1.6116670112696094,,,,,,,,,,,,,,,,,,,,
fpca256_10,3.1894532802980393,0.013320707537096665,0.0291289464418148,-0.09171377864271107,0.13062107395389252,-0.01253973357990525,-0.006929018807224232,-0.001412443001266677,0.023239660988173427,0.09522695995682767,-0.0008457701111590221,1.5889068369742643,,,,,,,,,,,,,,,,,,,,
fpca256_10,3.271484541008249,0.011528970110994316,0.03072103849256069,-0.09504519824686379,0.11801514402675797,-0.012008753011004522,-0.06500387175005572,-0.024982587217942998,-0.009836080072951559,-0.019724937123339448,-0.00866772862847523,1.5548902469068369,,,,,,,,,,,,,,,,,,,,
fpca256_10,3.3535158017184585,0.010091102975962598,0.027994787820497802,-0.08564380398857441,0.12295435013196392,0.0016025664491906174,-0.07409836152685866,-0.02804944848283552,-0.04063084467687633,-0.003620117732014344,-0.023390083162266248,1.5205989513645406,,,,,,,,,,,,,,,,,,,,
fpca256_10,3.435547062428668,0.007791064615625866,0.026554706094320854,-0.07576849376592847,0.11595647350138645,0.003575709148726248,-0.09645359479917977,-0.03416313115823774,-0.055272015561618815,0.048326886150555415,-0.009567387288795566,1.492406035279643,,,,,,,,,,,,,,,,,,,,
fpca256_10,3.5175783231388777,0.0061088892175594125,0.026148371553219373,-0.08227138971567388,0.11317693172982943,-0.026807922146171,-0.08612998980481804,0.011725687044700084,-0.04310857783514982,0.04382240390519504,-0.04394053344717461,1.4694835720808037,,,,,,,,,,,,,,,,,,,,
fpca256_10,3.5996095838490874,0.0029815558352887486,0.02597269533382899,-0.07609581440039809,0.10589142176923183,-0.025669544291536214,-0.12248997408164243,-0.018967497095613097,-0.056544659430055516,0.01545249076800062,-0.1055574006637438,1.4402138693948607,,,,,,,,,,,,,,,,,,,,
fpca256_10,3.681640844559297,0.00224014952715627,0.025803412008649957,-0.07531144299648714,0.1095749876502154,-0.02197722058690602,-0.14075386800829023,-0.0634710309799697,-0.005181351688197597,-0.006155795347459858,-0.1385531867016174,1.4120799781964197,,,,,,,,,,,,,,,,,,,,
fpca256_10,3.7636721052695066,0.0004022747710684501,0.02613384483334292,-0.07200655502237499,0.10392964930523896,-0.027970677315849166,-0.12541653154657315,-0.04863324300705182,0.02084806219960173,0.03534719034728416,-0.12533536738137327,1.393504621693574,,,,,,,,,,,,,,,,,,,,
fpca256_10,3.845703365979716,-0.0012358490860472624,0.02503069902210807,-0.06900758739775613,0.10744249921574614,-0.005446405860503957,-0.1464799235669664,-0.052386526558259996,0.03259891745217111,0.0623481426103981,-0.09029674170082819,1.3655512631310802,,,,,,,,,,,,,,,,,,,,
fpca256_10,3.927734626689926,-0.003801543765951019,0.02582295716348815,-0.06299566879961072,0.10336728897092715,-0.01160170214105972,-0.15110284752309333,-0.046756423762846736,0.009097446218718648,0.0026497028055111546,-0.08406036525163571,1.3445000697529554,,,,,,,,,,,,,,,,,,,,
fpca256_10,4.009765887400135,-0.003564208204845038,0.026870483451945214,-0.06976163397820054,0.1046820436058043,-0.017973558675183472,-0.13406858289476412,-0.00904590139362237,0.06761861151110718,0.03489298708453227,-0.11668644633541664,1.3172171848405525,,,,,,,,,,,,,,,,,,,,
fpca256_10,4.091797148110345,-0.004265777764588908,0.027867754202772353,-0.0678333171375101,0.1004364925817606,-0.03427602773455143,-0.15637434938168202,-0.012446508063468906,0.04853741853312622,0.08091200087600751,-0.08914967017702835,1.3000544154099043,,,,,,,,,,,,,,,,,,,,
fpca256_10,4.173828408820555,-0.0067736908375650535,0.026129775814560684,-0.06488329115535563,0.09356588731900387,-0.02667701073514769,-0.14316043223408995,-0.048845006761591446,0.05716517227516473,0.058469494226935564,-0.12981558481682492,1.2810221648205222,,,,,,,,,,,,,,,,,,,,
fpca256_10,4.255859669530764,-0.005546092860616822,0.024833972901429566,-0.05770352585268945,0.09519488187202611,-0.02691975581230487,-0.12884302966550862,-0.05206552261931855,0.07783780195194938,0.036612628045318056,-0.10092845297457176,1.2626105690955225,,,,,,,,,,,,,,,,,,,,
fpca256_10,4.337890930240974,-0.007063444353493448,0.02422422521165583,-0.056754685567305896,0.09050120004157457,-0.019724586023442958,-0.11916005765378507,-0.03098357274346329,0.04639177259328946,0.04157901779647268,-0.03009644977765194,1.246050873646468,,,,,,,,,,,,,,,,,,,,
fpca256_10,4.419922190951183,-0.006287759458203522,0.022546443768387815,-0.05234678330048046,0.09396617263395213,-0.01440841349932344,-0.1376299146379999,-0.038110243065130694,0.0660503731760518,0.024481279693513307,-0.02046605365556496,1.2302090073823682,,,,,,,,,,,,,,,,,,,,
fpca256_10,4.501953451661393,-0.007804696475243042,0.022155133403292747,-0.05428938662253907,0.09008542543764465,-0.022075033012277458,-0.13083164727873703,0.0017673210922779126,0.03820073724104463,0.013465231066304185,-0.046450270482251636,1.2136580043622622,,,,,,,,,,,,,,,,,,,,
fpca256_10,4.583984712371603,-0.00568779240330742,0.020971900309709534,-0.05392863512985633,0.08402543734355658,-0.024797606048284983,-0.09961571708520806,0.02058729804115209,0.04169629028287776,0.02952912424747823,-0.04627319677567364,1.1991285449937625,,,,,,,,,,,,,,,,,,,,
fpca256_10,4.666015973081812,-0.005932142728143794,0.019384815130989917,-0.04833346055631123,0.07408248150418065,-0.014381432679297677,-0.10345728079451504,0.025660338234460033,0.0495122741399588,0.03154850002939827,-0.025192026336932995,1.18243271637833,,,,,,,,,,,,,,,,,,,,
fpca256_10,4.748047233792022,-0.006595201904937821,0.019935857726938518,-0.04446537222461514,0.07314626153652247,-0.009886385999056703,-0.09324060317562527,0.005938716755592043,0.03392650167053784,0.008533084610243874,-0.02541253322814749,1.1618282066820302,,,,,,,,,,,,,,,,,,,,
fpca256_10,4.8300784945022315,-0.007630976897027751,0.018106622157128032,-0.04291576256268307,0.07207188734025292,-0.004103472265450882,-0.09316864985608417,0.021373193054954897,0.03516937556697429,-0.028585862898238258,-0.016640807206451943,1.153068280531428,,,,,,,,,,,,,,,,,,,,
fpca256_10,4.912109755212441,-0.007016337422839836,0.01618981745853411,-0.04328065089706009,0.06466599357345436,-0.019464584527186416,-0.10879452146713413,0.03744608799817132,-0.0008810367926968186,-0.022568362418056993,-0.007801342328225026,1.139002677417717,,,,,,,,,,,,,,,,,,,,
fpca256_10,4.994141015922651,-0.005192064798582677,0.01665827083706827,-0.045667066848995866,0.06564507583511835,-0.008136749318231913,-0.0802470062188823,0.04874714299875235,-0.0020828112454659236,-0.019035750350817556,0.020167194779476417,1.1230753021081714,,,,,,,,,,,,,,,,,,,,
fpca256_10,5.07617227663286,-0.004275262052396278,0.015843569032516436,-0.04000725439548466,0.0545155393908695,0.0008072271213550212,-0.08798069445338494,0.06344026980550325,0.020403569183402637,-0.021562360026204465,0.017786041768772905,1.112067649551462,,,,,,,,,,,,,,,,,,,,
fpca256_10,5.15820353734307,-0.0034020664342325384,0.012782986107627497,-0.03149724967907979,0.04741169962949631,0.00138794237325753,-0.09980105714950412,0.051995538974351725,-0.022133746730668966,-0.007409348345515493,0.010604872702848774,1.102214685225441,,,,,,,,,,,,,,,,,,,,
fpca256_10,5.2402347980532795,-0.0024491046442500614,0.012192127621784128,-0.033419978470952974,0.04745605809897277,-0.004781660498734984,-0.11399860397440952,0.07200829758033497,0.056478191898409594,-0.01527669891640091,0.019948628684079355,1.0844662206490157,,,,,,,,,,,,,,,,,,,,
fpca256_10,5.322266058763489,-0.0022759349716896166,0.011835698356409427,-0.029239716127394462,0.03914631400604257,-0.012847209107225992,-0.08712425492736874,0.062087245886927225,0.003909041195001521,-0.03325309194561377,0.034184868999093294,1.0768980717159835,,,,,,,,,,,,,,,,,,,,
fpca256_10,5.404297319473699,-0.0032088684778300075,0.01073511292791089,-0.025230378914955918,0.043115898730803605,-0.01590477905170075,-0.08364254495895024,0.058929842384068065,-0.010167363421470102,-0.02457247219579938,0.06256063994616004,1.066654941488581,,,,,,,,,,,,,,,,,,,,
fpca256_10,5.486328580183908,-0.0023877826792991076,0.010368818016432284,-0.028456031277747092,0.03733421108811792,-0.02258343360392345,-0.07470020304304814,0.05521343494001116,-0.012616164671276332,-0.06596517091927016,0.04331224081877062,1.0585517161438658,,,,,,,,,,,,,,,,,,,,
fpca256_10,5.568359840894118,-0.003176888376817579,0.009108033821258743,-0.023986868218436812,0.03949741748846037,-0.010913514833156323,-0.06177180719196891,0.07318066595758338,-0.003669617973643198,-0.08090727981869712,0.050159807212003894,1.0531859589418606,,,,,,,,,,,,,,,,,,,,
fpca256_10,5.650391101604328,-0.002561921215608849,0.009732906804806445,-0.019912845319017682,0.033931594957508165,-0.008048059148204934,-0.053600971247730715,0.09339452142184324,0.0005429819964426899,-0.05200029929426201,0.02619148503260364,1.040370688308224,,,,,,,,,,,,,,,,,,,,
fpca256_10,5.732422362314537,-0.002406195301043382,0.009205734777950192,-0.019225216142487,0.03714469200909078,-0.013175064304269435,-0.04743056397638701,0.08973512840813554,0.007311453720323759,-0.032882410265651134,0.037959635470060565,1.03567288175227,,,,,,,,,,,,,,,,,,,,
fpca256_10,5.814453623024747,-0.0029484825274741677,0.00863078109605125,-0.016076855774900103,0.02968056699978694,-0.01004179839909865,-0.046802496220199656,0.09520551878296271,0.005883570368308805,-0.033363839056398385,0.08294142552097643,1.0298120189505384,,,,,,,,,,,,,,,,,,,,
fpca256_10,5.896484883734956,-0.0022808742233698712,0.00626884115529373,-0.014084701624287545,0.027945940453991104,-0.017529782157461336,-0.04409494510805147,0.0805746128916612,-0.002506125934017419,-0.05173934943688636,0.10992469598306853,1.0229986930440678,,,,,,,,,,,,,,,,,,,,
fpca256_10,5.978516144445166,-0.002351132527917451,0.005569708484012097,-0.013495491770957392,0.027130938188175663,-0.017085632798933194,-0.03722751061290654,0.09330698291732246,0.012514339247895577,-0.023702924129258757,0.08003770182966911,1.019181519911319,,,,,,,,,,,,,,,,,,,,
fpca256_10,6.060547405155376,-0.0010975788386130805,0.005779259064154696,-0.011169824501058174,0.02883392464945648,-0.009741423647613908,-0.02774542423872229,0.10123767721108967,-0.005119490131357487,0.009232772245305537,0.05485687308340227,1.0140538163636434,,,,,,,,,,,,,,,,,,,,
fpca256_10,6.142578665865585,-0.0013715990507901686,0.005284648425683967,-0.0112710578250288,0.024727464183390592,-0.004769496461552414,-0.03953500574292926,0.10320571620063751,-0.006505515796332855,0.0019107123251099882,0.05353191628768145,1.009954757793071,,,,,,,,,,,,,,,,,,,,
fpca256_10,6.224609926575795,-0.0010670206817828332,0.005429762576127072,-0.007809079676102188,0.029462155694480623,-0.0012057427410939465,-0.03832248874529251,0.11186623500566809,-0.00462587937942565,-0.04204128152442923,0.034409082766232106,1.0079329761173252,,,,,,,,,,,,,,,,,,,,
fpca256_10,6.306641187286004,-0.0010245231375611993,0.005303459778017886,-0.007082931128212113,0.029310560202259504,-0.014341824938908253,-0.006898740485452526,0.10291685729492689,-0.0011735729636354374,-0.031296133716895984,0.08226261125179311,1.0059776960952704,,,,,,,,,,,,,,,,,,,,
fpca256_10,6.388672447996214,-0.002018203737128097,0.004556057757502554,-0.005373883426368614,0.019108493009887456,-0.01012784280935452,-0.004842408613689348,0.09687937974210438,0.028058160503567003,-0.021615921521716052,0.052276089838193276,1.0073096800074386,,,,,,,,,,,,,,,,,,,,
fpca256_10,6.470703708706424,-0.001368015776967399,0.004289406089587148,-0.00389063777904708,0.014296063235860523,-0.015339805856565351,-0.033848966704243075,0.10700371073511586,-0.016175885776254086,-0.006025925739616195,0.04026862379168088,1.0070958024542407,,,,,,,,,,,,,,,,,,,,
fpca256_10,6.552734969416633,-0.00024181087510495922,0.003479244311759036,-0.001771985290398787,0.017434202228805516,-0.027135766097824216,-0.02524325301984214,0.11757477328689318,-0.011399224394090302,-0.020807743127514967,-0.0020779935465354274,1.000460128383584,,,,,,,,,,,,,,,,,,,,
fpca256_10,6.634766230126843,-0.0006178891705304572,0.0032860681784906472,-0.005261210842317688,0.017019625392415295,-0.007652034811147791,-0.022723519361639598,0.08923298007862282,0.003017130895029634,-0.009003180045710494,0.008274174343127494,1.0012927978919242,,,,,,,,,,,,,,,,,,,,
fpca256_10,6.7167974908370525,-0.0006356208462344502,0.002654336532587762,-0.003401784473731806,0.006372415453525412,-0.0006043698209630349,-0.0036187628350395624,0.03365600189069565,0.004108306585141209,-0.02371762089697284,-0.014825521869880204,1.0015594371108703,,,,,,,,,,,,,,,,,,,,
fpca256_10,6.798828751547262,8.094024398862349e-05,-0.0007127772260234576,-0.0034167735071555195,-0.0006820010277378392,-0.001033461378223027,-0.01292198242896844,-0.008443651204564766,-0.013215136060389512,-0.003813982460898231,0.021227102854746986,0.999575862340858,,,,,,,,,,,,,,,,,,,,
fpca256_10,6.880860012257472,0.0002855491656199879,-0.0006041932106992365,0.0034210167721701874,0.0008198733589318824,-0.00978553456363701,0.004517208198199124,0.01173579576715075,0.004782328198400958,0.004020766766561982,-0.002095502070775412,1.0005575596810061,,,,,,,,,,,,,,,,,,,,
fpca256_10,6.962891272967681,0.00032675861335199584,0.00024615084338121653,0.0018670309320151257,0.0011693299531853245,-0.011351200493230715,-0.0015722521750945362,0.02797080240408742,0.0030351414862945358,0.029880084373771196,0.008221089759917241,1.0014355848963643,,,,,,,,,,,,,,,,,,,,
fpca256_10,7.044922533677891,-0.0005836575857232035,0.0013180697717850168,0.002587348715648001,0.005525943026038192,-0.009283437585513277,-0.019377489060604138,0.035816317998266234,0.012160671421423668,-0.0017194290698778062,0.004375317303105673,0.9994168905541682,,,,,,,,,,,,,,,,,,,,
fpca256_10,7.1269537943881005,0.00016249088042255924,0.0007366542892818179,0.00723938545534723,0.017189328938164307,-0.03066981281659106,-0.02055878280369082,0.12540254609051646,0.019641264034838454,-0.03640204036421861,0.04458517166804265,0.9981379533342031,,,,,,,,,,,,,,,,,,,,
fpca256_10,7.20898505509831,0.0003476244396466177,0.0022496094717136673,0.009410958432248822,0.01706086118550688,-0.027908378707730417,-0.01763350789298115,0.09453113271837908,0.046259608188124364,0.005272894548885079,0.05925078471641439,0.9988325061110087,,,,,,,,,,,,,,,,,,,,
fpca256_10,7.29101631580852,5.456043982166167e-05,0.002326350195107842,0.01001858291548012,0.018734558685211386,-0.04166506398248151,-0.03835024133976181,0.10646540734375048,0.007408159636378055,-0.031279368152145645,0.05871997600373705,1.0069841317014436,,,,,,,,,,,,,,,,,,,,
fpca256_10,7.373047576518729,0.0009226716012427896,0.0005478082782694558,0.010559036295925164,0.01725273644316911,-0.038275386101719544,-0.031692272681684196,0.12832219983523466,0.02399370590051483,-0.00975220473601332,0.02890543833759773,1.0062889997928168,,,,,,,,,,,,,,,,,,,,
fpca256_10,7.455078837228939,0.0018107496938792563,0.001496227184659294,0.008769882131834213,0.013040866803013565,-0.03639922977004783,-0.03216476471151173,0.08671427703963726,0.04308991376790882,0.0031083114017788583,0.04819419722870467,1.0128905870397213,,,,,,,,,,,,,,,,,,,,
fpca256_10,7.5371100979391485,0.0013174404177788285,0.001904408859120291,0.012734861379280267,0.009939557321792813,-0.028002003728663277,-0.03278188262706902,0.0992750101723462,0.01729125047327518,-0.011759252287700478,0.040911102659765525,1.012229063915658,,,,,,,,,,,,,,,,,,,,
fpca256_10,7.619141358649358,0.0009752789001279678,0.0010820935654231923,0.014143115957742014,0.010901098078518402,-0.029045278375296375,-0.024380306367101368,0.09878512784702734,0.036501367961479646,0.018531747074117963,0.027696953876558326,1.0152186895721453,,,,,,,,,,,,,,,,,,,,
fpca256_10,7.701172619359568,0.001425307966492849,0.0003003568603424858,0.01521792358597791,0.01567035980330311,-0.034302525257619405,-0.02059878651087918,0.07580826249422781,0.03146333675621526,-0.012890864191913994,0.03486115961886307,1.016757456624605,,,,,,,,,,,,,,,,,,,,
fpca256_10,7.783203880069777,0.0020294959045146807,0.0010974070461134194,0.017401922028648754,0.016269947158449812,-0.03940768915466772,-0.024239375227465783,0.056332130031934574,0.04462857937427823,0.00847094551090543,0.06062194481243515,1.021230763792386,,,,,,,,,,,,,,,,,,,,
fpca256_10,7.865235140779987,0.002004625078131535,0.001049638302844968,0.01398200671839397,0.0183100799633325,-0.04343200441526189,-0.010086671581593237,0.09182927793631783,0.056881874361412024,0.014297052691308156,0.0618227064368276,1.0291961363765945,,,,,,,,,,,,,,,,,,,,
fpca256_10,7.947266401490197,0.001993998499311691,0.0017668781584596754,0.01997534243080488,0.020006017920326843,-0.0383017028506328,-0.03621697332408543,0.10008705859792946,0.012140199030217687,-0.006165151288991632,0.04233064092198373,1.0342300451857536,,,,,,,,,,,,,,,,,,,,
fpca256_10,8.029297662200406,0.002257765339574938,0.0026624325967179933,0.02155569989106603,0.01953365561713301,-0.037504506410072136,-0.03405134893613292,0.09831720835926838,-0.0047310015570909926,-0.029159271141575047,0.036114295714865276,1.0436442962846153,,,,,,,,,,,,,,,,,,,,
fpca256_10,8.111328922910616,0.003528002156836887,0.0015796735170334356,0.026245554274704652,0.01727650300070858,-0.040234373730473276,-0.005570044606040571,0.07657773182769047,-0.002642359976545329,-0.02234944705475184,0.08134876333005327,1.0488177705606683,,,,,,,,,,,,,,,,,,,,
fpca256_10,8.193360183620825,0.004255049222089939,6.32542639044043e-05,0.025744586110859984,0.015468629017701865,-0.05199676124351404,0.001054765342677399,0.10060505346970645,0.0067272059282264636,-0.036915357835743186,0.03193893847184223,1.0555366540216966,,,,,,,,,,,,,,,,,,,,
fpca256_10,8.275391444331035,0.003706494174182111,0.001896372646117562,0.02892380454597239,0.018109529702088612,-0.0576079815226222,-0.014310109724722226,0.08599529086667253,0.03827677516182363,-0.03670102864903926,0.0392623840191523,1.0636345501706974,,,,,,,,,,,,,,,,,,,,
fpca256_10,8.357422705041245,0.003966992162937287,0.003215357797871794,0.03459640741644671,0.013117675197502166,-0.05521861227629447,-0.03320780518354009,0.09969150106573946,0.051526126700503654,-0.0001143032305510506,0.0187717330764451,1.0738182661768938,,,,,,,,,,,,,,,,,,,,
fpca256_10,8.439453965751454,0.003580435665203697,0.0029572253609616884,0.03280853139320808,0.01304692511084312,-0.048715386048633735,-0.02655807715405864,0.10320567426019345,0.005588743559178148,0.014974136368132315,0.044849641961811834,1.082377519543287,,,,,,,,,,,,,,,,,,,,
fpca256_10,8.521485226461664,0.005176316866546878,0.0010038040968957376,0.03797553051402369,0.014599773732495306,-0.05927327173906887,-0.022989785522852763,0.09031518938002504,-0.007763747805301865,-0.01453091180673838,0.05560966809990494,1.0910124362856208,,,,,,,,,,,,,,,,,,,,
fpca256_10,8.603516487171873,0.0056809557280995265,0.002139248936909217,0.037768047265062776,0.014550491156250303,-0.056166886028135195,-0.013104505735509501,0.09695536712716916,0.02996207893296972,-0.03224726219677899,0.035964246615657586,1.100111629781602,,,,,,,,,,,,,,,,,,,,
fpca256_10,8.685547747882083,0.005041095063225611,0.003359100365777035,0.04376325871610823,0.013540397061645037,-0.062314541127054,-0.007342615046111092,0.1090448508196904,0.05503231730218429,-0.003322614863004675,-0.000962705840733728,1.1086016040776063,,,,,,,,,,,,,,,,,,,,
fpca256_10,8.767579008592293,0.005904416247562062,0.002719185927283643,0.04327737463997857,0.0135281164083397,-0.061488168227512796,-0.01970553349120698,0.10298618405710121,0.019653282062054005,-0.00976217373681576,-0.0146195451648482,1.1185191400789154,,,,,,,,,,,,,,,,,,,,
fpca256_10,8.849610269302502,0.006588878293243078,0.0021008042890919556,0.046983414638322625,0.014946401555275468,-0.0661771180123633,-0.020439893845988,0.11386587213251587,-0.0032677140266372845,-0.022516670720695693,0.01524003469895675,1.1277317709429344,,,,,,,,,,,,,,,,,,,,
fpca256_10,8.931641530012712,0.007873264159757077,0.0018588118112097974,0.04659498514237083,0.01066047233353172,-0.058791086331926576,-0.00755916906950292,0.10088762597223443,0.03640431714636354,-0.004797579058294939,0.056733979232443964,1.1358259128911934,,,,,,,,,,,,,,,,,,,,
fpca256_10,9.013672790722921,0.00802251875452876,0.00217857538678054,0.04550299914054771,0.013711843034748306,-0.06790585341725658,0.002955142552466256,0.12996688102491238,0.03234275624579826,0.03126265336691152,0.009292197141479644,1.1489413948154883,,,,,,,,,,,,,,,,,,,,
fpca256_10,9.095704051433131,0.008392855793116159,0.001995310759622416,0.04505599962413287,0.019470143594582802,-0.06852566006101897,-0.013150543557536008,0.12126077400899417,0.0020549794289931233,0.015204837361788301,0.02998568911553064,1.1628197743545992,,,,,,,,,,,,,,,,,,,,
fpca256_10,9.17773531214334,0.00912766537924614,0.004073932602206537,0.0543598331824174,0.01977011090159183,-0.08076466944422957,-0.0040365521918317325,0.06502139000906282,0.020444680664199806,0.043348004351000134,0.04197431948735158,1.174715997617253,,,,,,,,,,,,,,,,,,,,
fpca256_10,9.25976657285355,0.008646459693290127,0.0038767289730578663,0.05422033019190581,0.022769195455142693,-0.08803424463152526,-0.009782603036342118,0.07898968715758978,0.05018147787323786,0.006993123918195431,0.034969006719636216,1.185673739551767,,,,,,,,,,,,,,,,,,,,
fpca256_10,9.34179783356376,0.011031469147299227,0.004312068910247631,0.059327473458959494,0.01933123806821918,-0.08776230713039508,-0.017988178045170066,0.05633508147652963,0.04967197687022437,-0.008334465746817987,-5.040203728404842e-05,1.199667131561354,,,,,,,,,,,,,,,,,,,,
fpca256_10,9.42382909427397,0.010281809646512308,0.0017303831669058323,0.06345170398680984,0.027266084206810436,-0.08639512127784736,0.012576653313803582,0.0637700119541705,0.03354842005297915,0.009486015869752744,0.01729548376436915,1.2165603941601069,,,,,,,,,,,,,,,,,,,,
fpca256_10,9.50586035498418,0.012139265209761252,0.0016579161615431265,0.06762694159054312,0.027374202787252572,-0.08458318331376734,0.019124603898481946,0.03821392568290429,0.020757484774639904,0.010416560437314074,0.0194355342208448,1.2290202584765952,,,,,,,,,,,,,,,,,,,,
fpca256_10,9.587891615694389,0.012691727978141061,0.003844485075706055,0.07389166451800054,0.026701153902888148,-0.08457945946250926,0.008973597294349527,0.032263050557124855,-0.017824275614856125,0.009711469689999312,-0.040633832795847855,1.248841890931718,,,,,,,,,,,,,,,,,,,,
fpca256_10,9.669922876404598,0.012932571198468149,0.005270609872932736,0.07098168984589309,0.03603138490416806,-0.0844810164645422,0.02479908688228658,0.05986690248795208,-0.01083298272028672,0.008121100863220234,-0.013495304001339624,1.2694119251643745,,,,,,,,,,,,,,,,,,,,
fpca256_10,9.751954137114808,0.014295452131545967,0.003928937290743961,0.07067434912045212,0.03373445398926063,-0.08215170608257467,0.010409649595263132,0.07565240697672276,0.028586201373851924,-0.026755069187354354,0.012872833589100569,1.2874381108257762,,,,,,,,,,,,,,,,,,,,
fpca256_10,9.833985397825018,0.015008010664977879,0.005024543026192522,0.07358280837890141,0.03338514054893125,-0.09065157699294343,-0.001217172555419634,0.07990494199352122,0.04706021108379501,-0.018490711073842328,0.03954138106398409,1.313691618977338,,,,,,,,,,,,,,,,,,,,
fpca256_10,9.916016658535227,0.01682885543103954,0.0059583014066197535,0.08277954403229444,0.027925991481644593,-0.0996854820613069,0.03832668176415705,0.07996614431009921,0.05945667769154122,0.0060912348809818466,-0.007169160424198444,1.335630660344749,,,,,,,,,,,,,,,,,,,,
fpca256_10,9.998047919245437,0.01815097279442721,0.004582034400265119,0.08885347027924864,0.03372080977211144,-0.1028046004849542,0.007215534371403397,0.04491098634646203,0.03927946524750911,-0.011661409915728104,-0.05896780731703421,1.3568128850707342,,,,,,,,,,,,,,,,,,,,
fpca256_10,10.080079179955646,0.019380082319116903,0.006088335187428917,0.09005308571179783,0.03643155991603903,-0.09873834885176802,0.04217761922895662,0.05389226078454881,0.019142359742375166,-0.007350480708000186,-0.038585736116248305,1.3747696509565068,,,,,,,,,,,,,,,,,,,,
fpca256_10,10.162110440665856,0.01967214045616196,0.006444092433782737,0.09589932393383475,0.03931240013459595,-0.10603087254210368,0.03192942566018369,0.05533255966048883,-0.0069016862130045565,0.009309833339455916,-0.01579231948941835,1.402840604735507,,,,,,,,,,,,,,,,,,,,
fpca256_10,10.244141701376066,0.02030926882270697,0.0065268949768360965,0.09287383960175392,0.040182154646620144,-0.08691690176224012,0.026541218629309877,0.03664372925621313,0.012573231768823712,-0.004860782689879635,0.00983280430168694,1.436371328386727,,,,,,,,,,,,,,,,,,,,
fpca256_10,10.326172962086275,0.023116156493685435,0.007810170733313725,0.09625231444928153,0.044051146746084874,-0.09492601601358758,0.018065588517678914,0.040757437505365465,0.04527180533310499,-0.010843633340872792,-0.030612068153444822,1.4582971338389685,,,,,,,,,,,,,,,,,,,,
fpca256_10,10.408204222796485,0.025295822029169676,0.008654137340456714,0.09801268165759314,0.043348117380951096,-0.09568300365356053,-0.0002857537492884658,0.030935258452284033,0.049013144551817656,0.026999258240913017,-0.02355994550209214,1.4812418916438073,,,,,,,,,,,,,,,,,,,,
fpca256_10,10.490235483506694,0.026295387913990612,0.009909018155783286,0.10293122999250942,0.03956897298154257,-0.0834728772729089,0.05312997693427152,0.034919464041842936,0.06823852239366755,-0.039387317361557886,-0.04990109602177523,1.510114072471885,,,,,,,,,,,,,,,,,,,,
fpca256_10,10.572266744216904,0.028822448197958265,0.008696772625890444,0.10848932496474707,0.03900337588302148,-0.09270253342031749,0.021103679905656102,0.028442027172640768,0.04211444386327041,0.02787572075231186,-0.09114094973534846,1.546774110685045,,,,,,,,,,,,,,,,,,,,
fpca256_10,10.654298004927114,0.029961647249419528,0.011210422945618557,0.11253354690585153,0.047590777513633185,-0.09049490126836975,0.0029071067820656236,0.022564952375289053,0.04641960921314669,0.0580217866467954,-0.042092250247381426,1.5831878069495033,,,,,,,,,,,,,,,,,,,,
fpca256_10,10.736329265637323,0.03182835989287693,0.01182061625463836,0.11578054637675729,0.0516244139573367,-0.09972453290751326,0.01854681523725253,0.02255581142459228,0.01363870510101828,0.06601651582277067,-0.02985171556726951,1.611426839438947,,,,,,,,,,,,,,,,,,,,
fpca256_10,10.818360526347533,0.03352861281046675,0.014826975244648672,0.12026693063054614,0.06381949733118172,-0.07654585442506269,0.02417188313903357,-0.001870239290648816,-0.01585827733901379,0.021030245574385157,-0.012676110948605438,1.647574067491731,,,,,,,,,,,,,,,,,,,,
fpca256_10,10.900391787057742,0.035268805502727374,0.01616519847712025,0.123892339620957,0.05830591565992022,-0.0913828731253285,0.02012037729976157,-0.051714286695294896,0.031073189428634757,-0.04860955937065649,-0.04909048188775567,1.6848425099569981,,,,,,,,,,,,,,,,,,,,
fpca256_10,10.982423047767952,0.0376821721233525,0.01661800881647953,0.12188546354873374,0.06072277274318505,-0.08327060387502863,0.04144394723825454,-0.07295584565382437,0.07389350405032467,-0.05989698963488711,0.03970295125055495,1.7229178747709601,,,,,,,,,,,,,,,,,,,,
fpca256_10,11.064454308478162,0.03940989441673923,0.015164672300168316,0.13165149220847408,0.06129576749032964,-0.07882575870437225,0.04605418843268146,-0.04093583245634341,0.05219688664875552,0.0001790124545436319,-0.018822736216100235,1.7609758947383813,,,,,,,,,,,,,,,,,,,,
fpca256_10,11.146485569188371,0.03991537724095183,0.01713034036147858,0.13042995754522377,0.05634662392182253,-0.09194771512984251,0.024585996667958045,-0.0051037051235265475,0.040880278951905075,0.07372875937956336,-0.046725844851697014,1.8116635136962576,,,,,,,,,,,,,,,,,,,,
fpca256_10,11.228516829898581,0.04500704459057651,0.020717175931410908,0.141870470508984,0.06120041194217174,-0.09378317570530095,0.02798391466181121,-0.02320011205271102,0.026182644861039942,0.0622297367317232,-0.030902677444057086,1.8473425432921804,,,,,,,,,,,,,,,,,,,,
fpca256_10,11.31054809060879,0.047338379703858575,0.02311789330133848,0.13916710762783413,0.06345188588235748,-0.07117350573722166,0.053139143575125676,-0.04663495758434102,0.004539215965635237,-0.03340021597694136,-0.023152500878162733,1.884592803819431,,,,,,,,,,,,,,,,,,,,
fpca256_10,11.392579351319,0.04886530396016078,0.023958250518217178,0.14878082575169893,0.06468878989670232,-0.06749555027175698,0.03922797357651698,-0.03639241268773979,0.02508774302079962,-0.03898428939756399,-0.06219432221779499,1.9401242114940396,,,,,,,,,,,,,,,,,,,,
fpca256_10,11.47461061202921,0.052265359170798366,0.029964430419613653,0.14228762816212281,0.06893176245111363,-0.06694525692935215,0.022510213633213004,-0.023998064172004684,0.009066301849425216,-0.03197993513329124,-0.17357450733096785,1.9859774201953433,,,,,,,,,,,,,,,,,,,,
fpca256_10,11.55664187273942,0.05621216956419454,0.03162578710276389,0.14302926400077504,0.06209535254602519,-0.05797657925940883,0.042658476234042085,-0.0651801213223659,0.01893856476164925,0.002680175397970584,-0.14694595081044529,2.035579840384456,,,,,,,,,,,,,,,,,,,,
fpca256_10,11.638673133449629,0.05937391918313538,0.03448275804493989,0.14513715187302803,0.06081786699967826,-0.047123776932940446,0.014727665723507836,-0.07238420688598035,0.0006372147226145063,-0.015057150830330136,-0.07981930630213822,2.0882013228064964,,,,,,,,,,,,,,,,,,,,
fpca256_10,11.720704394159839,0.061127068943242824,0.035961939233968704,0.1465847979592753,0.06384116379819575,-0.03559383788802802,0.003495689733372847,-0.032854131113208146,-0.05826838497264919,0.008281153111090645,0.016682987852356897,2.14359427422242,,,,,,,,,,,,,,,,,,,,
fpca256_10,11.802735654870048,0.06320348937307552,0.037088909350256,0.14733164394102452,0.05843635234407446,-0.04148428885780616,-0.015978862193474733,-0.03709028862229905,-0.06569176759335495,0.008936537766534023,0.0017618577538086244,2.1972047751944848,,,,,,,,,,,,,,,,,,,,
fpca256_10,11.884766915580258,0.06788194628593616,0.043333069820773396,0.139883455261968,0.06367253119314993,-0.0030447954625511704,-0.017871891356566964,-0.056298330582524814,-0.09306550713733051,-0.0020333526906665803,-0.023952786287638625,2.2420004143280217,,,,,,,,,,,,,,,,,,,,
fpca256_10,11.966798176290467,0.07148881246135165,0.04610329964837511,0.140471838883731,0.06347221176563081,0.021336299003751474,-0.03401749976425432,-0.015408622452902329,-0.03707876527393426,-0.011675031312993859,-0.06642030211500935,2.2947118010279413,,,,,,,,,,,,,,,,,,,,
fpca256_10,12.048829437000677,0.07472765799336217,0.05045539171435626,0.14044561249925927,0.06687054558112487,0.006440115453105345,-0.04156512593562582,-0.04917230428485933,-0.09086665415754154,-0.028363855053390258,0.004777478713515486,2.3497311348844474,,,,,,,,,,,,,,,,,,,,
fpca256_10,12.130860697710887,0.0789796683618882,0.055109539178713085,0.1368495394372886,0.06305538228120183,0.03298270857322527,-0.029939843737380113,-0.09743329361445759,-0.14401528055692012,-0.06741067977197057,0.09203950609130682,2.403081276387376,,,,,,,,,,,,,,,,,,,,
fpca256_10,12.212891958421096,0.08170483887502258,0.06166923952106692,0.12922920262163848,0.05748239578030025,0.055509004080275925,-0.043115313065201076,-0.09819941423188598,-0.17439584477350428,0.018630740088754656,0.012690236825373472,2.464162817682431,,,,,,,,,,,,,,,,,,,,
fpca256_10,12.294923219131306,0.08390480930030017,0.0665074831854584,0.12462063003940448,0.05785229812590215,0.0776619907643229,-0.04563306268593837,-0.06341824620757455,-0.14617758188839955,-0.11271115033612863,-0.012266573066813545,2.516933770186503,,,,,,,,,,,,,,,,,,,,
fpca256_10,12.376954479841515,0.08650078599333993,0.07025685633589977,0.12276649675204077,0.05572829551399122,0.06017367869984264,-0.054112050228233594,-0.06011027899214279,-0.07047909693833712,-0.08774145267293071,0.0786848348339515,2.569426465829588,,,,,,,,,,,,,,,,,,,,
fpca256_10,12.458985740551725,0.08836854712856007,0.06990905284466925,0.12341078941049959,0.03869800167399057,0.04821230826663346,-0.07431592318569873,-0.038517806157330796,-0.09819966958300415,-0.037789097742170805,0.011232190062974604,2.6180579637142927,,,,,,,,,,,,,,,,,,,,
fpca256_10,12.541017001261935,0.0939274957956328,0.07474194104485687,0.11264758592645735,0.04218730409728459,0.06577257821277382,-0.06238644606871969,-0.02374611456844352,-0.07759943887310335,-0.08584182711410247,0.003523937025115355,2.6687549774411834,,,,,,,,,,,,,,,,,,,,
fpca256_10,12.623048261972144,0.09772762633600394,0.08007928940268023,0.10332361612945769,0.04240248124840384,0.11963144964985768,-0.09796791827388915,-0.013118125650283769,-0.04376587211162633,0.007414381642326406,-0.010628440486686947,2.717923817504649,,,,,,,,,,,,,,,,,,,,
fpca256_10,12.705079522682354,0.10001161371615289,0.08456950184111403,0.09821573772533962,0.03715376548017343,0.09031801017290599,-0.09044953527236113,-0.06109513158642838,-0.04022250808866512,0.11935751141146461,0.09372176340798805,2.7697813159253406,,,,,,,,,,,,,,,,,,,,
fpca256_10,12.787110783392563,0.10278864488802032,0.09175041444599613,0.08687936178674746,0.030608267460760095,0.10068366011882632,-0.04126178587522473,-0.016063450248817262,-0.0034816453269544126,0.09598437422524579,0.065934614799594,2.81368484997403,,,,,,,,,,,,,,,,,,,,
fpca256_10,12.869142044102773,0.10540813896354309,0.09490946261641016,0.07732940541847665,0.03017776908056997,0.10246478096876452,-0.07502854897235464,-0.022506634198538704,0.015006507393139188,0.04791239804188359,0.007993128894494547,2.8569227997579083,,,,,,,,,,,,,,,,,,,,
fpca256_10,12.951173304812983,0.10680449656853201,0.09814213510130182,0.06674494682807146,0.029495332813808898,0.11889528152219483,-0.02705298835262488,0.035737294946928844,0.00434449567185222,-0.10327827333007769,-0.011381913117748672,2.899556818522691,,,,,,,,,,,,,,,,,,,,
fpca256_10,13.033204565523192,0.10992080613927847,0.10323398478695926,0.055272947693985185,0.005874562932852702,0.12422703508638741,-0.04170110539290756,-0.027064742826692086,0.09985742969745258,-0.15264981850931642,0.07278589071968584,2.934405443957103,,,,,,,,,,,,,,,,,,,,
fpca256_10,13.115235826233402,0.11314660365100855,0.1066677279096507,0.03866483939696353,0.012278206316656706,0.1463937616580188,-0.07084817880367943,-9.99687767279532e-05,0.11795758979010719,0.014995466847850083,0.09745424257989178,2.9700602820193875,,,,,,,,,,,,,,,,,,,,
fpca256_10,13.197267086943612,0.11435551316944759,0.1117134742214157,0.03335598504583383,0.016737254915758518,0.1460877505345554,-0.06567694732111337,-0.01408416570122798,0.03319340817766615,0.0669694756042051,0.06441360313885938,3.0016057422557547,,,,,,,,,,,,,,,,,,,,
fpca256_10,13.279298347653821,0.11641852400351294,0.11311632752112506,0.024152628609647734,0.0063167537799603555,0.14285744796293476,-0.04849221068255668,0.00775305831820415,0.04880355203392918,0.025316198906813633,-0.03234086812281803,3.0165608580928884,,,,,,,,,,,,,,,,,,,,
fpca256_10,13.36132960836403,0.11724928714566121,0.11745694898742638,0.010277250671632735,0.0028541218032054126,0.12016809013300897,-0.00653368435888258,0.02478226640161166,0.057531121068041854,0.07537077176393651,0.06713726102971966,3.040126394711546,,,,,,,,,,,,,,,,,,,,
fpca256_10,13.44336086907424,0.11714015105725116,0.12154493260404631,-0.001386159955662824,0.004379489100535894,0.12348682394456964,-0.0026379654548995633,0.005167955668081966,-0.020659212585865373,0.11924703486616166,0.1915093276094706,3.0545676605789267,,,,,,,,,,,,,,,,,,,,
fpca256_10,13.52539212978445,0.11684150905098711,0.11868871721427834,-0.003280305933862903,0.005045576826637051,0.13269848878675092,0.05488964272021416,0.03710330691723386,-0.14536003523344,0.2165144610978276,0.11268131174383875,3.0655803387065315,,,,,,,,,,,,,,,,,,,,
fpca256_10,13.60742339049466,0.11700742816089514,0.12225988357769398,-0.014165337524372372,-0.007884742399997246,0.09799825620446369,-0.004022343976258879,0.08309431165251596,-0.0644973119139326,0.019828927056952213,0.06488570097795053,3.072422288518796,,,,,,,,,,,,,,,,,,,,
fpca256_10,13.68945465120487,0.11705053000818533,0.12380738934018994,-0.023572987041670403,-0.003065497046433103,0.10013256276768633,0.02889044602391552,-0.0004422529639726948,0.12722186696667442,-0.11733999982425455,-0.08046801110171237,3.067845670025076,,,,,,,,,,,,,,,,,,,,
fpca256_10,13.771485911915079,0.11183225629272751,0.12359191370272876,-0.031150101145859144,-0.009782788189979403,0.0982371724321862,0.06261583686041296,0.03083621329017074,0.26007205841853054,0.01824832788064068,-0.09715142874648978,3.0610141328989924,,,,,,,,,,,,,,,,,,,,
fpca256_10,13.853517172625288,0.111474842183232,0.1264245468825398,-0.04000752459722436,-0.01669667556648198,0.09448507355780882,0.02568011208806667,0.11682310126963508,0.12347689728642504,0.07789917434315277,-0.12147742385621793,3.066188237575214,,,,,,,,,,,,,,,,,,,,
fpca256_10,13.935548433335498,0.10979082656725725,0.12985907054999274,-0.046530837692685185,-0.013321214241681095,0.05489794194217766,0.03750095807422588,0.06906883430590192,0.024825733087824004,0.01256115568271241,0.04239530138680892,3.060041622060297,,,,,,,,,,,,,,,,,,,,
fpca256_10,14.017579694045708,0.10769154903835824,0.12737996143395672,-0.05696499396870597,-0.03646341265982319,0.07488273361900771,0.07667145698640332,0.07600853793744977,0.13148737754856935,0.06588449823984399,0.1053980524242783,3.042781456039029,,,,,,,,,,,,,,,,,,,,
fpca256_10,14.099610954755917,0.10612700823260915,0.13066338638455322,-0.05682222431362523,-0.03732271702564559,0.05366367327663234,0.06205678645805785,0.07306804521746253,0.08570284145458848,0.08414219192887464,0.05596292750362957,3.0192502120852005,,,,,,,,,,,,,,,,,,,,
fpca256_10,14.181642215466127,0.10070905320172151,0.12492427728555702,-0.07011085416849168,-0.04162620236355233,0.033001403348438006,0.07614865868060304,0.020896990712451845,0.12799140973132742,0.08276904867546608,-0.041591427433705884,2.9984750588932436,,,,,,,,,,,,,,,,,,,,
fpca256_10,14.263673476176336,0.0987086351204255,0.12577493678432144,-0.06946896391167703,-0.05256503735973227,0.027545489788323,0.09892953922911162,0.0342666066779407,0.148019861158327,-0.04046437509817612,-0.10919539947436871,2.97108682455934,,,,,,,,,,,,,,,,,,,,
fpca256_10,14.345704736886546,0.09526228600260897,0.125446010707454,-0.07878693768089592,-0.061874293260288274,-0.007899371247037146,0.11091710051158221,0.004082355574920817,0.11118972967819205,-0.17852306239703336,-0.080433340612148,2.9421005094817736,,,,,,,,,,,,,,,,,,,,
fpca256_10,14.427735997596756,0.09187802876857629,0.12577403073531002,-0.07783985642936662,-0.06092802851225809,-0.01775457346881005,0.13342552998063215,-0.01532828594520202,0.09391163384336616,-0.11940700248130359,-0.19210459994933868,2.9067491754395784,,,,,,,,,,,,,,,,,,,,
fpca256_10,14.509767258306965,0.08610715372024702,0.1218855611177781,-0.07871739749771219,-0.06586897639284973,-0.03556942577907216,0.09407102033431419,0.07031047316483159,0.047300051944414674,0.05621234261131269,-0.06481241581783187,2.870293599432546,,,,,,,,,,,,,,,,,,,,
fpca256_10,14.591798519017175,0.08029427866606227,0.1175244463833056,-0.08357534574364128,-0.06814760338902574,-0.03957212531546409,0.03908811742151213,0.05369450775402265,-0.0731756821371693,0.0572179523349577,-0.05910826654852147,2.840932488576527,,,,,,,,,,,,,,,,,,,,
fpca256_10,14.673829779727384,0.07657621512866186,0.11754773236816395,-0.07411417721460008,-0.06467666086196198,-0.04651879077439179,0.012927902341576154,-0.022053749363143457,-0.10560968030471846,-0.04373674164125733,-0.11367505545551017,2.8037474534903732,,,,,,,,,,,,,,,,,,,,
fpca256_10,14.755861040437594,0.07394379225177854,0.11356911917726972,-0.07392953306290695,-0.0660216048102087,-0.06321463918483211,0.048430631349989525,-0.030547243908239215,-0.047274678777382645,-0.035637612783809294,-0.134764093967222,2.752518948510806,,,,,,,,,,,,,,,,,,,,
fpca256_10,14.837892301147804,0.06996853543398063,0.11372500027562653,-0.07648551971790188,-0.07162599962430069,-0.09148519408280023,0.04530057538533678,-0.0011809877235279436,-0.07003055279790532,-0.03124122074689361,-0.07290138866424506,2.7177386063425977,,,,,,,,,,,,,,,,,,,,
fpca256_10,14.919923561858013,0.06353059723987346,0.11420700417076146,-0.06908652008925238,-0.06696161090119837,-0.067817147920555,0.06728171030310483,0.033807391974978604,-0.11680698914969094,-0.013387513304987528,0.007532447099380139,2.674782684710251,,,,,,,,,,,,,,,,,,,,
fpca256_10,15.001954822568223,0.05917119006510239,0.11111313895893957,-0.0675131834668498,-0.0719166106258216,-0.08180254999865148,0.0313069260802207,0.03938586476577533,-0.06731161725804449,-0.007136535447104363,-0.03401263843258136,2.6331764314907247,,,,,,,,,,,,,,,,,,,,
fpca256_10,15.083986083278432,0.052911020555904825,0.10979004073615833,-0.0721748038774569,-0.07524442184043031,-0.07606273403466568,0.07820359370285475,0.0782481515591418,-0.09393915651924155,0.00391927911891403,0.05552382796142492,2.59505188532332,,,,,,,,,,,,,,,,,,,,
fpca256_10,15.166017343988642,0.051005140680725876,0.10792345585882371,-0.07038636730827563,-0.08278589814897926,-0.11430532550189718,0.06904212335655743,0.026690771055802948,-0.025194634237133,-0.04377255511279671,-0.006919182824107656,2.555091395914393,,,,,,,,,,,,,,,,,,,,
fpca256_10,15.248048604698852,0.04598442158303828,0.10679451126323636,-0.06441599383447805,-0.0793135967945296,-0.09992932482485788,0.04400375896181285,-0.02581713874634369,0.0799948555296229,-0.06723230116564893,-0.05235831333629832,2.510279796909827,,,,,,,,,,,,,,,,,,,,
fpca256_10,15.330079865409061,0.03990724810073103,0.10454670018335878,-0.05736486834771026,-0.08239005182258714,-0.11286056771869996,0.0520036775255168,0.005596768776411873,-0.025848855596959618,-0.13018436782320514,-0.0362315835109301,2.4663466539530456,,,,,,,,,,,,,,,,,,,,
fpca256_10,15.412111126119271,0.03494425603698269,0.10340473488279606,-0.05936718842564965,-0.07981514700398092,-0.11423929306610596,0.02786826383917274,-0.005836527585979254,-0.040953348103773,-0.14706362280419258,0.006369320400444953,2.4267456334007895,,,,,,,,,,,,,,,,,,,,
fpca256_10,15.49414238682948,0.03187605616108425,0.09990908277425835,-0.04736916349940671,-0.07307741516143335,-0.10767812567288794,-0.020106034347723005,0.0013057120046584849,-0.12735567350182253,-0.14588432296407028,0.07331129399383492,2.392192094892564,,,,,,,,,,,,,,,,,,,,
fpca256_10,15.57617364753969,0.025713959853404925,0.09715478929635515,-0.04509833316311639,-0.07768235604288314,-0.09154233931468217,-0.01992329929854414,-0.031682578461024576,-0.14630862159366065,-0.11185208004416576,0.05349045653463219,2.3524182481457387,,,,,,,,,,,,,,,,,,,,
fpca256_10,15.6582049082499,0.020738534911687943,0.09315199550406635,-0.0454241392092877,-0.08159773189154666,-0.12292584980219666,-0.06103380928580768,-0.009334640517875309,-0.11356815812942861,-0.04890905822132056,0.06506908912102405,2.3147631424140376,,,,,,,,,,,,,,,,,,,,
fpca256_10,15.74023616896011,0.016090934489446002,0.09309671059781803,-0.0431484788765478,-0.07398172757025975,-0.10662061842279072,-0.02518896755992774,0.006261060984808594,-0.1466933127078952,0.006969294711924128,-0.002992016171990111,2.274639561090769,,,,,,,,,,,,,,,,,,,,
fpca256_10,15.822267429670319,0.013405864495328514,0.09134284380808985,-0.042625589720917074,-0.08267525285381756,-0.12595904353316698,-0.02861011596655017,0.0038123111848926967,-0.13770167797141045,0.04849554257629172,-0.06202750821354339,2.226963254263866,,,,,,,,,,,,,,,,,,,,
fpca256_10,15.904298690380529,0.010187636846241226,0.09169185057921149,-0.03721225636237854,-0.07080367747790037,-0.11907486602573356,-0.016858164498757464,-0.0014739628575967457,-0.06584412071574308,0.032626721828797826,-0.0009912733033986326,2.1980034833623106,,,,,,,,,,,,,,,,,,,,
fpca256_10,15.986329951090738,0.005213596972664911,0.08611440499848273,-0.03920470735880999,-0.06480989071530711,-0.12738145718437074,-0.05328674093371451,-0.03906941664965105,-0.11629470854711382,0.017868556629387584,-0.05401699845999978,2.1608539231435313,,,,,,,,,,,,,,,,,,,,
fpca256_10,16.068361211800948,6.99031913470348e-05,0.08376606443500834,-0.034821093045627166,-0.06185547084523123,-0.10086831048989012,-0.06958907477566735,-0.043041534328187164,-0.0980332552554465,0.10889758918350806,-0.010074655973652522,2.127850899854484,,,,,,,,,,,,,,,,,,,,
fpca256_10,16.150392472511157,-0.004376114198140146,0.08513063145539951,-0.031833034040458015,-0.05657018804343533,-0.11437845882825239,-0.06475465306504885,-0.03797222714089253,-0.04020763673682876,0.0737826856899766,0.03451389935519646,2.0974357361912457,,,,,,,,,,,,,,,,,,,,
fpca256_10,16.232423733221367,-0.006581424699508894,0.08644690492553206,-0.031166703489916153,-0.06200218374648926,-0.11842820859586603,-0.07556216459128542,-0.05874691481522166,-0.024870838262720706,0.10804672255514158,0.10094156510309539,2.0691879536653923,,,,,,,,,,,,,,,,,,,,
fpca256_10,16.314454993931577,-0.010971852435683988,0.08196120438049445,-0.02585809808075188,-0.059079962166693055,-0.09654832099791763,-0.054089155881378935,-0.05898244607695759,0.03800940262152944,0.09803415259717861,0.09180931570896228,2.0405017614503946,,,,,,,,,,,,,,,,,,,,
fpca256_10,16.396486254641786,-0.015399663137311774,0.08076943181185423,-0.02106719864945771,-0.05082802202377338,-0.10856900878619936,-0.07012372867061364,-0.019577586637495224,0.07672720598430349,0.07551690089840049,0.05246157276271183,2.013960898800917,,,,,,,,,,,,,,,,,,,,
fpca256_10,16.478517515351996,-0.017211540823115507,0.0793496827742754,-0.015755125824803914,-0.04105442621334707,-0.10283177059785988,-0.03323244321221449,-0.03526221509919701,0.07984241513340232,0.10340911347926567,0.010607018180910473,1.9943036811759454,,,,,,,,,,,,,,,,,,,,
fpca256_10,16.560548776062205,-0.020290623315064177,0.07893777149332921,-0.015430250798868997,-0.03902688393019755,-0.09332027298445933,-0.050964150829600575,0.0006519672389305062,0.03745056185394734,0.060846762289742506,0.03558239685763877,1.9670661081945546,,,,,,,,,,,,,,,,,,,,
fpca256_10,16.642580036772415,-0.025969460128163615,0.07819109208758113,-0.0076276499563414455,-0.04025554133086868,-0.08232924495144177,-0.02973339498978956,-0.019176800904168848,0.01226266363666576,0.0663443441171442,0.03406791499790868,1.945971236264384,,,,,,,,,,,,,,,,,,,,
fpca256_10,16.724611297482625,-0.02848040140061969,0.07772162278759846,-0.009331214649131926,-0.030064621534715254,-0.09799569984268681,-0.037103219443249034,-0.03176766281653648,0.009562017337241309,0.03932117457610758,0.0007421395040725379,1.9194384661273196,,,,,,,,,,,,,,,,,,,,
fpca256_10,16.806642558192834,-0.031229716067633573,0.07457284602159599,-0.010680139460922616,-0.03480790172012848,-0.08136051722939895,-0.06182626224905151,-0.04556889974466654,0.027314562934183557,0.06475572943513254,0.002584482348945687,1.8997426701091693,,,,,,,,,,,,,,,,,,,,
fpca256_10,16.888673818903044,-0.03457140867281745,0.07516422440600017,-0.005297728218803105,-0.02886934247849643,-0.07000746222908015,-0.057864332912090255,-0.06034992332715957,0.03771519604061258,0.013195159758538105,0.005505287994991205,1.8816003184223746,,,,,,,,,,,,,,,,,,,,
fpca256_10,16.970705079613253,-0.03598954003686116,0.07742146362025551,-0.00308529421670506,-0.03343046511089394,-0.06815657410358243,-0.06660675357612872,-0.06302356632694744,0.01659152635185445,0.06767131163136919,0.03612137000360525,1.863106078948319,,,,,,,,,,,,,,,,,,,,
fpca256_10,17.052736340323463,-0.039373329647783895,0.07627772015585853,-0.006840330760211396,-0.02764914118152087,-0.0732107185729418,-0.06026824557804771,-0.04179085239631611,0.06537350708119612,0.05350224909625404,0.009742999292189301,1.8430040232461982,,,,,,,,,,,,,,,,,,,,
fpca256_10,17.134767601033673,-0.04175009001126172,0.07424554604320491,-0.005683627005015691,-0.029377860677390042,-0.05413877508719007,-0.05415042902836523,-0.02523231868057462,-0.10439208170468481,0.00850099168216472,0.02177025817101564,1.824355836796933,,,,,,,,,,,,,,,,,,,,
fpca256_10,17.216798861743882,-0.04416979100668921,0.07126513147359216,-0.002403439545810751,-0.024945841664529827,-0.07313164153941598,-0.05411520199528178,-0.010435324979958378,-0.04133935680548662,0.04254560974869059,0.03025841947568936,1.8145077043427695,,,,,,,,,,,,,,,,,,,,
fpca256_10,17.298830122454092,-0.0464872720111996,0.07210716521800987,0.004346498188516858,-0.02138964448082995,-0.06791773327060954,-0.051128783033002764,-0.006303570803942093,0.02468885495336008,0.062372275153735945,0.02075011167399579,1.7939792019747556,,,,,,,,,,,,,,,,,,,,
fpca256_10,17.3808613831643,-0.04964713537849686,0.07299998720986414,0.004292945369999378,-0.00854795345447998,-0.07087012463251495,-0.03502761688002447,-0.04582096702680103,0.03319201182299456,0.07633202156977008,-0.0037431344774214365,1.781172563961641,,,,,,,,,,,,,,,,,,,,
fpca256_10,17.46289264387451,-0.05125525603156184,0.06988488156213554,0.004782600416038118,-0.013671882855324329,-0.05561649341334262,-0.04029825026533198,-0.0906780430192116,-0.019119235914670997,0.025141999500352258,0.01110383217616584,1.7606709483439325,,,,,,,,,,,,,,,,,,,,
fpca256_10,17.54492390458472,-0.05421213365604681,0.06850501558872044,0.006690282987625458,-0.0029292403039072093,-0.03872018364868835,-0.05259142535675229,-0.05433669412475271,-0.0009487098497686096,0.03282567349245742,0.15804407060760603,1.7509426886927077,,,,,,,,,,,,,,,,,,,,
fpca256_10,17.62695516529493,-0.056292741258174434,0.06939419028289011,0.00890902523311084,-0.008808194688715644,-0.060870193526432394,-0.05127427186264122,-0.0010902477016380028,0.03215636512355338,-0.060370562387510686,0.13268750420415676,1.7413628536927703,,,,,,,,,,,,,,,,,,,,
fpca256_10,17.70898642600514,-0.05981487134013639,0.07079404738931269,0.004256503177599217,-0.0075128048089019624,-0.06293066799486463,-0.017244086200012602,-0.011121508617804178,0.045968440253643696,-0.049682212662707524,0.12608124566756382,1.7274597054796759,,,,,,,,,,,,,,,,,,,,
fpca256_10,17.79101768671535,-0.061444339504615524,0.06931088534502182,0.007326372290528365,-0.0022095388694503473,-0.03739853796945934,-0.015213378017174066,-0.06491205071890989,0.03099725742960465,-0.0031571481225364582,0.10490712582231176,1.7234085940369912,,,,,,,,,,,,,,,,,,,,
fpca256_10,17.87304894742556,-0.06522347299937853,0.07064308183029726,0.004947770938124977,0.005529656374019299,-0.03726397244358604,-0.014071748725901575,-0.07308344401426552,0.0022248826100712505,-0.009421839799251755,0.09247144180985784,1.7082021752752972,,,,,,,,,,,,,,,,,,,,
fpca256_10,17.95508020813577,-0.0651350237674195,0.06896179455002642,0.00799743404478097,0.00400095086259643,-0.021450024125197562,-0.0033368187250182664,-0.09922693385379082,-0.010933012775135637,-0.061834112873061134,0.08890179185893798,1.6968257858399491,,,,,,,,,,,,,,,,,,,,
fpca256_10,18.03711146884598,-0.06757421435992254,0.06865356194485103,0.006265559161556279,-0.003135089588172087,-0.008683352336767272,0.013384273341304036,-0.052734525170041346,-0.03659561088005562,0.04193930055625689,0.06812871779325373,1.6949125999866022,,,,,,,,,,,,,,,,,,,,
fpca256_10,18.119142729556188,-0.0701525251508548,0.07124646196415403,0.009446902870153687,-0.0006590736158405753,-0.0417673660717482,0.012972960955397728,-0.08535950278887955,0.05682400314144449,0.0730573480864253,0.03609598458886038,1.6869100789102045,,,,,,,,,,,,,,,,,,,,
fpca256_10,18.201173990266398,-0.07155681196467613,0.07113431517460735,0.016856220878536488,-0.001090067682920459,-0.03237649761542588,-0.03159586296995077,-0.0953302457565111,0.02872596282851881,-0.04567450870006872,-0.019443071854622844,1.6811655353019546,,,,,,,,,,,,,,,,,,,,
fpca256_10,18.283205250976607,-0.07328620134782055,0.06986776217378637,0.013696392294366951,0.004585677037043343,-0.04283998131301113,-0.0016699953697064545,-0.06066649741110679,0.05897559858586742,-0.02364818444970953,-0.011859516351815712,1.6751080535736298,,,,,,,,,,,,,,,,,,,,
fpca256_10,18.365236511686817,-0.07644098822221701,0.06833156709883872,0.01312193290856913,0.004720598572127632,-0.023595911785655805,-0.00416727656981243,-0.0680985513812879,0.03897856954875652,-0.08566855145478589,0.04968436838622218,1.6685347816298968,,,,,,,,,,,,,,,,,,,,
fpca256_10,18.447267772397026,-0.075780627745902,0.06828279078570801,0.014282046494746087,0.008935741774552829,-0.015894893439945094,0.005966864060385963,-0.07939814846097148,0.11062477811671724,-0.08078937649138719,0.13020217311027954,1.6571844720766233,,,,,,,,,,,,,,,,,,,,
fpca256_10,18.529299033107236,-0.0775204055885578,0.07043834510787843,0.01950505861007624,0.012210454354909995,-0.025259986133112585,0.004860699082621875,-0.06669026340822644,0.09565073109223902,-0.08048661356838403,0.06863111534492539,1.6529382027541568,,,,,,,,,,,,,,,,,,,,
fpca256_10,18.611330293817446,-0.0797853787750843,0.07124362892541909,0.020649339276451528,0.0149902424528483,-0.009738965428771637,0.0021381423107119744,-0.08428383478076429,0.16692752885149606,0.021215297069069213,0.055461001934042055,1.6496494332247944,,,,,,,,,,,,,,,,,,,,
fpca256_10,18.693361554527655,-0.08085851576521262,0.0704597042184888,0.023651849958030793,0.00809961085321095,-0.005482287081281669,-0.012979440984405661,-0.09502541136856876,0.03239933095023081,-0.0347441968667132,0.025685437419955465,1.6462792232388896,,,,,,,,,,,,,,,,,,,,
fpca256_10,18.775392815237865,-0.08219032245587331,0.06963569332690211,0.014895257285754186,0.013648937436486083,-0.020037607125276212,-0.02078215369991894,-0.08632135373454748,0.04114658939783368,-0.05642336483687699,0.021934695604430603,1.6402219317365123,,,,,,,,,,,,,,,,,,,,
fpca256_10,18.857424075948074,-0.08601797973323341,0.070299872537808,0.017827834948998113,0.021041758777824663,0.005652406588352111,-0.023777209548103726,-0.11119359909541579,0.04850156777362463,-0.10425193699006899,-0.013863933504989235,1.639552729256513,,,,,,,,,,,,,,,,,,,,
fpca256_10,18.939455336658284,-0.08726916225469189,0.0693101034685972,0.013538449788108052,0.020772175060157747,0.0028275489889886506,-0.006174398567709473,-0.05727455888751403,0.07198888787153032,-0.10644286213448083,0.001975796911355008,1.6371800594183468,,,,,,,,,,,,,,,,,,,,
fpca256_10,19.021486597368494,-0.08884829153783415,0.06904271071643887,0.019383669444757962,0.013371686522979624,0.012243059892317665,-0.004483699960732092,-0.09751394826629932,0.051512204060156476,-0.05397374660180038,0.050594310469898957,1.6346897243427718,,,,,,,,,,,,,,,,,,,,
fpca256_10,19.103517858078703,-0.08929646189058925,0.0690928263018935,0.014584687738074514,0.009678907706157718,0.019654285819052764,-0.0014280836354130357,-0.06770051235208827,0.0857925315042577,-0.13802173203659354,-0.028458735638631945,1.6350934728446018,,,,,,,,,,,,,,,,,,,,
fpca256_10,19.185549118788913,-0.08948996585410779,0.07002968211784606,0.0168258374547112,0.019943795644224556,0.024900303641423725,-0.0030889466950691047,-0.033220823299299845,0.046758495720282366,-0.031187569566571934,0.030046608643312277,1.6260213674355193,,,,,,,,,,,,,,,,,,,,
fpca256_10,19.267580379499123,-0.09116260698480763,0.07047175508610445,0.01719981345025977,0.024355937755338942,0.00893514611114934,0.03391238056360973,-0.05875522281063801,0.06628407334248007,-0.032231242381747495,0.0762205537524088,1.6203929373946158,,,,,,,,,,,,,,,,,,,,
fpca256_10,19.349611640209332,-0.09242763601380861,0.07025571240384629,0.01679680057639926,0.017728632596557683,0.020497833684315115,0.03302720243962729,-0.049773514148871274,-0.017105726272085408,-0.10075328313476038,0.030820997010559768,1.6182700129947156,,,,,,,,,,,,,,,,,,,,
fpca256_10,19.43164290091954,-0.09314484191098803,0.06858222019375104,0.01840193179945219,0.019473263414286398,0.01688831624418701,0.00813065336297533,-0.09112687524814064,0.015238110115779979,-0.09730704259479474,-0.005607254424952374,1.6126681655781352,,,,,,,,,,,,,,,,,,,,
fpca256_10,19.51367416162975,-0.09385279877268511,0.06804127663386594,0.021948046467662585,0.018359635925932392,0.00947150409422928,0.014651814802436231,-0.06756370744474834,0.07826866159322873,-0.02033582695816318,0.04539166683131232,1.611495204826372,,,,,,,,,,,,,,,,,,,,
fpca256_10,19.59570542233996,-0.09518464253376804,0.06817154247803374,0.023485778692105323,0.026502014574666097,0.018932474915214367,0.017586215463651488,-0.024763831869081626,0.040139531974912615,-0.03302839140733822,0.058891503278411514,1.6108034516576553,,,,,,,,,,,,,,,,,,,,
fpca256_10,19.67773668305017,-0.09562798368164008,0.06831058221459727,0.022203968226093728,0.026970088696476085,0.014427428225887903,0.054752212215515225,-0.01445338246563929,0.063875598202958,-0.09308029819314179,0.08517132675607104,1.6022577093996953,,,,,,,,,,,,,,,,,,,,
fpca256_10,19.75976794376038,-0.09635110006741748,0.07027612256442928,0.028174903933338335,0.02118877601932214,0.052636052280734126,-0.008855617383049075,-0.01367761380754898,0.029849160701996388,-0.07941774346127199,0.0037070988206354865,1.6000893059027452,,,,,,,,,,,,,,,,,,,,
fpca256_10,19.84179920447059,-0.09847931199305197,0.0697025367269558,0.024229668897817958,0.030163717283758818,0.049904322770471965,0.006714092625287344,-0.018242065905672615,-0.0034896513279476,-0.03791660293835822,-0.037601446526949474,1.6039882190042485,,,,,,,,,,,,,,,,,,,,
fpca256_10,19.9238304651808,-0.09729199139377602,0.07086206682606266,0.01901011211068696,0.012646263061974887,0.047609998244780766,0.004515484128110011,0.013671651106223958,0.020060862371950584,0.04353650907914753,-0.0020094866378838655,1.6004555567984995,,,,,,,,,,,,,,,,,,,,
fpca256_10,20.00586172589101,-0.09841138635655286,0.0706957980866511,0.01692122662148233,0.013892802675476018,0.04068472658791791,0.008643930146851077,-0.03325121362370998,0.09941454861832698,0.01054973039284795,0.030531364221356744,1.5963799381367756,,,,,,,,,,,,,,,,,,,,
fpca256_10,20.08789298660122,-0.09933071725982619,0.07041578768650086,0.019711548484714136,0.009744647752234775,0.034260900375515595,0.0247718383310909,-0.012725913650706872,0.054423486441958296,-0.016500025369745114,0.04168048071967446,1.5870929457333904,,,,,,,,,,,,,,,,,,,,
fpca256_10,20.169924247311428,-0.10009020616377633,0.07047247140920213,0.02203750833914263,0.02024848812470781,0.05069929858295036,0.04166971991391263,0.02041905891243682,0.0034610581570022596,-0.040273677762846946,-0.030542459196145472,1.5863754277006878,,,,,,,,,,,,,,,,,,,,
fpca256_10,20.251955508021638,-0.10150627640377834,0.07160844620869553,0.02666069476983697,0.02485414408304707,0.05253513745782038,0.04606383686624147,0.023538403988081436,-0.014764952994474466,-0.09907789950036502,-0.031274053836745246,1.5816635780780772,,,,,,,,,,,,,,,,,,,,
fpca256_10,20.333986768731847,-0.10038747328377419,0.07058236429595514,0.025720712953862773,0.023480079116968488,0.03741373563376575,0.03535711053800382,0.009033379279343,0.017672201351430376,-0.107582565865314,0.004405015055630117,1.5810241007763788,,,,,,,,,,,,,,,,,,,,
fpca256_10,20.416018029442057,-0.10200077913166274,0.07054293911781433,0.02396854667804112,0.015997974616971573,0.035656093985521685,0.012987648658620328,0.054195436606199875,-0.010593358499590927,0.019126024238781517,-0.053871708758976275,1.5769171363486427,,,,,,,,,,,,,,,,,,,,
fpca256_10,20.498049290152267,-0.10276429329082656,0.07046223345851473,0.03371201747410249,0.01697949207682756,0.046633567776509066,-0.011192931672509218,0.03728876499383987,-0.018549195709389246,-0.0033750056430639818,-0.05468786450974783,1.5764357228116923,,,,,,,,,,,,,,,,,,,,
fpca256_10,20.580080550862476,-0.10202759193746422,0.07129342171326468,0.026410529163388912,0.0013659217417770577,0.044638348065404454,-0.002092197576544564,0.023640811785677677,-0.017420500822353403,-0.05338128164919802,0.007878933863333774,1.5729126775454934,,,,,,,,,,,,,,,,,,,,
fpca256_10,20.662111811572686,-0.10151702465152367,0.06952941750578721,0.028593516509223742,0.006946859892714559,0.031054060533291055,0.022137785450506257,0.04691590865283003,0.030797229823509367,0.0036758976794946355,0.023470456193736118,1.5627311415920822,,,,,,,,,,,,,,,,,,,,
fpca256_10,20.744143072282895,-0.10053361570338659,0.06724163869804047,0.02302798693930567,0.013782531529528184,0.05539609332583451,0.023442022116945845,0.05764103270434467,0.018865414317511077,-0.04138402445076845,-0.06542051908014014,1.556516286375022,,,,,,,,,,,,,,,,,,,,
fpca256_10,20.826174332993105,-0.10131777092445098,0.06872758167978937,0.027241385436985604,0.007364245540069487,0.021128308816905056,0.03049208108195334,0.04714687579151237,-0.010715590740651051,-0.005126020658694485,-0.04660551600276659,1.5510124159162963,,,,,,,,,,,,,,,,,,,,
fpca256_10,20.908205593703315,-0.10377601835204824,0.06786190041653048,0.02745051696849779,0.011180322058165175,0.021810765625988483,0.002839246225614101,0.05360295206456087,0.033455176707783384,0.02786725514240053,-0.06238964188737498,1.544513717116835,,,,,,,,,,,,,,,,,,,,
fpca256_10,20.990236854413524,-0.10320524052110404,0.0656868921337104,0.022796697286042243,0.00625507845106248,0.06738168774225145,0.006358136124989061,0.041121002530767545,0.01188813875305442,0.034566381690917754,-0.008640980134564272,1.5462617518024397,,,,,,,,,,,,,,,,,,,,
fpca256_10,21.072268115123734,-0.10310511504638373,0.06764171347614684,0.02631893642802595,0.003295267515832832,0.05366510864245363,0.0032445362720965563,0.05550485690298382,-0.035306743791311546,0.01423422279209101,-0.04609331220157633,1.5359371936229027,,,,,,,,,,,,,,,,,,,,
fpca256_10,21.154299375833943,-0.1007666507491773,0.06674301028944357,0.0257263508768131,-0.0013476980269201283,0.05347458497874732,-0.0011784168954548993,0.012304397643592912,0.005677727016079852,0.03259228649576604,-0.02067972249332624,1.5259287392507053,,,,,,,,,,,,,,,,,,,,
fpca256_10,21.236330636544153,-0.10082884605717776,0.06916631289659267,0.02327919266533442,0.0033705944566123163,0.04613618470599303,0.010969895073839001,0.026904337710491506,-0.04054144100399298,0.016638354137775986,-0.03221461586737665,1.5185771295043486,,,,,,,,,,,,,,,,,,,,
fpca256_10,21.318361897254363,-0.10196317886646801,0.06745365464439847,0.025834128114846047,0.0011653409323836024,0.04534996950836343,0.009149462539633044,0.056325707129243535,-0.0720773426752999,0.03732770880791654,-0.05559767152585226,1.5153638281716937,,,,,,,,,,,,,,,,,,,,
fpca256_10,21.400393157964572,-0.10146032339955362,0.06647017869329996,0.028328766810198868,0.002994025552992962,0.04510855826567081,-0.004795947024005593,0.03391322115006113,-0.03950910589797866,0.08020048794545144,-0.06404818503660364,1.50408184830225,,,,,,,,,,,,,,,,,,,,
fpca256_10,21.482424418674782,-0.10072684781381684,0.06556313746689116,0.026391407168970853,0.0017796647074360282,0.03832912298203466,0.03174498359556693,0.09434594337603153,-0.08499383802001031,0.056704133340782135,-0.06578823255137549,1.5005383330274848,,,,,,,,,,,,,,,,,,,,
fpca256_10,21.56445567938499,-0.10184382786760365,0.06590590528389312,0.03106000221366823,0.00034437985692126026,0.05756670542170446,0.002567169614846773,0.10333137434332504,-0.07261559064480592,0.019090016846626517,-0.022260779055726758,1.5031128302995995,,,,,,,,,,,,,,,,,,,,
fpca256_10,21.6464869400952,-0.09980077495481768,0.0644760340683589,0.03299598971240461,0.006164490204182084,0.05238610714939849,0.025741652273957607,0.05979861944014614,-0.06837224548426955,-0.004695640755089332,-0.07361816943919168,1.4904385326961846,,,,,,,,,,,,,,,,,,,,
fpca256_10,21.72851820080541,-0.10083943713202771,0.06801931410937645,0.03408615048166437,0.0033874089975223618,0.04130716892341855,0.03086020496869488,0.12146007659027008,0.011636532516269813,-0.01688488819886143,-0.09661511160837832,1.483070617881991,,,,,,,,,,,,,,,,,,,,
fpca256_10,21.81054946151562,-0.10026336428076217,0.06612929056248815,0.030703476268765503,0.004870549792619979,0.03703967430600182,0.008756414702751231,0.0837025449507449,0.030245051663841355,0.02975872642835823,-0.13682884153422825,1.4718278979260988,,,,,,,,,,,,,,,,,,,,
fpca256_10,21.89258072222583,-0.09693733032958797,0.06336365383770248,0.03296440668355921,0.004766940972042593,0.04364797791871666,-0.01183677017811589,0.04687607581920259,-0.08196131076234642,0.01108537013486876,-0.0703735962559023,1.464786418463205,,,,,,,,,,,,,,,,,,,,
fpca256_10,21.97461198293604,-0.0983903213455003,0.064701466214701,0.027656561368417803,-0.004881693544385312,0.04191751923337649,0.002355640539088313,0.08228676951034848,-0.09849139556674895,0.05472511199066342,-0.04912863609139364,1.4680656251175683,,,,,,,,,,,,,,,,,,,,
fpca256_10,22.05664324364625,-0.09774283428316499,0.06422482692982115,0.031974128057847113,-0.0028394022579049474,0.03889867344884735,0.004938051870353467,0.07469126241356012,-0.06974068347737895,0.05032232996339213,-0.03700368891143271,1.4599494659995396,,,,,,,,,,,,,,,,,,,,
fpca256_10,22.13867450435646,-0.09611283363539232,0.06317227484048209,0.03332332944288947,-0.00123840041611501,0.06535309368125987,0.022835955945674766,0.03773310827890903,-0.0535349743649985,0.019257963590935137,-0.06506255191649461,1.4525161448451196,,,,,,,,,,,,,,,,,,,,
fpca256_10,22.22070576506667,-0.0966096144197917,0.0645624193219217,0.03777063395894891,0.0022381515152548304,0.06717509925615045,0.028827891558854183,0.054841481721493175,-0.10429737411461684,0.051682527769542214,-0.05538539335050817,1.439867459985317,,,,,,,,,,,,,,,,,,,,
fpca256_10,22.302737025776878,-0.09508891074684832,0.06514295711759885,0.03515703100187125,0.0005928808054178579,0.0509501230975543,0.024541240105997363,0.08224912129403537,-0.0633080296596817,0.055938925814037574,-0.027066515226741566,1.437254180385709,,,,,,,,,,,,,,,,,,,,
fpca256_10,22.384768286487088,-0.0929736802902741,0.06302103397112424,0.03387489258800037,-0.0008635005547227266,0.015126816685752763,0.029497136305231913,0.01520617705739606,-0.07143312027218557,0.12148924521762469,-0.030291362785528995,1.4277270493928655,,,,,,,,,,,,,,,,,,,,
fpca256_10,22.466799547197297,-0.09191441513157925,0.061110019800717,0.037377202841533445,0.006403998101925881,0.025445739204151618,0.04357070406071609,0.03400646301676428,-0.07624763854459467,0.06794230812550962,0.027687607313074614,1.4220370759869925,,,,,,,,,,,,,,,,,,,,
fpca256_10,22.548830807907507,-0.09343830236083515,0.06063991035935552,0.03989833434187815,0.0069062583481132355,0.0415652523015926,0.06873794904674659,0.0456895296285376,-0.10803306198653026,0.07317864571338185,-0.03102056648654631,1.4198156471869063,,,,,,,,,,,,,,,,,,,,
fpca256_10,22.630862068617716,-0.09190803021622705,0.05903441526971686,0.03980629875292326,0.01037154767580838,0.055746285421819336,0.05673057493558208,0.039512222415960974,-0.11749149620515578,0.08858740555035895,-0.013447990779060177,1.4108940062121367,,,,,,,,,,,,,,,,,,,,
fpca256_10,22.712893329327926,-0.08998823967688194,0.058993497855768184,0.04107020109599142,0.014864954596526267,0.04426024938671687,0.050973118602939536,0.09045517366899208,-0.0804306131807837,0.05290603986015012,0.02274120178002373,1.4046844190128265,,,,,,,,,,,,,,,,,,,,
fpca256_10,22.794924590038136,-0.09079211704632355,0.05918361567222331,0.04021931505945767,0.0133309983147028,0.04293247362500845,0.03320296827109412,0.11049266819887904,0.05858703762207537,0.03911374612036443,-0.027423475897106253,1.402408507683002,,,,,,,,,,,,,,,,,,,,
fpca256_10,22.876955850748345,-0.09224892880924393,0.05773344177620231,0.043191460426237706,0.010588723310020254,0.03573688021008524,0.02479626113818996,0.09154917259882435,0.021737201425344934,0.052982025033674274,-0.056555203905095844,1.4000661842570805,,,,,,,,,,,,,,,,,,,,
fpca256_10,22.958987111458555,-0.09142849023244061,0.06109174280254849,0.04116319786882014,0.016943971324247915,0.03288531145774315,0.0431821647834952,0.08577846300803108,0.006345483829073382,0.0006247423157154233,-0.03582823623087116,1.3999053970200392,,,,,,,,,,,,,,,,,,,,
fpca256_15,2.041015630355105,-0.011336730109677586,0.015118140869756014,-0.0915361313688048,0.2600890154858263,-0.08497206243968598,0.29371722525295296,-0.029925087304096782,0.009792410760058382,0.0758565968116688,0.04921865971020022,1.7148153503220893,-0.1056163884921267,0.020698412923991192,0.08201333525318322,-0.0723220082846108,0.03311440767005512,,,,,,,,,,,,,,,
fpca256_15,2.1230468910653144,-0.004195259492534076,0.02027554426572853,-0.08246715563771484,0.2379004229936434,-0.08117926688816762,0.3233509983783064,-0.12225310127206518,-0.0230365738466917,0.24483375476140107,-0.04208369839374381,1.7196997885298204,0.10074631362981694,-0.003949204006956526,0.005331526926653513,-0.07856326969258097,-0.09615314151493944,,,,,,,,,,,,,,,
fpca256_15,2.205078151775524,0.0030045122922224277,0.021875858140865012,-0.08370896599044392,0.22893651083521116,-0.068536838404125,0.21602436444830755,-0.09624537544777574,0.032872171589202304,0.17467066720106506,0.10265630955994189,1.7329097992848972,0.10311772680770664,-0.008592667038177446,0.04745502011272398,-0.0023933550025647017,-0.04971411461915953,,,,,,,,,,,,,,,
fpca256_15,2.2871094124857336,0.008791768416910872,0.023354100128773148,-0.08987397735153817,0.2113898806173518,-0.025509351254883513,0.1871791079358433,-0.08887714121528467,-0.06348085289728345,0.014252938678484336,0.24028703477228308,1.743914539454719,0.03316695920231789,-0.03067165327855456,0.027097610249154473,-0.039477604840388834,0.03144591555410374,,,,,,,,,,,,,,,
fpca256_15,2.3691406731959432,0.01200850617510225,0.027568926428841095,-0.09671476567068882,0.1907879859330534,-0.011193659904306902,0.14178127623172213,-0.006471745066952781,-0.019249559399094236,-0.0992424541417359,0.14781743927304108,1.75353748121328,-0.057276355983925276,0.0012273531042529921,-0.04166019348343508,0.027308465864148455,0.12250158838302956,,,,,,,,,,,,,,,
fpca256_15,2.451171933906153,0.017956096112780543,0.02565083368396109,-0.09062616770120002,0.17729433861173388,-0.012443675772639051,0.08536247741382097,0.031175874041583673,-0.08151321212744371,-0.07323995005807982,-0.07281936428439281,1.7495550176636243,-0.037313763885175946,0.06803505533834163,0.09233498215653846,-0.07687113890330674,0.03264984275094575,,,,,,,,,,,,,,,
fpca256_15,2.5332031946163625,0.01673528463009038,0.029762596130218935,-0.09349789090921719,0.17690755048767098,-0.007103323814704909,0.0339802476236834,0.05076808649902216,-0.16220362806672586,-0.14709948023216846,-0.11481700311753795,1.7485164857114845,-0.08835399241168675,-0.010176489862103913,0.023273713840430386,-0.07660366302860262,-0.034908333778678205,,,,,,,,,,,,,,,
fpca256_15,2.615234455326572,0.015961572360570286,0.028387374238042183,-0.09840816889037764,0.17133328194531203,0.004367237830995435,0.04238564258004274,0.05828529298413822,-0.116349760302387,-0.21530647025465915,-0.01414473758021502,1.7333378044045102,-0.17215290852394285,-0.1764615558760345,-0.08034015602271034,-0.06890369639972589,-0.11151762726047099,,,,,,,,,,,,,,,
fpca256_15,2.6972657160367817,0.016574267311914952,0.028808176956241365,-0.10410312404346668,0.15752710136398362,0.006696329401278959,0.05923489611483329,0.06353977741942182,-0.0008158872533784514,-0.15289747385617436,0.006693122022879361,1.7273610439618152,-0.12534672491247184,-0.14968674495282952,-0.09453360076658304,0.003306449886594842,-0.061414386356923686,,,,,,,,,,,,,,,
fpca256_15,2.7792969767469913,0.017986420715006245,0.03029832798816994,-0.09728004374452974,0.16119964917517565,-0.005818500185965522,0.052395645073044256,0.04760979858179237,-0.03465128315066962,-0.04682851316238962,0.001395111889231554,1.7149643526504186,-0.09348487349234214,0.07388832477539631,-0.17984351439001234,0.11882291632836076,0.057274156136400196,,,,,,,,,,,,,,,
fpca256_15,2.861328237457201,0.017756645484158357,0.029136005641724694,-0.09672109854353017,0.1478228298870635,0.00280233274681398,-0.002248106472467702,-0.01099169098837871,-0.08920678363659723,-0.10030853832937439,0.024443258136416447,1.6955322370758679,-0.002851272011222275,0.05614061247198365,-0.12077417781327052,0.16217622932352477,-0.06854631816702844,,,,,,,,,,,,,,,
fpca256_15,2.9433594981674105,0.016360385491453723,0.03110378334129736,-0.0913152455144486,0.14064307550447935,-0.009348458855284477,-0.03491255426803084,0.059126122605245524,-0.064526669084247,-0.05719486966206472,0.06277221302455535,1.6756352255317564,0.013535578610727017,0.00820285152846928,-0.16099289993919363,0.06841386462291815,0.0027291646644722325,,,,,,,,,,,,,,,
fpca256_15,3.02539075887762,0.01593355478519348,0.02635745541219176,-0.0903818300031092,0.13390015342634554,0.01757545640525782,-0.02524520111593588,0.09466536473222847,-0.005153214159295705,0.04653120004055805,0.03991059479593426,1.645815806154641,0.022467055521003754,-0.05780467046763617,0.011053344956095341,-0.042046927891427235,-0.03237246620465632,,,,,,,,,,,,,,,
fpca256_15,3.1074220195878297,0.015484998181539806,0.027699514180831747,-0.09271240307259662,0.12665095414186286,0.019067724551940734,-0.03629017249665377,0.008988055542434634,0.03127723268397162,0.06028599681957425,0.03197643612040928,1.6116670112696094,0.03868100779447248,0.036032579789174776,0.01346216162333641,-0.0506076071435842,-0.04540575431168112,,,,,,,,,,,,,,,
fpca256_15,3.1894532802980393,0.013320707537096665,0.0291289464418148,-0.09171377864271107,0.13062107395389252,-0.01253973357990525,-0.006929018807224232,-0.001412443001266677,0.023239660988173427,0.09522695995682767,-0.0008457701111590221,1.5889068369742643,0.13155140181146835,0.011188417806425127,-0.031510747496746344,-0.020908130150537926,-0.04854538625995497,,,,,,,,,,,,,,,
fpca256_15,3.271484541008249,0.011528970110994316,0.03072103849256069,-0.09504519824686379,0.11801514402675797,-0.012008753011004522,-0.06500387175005572,-0.024982587217942998,-0.009836080072951559,-0.019724937123339448,-0.00866772862847523,1.5548902469068369,0.14195971661839624,0.08716734568505385,-0.00622705875762504,0.028680324525473172,-0.06446526787400868,,,,,,,,,,,,,,,
fpca256_15,3.3535158017184585,0.010091102975962598,0.027994787820497802,-0.08564380398857441,0.12295435013196392,0.0016025664491906174,-0.07409836152685866,-0.02804944848283552,-0.04063084467687633,-0.003620117732014344,-0.023390083162266248,1.5205989513645406,0.04895005077734023,-0.004482272573599825,0.02853077358208661,0.011064748867494506,0.03865174030881478,,,,,,,,,,,,,,,
fpca256_15,3.435547062428668,0.007791064615625866,0.026554706094320854,-0.07576849376592847,0.11595647350138645,0.003575709148726248,-0.09645359479917977,-0.03416313115823774,-0.055272015561618815,0.048326886150555415,-0.009567387288795566,1.492406035279643,-0.01211279785070457,-0.07286020483286441,-0.022926778246757262,0.07153694316064937,0.018363463913433496,,,,,,,,,,,,,,,
fpca256_15,3.5175783231388777,0.0061088892175594125,0.026148371553219373,-0.08227138971567388,0.11317693172982943,-0.026807922146171,-0.08612998980481804,0.011725687044700084,-0.04310857783514982,0.04382240390519504,-0.04394053344717461,1.4694835720808037,0.029462936153003827,-0.039904495008923103,-0.09222922577581492,0.07645315852590338,0.045534068294751116,,,,,,,,,,,,,,,
fpca256_15,3.5996095838490874,0.0029815558352887486,0.02597269533382899,-0.07609581440039809,0.10589142176923183,-0.025669544291536214,-0.12248997408164243,-0.018967497095613097,-0.056544659430055516,0.01545249076800062,-0.1055574006637438,1.4402138693948607,0.0864013042427268,0.028822451778521295,0.004026783633275105,-0.04419392454809712,0.057162458055065174,,,,,,,,,,,,,,,
fpca256_15,3.681640844559297,0.00224014952715627,0.025803412008649957,-0.07531144299648714,0.1095749876502154,-0.02197722058690602,-0.14075386800829023,-0.0634710309799697,-0.005181351688197597,-0.006155795347459858,-0.1385531867016174,1.4120799781964197,0.04547378776067762,0.0316468644432573,0.07179102412809313,-0.0608182980870966,0.10607870665697362,,,,,,,,,,,,,,,
fpca256_15,3.7636721052695066,0.0004022747710684501,0.02613384483334292,-0.07200655502237499,0.10392964930523896,-0.027970677315849166,-0.12541653154657315,-0.04863324300705182,0.02084806219960173,0.03534719034728416,-0.12533536738137327,1.393504621693574,0.039068892815897927,-0.03430996340448658,0.037853057260885115,-0.030783060874571402,0.04128413922576462,,,,,,,,,,,,,,,
fpca256_15,3.845703365979716,-0.0012358490860472624,0.02503069902210807,-0.06900758739775613,0.10744249921574614,-0.005446405860503957,-0.1464799235669664,-0.052386526558259996,0.03259891745217111,0.0623481426103981,-0.09029674170082819,1.3655512631310802,0.005127365142608149,-0.09039542305968667,0.03899746416951072,0.009751086053646052,0.0013234611391449852,,,,,,,,,,,,,,,
fpca256_15,3.927734626689926,-0.003801543765951019,0.02582295716348815,-0.06299566879961072,0.10336728897092715,-0.01160170214105972,-0.15110284752309333,-0.046756423762846736,0.009097446218718648,0.0026497028055111546,-0.08406036525163571,1.3445000697529554,0.01111121627274976,-0.022249202924307175,0.023923885395874672,-0.023914468039401726,-0.055108071474624126,,,,,,,,,,,,,,,
fpca256_15,4.009765887400135,-0.003564208204845038,0.026870483451945214,-0.06976163397820054,0.1046820436058043,-0.017973558675183472,-0.13406858289476412,-0.00904590139362237,0.06761861151110718,0.03489298708453227,-0.11668644633541664,1.3172171848405525,0.000328904614390807,-0.020404962623061768,0.019752234414405635,0.023074437428120376,-0.016753701959619546,,,,,,,,,,,,,,,
fpca256_15,4.091797148110345,-0.004265777764588908,0.027867754202772353,-0.0678333171375101,0.1004364925817606,-0.03427602773455143,-0.15637434938168202,-0.012446508063468906,0.04853741853312622,0.08091200087600751,-0.08914967017702835,1.3000544154099043,-0.049966079773997335,-0.027057304147053887,-0.05716472718113294,0.03654738477655464,0.0511287474930228,,,,,,,,,,,,,,,
fpca256_15,4.173828408820555,-0.0067736908375650535,0.026129775814560684,-0.06488329115535563,0.09356588731900387,-0.02667701073514769,-0.14316043223408995,-0.048845006761591446,0.05716517227516473,0.058469494226935564,-0.12981558481682492,1.2810221648205222,-0.04519178553749856,-0.012838042205318471,-0.07541642390122275,0.026786864800320706,-0.017767720932052283,,,,,,,,,,,,,,,
fpca256_15,4.255859669530764,-0.005546092860616822,0.024833972901429566,-0.05770352585268945,0.09519488187202611,-0.02691975581230487,-0.12884302966550862,-0.05206552261931855,0.07783780195194938,0.036612628045318056,-0.10092845297457176,1.2626105690955225,-0.05223188681553673,-0.0028949274659473417,0.018133274340877636,0.039373898219459524,-0.013388927120983371,,,,,,,,,,,,,,,
fpca256_15,4.337890930240974,-0.007063444353493448,0.02422422521165583,-0.056754685567305896,0.09050120004157457,-0.019724586023442958,-0.11916005765378507,-0.03098357274346329,0.04639177259328946,0.04157901779647268,-0.03009644977765194,1.246050873646468,-0.029388033951463333,0.03655288375553971,0.043936462974643015,0.0694328806105674,-0.021122218540924623,,,,,,,,,,,,,,,
fpca256_15,4.419922190951183,-0.006287759458203522,0.022546443768387815,-0.05234678330048046,0.09396617263395213,-0.01440841349932344,-0.1376299146379999,-0.038110243065130694,0.0660503731760518,0.024481279693513307,-0.02046605365556496,1.2302090073823682,0.05697827219121364,0.021392203467529916,0.049903427802265005,0.07975552597313956,0.038536223519543625,,,,,,,,,,,,,,,
fpca256_15,4.501953451661393,-0.007804696475243042,0.022155133403292747,-0.05428938662253907,0.09008542543764465,-0.022075033012277458,-0.13083164727873703,0.0017673210922779126,0.03820073724104463,0.013465231066304185,-0.046450270482251636,1.2136580043622622,0.02944808588104824,2.847555593701867e-05,0.06195151598915707,0.06462507170255105,0.058848403823993534,,,,,,,,,,,,,,,
fpca256_15,4.583984712371603,-0.00568779240330742,0.020971900309709534,-0.05392863512985633,0.08402543734355658,-0.024797606048284983,-0.09961571708520806,0.02058729804115209,0.04169629028287776,0.02952912424747823,-0.04627319677567364,1.1991285449937625,0.021637080273011325,0.017824190267966167,0.03955160034674131,0.04082907035604111,0.00019145975602748166,,,,,,,,,,,,,,,
fpca256_15,4.666015973081812,-0.005932142728143794,0.019384815130989917,-0.04833346055631123,0.07408248150418065,-0.014381432679297677,-0.10345728079451504,0.025660338234460033,0.0495122741399588,0.03154850002939827,-0.025192026336932995,1.18243271637833,-0.013863114547739322,-0.02661766108599356,0.04498284352790623,0.06557587149481475,0.0007893884111014049,,,,,,,,,,,,,,,
fpca256_15,4.748047233792022,-0.006595201904937821,0.019935857726938518,-0.04446537222461514,0.07314626153652247,-0.009886385999056703,-0.09324060317562527,0.005938716755592043,0.03392650167053784,0.008533084610243874,-0.02541253322814749,1.1618282066820302,-0.0181477558696819,-0.03973961251507395,0.03588720603340573,0.003734424330995326,-0.020472174321755347,,,,,,,,,,,,,,,
fpca256_15,4.8300784945022315,-0.007630976897027751,0.018106622157128032,-0.04291576256268307,0.07207188734025292,-0.004103472265450882,-0.09316864985608417,0.021373193054954897,0.03516937556697429,-0.028585862898238258,-0.016640807206451943,1.153068280531428,-0.011689876707005827,-0.0009729694931606952,0.040397519435641446,0.0135433724614159,-0.0019168635401280772,,,,,,,,,,,,,,,
fpca256_15,4.912109755212441,-0.007016337422839836,0.01618981745853411,-0.04328065089706009,0.06466599357345436,-0.019464584527186416,-0.10879452146713413,0.03744608799817132,-0.0008810367926968186,-0.022568362418056993,-0.007801342328225026,1.139002677417717,-0.03852929640528089,-0.02560970190382016,0.0452969050185785,0.013079472434340551,0.015231776853649622,,,,,,,,,,,,,,,
fpca256_15,4.994141015922651,-0.005192064798582677,0.01665827083706827,-0.045667066848995866,0.06564507583511835,-0.008136749318231913,-0.0802470062188823,0.04874714299875235,-0.0020828112454659236,-0.019035750350817556,0.020167194779476417,1.1230753021081714,0.025395404274102022,0.011149955810842035,0.0328355620969937,0.03559117739578235,0.0711020738993618,,,,,,,,,,,,,,,
fpca256_15,5.07617227663286,-0.004275262052396278,0.015843569032516436,-0.04000725439548466,0.0545155393908695,0.0008072271213550212,-0.08798069445338494,0.06344026980550325,0.020403569183402637,-0.021562360026204465,0.017786041768772905,1.112067649551462,0.10795140531930185,0.03702893216035655,0.06701396860540719,0.03538517834188914,0.006444265623006821,,,,,,,,,,,,,,,
fpca256_15,5.15820353734307,-0.0034020664342325384,0.012782986107627497,-0.03149724967907979,0.04741169962949631,0.00138794237325753,-0.09980105714950412,0.051995538974351725,-0.022133746730668966,-0.007409348345515493,0.010604872702848774,1.102214685225441,0.031927209799959874,0.05766688613713099,0.05234167109844876,-0.0030886484910113586,0.0041844903898247444,,,,,,,,,,,,,,,
fpca256_15,5.2402347980532795,-0.0024491046442500614,0.012192127621784128,-0.033419978470952974,0.04745605809897277,-0.004781660498734984,-0.11399860397440952,0.07200829758033497,0.056478191898409594,-0.01527669891640091,0.019948628684079355,1.0844662206490157,0.02947384836405635,0.05919205949671792,0.03156470038331273,-0.008215688262388035,0.06263697896532817,,,,,,,,,,,,,,,
fpca256_15,5.322266058763489,-0.0022759349716896166,0.011835698356409427,-0.029239716127394462,0.03914631400604257,-0.012847209107225992,-0.08712425492736874,0.062087245886927225,0.003909041195001521,-0.03325309194561377,0.034184868999093294,1.0768980717159835,0.04384706874562959,-0.005128246061595978,0.04756285003710856,-0.02820283365513273,0.053806016870603796,,,,,,,,,,,,,,,
fpca256_15,5.404297319473699,-0.0032088684778300075,0.01073511292791089,-0.025230378914955918,0.043115898730803605,-0.01590477905170075,-0.08364254495895024,0.058929842384068065,-0.010167363421470102,-0.02457247219579938,0.06256063994616004,1.066654941488581,0.03434924274273063,-0.01619683476697558,0.06534986487212352,-0.017647431489350152,-0.0039052827239390506,,,,,,,,,,,,,,,
fpca256_15,5.486328580183908,-0.0023877826792991076,0.010368818016432284,-0.028456031277747092,0.03733421108811792,-0.02258343360392345,-0.07470020304304814,0.05521343494001116,-0.012616164671276332,-0.06596517091927016,0.04331224081877062,1.0585517161438658,0.038523989707067934,0.03732019093917673,0.0016477564729265055,-0.02798546361901165,0.03223625359284678,,,,,,,,,,,,,,,
fpca256_15,5.568359840894118,-0.003176888376817579,0.009108033821258743,-0.023986868218436812,0.03949741748846037,-0.010913514833156323,-0.06177180719196891,0.07318066595758338,-0.003669617973643198,-0.08090727981869712,0.050159807212003894,1.0531859589418606,0.031207631648324564,0.0017664792796503216,0.018950508164425922,-0.04144736935640855,0.0475087859224094,,,,,,,,,,,,,,,
fpca256_15,5.650391101604328,-0.002561921215608849,0.009732906804806445,-0.019912845319017682,0.033931594957508165,-0.008048059148204934,-0.053600971247730715,0.09339452142184324,0.0005429819964426899,-0.05200029929426201,0.02619148503260364,1.040370688308224,0.034776981176239875,0.04914265302684054,-0.006261631406033013,-0.025833662688889886,0.005828107806770032,,,,,,,,,,,,,,,
fpca256_15,5.732422362314537,-0.002406195301043382,0.009205734777950192,-0.019225216142487,0.03714469200909078,-0.013175064304269435,-0.04743056397638701,0.08973512840813554,0.007311453720323759,-0.032882410265651134,0.037959635470060565,1.03567288175227,0.012268787850213432,0.039546748604283546,-0.02192689845879842,-0.005590833299586533,-0.009632872246737905,,,,,,,,,,,,,,,
fpca256_15,5.814453623024747,-0.0029484825274741677,0.00863078109605125,-0.016076855774900103,0.02968056699978694,-0.01004179839909865,-0.046802496220199656,0.09520551878296271,0.005883570368308805,-0.033363839056398385,0.08294142552097643,1.0298120189505384,0.012268948758923655,0.00738589930914655,-0.011858500929679463,-0.017389074223547442,-0.03562342178981485,,,,,,,,,,,,,,,
fpca256_15,5.896484883734956,-0.0022808742233698712,0.00626884115529373,-0.014084701624287545,0.027945940453991104,-0.017529782157461336,-0.04409494510805147,0.0805746128916612,-0.002506125934017419,-0.05173934943688636,0.10992469598306853,1.0229986930440678,0.03379769157117542,0.0004446781167600348,0.0251283763074503,-0.03429832956573151,-0.025636383069599204,,,,,,,,,,,,,,,
fpca256_15,5.978516144445166,-0.002351132527917451,0.005569708484012097,-0.013495491770957392,0.027130938188175663,-0.017085632798933194,-0.03722751061290654,0.09330698291732246,0.012514339247895577,-0.023702924129258757,0.08003770182966911,1.019181519911319,0.028892385911444128,0.013940206802750783,0.0651136498025398,-0.04926608928029485,-0.013401954405443731,,,,,,,,,,,,,,,
fpca256_15,6.060547405155376,-0.0010975788386130805,0.005779259064154696,-0.011169824501058174,0.02883392464945648,-0.009741423647613908,-0.02774542423872229,0.10123767721108967,-0.005119490131357487,0.009232772245305537,0.05485687308340227,1.0140538163636434,0.04295700833119611,0.0391202779822617,0.05269773031684977,-0.02778510836887818,-0.002970004440602681,,,,,,,,,,,,,,,
fpca256_15,6.142578665865585,-0.0013715990507901686,0.005284648425683967,-0.0112710578250288,0.024727464183390592,-0.004769496461552414,-0.03953500574292926,0.10320571620063751,-0.006505515796332855,0.0019107123251099882,0.05353191628768145,1.009954757793071,0.036175021334285185,0.012772122974084185,0.036915216878799804,-0.017890703780536497,0.02048830070245926,,,,,,,,,,,,,,,
fpca256_15,6.224609926575795,-0.0010670206817828332,0.005429762576127072,-0.007809079676102188,0.029462155694480623,-0.0012057427410939465,-0.03832248874529251,0.11186623500566809,-0.00462587937942565,-0.04204128152442923,0.034409082766232106,1.0079329761173252,-0.0037980612409150836,-0.0022000516092618924,-0.0008734135212676521,0.0064025758582259675,0.0032555076200795068,,,,,,,,,,,,,,,
fpca256_15,6.306641187286004,-0.0010245231375611993,0.005303459778017886,-0.007082931128212113,0.029310560202259504,-0.014341824938908253,-0.006898740485452526,0.10291685729492689,-0.0011735729636354374,-0.031296133716895984,0.08226261125179311,1.0059776960952704,0.05440583969012544,0.014643869759590146,-0.0005656546948128822,-0.04332379053868654,-0.028383480021418772,,,,,,,,,,,,,,,
fpca256_15,6.388672447996214,-0.002018203737128097,0.004556057757502554,-0.005373883426368614,0.019108493009887456,-0.01012784280935452,-0.004842408613689348,0.09687937974210438,0.028058160503567003,-0.021615921521716052,0.052276089838193276,1.0073096800074386,0.04037166339880217,-0.010185840261817639,0.024954499675369723,-0.0414726961314637,0.013796872537123214,,,,,,,,,,,,,,,
fpca256_15,6.470703708706424,-0.001368015776967399,0.004289406089587148,-0.00389063777904708,0.014296063235860523,-0.015339805856565351,-0.033848966704243075,0.10700371073511586,-0.016175885776254086,-0.006025925739616195,0.04026862379168088,1.0070958024542407,-0.0056488112813073785,0.013039853850777286,0.0057927084501070425,-0.00619027439567908,-0.03680835282536782,,,,,,,,,,,,,,,
fpca256_15,6.552734969416633,-0.00024181087510495922,0.003479244311759036,-0.001771985290398787,0.017434202228805516,-0.027135766097824216,-0.02524325301984214,0.11757477328689318,-0.011399224394090302,-0.020807743127514967,-0.0020779935465354274,1.000460128383584,0.0036431162372552637,0.032852566600055234,-0.01444058609584628,-0.03768470305925536,0.0034826042019645955,,,,,,,,,,,,,,,
fpca256_15,6.634766230126843,-0.0006178891705304572,0.0032860681784906472,-0.005261210842317688,0.017019625392415295,-0.007652034811147791,-0.022723519361639598,0.08923298007862282,0.003017130895029634,-0.009003180045710494,0.008274174343127494,1.0012927978919242,0.013856440514709165,0.011308872121881641,-0.011605880848912,0.002095251716294956,0.020151873849236713,,,,,,,,,,,,,,,
fpca256_15,6.7167974908370525,-0.0006356208462344502,0.002654336532587762,-0.003401784473731806,0.006372415453525412,-0.0006043698209630349,-0.0036187628350395624,0.03365600189069565,0.004108306585141209,-0.02371762089697284,-0.014825521869880204,1.0015594371108703,0.01482922098091817,-0.0038656457589956537,0.023066256316858103,-0.008242980297451859,0.009027943652844357,,,,,,,,,,,,,,,
fpca256_15,6.798828751547262,8.094024398862349e-05,-0.0007127772260234576,-0.0034167735071555195,-0.0006820010277378392,-0.001033461378223027,-0.01292198242896844,-0.008443651204564766,-0.013215136060389512,-0.003813982460898231,0.021227102854746986,0.999575862340858,0.02048700231253099,-0.02316127724840801,0.013204536933630589,-0.022425090234790883,0.004270690282985304,,,,,,,,,,,,,,,
fpca256_15,6.880860012257472,0.0002855491656199879,-0.0006041932106992365,0.0034210167721701874,0.0008198733589318824,-0.00978553456363701,0.004517208198199124,0.01173579576715075,0.004782328198400958,0.004020766766561982,-0.002095502070775412,1.0005575596810061,0.010637983173499187,0.004986744959604152,-0.008870806226706256,0.0021021596999222293,0.019816601260429067,,,,,,,,,,,,,,,
fpca256_15,6.962891272967681,0.00032675861335199584,0.00024615084338121653,0.0018670309320151257,0.0011693299531853245,-0.011351200493230715,-0.0015722521750945362,0.02797080240408742,0.0030351414862945358,0.029880084373771196,0.008221089759917241,1.0014355848963643,-0.001959514666190416,0.009145612367731839,0.006143388278667667,0.006840749896038004,0.0017982539758287126,,,,,,,,,,,,,,,
fpca256_15,7.044922533677891,-0.0005836575857232035,0.0013180697717850168,0.002587348715648001,0.005525943026038192,-0.009283437585513277,-0.019377489060604138,0.035816317998266234,0.012160671421423668,-0.0017194290698778062,0.004375317303105673,0.9994168905541682,0.017820268351034927,0.0017616047821308965,-0.007833352553355877,0.003202102284016956,-0.02827771105370038,,,,,,,,,,,,,,,
fpca256_15,7.1269537943881005,0.00016249088042255924,0.0007366542892818179,0.00723938545534723,0.017189328938164307,-0.03066981281659106,-0.02055878280369082,0.12540254609051646,0.019641264034838454,-0.03640204036421861,0.04458517166804265,0.9981379533342031,0.003362968848996486,0.0021171969631099095,0.013092276830842912,-0.03492881301374826,0.01499252277314228,,,,,,,,,,,,,,,
fpca256_15,7.20898505509831,0.0003476244396466177,0.0022496094717136673,0.009410958432248822,0.01706086118550688,-0.027908378707730417,-0.01763350789298115,0.09453113271837908,0.046259608188124364,0.005272894548885079,0.05925078471641439,0.9988325061110087,0.01238060612718002,0.014157742240131681,0.006279155555833901,-0.02524264554488702,-0.01729631962436115,,,,,,,,,,,,,,,
fpca256_15,7.29101631580852,5.456043982166167e-05,0.002326350195107842,0.01001858291548012,0.018734558685211386,-0.04166506398248151,-0.03835024133976181,0.10646540734375048,0.007408159636378055,-0.031279368152145645,0.05871997600373705,1.0069841317014436,-0.003831378546189557,0.014302029941958977,0.0030856669342741606,-0.025079587749879704,-0.039684997186150206,,,,,,,,,,,,,,,
fpca256_15,7.373047576518729,0.0009226716012427896,0.0005478082782694558,0.010559036295925164,0.01725273644316911,-0.038275386101719544,-0.031692272681684196,0.12832219983523466,0.02399370590051483,-0.00975220473601332,0.02890543833759773,1.0062889997928168,0.019432172549748973,-0.014492129907284473,0.011079413499500486,-0.058385016243815396,0.001216960718663787,,,,,,,,,,,,,,,
fpca256_15,7.455078837228939,0.0018107496938792563,0.001496227184659294,0.008769882131834213,0.013040866803013565,-0.03639922977004783,-0.03216476471151173,0.08671427703963726,0.04308991376790882,0.0031083114017788583,0.04819419722870467,1.0128905870397213,0.009113835668513953,0.0037205050330105377,0.001972567731915744,-0.05049194656190185,0.011400067779508196,,,,,,,,,,,,,,,
fpca256_15,7.5371100979391485,0.0013174404177788285,0.001904408859120291,0.012734861379280267,0.009939557321792813,-0.028002003728663277,-0.03278188262706902,0.0992750101723462,0.01729125047327518,-0.011759252287700478,0.040911102659765525,1.012229063915658,-0.005164857862796298,-0.025993380875810206,0.01749132765321857,-0.04996980051233761,0.01573051452088096,,,,,,,,,,,,,,,
fpca256_15,7.619141358649358,0.0009752789001279678,0.0010820935654231923,0.014143115957742014,0.010901098078518402,-0.029045278375296375,-0.024380306367101368,0.09878512784702734,0.036501367961479646,0.018531747074117963,0.027696953876558326,1.0152186895721453,0.011402842807158413,0.01523986887058522,0.02544203482466667,-0.03361656583111481,-0.02784437585516305,,,,,,,,,,,,,,,
fpca256_15,7.701172619359568,0.001425307966492849,0.0003003568603424858,0.01521792358597791,0.01567035980330311,-0.034302525257619405,-0.02059878651087918,0.07580826249422781,0.03146333675621526,-0.012890864191913994,0.03486115961886307,1.016757456624605,-0.01952908972861216,-0.0024214548135826075,0.011827832312282653,-0.015443458861410835,-0.060978774370516006,,,,,,,,,,,,,,,
fpca256_15,7.783203880069777,0.0020294959045146807,0.0010974070461134194,0.017401922028648754,0.016269947158449812,-0.03940768915466772,-0.024239375227465783,0.056332130031934574,0.04462857937427823,0.00847094551090543,0.06062194481243515,1.021230763792386,0.01746867738468018,0.02384964408199267,0.029649020822632318,-0.021637616070461496,-0.03703244464059508,,,,,,,,,,,,,,,
fpca256_15,7.865235140779987,0.002004625078131535,0.001049638302844968,0.01398200671839397,0.0183100799633325,-0.04343200441526189,-0.010086671581593237,0.09182927793631783,0.056881874361412024,0.014297052691308156,0.0618227064368276,1.0291961363765945,0.020733198623302567,-0.0010967937936332411,0.043155264123237266,-0.030742059289713547,-0.04682405809269318,,,,,,,,,,,,,,,
fpca256_15,7.947266401490197,0.001993998499311691,0.0017668781584596754,0.01997534243080488,0.020006017920326843,-0.0383017028506328,-0.03621697332408543,0.10008705859792946,0.012140199030217687,-0.006165151288991632,0.04233064092198373,1.0342300451857536,0.0004946608342410858,-0.014418662417816211,0.03896049050326842,-0.012404754061824196,-0.0156680038900716,,,,,,,,,,,,,,,
fpca256_15,8.029297662200406,0.002257765339574938,0.0026624325967179933,0.02155569989106603,0.01953365561713301,-0.037504506410072136,-0.03405134893613292,0.09831720835926838,-0.0047310015570909926,-0.029159271141575047,0.036114295714865276,1.0436442962846153,-0.0026142617941564738,-0.005319163799848222,-0.008852387058571089,-0.0407600302469342,-0.022671018568549764,,,,,,,,,,,,,,,
fpca256_15,8.111328922910616,0.003528002156836887,0.0015796735170334356,0.026245554274704652,0.01727650300070858,-0.040234373730473276,-0.005570044606040571,0.07657773182769047,-0.002642359976545329,-0.02234944705475184,0.08134876333005327,1.0488177705606683,0.019623436044899276,-0.024945475319753045,-0.023351006008611223,0.002303394843358239,-0.008330805190601313,,,,,,,,,,,,,,,
fpca256_15,8.193360183620825,0.004255049222089939,6.32542639044043e-05,0.025744586110859984,0.015468629017701865,-0.05199676124351404,0.001054765342677399,0.10060505346970645,0.0067272059282264636,-0.036915357835743186,0.03193893847184223,1.0555366540216966,-0.0017765452009419315,0.00250234119477347,0.011864464902285982,0.01164759004349278,-0.057028832538177573,,,,,,,,,,,,,,,
fpca256_15,8.275391444331035,0.003706494174182111,0.001896372646117562,0.02892380454597239,0.018109529702088612,-0.0576079815226222,-0.014310109724722226,0.08599529086667253,0.03827677516182363,-0.03670102864903926,0.0392623840191523,1.0636345501706974,0.00983186233237745,-0.025824863727027667,0.013551772185606895,-0.005720464618434724,-0.01959170838899319,,,,,,,,,,,,,,,
fpca256_15,8.357422705041245,0.003966992162937287,0.003215357797871794,0.03459640741644671,0.013117675197502166,-0.05521861227629447,-0.03320780518354009,0.09969150106573946,0.051526126700503654,-0.0001143032305510506,0.0187717330764451,1.0738182661768938,0.03569774159514166,-0.007962285001767025,0.03870441780173292,-0.007670802564434046,-0.027960049266355064,,,,,,,,,,,,,,,
fpca256_15,8.439453965751454,0.003580435665203697,0.0029572253609616884,0.03280853139320808,0.01304692511084312,-0.048715386048633735,-0.02655807715405864,0.10320567426019345,0.005588743559178148,0.014974136368132315,0.044849641961811834,1.082377519543287,0.04328457574079393,0.026258277658259825,0.00246443344575506,-0.006868437354439648,-0.008442466879295573,,,,,,,,,,,,,,,
fpca256_15,8.521485226461664,0.005176316866546878,0.0010038040968957376,0.03797553051402369,0.014599773732495306,-0.05927327173906887,-0.022989785522852763,0.09031518938002504,-0.007763747805301865,-0.01453091180673838,0.05560966809990494,1.0910124362856208,0.039180127684300695,0.018142363815381077,-0.008500761509117365,0.015433348375835924,-0.049780243961556885,,,,,,,,,,,,,,,
fpca256_15,8.603516487171873,0.0056809557280995265,0.002139248936909217,0.037768047265062776,0.014550491156250303,-0.056166886028135195,-0.013104505735509501,0.09695536712716916,0.02996207893296972,-0.03224726219677899,0.035964246615657586,1.100111629781602,0.025201644090830297,0.035905566368817685,0.005156108798319317,-0.008988632362482252,-0.10408322232478913,,,,,,,,,,,,,,,
fpca256_15,8.685547747882083,0.005041095063225611,0.003359100365777035,0.04376325871610823,0.013540397061645037,-0.062314541127054,-0.007342615046111092,0.1090448508196904,0.05503231730218429,-0.003322614863004675,-0.000962705840733728,1.1086016040776063,-0.005998559799580041,0.009538594943027168,-0.002722289860021465,-0.00739926136948107,-0.07283292380070538,,,,,,,,,,,,,,,
fpca256_15,8.767579008592293,0.005904416247562062,0.002719185927283643,0.04327737463997857,0.0135281164083397,-0.061488168227512796,-0.01970553349120698,0.10298618405710121,0.019653282062054005,-0.00976217373681576,-0.0146195451648482,1.1185191400789154,-0.018350977932348536,-0.038681826623281325,-0.025264574750765652,-0.05956329007235334,-0.02298895702838994,,,,,,,,,,,,,,,
fpca256_15,8.849610269302502,0.006588878293243078,0.0021008042890919556,0.046983414638322625,0.014946401555275468,-0.0661771180123633,-0.020439893845988,0.11386587213251587,-0.0032677140266372845,-0.022516670720695693,0.01524003469895675,1.1277317709429344,-0.035968048322290246,-0.010282087711856625,-0.03970681991524925,0.009257395374074068,-0.018898758430232122,,,,,,,,,,,,,,,
fpca256_15,8.931641530012712,0.007873264159757077,0.0018588118112097974,0.04659498514237083,0.01066047233353172,-0.058791086331926576,-0.00755916906950292,0.10088762597223443,0.03640431714636354,-0.004797579058294939,0.056733979232443964,1.1358259128911934,-0.055371737789889255,-0.007582021900347124,0.010768019958429827,-0.013616278492799004,-0.03400532947594875,,,,,,,,,,,,,,,
fpca256_15,9.013672790722921,0.00802251875452876,0.00217857538678054,0.04550299914054771,0.013711843034748306,-0.06790585341725658,0.002955142552466256,0.12996688102491238,0.03234275624579826,0.03126265336691152,0.009292197141479644,1.1489413948154883,-0.06293639296430659,-0.004110193219068302,0.05423676140153816,-0.05543735972475305,-0.0040860797302223854,,,,,,,,,,,,,,,
fpca256_15,9.095704051433131,0.008392855793116159,0.001995310759622416,0.04505599962413287,0.019470143594582802,-0.06852566006101897,-0.013150543557536008,0.12126077400899417,0.0020549794289931233,0.015204837361788301,0.02998568911553064,1.1628197743545992,-0.0287933679959042,-0.025415182900153387,0.05203282127132471,-0.04518855380814499,-0.02365816953309844,,,,,,,,,,,,,,,
fpca256_15,9.17773531214334,0.00912766537924614,0.004073932602206537,0.0543598331824174,0.01977011090159183,-0.08076466944422957,-0.0040365521918317325,0.06502139000906282,0.020444680664199806,0.043348004351000134,0.04197431948735158,1.174715997617253,0.022943333291771336,-0.03181557721797944,0.04934052988763461,-0.06834917760162186,0.022339170209886433,,,,,,,,,,,,,,,
fpca256_15,9.25976657285355,0.008646459693290127,0.0038767289730578663,0.05422033019190581,0.022769195455142693,-0.08803424463152526,-0.009782603036342118,0.07898968715758978,0.05018147787323786,0.006993123918195431,0.034969006719636216,1.185673739551767,0.011839799184369056,-0.022025205739113506,0.030058651577336705,-0.047979172445702004,0.020789367947295995,,,,,,,,,,,,,,,
fpca256_15,9.34179783356376,0.011031469147299227,0.004312068910247631,0.059327473458959494,0.01933123806821918,-0.08776230713039508,-0.017988178045170066,0.05633508147652963,0.04967197687022437,-0.008334465746817987,-5.040203728404842e-05,1.199667131561354,-0.005334750949479763,0.029569123551922028,0.012151804917589593,-0.04489754886601303,0.037002820647083906,,,,,,,,,,,,,,,
fpca256_15,9.42382909427397,0.010281809646512308,0.0017303831669058323,0.06345170398680984,0.027266084206810436,-0.08639512127784736,0.012576653313803582,0.0637700119541705,0.03354842005297915,0.009486015869752744,0.01729548376436915,1.2165603941601069,-0.011762553218227428,0.027747810586554365,-0.035463551792130205,0.012191817009819746,0.009025039587167334,,,,,,,,,,,,,,,
fpca256_15,9.50586035498418,0.012139265209761252,0.0016579161615431265,0.06762694159054312,0.027374202787252572,-0.08458318331376734,0.019124603898481946,0.03821392568290429,0.020757484774639904,0.010416560437314074,0.0194355342208448,1.2290202584765952,-0.0021923884026524305,-0.0001347547683270005,-0.011145592437482784,0.004677461383774389,-0.007652179225621825,,,,,,,,,,,,,,,
fpca256_15,9.587891615694389,0.012691727978141061,0.003844485075706055,0.07389166451800054,0.026701153902888148,-0.08457945946250926,0.008973597294349527,0.032263050557124855,-0.017824275614856125,0.009711469689999312,-0.040633832795847855,1.248841890931718,0.014573156968352131,0.03608094775682627,-0.050900578216836155,-0.013359442445287532,-0.02396094904246724,,,,,,,,,,,,,,,
fpca256_15,9.669922876404598,0.012932571198468149,0.005270609872932736,0.07098168984589309,0.03603138490416806,-0.0844810164645422,0.02479908688228658,0.05986690248795208,-0.01083298272028672,0.008121100863220234,-0.013495304001339624,1.2694119251643745,0.010339720386067917,-0.017544040693694914,-0.07052720597257049,-0.008238662066921114,0.007195015443473965,,,,,,,,,,,,,,,
fpca256_15,9.751954137114808,0.014295452131545967,0.003928937290743961,0.07067434912045212,0.03373445398926063,-0.08215170608257467,0.010409649595263132,0.07565240697672276,0.028586201373851924,-0.026755069187354354,0.012872833589100569,1.2874381108257762,-0.004053518178495663,-0.0011491713044974924,-0.048224991644499775,0.04452132511008443,-0.02072522797621519,,,,,,,,,,,,,,,
fpca256_15,9.833985397825018,0.015008010664977879,0.005024543026192522,0.07358280837890141,0.03338514054893125,-0.09065157699294343,-0.001217172555419634,0.07990494199352122,0.04706021108379501,-0.018490711073842328,0.03954138106398409,1.313691618977338,-0.057954309995044626,0.015245132026085233,0.004669696485956688,0.021902427609825303,0.0441978369947128,,,,,,,,,,,,,,,
fpca256_15,9.916016658535227,0.01682885543103954,0.0059583014066197535,0.08277954403229444,0.027925991481644593,-0.0996854820613069,0.03832668176415705,0.07996614431009921,0.05945667769154122,0.0060912348809818466,-0.007169160424198444,1.335630660344749,-0.056972421095188006,0.00466219284964153,-0.0031223606290629847,-0.002441267866402046,0.01224135356661362,,,,,,,,,,,,,,,
fpca256_15,9.998047919245437,0.01815097279442721,0.004582034400265119,0.08885347027924864,0.03372080977211144,-0.1028046004849542,0.007215534371403397,0.04491098634646203,0.03927946524750911,-0.011661409915728104,-0.05896780731703421,1.3568128850707342,-0.04019306802212263,-0.035984026093760405,0.00750656783023978,-0.02576229275269528,-0.01993230065110283,,,,,,,,,,,,,,,
fpca256_15,10.080079179955646,0.019380082319116903,0.006088335187428917,0.09005308571179783,0.03643155991603903,-0.09873834885176802,0.04217761922895662,0.05389226078454881,0.019142359742375166,-0.007350480708000186,-0.038585736116248305,1.3747696509565068,-0.05968990547166206,-0.04064610103378734,-0.016213883057051768,0.07967529542017904,0.002314742601597461,,,,,,,,,,,,,,,
fpca256_15,10.162110440665856,0.01967214045616196,0.006444092433782737,0.09589932393383475,0.03931240013459595,-0.10603087254210368,0.03192942566018369,0.05533255966048883,-0.0069016862130045565,0.009309833339455916,-0.01579231948941835,1.402840604735507,-0.020763980954839986,-0.031595951410729475,-0.0192081550205994,0.09510631267495374,0.0447378699834401,,,,,,,,,,,,,,,
fpca256_15,10.244141701376066,0.02030926882270697,0.0065268949768360965,0.09287383960175392,0.040182154646620144,-0.08691690176224012,0.026541218629309877,0.03664372925621313,0.012573231768823712,-0.004860782689879635,0.00983280430168694,1.436371328386727,-0.006071864953221033,-0.017511067013391033,0.023642449759363002,0.014437911458065257,0.015000631052771916,,,,,,,,,,,,,,,
fpca256_15,10.326172962086275,0.023116156493685435,0.007810170733313725,0.09625231444928153,0.044051146746084874,-0.09492601601358758,0.018065588517678914,0.040757437505365465,0.04527180533310499,-0.010843633340872792,-0.030612068153444822,1.4582971338389685,0.01054741198904348,0.015562078448190552,0.050587970970200624,-0.01291376294431182,0.003926790328095134,,,,,,,,,,,,,,,
fpca256_15,10.408204222796485,0.025295822029169676,0.008654137340456714,0.09801268165759314,0.043348117380951096,-0.09568300365356053,-0.0002857537492884658,0.030935258452284033,0.049013144551817656,0.026999258240913017,-0.02355994550209214,1.4812418916438073,0.014060877715385237,0.057980426999741486,0.07983654724010926,-0.026154245653361427,0.031346269211022834,,,,,,,,,,,,,,,
fpca256_15,10.490235483506694,0.026295387913990612,0.009909018155783286,0.10293122999250942,0.03956897298154257,-0.0834728772729089,0.05312997693427152,0.034919464041842936,0.06823852239366755,-0.039387317361557886,-0.04990109602177523,1.510114072471885,0.07461384295742085,-0.028022527050570373,0.05957585594139912,-0.005603780465624628,-0.038187693635139165,,,,,,,,,,,,,,,
fpca256_15,10.572266744216904,0.028822448197958265,0.008696772625890444,0.10848932496474707,0.03900337588302148,-0.09270253342031749,0.021103679905656102,0.028442027172640768,0.04211444386327041,0.02787572075231186,-0.09114094973534846,1.546774110685045,-0.008200488583986016,-0.04730821208744978,-0.03589661025545621,0.05652646711905904,-0.013113732878524065,,,,,,,,,,,,,,,
fpca256_15,10.654298004927114,0.029961647249419528,0.011210422945618557,0.11253354690585153,0.047590777513633185,-0.09049490126836975,0.0029071067820656236,0.022564952375289053,0.04641960921314669,0.0580217866467954,-0.042092250247381426,1.5831878069495033,0.010603859912878603,-0.040798277180952004,-0.06586653933412043,0.03210438579664331,0.008366965112450414,,,,,,,,,,,,,,,
fpca256_15,10.736329265637323,0.03182835989287693,0.01182061625463836,0.11578054637675729,0.0516244139573367,-0.09972453290751326,0.01854681523725253,0.02255581142459228,0.01363870510101828,0.06601651582277067,-0.02985171556726951,1.611426839438947,-0.036615378172190224,-0.02347352361636394,-0.014854151960497278,-0.012767642569972674,0.061992849620416374,,,,,,,,,,,,,,,
fpca256_15,10.818360526347533,0.03352861281046675,0.014826975244648672,0.12026693063054614,0.06381949733118172,-0.07654585442506269,0.02417188313903357,-0.001870239290648816,-0.01585827733901379,0.021030245574385157,-0.012676110948605438,1.647574067491731,-0.05374773115983954,-0.015877683408218653,-0.005941648650844087,-0.026295013683787498,0.09660924474536947,,,,,,,,,,,,,,,
fpca256_15,10.900391787057742,0.035268805502727374,0.01616519847712025,0.123892339620957,0.05830591565992022,-0.0913828731253285,0.02012037729976157,-0.051714286695294896,0.031073189428634757,-0.04860955937065649,-0.04909048188775567,1.6848425099569981,-0.008594964665461623,-0.030771975110894283,0.0037464235369989926,0.017596425749395565,0.040386742038551145,,,,,,,,,,,,,,,
fpca256_15,10.982423047767952,0.0376821721233525,0.01661800881647953,0.12188546354873374,0.06072277274318505,-0.08327060387502863,0.04144394723825454,-0.07295584565382437,0.07389350405032467,-0.05989698963488711,0.03970295125055495,1.7229178747709601,0.013791656924275746,-0.0699464116586893,0.014459235433092866,0.004415511911723539,0.07741306882436563,,,,,,,,,,,,,,,
fpca256_15,11.064454308478162,0.03940989441673923,0.015164672300168316,0.13165149220847408,0.06129576749032964,-0.07882575870437225,0.04605418843268146,-0.04093583245634341,0.05219688664875552,0.0001790124545436319,-0.018822736216100235,1.7609758947383813,0.04809843744225394,0.015830599037977247,0.038645075934518394,0.02849685534371422,0.021403157601391894,,,,,,,,,,,,,,,
fpca256_15,11.146485569188371,0.03991537724095183,0.01713034036147858,0.13042995754522377,0.05634662392182253,-0.09194771512984251,0.024585996667958045,-0.0051037051235265475,0.040880278951905075,0.07372875937956336,-0.046725844851697014,1.8116635136962576,0.06257106533282755,-0.006074859484754069,0.0052421097324175155,-0.0020494697852148323,-0.06565788783092505,,,,,,,,,,,,,,,
fpca256_15,11.228516829898581,0.04500704459057651,0.020717175931410908,0.141870470508984,0.06120041194217174,-0.09378317570530095,0.02798391466181121,-0.02320011205271102,0.026182644861039942,0.0622297367317232,-0.030902677444057086,1.8473425432921804,0.050627241758183616,-0.0188240776474127,-0.00827060023726072,0.06555254911188198,-0.042499541549469264,,,,,,,,,,,,,,,
fpca256_15,11.31054809060879,0.047338379703858575,0.02311789330133848,0.13916710762783413,0.06345188588235748,-0.07117350573722166,0.053139143575125676,-0.04663495758434102,0.004539215965635237,-0.03340021597694136,-0.023152500878162733,1.884592803819431,0.028730469344717232,-0.06998287935655782,0.08583621593414492,0.06905219952624579,0.007481708217021741,,,,,,,,,,,,,,,
fpca256_15,11.392579351319,0.04886530396016078,0.023958250518217178,0.14878082575169893,0.06468878989670232,-0.06749555027175698,0.03922797357651698,-0.03639241268773979,0.02508774302079962,-0.03898428939756399,-0.06219432221779499,1.9401242114940396,-0.06279443520988282,-0.012085946481319977,0.09835760758714483,0.052901375666956046,0.0614538925948008,,,,,,,,,,,,,,,
fpca256_15,11.47461061202921,0.052265359170798366,0.029964430419613653,0.14228762816212281,0.06893176245111363,-0.06694525692935215,0.022510213633213004,-0.023998064172004684,0.009066301849425216,-0.03197993513329124,-0.17357450733096785,1.9859774201953433,-0.06798284842830123,0.07156443338747423,0.0018879952399194775,-0.0004213553202721699,0.08672234032024752,,,,,,,,,,,,,,,
fpca256_15,11.55664187273942,0.05621216956419454,0.03162578710276389,0.14302926400077504,0.06209535254602519,-0.05797657925940883,0.042658476234042085,-0.0651801213223659,0.01893856476164925,0.002680175397970584,-0.14694595081044529,2.035579840384456,-0.1001404124498968,0.048159759215891905,-0.012634522260247893,0.027237332352969178,0.017111307060930243,,,,,,,,,,,,,,,
fpca256_15,11.638673133449629,0.05937391918313538,0.03448275804493989,0.14513715187302803,0.06081786699967826,-0.047123776932940446,0.014727665723507836,-0.07238420688598035,0.0006372147226145063,-0.015057150830330136,-0.07981930630213822,2.0882013228064964,-0.08395377707711449,0.055843507740264406,0.08108291604270361,0.010931244504369577,0.02959644172325446,,,,,,,,,,,,,,,
fpca256_15,11.720704394159839,0.061127068943242824,0.035961939233968704,0.1465847979592753,0.06384116379819575,-0.03559383788802802,0.003495689733372847,-0.032854131113208146,-0.05826838497264919,0.008281153111090645,0.016682987852356897,2.14359427422242,-0.03231376073849178,0.04200461005537364,0.07238067484828094,0.06750186518633292,0.03224070396018978,,,,,,,,,,,,,,,
fpca256_15,11.802735654870048,0.06320348937307552,0.037088909350256,0.14733164394102452,0.05843635234407446,-0.04148428885780616,-0.015978862193474733,-0.03709028862229905,-0.06569176759335495,0.008936537766534023,0.0017618577538086244,2.1972047751944848,-0.01011682109403209,0.05511729607082753,-0.014135111214644357,0.059520846434253,-0.009178964253330538,,,,,,,,,,,,,,,
fpca256_15,11.884766915580258,0.06788194628593616,0.043333069820773396,0.139883455261968,0.06367253119314993,-0.0030447954625511704,-0.017871891356566964,-0.056298330582524814,-0.09306550713733051,-0.0020333526906665803,-0.023952786287638625,2.2420004143280217,0.08525682999946438,0.032208742916601724,-0.044102206819577654,-0.0838108948202341,-0.008313153154923057,,,,,,,,,,,,,,,
fpca256_15,11.966798176290467,0.07148881246135165,0.04610329964837511,0.140471838883731,0.06347221176563081,0.021336299003751474,-0.03401749976425432,-0.015408622452902329,-0.03707876527393426,-0.011675031312993859,-0.06642030211500935,2.2947118010279413,0.09904129669021615,0.045018389084414065,-0.045016539014292554,-0.08662234446798356,-0.04105187165906862,,,,,,,,,,,,,,,
fpca256_15,12.048829437000677,0.07472765799336217,0.05045539171435626,0.14044561249925927,0.06687054558112487,0.006440115453105345,-0.04156512593562582,-0.04917230428485933,-0.09086665415754154,-0.028363855053390258,0.004777478713515486,2.3497311348844474,0.1344774900971763,0.11595678870055312,-0.05370530973069375,0.029285533931802714,-0.003126505899778982,,,,,,,,,,,,,,,
fpca256_15,12.130860697710887,0.0789796683618882,0.055109539178713085,0.1368495394372886,0.06305538228120183,0.03298270857322527,-0.029939843737380113,-0.09743329361445759,-0.14401528055692012,-0.06741067977197057,0.09203950609130682,2.403081276387376,-0.0005803397555628094,0.08991049769105436,0.00731244996100776,0.01828204913937192,0.04515872709299881,,,,,,,,,,,,,,,
fpca256_15,12.212891958421096,0.08170483887502258,0.06166923952106692,0.12922920262163848,0.05748239578030025,0.055509004080275925,-0.043115313065201076,-0.09819941423188598,-0.17439584477350428,0.018630740088754656,0.012690236825373472,2.464162817682431,-0.06466764761680874,-0.029631471720153815,0.0546672871884766,-0.043473513936624165,0.020399761653966217,,,,,,,,,,,,,,,
fpca256_15,12.294923219131306,0.08390480930030017,0.0665074831854584,0.12462063003940448,0.05785229812590215,0.0776619907643229,-0.04563306268593837,-0.06341824620757455,-0.14617758188839955,-0.11271115033612863,-0.012266573066813545,2.516933770186503,0.06747322476495692,-0.057885052119428876,0.03136573448110227,-0.043929939107349394,-0.12493297193467734,,,,,,,,,,,,,,,
fpca256_15,12.376954479841515,0.08650078599333993,0.07025685633589977,0.12276649675204077,0.05572829551399122,0.06017367869984264,-0.054112050228233594,-0.06011027899214279,-0.07047909693833712,-0.08774145267293071,0.0786848348339515,2.569426465829588,0.06087709054192814,-0.09239706299788691,-0.01648917246092983,0.07813587454906862,-0.18965841617979792,,,,,,,,,,,,,,,
fpca256_15,12.458985740551725,0.08836854712856007,0.06990905284466925,0.12341078941049959,0.03869800167399057,0.04821230826663346,-0.07431592318569873,-0.038517806157330796,-0.09819966958300415,-0.037789097742170805,0.011232190062974604,2.6180579637142927,0.02202888658714551,-0.1766113299141846,-0.051043896068735065,0.1635070657791181,-0.11363721591038577,,,,,,,,,,,,,,,
fpca256_15,12.541017001261935,0.0939274957956328,0.07474194104485687,0.11264758592645735,0.04218730409728459,0.06577257821277382,-0.06238644606871969,-0.02374611456844352,-0.07759943887310335,-0.08584182711410247,0.003523937025115355,2.6687549774411834,-0.00039126985908396144,-0.07602679184389984,-0.20304013142849836,0.11170734109901334,-0.05846703735644531,,,,,,,,,,,,,,,
fpca256_15,12.623048261972144,0.09772762633600394,0.08007928940268023,0.10332361612945769,0.04240248124840384,0.11963144964985768,-0.09796791827388915,-0.013118125650283769,-0.04376587211162633,0.007414381642326406,-0.010628440486686947,2.717923817504649,0.04170969198430362,0.0863729523400501,-0.23106913697387152,-0.11979731432222798,0.04033311974884679,,,,,,,,,,,,,,,
fpca256_15,12.705079522682354,0.10001161371615289,0.08456950184111403,0.09821573772533962,0.03715376548017343,0.09031801017290599,-0.09044953527236113,-0.06109513158642838,-0.04022250808866512,0.11935751141146461,0.09372176340798805,2.7697813159253406,0.13603647209965175,0.09148293884051974,-0.15326960904781955,-0.1726645023777813,-0.04138249387324175,,,,,,,,,,,,,,,
fpca256_15,12.787110783392563,0.10278864488802032,0.09175041444599613,0.08687936178674746,0.030608267460760095,0.10068366011882632,-0.04126178587522473,-0.016063450248817262,-0.0034816453269544126,0.09598437422524579,0.065934614799594,2.81368484997403,0.16719619234328564,-0.02205425068771312,-0.004513712233189924,-0.1196373113903999,-0.015079892715135046,,,,,,,,,,,,,,,
fpca256_15,12.869142044102773,0.10540813896354309,0.09490946261641016,0.07732940541847665,0.03017776908056997,0.10246478096876452,-0.07502854897235464,-0.022506634198538704,0.015006507393139188,0.04791239804188359,0.007993128894494547,2.8569227997579083,0.02459967701940652,0.03894433823411553,0.01270261382249678,-0.0615612447185165,-0.04826043361688975,,,,,,,,,,,,,,,
fpca256_15,12.951173304812983,0.10680449656853201,0.09814213510130182,0.06674494682807146,0.029495332813808898,0.11889528152219483,-0.02705298835262488,0.035737294946928844,0.00434449567185222,-0.10327827333007769,-0.011381913117748672,2.899556818522691,0.047225558629411905,-0.024506597840603765,-0.0029265583938139807,-0.05559290029970843,-0.07194500661540285,,,,,,,,,,,,,,,
fpca256_15,13.033204565523192,0.10992080613927847,0.10323398478695926,0.055272947693985185,0.005874562932852702,0.12422703508638741,-0.04170110539290756,-0.027064742826692086,0.09985742969745258,-0.15264981850931642,0.07278589071968584,2.934405443957103,0.12480553919529547,-0.07243945055802595,0.034188276715168164,-0.10293280838305567,0.031042084381526416,,,,,,,,,,,,,,,
fpca256_15,13.115235826233402,0.11314660365100855,0.1066677279096507,0.03866483939696353,0.012278206316656706,0.1463937616580188,-0.07084817880367943,-9.99687767279532e-05,0.11795758979010719,0.014995466847850083,0.09745424257989178,2.9700602820193875,-0.007198223360250012,-0.07736169195167333,0.06200112400971315,-0.09586518463150079,0.10647762413045739,,,,,,,,,,,,,,,
fpca256_15,13.197267086943612,0.11435551316944759,0.1117134742214157,0.03335598504583383,0.016737254915758518,0.1460877505345554,-0.06567694732111337,-0.01408416570122798,0.03319340817766615,0.0669694756042051,0.06441360313885938,3.0016057422557547,-0.1562072984995249,-0.1712946031680294,0.006910442650363464,-0.06244597253790159,0.2750435784957162,,,,,,,,,,,,,,,
fpca256_15,13.279298347653821,0.11641852400351294,0.11311632752112506,0.024152628609647734,0.0063167537799603555,0.14285744796293476,-0.04849221068255668,0.00775305831820415,0.04880355203392918,0.025316198906813633,-0.03234086812281803,3.0165608580928884,-0.20883915003992726,-0.13399375629040652,0.02276394617401497,-0.09135567465015296,0.214381147553101,,,,,,,,,,,,,,,
fpca256_15,13.36132960836403,0.11724928714566121,0.11745694898742638,0.010277250671632735,0.0028541218032054126,0.12016809013300897,-0.00653368435888258,0.02478226640161166,0.057531121068041854,0.07537077176393651,0.06713726102971966,3.040126394711546,-0.19363391043803896,-0.19489929609425896,0.09577648016914689,-0.067007320796625,0.029222254885460604,,,,,,,,,,,,,,,
fpca256_15,13.44336086907424,0.11714015105725116,0.12154493260404631,-0.001386159955662824,0.004379489100535894,0.12348682394456964,-0.0026379654548995633,0.005167955668081966,-0.020659212585865373,0.11924703486616166,0.1915093276094706,3.0545676605789267,-0.12335276673890475,-0.06350462747622485,0.21612416086003475,0.07579216076761806,-0.11627050109271869,,,,,,,,,,,,,,,
fpca256_15,13.52539212978445,0.11684150905098711,0.11868871721427834,-0.003280305933862903,0.005045576826637051,0.13269848878675092,0.05488964272021416,0.03710330691723386,-0.14536003523344,0.2165144610978276,0.11268131174383875,3.0655803387065315,-0.050463763027053105,0.117291664467996,0.23922810295078184,0.16132858395255278,0.04158154188483202,,,,,,,,,,,,,,,
fpca256_15,13.60742339049466,0.11700742816089514,0.12225988357769398,-0.014165337524372372,-0.007884742399997246,0.09799825620446369,-0.004022343976258879,0.08309431165251596,-0.0644973119139326,0.019828927056952213,0.06488570097795053,3.072422288518796,0.0020095465114294483,0.24566299777695574,0.16730040121642004,0.2200371659349684,0.06633441384073306,,,,,,,,,,,,,,,
fpca256_15,13.68945465120487,0.11705053000818533,0.12380738934018994,-0.023572987041670403,-0.003065497046433103,0.10013256276768633,0.02889044602391552,-0.0004422529639726948,0.12722186696667442,-0.11733999982425455,-0.08046801110171237,3.067845670025076,-0.04014408716582096,0.26590019121893693,-0.047870883728584,0.14872590503566624,-0.09033262307978204,,,,,,,,,,,,,,,
fpca256_15,13.771485911915079,0.11183225629272751,0.12359191370272876,-0.031150101145859144,-0.009782788189979403,0.0982371724321862,0.06261583686041296,0.03083621329017074,0.26007205841853054,0.01824832788064068,-0.09715142874648978,3.0610141328989924,-0.10392872209547264,0.08457579047921297,0.0006625222928943538,0.07695799429798995,-0.07148672933732217,,,,,,,,,,,,,,,
fpca256_15,13.853517172625288,0.111474842183232,0.1264245468825398,-0.04000752459722436,-0.01669667556648198,0.09448507355780882,0.02568011208806667,0.11682310126963508,0.12347689728642504,0.07789917434315277,-0.12147742385621793,3.066188237575214,-0.13141382999156398,0.1020706020866453,0.02346481340113027,-0.0979656198269154,-0.17672142079025985,,,,,,,,,,,,,,,
fpca256_15,13.935548433335498,0.10979082656725725,0.12985907054999274,-0.046530837692685185,-0.013321214241681095,0.05489794194217766,0.03750095807422588,0.06906883430590192,0.024825733087824004,0.01256115568271241,0.04239530138680892,3.060041622060297,-0.09562051540570823,0.21135889331435026,-0.020923704030692002,-0.0829582834925395,-0.05372890216132396,,,,,,,,,,,,,,,
fpca256_15,14.017579694045708,0.10769154903835824,0.12737996143395672,-0.05696499396870597,-0.03646341265982319,0.07488273361900771,0.07667145698640332,0.07600853793744977,0.13148737754856935,0.06588449823984399,0.1053980524242783,3.042781456039029,-0.07040225893595145,0.04503646684208271,-0.20086899694300844,0.03125690070536738,-0.02379090548217628,,,,,,,,,,,,,,,
fpca256_15,14.099610954755917,0.10612700823260915,0.13066338638455322,-0.05682222431362523,-0.03732271702564559,0.05366367327663234,0.06205678645805785,0.07306804521746253,0.08570284145458848,0.08414219192887464,0.05596292750362957,3.0192502120852005,0.03598766805111431,-0.09861523814805354,-0.1972317018788002,0.2790235592717278,-0.10000640753629113,,,,,,,,,,,,,,,
fpca256_15,14.181642215466127,0.10070905320172151,0.12492427728555702,-0.07011085416849168,-0.04162620236355233,0.033001403348438006,0.07614865868060304,0.020896990712451845,0.12799140973132742,0.08276904867546608,-0.041591427433705884,2.9984750588932436,0.14221011509722548,-0.10353733431714643,-0.12103642495745752,0.09861587602959315,0.007180638825218362,,,,,,,,,,,,,,,
fpca256_15,14.263673476176336,0.0987086351204255,0.12577493678432144,-0.06946896391167703,-0.05256503735973227,0.027545489788323,0.09892953922911162,0.0342666066779407,0.148019861158327,-0.04046437509817612,-0.10919539947436871,2.97108682455934,0.1766908363973848,-0.15096919700414424,0.016208055494281566,-0.06114158535141473,0.135071800844871,,,,,,,,,,,,,,,
fpca256_15,14.345704736886546,0.09526228600260897,0.125446010707454,-0.07878693768089592,-0.061874293260288274,-0.007899371247037146,0.11091710051158221,0.004082355574920817,0.11118972967819205,-0.17852306239703336,-0.080433340612148,2.9421005094817736,0.30390107157080753,-0.06305382903303194,0.15666635834434978,0.059916312168828666,0.05410172649722814,,,,,,,,,,,,,,,
fpca256_15,14.427735997596756,0.09187802876857629,0.12577403073531002,-0.07783985642936662,-0.06092802851225809,-0.01775457346881005,0.13342552998063215,-0.01532828594520202,0.09391163384336616,-0.11940700248130359,-0.19210459994933868,2.9067491754395784,0.08214102841476652,0.0073894022905132695,0.06392730104235127,0.015204021662400119,-0.009736998225517584,,,,,,,,,,,,,,,
fpca256_15,14.509767258306965,0.08610715372024702,0.1218855611177781,-0.07871739749771219,-0.06586897639284973,-0.03556942577907216,0.09407102033431419,0.07031047316483159,0.047300051944414674,0.05621234261131269,-0.06481241581783187,2.870293599432546,-0.09942126196987296,-0.08376839662856436,-0.019616223052073768,-0.06137242474447242,-0.044809835084103536,,,,,,,,,,,,,,,
fpca256_15,14.591798519017175,0.08029427866606227,0.1175244463833056,-0.08357534574364128,-0.06814760338902574,-0.03957212531546409,0.03908811742151213,0.05369450775402265,-0.0731756821371693,0.0572179523349577,-0.05910826654852147,2.840932488576527,-0.04693893855458338,-0.043106560062069345,-0.04642771319180924,-0.0689468973348689,-0.055926732869978985,,,,,,,,,,,,,,,
fpca256_15,14.673829779727384,0.07657621512866186,0.11754773236816395,-0.07411417721460008,-0.06467666086196198,-0.04651879077439179,0.012927902341576154,-0.022053749363143457,-0.10560968030471846,-0.04373674164125733,-0.11367505545551017,2.8037474534903732,0.05552558707308638,-0.03789247320209739,-0.03331696248598152,-0.22952982003823258,-0.12999238444074457,,,,,,,,,,,,,,,
fpca256_15,14.755861040437594,0.07394379225177854,0.11356911917726972,-0.07392953306290695,-0.0660216048102087,-0.06321463918483211,0.048430631349989525,-0.030547243908239215,-0.047274678777382645,-0.035637612783809294,-0.134764093967222,2.752518948510806,-0.08185230512643103,-0.008399078556041911,0.03507935744176726,-0.18806965249730248,0.019075740772666838,,,,,,,,,,,,,,,
fpca256_15,14.837892301147804,0.06996853543398063,0.11372500027562653,-0.07648551971790188,-0.07162599962430069,-0.09148519408280023,0.04530057538533678,-0.0011809877235279436,-0.07003055279790532,-0.03124122074689361,-0.07290138866424506,2.7177386063425977,-0.10094108836284954,0.19255513293607915,0.06937140025019072,-0.08117036693333518,0.05710730876529786,,,,,,,,,,,,,,,
fpca256_15,14.919923561858013,0.06353059723987346,0.11420700417076146,-0.06908652008925238,-0.06696161090119837,-0.067817147920555,0.06728171030310483,0.033807391974978604,-0.11680698914969094,-0.013387513304987528,0.007532447099380139,2.674782684710251,-0.02809444228018504,0.19546421510825357,0.015919920219230818,-0.08765689136097782,0.013378053227213804,,,,,,,,,,,,,,,
fpca256_15,15.001954822568223,0.05917119006510239,0.11111313895893957,-0.0675131834668498,-0.0719166106258216,-0.08180254999865148,0.0313069260802207,0.03938586476577533,-0.06731161725804449,-0.007136535447104363,-0.03401263843258136,2.6331764314907247,0.09737094782106134,0.16990404166124914,-0.07451399268851279,-0.016980524826366167,0.11183301496276424,,,,,,,,,,,,,,,
fpca256_15,15.083986083278432,0.052911020555904825,0.10979004073615833,-0.0721748038774569,-0.07524442184043031,-0.07606273403466568,0.07820359370285475,0.0782481515591418,-0.09393915651924155,0.00391927911891403,0.05552382796142492,2.59505188532332,0.13590830544262125,0.008196603514975535,-0.07697092094487515,0.053249178222508964,0.29265979653546725,,,,,,,,,,,,,,,
fpca256_15,15.166017343988642,0.051005140680725876,0.10792345585882371,-0.07038636730827563,-0.08278589814897926,-0.11430532550189718,0.06904212335655743,0.026690771055802948,-0.025194634237133,-0.04377255511279671,-0.006919182824107656,2.555091395914393,0.14645792513062564,-0.06008225389334944,-0.004924411730329089,0.12100135886135296,0.15718433134392235,,,,,,,,,,,,,,,
fpca256_15,15.248048604698852,0.04598442158303828,0.10679451126323636,-0.06441599383447805,-0.0793135967945296,-0.09992932482485788,0.04400375896181285,-0.02581713874634369,0.0799948555296229,-0.06723230116564893,-0.05235831333629832,2.510279796909827,0.1121050765480137,-0.10077044594236093,-0.013601194725045356,0.08624910991728504,-0.02859236193017359,,,,,,,,,,,,,,,
fpca256_15,15.330079865409061,0.03990724810073103,0.10454670018335878,-0.05736486834771026,-0.08239005182258714,-0.11286056771869996,0.0520036775255168,0.005596768776411873,-0.025848855596959618,-0.13018436782320514,-0.0362315835109301,2.4663466539530456,0.009275666829930626,-0.15577962614012278,-0.03639637343189568,0.014682613283439602,0.0018484162882562273,,,,,,,,,,,,,,,
fpca256_15,15.412111126119271,0.03494425603698269,0.10340473488279606,-0.05936718842564965,-0.07981514700398092,-0.11423929306610596,0.02786826383917274,-0.005836527585979254,-0.040953348103773,-0.14706362280419258,0.006369320400444953,2.4267456334007895,-0.039023878590446585,-0.06987828215400753,-0.05596536529876412,-0.09019798896715957,-0.04550326134608447,,,,,,,,,,,,,,,
fpca256_15,15.49414238682948,0.03187605616108425,0.09990908277425835,-0.04736916349940671,-0.07307741516143335,-0.10767812567288794,-0.020106034347723005,0.0013057120046584849,-0.12735567350182253,-0.14588432296407028,0.07331129399383492,2.392192094892564,0.019150630092072442,0.0024160104310109107,0.015522206936832964,-0.004589173266180364,0.04157624521122688,,,,,,,,,,,,,,,
fpca256_15,15.57617364753969,0.025713959853404925,0.09715478929635515,-0.04509833316311639,-0.07768235604288314,-0.09154233931468217,-0.01992329929854414,-0.031682578461024576,-0.14630862159366065,-0.11185208004416576,0.05349045653463219,2.3524182481457387,-0.05940050234331727,-0.03666173474290382,0.12728900612250577,0.05554098481364726,0.03950359788670019,,,,,,,,,,,,,,,
fpca256_15,15.6582049082499,0.020738534911687943,0.09315199550406635,-0.0454241392092877,-0.08159773189154666,-0.12292584980219666,-0.06103380928580768,-0.009334640517875309,-0.11356815812942861,-0.04890905822132056,0.06506908912102405,2.3147631424140376,-0.03779976978165597,-0.025009167527789783,0.10797768412674585,0.12670352005868152,-0.07847080135260727,,,,,,,,,,,,,,,
fpca256_15,15.74023616896011,0.016090934489446002,0.09309671059781803,-0.0431484788765478,-0.07398172757025975,-0.10662061842279072,-0.02518896755992774,0.006261060984808594,-0.1466933127078952,0.006969294711924128,-0.002992016171990111,2.274639561090769,-0.033028686558663214,0.02895433246780656,0.10226600112891827,0.09080893824960501,-0.1339775136980402,,,,,,,,,,,,,,,
fpca256_15,15.822267429670319,0.013405864495328514,0.09134284380808985,-0.042625589720917074,-0.08267525285381756,-0.12595904353316698,-0.02861011596655017,0.0038123111848926967,-0.13770167797141045,0.04849554257629172,-0.06202750821354339,2.226963254263866,-0.10137061309250728,0.007201621590900514,0.011167077166726172,0.027777508941832153,-0.11303067888610235,,,,,,,,,,,,,,,
fpca256_15,15.904298690380529,0.010187636846241226,0.09169185057921149,-0.03721225636237854,-0.07080367747790037,-0.11907486602573356,-0.016858164498757464,-0.0014739628575967457,-0.06584412071574308,0.032626721828797826,-0.0009912733033986326,2.1980034833623106,0.004759541557984958,0.031819936221420465,0.039045742784142703,0.01738906019132008,-0.0864435572358449,,,,,,,,,,,,,,,
fpca256_15,15.986329951090738,0.005213596972664911,0.08611440499848273,-0.03920470735880999,-0.06480989071530711,-0.12738145718437074,-0.05328674093371451,-0.03906941664965105,-0.11629470854711382,0.017868556629387584,-0.05401699845999978,2.1608539231435313,-0.012906597162256166,0.00551496503838466,0.01660805019735129,0.0045065388999051366,-0.023685528242057757,,,,,,,,,,,,,,,
fpca256_15,16.068361211800948,6.99031913470348e-05,0.08376606443500834,-0.034821093045627166,-0.06185547084523123,-0.10086831048989012,-0.06958907477566735,-0.043041534328187164,-0.0980332552554465,0.10889758918350806,-0.010074655973652522,2.127850899854484,0.020620533767409775,-0.042921117792632205,0.03614840626244933,-0.03543754171043267,0.005514482797961184,,,,,,,,,,,,,,,
fpca256_15,16.150392472511157,-0.004376114198140146,0.08513063145539951,-0.031833034040458015,-0.05657018804343533,-0.11437845882825239,-0.06475465306504885,-0.03797222714089253,-0.04020763673682876,0.0737826856899766,0.03451389935519646,2.0974357361912457,-0.003184384396292924,-0.009195276462039877,0.01705173231592332,0.013693586655173364,0.058799085075904006,,,,,,,,,,,,,,,
fpca256_15,16.232423733221367,-0.006581424699508894,0.08644690492553206,-0.031166703489916153,-0.06200218374648926,-0.11842820859586603,-0.07556216459128542,-0.05874691481522166,-0.024870838262720706,0.10804672255514158,0.10094156510309539,2.0691879536653923,0.06718584106969532,-0.07918712855483673,0.09894632713635171,-0.02569140695304575,-0.05586332211028907,,,,,,,,,,,,,,,
fpca256_15,16.314454993931577,-0.010971852435683988,0.08196120438049445,-0.02585809808075188,-0.059079962166693055,-0.09654832099791763,-0.054089155881378935,-0.05898244607695759,0.03800940262152944,0.09803415259717861,0.09180931570896228,2.0405017614503946,0.06628593463131652,-0.05385588632342579,0.12046253722222965,-0.003179514879835487,-0.07312714783809282,,,,,,,,,,,,,,,
fpca256_15,16.396486254641786,-0.015399663137311774,0.08076943181185423,-0.02106719864945771,-0.05082802202377338,-0.10856900878619936,-0.07012372867061364,-0.019577586637495224,0.07672720598430349,0.07551690089840049,0.05246157276271183,2.013960898800917,-0.052612873298899056,0.0038171610302290115,-0.04679839962703601,-0.021870881490006308,-0.059603210017916367,,,,,,,,,,,,,,,
fpca256_15,16.478517515351996,-0.017211540823115507,0.0793496827742754,-0.015755125824803914,-0.04105442621334707,-0.10283177059785988,-0.03323244321221449,-0.03526221509919701,0.07984241513340232,0.10340911347926567,0.010607018180910473,1.9943036811759454,-0.039611815132345005,0.0242605921040829,-0.01991537518102798,-0.008271875688185177,-0.06775932907724959,,,,,,,,,,,,,,,
fpca256_15,16.560548776062205,-0.020290623315064177,0.07893777149332921,-0.015430250798868997,-0.03902688393019755,-0.09332027298445933,-0.050964150829600575,0.0006519672389305062,0.03745056185394734,0.060846762289742506,0.03558239685763877,1.9670661081945546,-0.005949388650418586,-0.02207330033209124,-0.11177187412409144,0.011370371742319495,0.031620994021042195,,,,,,,,,,,,,,,
fpca256_15,16.642580036772415,-0.025969460128163615,0.07819109208758113,-0.0076276499563414455,-0.04025554133086868,-0.08232924495144177,-0.02973339498978956,-0.019176800904168848,0.01226266363666576,0.0663443441171442,0.03406791499790868,1.945971236264384,-0.014721985494947857,-0.036170362755874826,-0.035601503944268975,-0.10843225203402547,-0.002027013587322983,,,,,,,,,,,,,,,
fpca256_15,16.724611297482625,-0.02848040140061969,0.07772162278759846,-0.009331214649131926,-0.030064621534715254,-0.09799569984268681,-0.037103219443249034,-0.03176766281653648,0.009562017337241309,0.03932117457610758,0.0007421395040725379,1.9194384661273196,0.01402236411346254,-0.033181000203960774,-0.027235654955212577,-0.09417222665302047,0.018398273360480256,,,,,,,,,,,,,,,
fpca256_15,16.806642558192834,-0.031229716067633573,0.07457284602159599,-0.010680139460922616,-0.03480790172012848,-0.08136051722939895,-0.06182626224905151,-0.04556889974466654,0.027314562934183557,0.06475572943513254,0.002584482348945687,1.8997426701091693,-0.035267173319246906,0.04835499594191563,-0.06575575326994064,-0.08376177517188137,-0.02873363667495245,,,,,,,,,,,,,,,
fpca256_15,16.888673818903044,-0.03457140867281745,0.07516422440600017,-0.005297728218803105,-0.02886934247849643,-0.07000746222908015,-0.057864332912090255,-0.06034992332715957,0.03771519604061258,0.013195159758538105,0.005505287994991205,1.8816003184223746,0.020751596398622892,0.030108422990415627,-0.15434664812190751,0.022347121077102315,-0.0040930294984921,,,,,,,,,,,,,,,
fpca256_15,16.970705079613253,-0.03598954003686116,0.07742146362025551,-0.00308529421670506,-0.03343046511089394,-0.06815657410358243,-0.06660675357612872,-0.06302356632694744,0.01659152635185445,0.06767131163136919,0.03612137000360525,1.863106078948319,0.0011028208423979856,-0.014227914122890293,-0.06247907831186349,0.0002638941281249887,0.007027870281585039,,,,,,,,,,,,,,,
fpca256_15,17.052736340323463,-0.039373329647783895,0.07627772015585853,-0.006840330760211396,-0.02764914118152087,-0.0732107185729418,-0.06026824557804771,-0.04179085239631611,0.06537350708119612,0.05350224909625404,0.009742999292189301,1.8430040232461982,-0.022020756125516835,-0.004465484869345957,0.023652859233116705,-0.04939875126705191,0.03586255168626217,,,,,,,,,,,,,,,
fpca256_15,17.134767601033673,-0.04175009001126172,0.07424554604320491,-0.005683627005015691,-0.029377860677390042,-0.05413877508719007,-0.05415042902836523,-0.02523231868057462,-0.10439208170468481,0.00850099168216472,0.02177025817101564,1.824355836796933,-0.04576272643600289,0.05847921416698901,-0.01819422675396682,0.005509499993077923,0.051587570880068684,,,,,,,,,,,,,,,
fpca256_15,17.216798861743882,-0.04416979100668921,0.07126513147359216,-0.002403439545810751,-0.024945841664529827,-0.07313164153941598,-0.05411520199528178,-0.010435324979958378,-0.04133935680548662,0.04254560974869059,0.03025841947568936,1.8145077043427695,-0.07766597992234732,0.023090188694247872,0.04493173952319984,-6.915264134772434e-05,0.050328153876322446,,,,,,,,,,,,,,,
fpca256_15,17.298830122454092,-0.0464872720111996,0.07210716521800987,0.004346498188516858,-0.02138964448082995,-0.06791773327060954,-0.051128783033002764,-0.006303570803942093,0.02468885495336008,0.062372275153735945,0.02075011167399579,1.7939792019747556,-0.1079342688239154,0.05928474549304953,-0.07059986412717491,0.036569522326294436,-0.037610630869576375,,,,,,,,,,,,,,,
fpca256_15,17.3808613831643,-0.04964713537849686,0.07299998720986414,0.004292945369999378,-0.00854795345447998,-0.07087012463251495,-0.03502761688002447,-0.04582096702680103,0.03319201182299456,0.07633202156977008,-0.0037431344774214365,1.781172563961641,-0.016837260770243927,0.07942363477828597,-0.08286592232546662,0.06208880603213193,0.09375420037658538,,,,,,,,,,,,,,,
fpca256_15,17.46289264387451,-0.05125525603156184,0.06988488156213554,0.004782600416038118,-0.013671882855324329,-0.05561649341334262,-0.04029825026533198,-0.0906780430192116,-0.019119235914670997,0.025141999500352258,0.01110383217616584,1.7606709483439325,-0.10241647613830202,-0.03100726197550169,-0.063133474616307,0.07904165159326626,0.07722094518688766,,,,,,,,,,,,,,,
fpca256_15,17.54492390458472,-0.05421213365604681,0.06850501558872044,0.006690282987625458,-0.0029292403039072093,-0.03872018364868835,-0.05259142535675229,-0.05433669412475271,-0.0009487098497686096,0.03282567349245742,0.15804407060760603,1.7509426886927077,-0.05227079691345864,-0.03141864932259748,-0.018418865537665356,0.13127594307295606,0.11829474682336866,,,,,,,,,,,,,,,
fpca256_15,17.62695516529493,-0.056292741258174434,0.06939419028289011,0.00890902523311084,-0.008808194688715644,-0.060870193526432394,-0.05127427186264122,-0.0010902477016380028,0.03215636512355338,-0.060370562387510686,0.13268750420415676,1.7413628536927703,-0.0445305196820356,0.011453349097568951,-0.12328825380863455,0.003736507993933918,0.0676260470607177,,,,,,,,,,,,,,,
fpca256_15,17.70898642600514,-0.05981487134013639,0.07079404738931269,0.004256503177599217,-0.0075128048089019624,-0.06293066799486463,-0.017244086200012602,-0.011121508617804178,0.045968440253643696,-0.049682212662707524,0.12608124566756382,1.7274597054796759,0.04059814844728729,0.016169365504050872,-0.06692604003007208,0.014703577371568022,0.040513896751295325,,,,,,,,,,,,,,,
fpca256_15,17.79101768671535,-0.061444339504615524,0.06931088534502182,0.007326372290528365,-0.0022095388694503473,-0.03739853796945934,-0.015213378017174066,-0.06491205071890989,0.03099725742960465,-0.0031571481225364582,0.10490712582231176,1.7234085940369912,0.09232322098469786,0.0019005827061839356,-0.043083783324683614,-0.06567378260455517,-0.00437345594360097,,,,,,,,,,,,,,,
fpca256_15,17.87304894742556,-0.06522347299937853,0.07064308183029726,0.004947770938124977,0.005529656374019299,-0.03726397244358604,-0.014071748725901575,-0.07308344401426552,0.0022248826100712505,-0.009421839799251755,0.09247144180985784,1.7082021752752972,-0.00010874891004758296,-0.11172311278224178,-0.0650870364090763,-0.06458478110045124,0.006072966529187633,,,,,,,,,,,,,,,
fpca256_15,17.95508020813577,-0.0651350237674195,0.06896179455002642,0.00799743404478097,0.00400095086259643,-0.021450024125197562,-0.0033368187250182664,-0.09922693385379082,-0.010933012775135637,-0.061834112873061134,0.08890179185893798,1.6968257858399491,-0.04485596275078709,-0.016906923863369075,0.009701600184304061,-0.06470852235762495,0.009921576886048092,,,,,,,,,,,,,,,
fpca256_15,18.03711146884598,-0.06757421435992254,0.06865356194485103,0.006265559161556279,-0.003135089588172087,-0.008683352336767272,0.013384273341304036,-0.052734525170041346,-0.03659561088005562,0.04193930055625689,0.06812871779325373,1.6949125999866022,-0.040680585921981226,-0.015340814803567736,-0.10567200200035397,-0.10485898747872506,-0.02759855857128387,,,,,,,,,,,,,,,
fpca256_15,18.119142729556188,-0.0701525251508548,0.07124646196415403,0.009446902870153687,-0.0006590736158405753,-0.0417673660717482,0.012972960955397728,-0.08535950278887955,0.05682400314144449,0.0730573480864253,0.03609598458886038,1.6869100789102045,0.027173871329713505,0.007646506757277682,-0.07310897226105413,7.421964722862523e-05,-0.09790526765216395,,,,,,,,,,,,,,,
fpca256_15,18.201173990266398,-0.07155681196467613,0.07113431517460735,0.016856220878536488,-0.001090067682920459,-0.03237649761542588,-0.03159586296995077,-0.0953302457565111,0.02872596282851881,-0.04567450870006872,-0.019443071854622844,1.6811655353019546,-0.06918368867032731,-0.05296620208148847,-0.028150229011507624,0.037925017175613654,-0.03196823706869226,,,,,,,,,,,,,,,
fpca256_15,18.283205250976607,-0.07328620134782055,0.06986776217378637,0.013696392294366951,0.004585677037043343,-0.04283998131301113,-0.0016699953697064545,-0.06066649741110679,0.05897559858586742,-0.02364818444970953,-0.011859516351815712,1.6751080535736298,-0.09046513054247884,-0.08405691075489041,0.03748500664467598,-0.030454050297874694,-0.04193291185432465,,,,,,,,,,,,,,,
fpca256_15,18.365236511686817,-0.07644098822221701,0.06833156709883872,0.01312193290856913,0.004720598572127632,-0.023595911785655805,-0.00416727656981243,-0.0680985513812879,0.03897856954875652,-0.08566855145478589,0.04968436838622218,1.6685347816298968,-0.06929352482771278,-0.01956778689922343,0.03271597669792488,-0.020155452665707407,-0.055590999057603896,,,,,,,,,,,,,,,
fpca256_15,18.447267772397026,-0.075780627745902,0.06828279078570801,0.014282046494746087,0.008935741774552829,-0.015894893439945094,0.005966864060385963,-0.07939814846097148,0.11062477811671724,-0.08078937649138719,0.13020217311027954,1.6571844720766233,-0.0965935327980568,0.01280997533231152,-0.018591199554863047,0.017119760271686983,0.006757278325812369,,,,,,,,,,,,,,,
fpca256_15,18.529299033107236,-0.0775204055885578,0.07043834510787843,0.01950505861007624,0.012210454354909995,-0.025259986133112585,0.004860699082621875,-0.06669026340822644,0.09565073109223902,-0.08048661356838403,0.06863111534492539,1.6529382027541568,-0.030402591823207523,0.09013771736440863,-0.01991450851275534,-0.003155813107638172,-0.01080491271321382,,,,,,,,,,,,,,,
fpca256_15,18.611330293817446,-0.0797853787750843,0.07124362892541909,0.020649339276451528,0.0149902424528483,-0.009738965428771637,0.0021381423107119744,-0.08428383478076429,0.16692752885149606,0.021215297069069213,0.055461001934042055,1.6496494332247944,0.01930795532826614,0.08510649381919237,0.08120058907804943,0.02053420912653709,-0.039617100842608666,,,,,,,,,,,,,,,
fpca256_15,18.693361554527655,-0.08085851576521262,0.0704597042184888,0.023651849958030793,0.00809961085321095,-0.005482287081281669,-0.012979440984405661,-0.09502541136856876,0.03239933095023081,-0.0347441968667132,0.025685437419955465,1.6462792232388896,0.052775889551521314,0.02034249256973354,0.014693286545859476,-0.03288700791630632,-0.007815682353223023,,,,,,,,,,,,,,,
fpca256_15,18.775392815237865,-0.08219032245587331,0.06963569332690211,0.014895257285754186,0.013648937436486083,-0.020037607125276212,-0.02078215369991894,-0.08632135373454748,0.04114658939783368,-0.05642336483687699,0.021934695604430603,1.6402219317365123,-0.013600641576495598,0.1281658628396086,-0.05030476408922446,-0.04944729956091655,-0.041291173611867384,,,,,,,,,,,,,,,
fpca256_15,18.857424075948074,-0.08601797973323341,0.070299872537808,0.017827834948998113,0.021041758777824663,0.005652406588352111,-0.023777209548103726,-0.11119359909541579,0.04850156777362463,-0.10425193699006899,-0.013863933504989235,1.639552729256513,-0.04011315444780093,0.11132987340236164,-0.02933222054988799,-0.05147455885135544,-0.031421553663841265,,,,,,,,,,,,,,,
fpca256_15,18.939455336658284,-0.08726916225469189,0.0693101034685972,0.013538449788108052,0.020772175060157747,0.0028275489889886506,-0.006174398567709473,-0.05727455888751403,0.07198888787153032,-0.10644286213448083,0.001975796911355008,1.6371800594183468,0.015810774583730546,0.06808555475320975,0.038922468131031264,-0.04617849446730158,0.05469654102022552,,,,,,,,,,,,,,,
fpca256_15,19.021486597368494,-0.08884829153783415,0.06904271071643887,0.019383669444757962,0.013371686522979624,0.012243059892317665,-0.004483699960732092,-0.09751394826629932,0.051512204060156476,-0.05397374660180038,0.050594310469898957,1.6346897243427718,0.03932197823307296,0.007134040685260298,0.04808768653067438,-0.032976946252834184,-0.04109581719645102,,,,,,,,,,,,,,,
fpca256_15,19.103517858078703,-0.08929646189058925,0.0690928263018935,0.014584687738074514,0.009678907706157718,0.019654285819052764,-0.0014280836354130357,-0.06770051235208827,0.0857925315042577,-0.13802173203659354,-0.028458735638631945,1.6350934728446018,0.024194889456363333,0.007770069930261345,0.12227096189124026,0.05631040972379975,-0.020168103100735125,,,,,,,,,,,,,,,
fpca256_15,19.185549118788913,-0.08948996585410779,0.07002968211784606,0.0168258374547112,0.019943795644224556,0.024900303641423725,-0.0030889466950691047,-0.033220823299299845,0.046758495720282366,-0.031187569566571934,0.030046608643312277,1.6260213674355193,0.012665328083726002,-0.007065559250611732,0.07868607290311515,0.06116617240276995,-0.11674881152455736,,,,,,,,,,,,,,,
fpca256_15,19.267580379499123,-0.09116260698480763,0.07047175508610445,0.01719981345025977,0.024355937755338942,0.00893514611114934,0.03391238056360973,-0.05875522281063801,0.06628407334248007,-0.032231242381747495,0.0762205537524088,1.6203929373946158,-0.026270221011985524,0.03794612391389423,-0.030108986318124566,-0.020755958897447555,-0.18712894357505855,,,,,,,,,,,,,,,
fpca256_15,19.349611640209332,-0.09242763601380861,0.07025571240384629,0.01679680057639926,0.017728632596557683,0.020497833684315115,0.03302720243962729,-0.049773514148871274,-0.017105726272085408,-0.10075328313476038,0.030820997010559768,1.6182700129947156,0.004778386143104428,0.053685521504183986,-0.025707678742200556,-0.0037556146278757267,0.011770572847075458,,,,,,,,,,,,,,,
fpca256_15,19.43164290091954,-0.09314484191098803,0.06858222019375104,0.01840193179945219,0.019473263414286398,0.01688831624418701,0.00813065336297533,-0.09112687524814064,0.015238110115779979,-0.09730704259479474,-0.005607254424952374,1.6126681655781352,-0.0339552424437543,0.055616129732957015,0.014130366365473646,0.026065103552887027,0.05969170694458145,,,,,,,,,,,,,,,
fpca256_15,19.51367416162975,-0.09385279877268511,0.06804127663386594,0.021948046467662585,0.018359635925932392,0.00947150409422928,0.014651814802436231,-0.06756370744474834,0.07826866159322873,-0.02033582695816318,0.04539166683131232,1.611495204826372,-0.005684984459022585,0.0611202851152,0.03516171930372188,-0.05508467040159585,0.062320800417291315,,,,,,,,,,,,,,,
fpca256_15,19.59570542233996,-0.09518464253376804,0.06817154247803374,0.023485778692105323,0.026502014574666097,0.018932474915214367,0.017586215463651488,-0.024763831869081626,0.040139531974912615,-0.03302839140733822,0.058891503278411514,1.6108034516576553,-0.015510101191134173,0.0157590043857952,0.04715395124698112,-0.019341216105569325,0.05695384633583919,,,,,,,,,,,,,,,
fpca256_15,19.67773668305017,-0.09562798368164008,0.06831058221459727,0.022203968226093728,0.026970088696476085,0.014427428225887903,0.054752212215515225,-0.01445338246563929,0.063875598202958,-0.09308029819314179,0.08517132675607104,1.6022577093996953,0.006982608451721597,0.0018492648947480176,-0.01339390924388923,-0.020767646101163474,-0.002271735493968547,,,,,,,,,,,,,,,
fpca256_15,19.75976794376038,-0.09635110006741748,0.07027612256442928,0.028174903933338335,0.02118877601932214,0.052636052280734126,-0.008855617383049075,-0.01367761380754898,0.029849160701996388,-0.07941774346127199,0.0037070988206354865,1.6000893059027452,-0.0213751613532779,0.05625053988933153,-0.026499914965615157,-0.01954465943284309,-0.02288412875295038,,,,,,,,,,,,,,,
fpca256_15,19.84179920447059,-0.09847931199305197,0.0697025367269558,0.024229668897817958,0.030163717283758818,0.049904322770471965,0.006714092625287344,-0.018242065905672615,-0.0034896513279476,-0.03791660293835822,-0.037601446526949474,1.6039882190042485,-0.012078088098409807,0.057201950643532964,-0.021714229131151532,-0.0987883033868619,0.05891625400424311,,,,,,,,,,,,,,,
fpca256_15,19.9238304651808,-0.09729199139377602,0.07086206682606266,0.01901011211068696,0.012646263061974887,0.047609998244780766,0.004515484128110011,0.013671651106223958,0.020060862371950584,0.04353650907914753,-0.0020094866378838655,1.6004555567984995,0.009043795466319463,0.046164292896713185,-0.024497257866380066,-0.08519297768618568,0.04089981656407054,,,,,,,,,,,,,,,
fpca256_15,20.00586172589101,-0.09841138635655286,0.0706957980866511,0.01692122662148233,0.013892802675476018,0.04068472658791791,0.008643930146851077,-0.03325121362370998,0.09941454861832698,0.01054973039284795,0.030531364221356744,1.5963799381367756,0.032168453058469465,-0.04724523596058981,0.018444166183184285,-0.057585285560041645,0.02373401037398718,,,,,,,,,,,,,,,
fpca256_15,20.08789298660122,-0.09933071725982619,0.07041578768650086,0.019711548484714136,0.009744647752234775,0.034260900375515595,0.0247718383310909,-0.012725913650706872,0.054423486441958296,-0.016500025369745114,0.04168048071967446,1.5870929457333904,0.04909359136852852,-0.08919547137173482,0.03398502182957325,-0.01237934800094343,-0.01634590442495951,,,,,,,,,,,,,,,
fpca256_15,20.169924247311428,-0.10009020616377633,0.07047247140920213,0.02203750833914263,0.02024848812470781,0.05069929858295036,0.04166971991391263,0.02041905891243682,0.0034610581570022596,-0.040273677762846946,-0.030542459196145472,1.5863754277006878,0.010139583369674719,-0.04836435644322517,0.03771973655856445,0.04096900196530411,-0.011735911813904005,,,,,,,,,,,,,,,
fpca256_15,20.251955508021638,-0.10150627640377834,0.07160844620869553,0.02666069476983697,0.02485414408304707,0.05253513745782038,0.04606383686624147,0.023538403988081436,-0.014764952994474466,-0.09907789950036502,-0.031274053836745246,1.5816635780780772,0.004089072354620313,-0.03383748132497304,0.045301828730145884,0.03532950715140587,-0.013875223344769762,,,,,,,,,,,,,,,
fpca256_15,20.333986768731847,-0.10038747328377419,0.07058236429595514,0.025720712953862773,0.023480079116968488,0.03741373563376575,0.03535711053800382,0.009033379279343,0.017672201351430376,-0.107582565865314,0.004405015055630117,1.5810241007763788,0.0710348018448816,-0.0038727443945614157,0.07523588610456687,0.04298343231883954,0.04959800960226723,,,,,,,,,,,,,,,
fpca256_15,20.416018029442057,-0.10200077913166274,0.07054293911781433,0.02396854667804112,0.015997974616971573,0.035656093985521685,0.012987648658620328,0.054195436606199875,-0.010593358499590927,0.019126024238781517,-0.053871708758976275,1.5769171363486427,-0.011336845609503855,0.015835506587507327,0.06643856311878234,-0.002898003806993823,0.05517975100091263,,,,,,,,,,,,,,,
fpca256_15,20.498049290152267,-0.10276429329082656,0.07046223345851473,0.03371201747410249,0.01697949207682756,0.046633567776509066,-0.011192931672509218,0.03728876499383987,-0.018549195709389246,-0.0033750056430639818,-0.05468786450974783,1.5764357228116923,0.015390441611950427,0.10080312193910607,-0.0027130054842487853,-0.020763427708467792,0.0003198043005386538,,,,,,,,,,,,,,,
fpca256_15,20.580080550862476,-0.10202759193746422,0.07129342171326468,0.026410529163388912,0.0013659217417770577,0.044638348065404454,-0.002092197576544564,0.023640811785677677,-0.017420500822353403,-0.05338128164919802,0.007878933863333774,1.5729126775454934,-0.0008107608624291695,0.04257396328983943,0.015868050949877036,0.021316104105187687,0.05349978356819134,,,,,,,,,,,,,,,
fpca256_15,20.662111811572686,-0.10151702465152367,0.06952941750578721,0.028593516509223742,0.006946859892714559,0.031054060533291055,0.022137785450506257,0.04691590865283003,0.030797229823509367,0.0036758976794946355,0.023470456193736118,1.5627311415920822,0.006153588680067292,-0.020498744715383623,-0.013974287233506539,0.05510768426911626,0.010102235750750598,,,,,,,,,,,,,,,
fpca256_15,20.744143072282895,-0.10053361570338659,0.06724163869804047,0.02302798693930567,0.013782531529528184,0.05539609332583451,0.023442022116945845,0.05764103270434467,0.018865414317511077,-0.04138402445076845,-0.06542051908014014,1.556516286375022,-0.011113667561775942,-0.0019477920769520526,-0.04578689389209032,0.09682618619607514,-0.005531428863051677,,,,,,,,,,,,,,,
fpca256_15,20.826174332993105,-0.10131777092445098,0.06872758167978937,0.027241385436985604,0.007364245540069487,0.021128308816905056,0.03049208108195334,0.04714687579151237,-0.010715590740651051,-0.005126020658694485,-0.04660551600276659,1.5510124159162963,-0.06334235847396175,-0.012284792638538461,0.035623673371974085,0.11772607241360299,-0.0021146306809426696,,,,,,,,,,,,,,,
fpca256_15,20.908205593703315,-0.10377601835204824,0.06786190041653048,0.02745051696849779,0.011180322058165175,0.021810765625988483,0.002839246225614101,0.05360295206456087,0.033455176707783384,0.02786725514240053,-0.06238964188737498,1.544513717116835,-0.05857398703201961,0.03478083238991738,0.0636341768266546,0.12264137335717283,-0.029606141702007465,,,,,,,,,,,,,,,
fpca256_15,20.990236854413524,-0.10320524052110404,0.0656868921337104,0.022796697286042243,0.00625507845106248,0.06738168774225145,0.006358136124989061,0.041121002530767545,0.01188813875305442,0.034566381690917754,-0.008640980134564272,1.5462617518024397,-0.05028205799336726,-0.02961918315878101,-0.000498475418176706,0.04332069444144633,-0.11039566176442514,,,,,,,,,,,,,,,
fpca256_15,21.072268115123734,-0.10310511504638373,0.06764171347614684,0.02631893642802595,0.003295267515832832,0.05366510864245363,0.0032445362720965563,0.05550485690298382,-0.035306743791311546,0.01423422279209101,-0.04609331220157633,1.5359371936229027,-0.03288343695482008,-0.022446405368690976,0.019212220092841754,-0.05340988291921554,-0.09145487683031914,,,,,,,,,,,,,,,
fpca256_15,21.154299375833943,-0.1007666507491773,0.06674301028944357,0.0257263508768131,-0.0013476980269201283,0.05347458497874732,-0.0011784168954548993,0.012304397643592912,0.005677727016079852,0.03259228649576604,-0.02067972249332624,1.5259287392507053,-0.0015935244199598644,-0.04657031978211829,0.1265866408982421,-0.03836960759561922,-0.07716699133505789,,,,,,,,,,,,,,,
fpca256_15,21.236330636544153,-0.10082884605717776,0.06916631289659267,0.02327919266533442,0.0033705944566123163,0.04613618470599303,0.010969895073839001,0.026904337710491506,-0.04054144100399298,0.016638354137775986,-0.03221461586737665,1.5185771295043486,-0.027853717325470123,-0.06699942744225378,0.08863932759408479,0.030921110066865008,-0.04452214102194194,,,,,,,,,,,,,,,
fpca256_15,21.318361897254363,-0.10196317886646801,0.06745365464439847,0.025834128114846047,0.0011653409323836024,0.04534996950836343,0.009149462539633044,0.056325707129243535,-0.0720773426752999,0.03732770880791654,-0.05559767152585226,1.5153638281716937,0.07063958716876009,-0.04442129856283916,0.047649547615570435,0.036057892262162536,0.0529285126663397,,,,,,,,,,,,,,,
fpca256_15,21.400393157964572,-0.10146032339955362,0.06647017869329996,0.028328766810198868,0.002994025552992962,0.04510855826567081,-0.004795947024005593,0.03391322115006113,-0.03950910589797866,0.08020048794545144,-0.06404818503660364,1.50408184830225,0.06209157665076531,-0.07525722857394658,-0.0217710000518676,0.023584674178077643,0.03283347019004076,,,,,,,,,,,,,,,
fpca256_15,21.482424418674782,-0.10072684781381684,0.06556313746689116,0.026391407168970853,0.0017796647074360282,0.03832912298203466,0.03174498359556693,0.09434594337603153,-0.08499383802001031,0.056704133340782135,-0.06578823255137549,1.5005383330274848,0.039580875992675,-0.017362491039387928,-0.07134228389139209,-0.00756637737419886,0.0036031777721319477,,,,,,,,,,,,,,,
fpca256_15,21.56445567938499,-0.10184382786760365,0.06590590528389312,0.03106000221366823,0.00034437985692126026,0.05756670542170446,0.002567169614846773,0.10333137434332504,-0.07261559064480592,0.019090016846626517,-0.022260779055726758,1.5031128302995995,-0.03974724012838796,-0.010541013802930533,-0.006001926263050193,-0.001993006399974807,-0.05796409037148312,,,,,,,,,,,,,,,
fpca256_15,21.6464869400952,-0.09980077495481768,0.0644760340683589,0.03299598971240461,0.006164490204182084,0.05238610714939849,0.025741652273957607,0.05979861944014614,-0.06837224548426955,-0.004695640755089332,-0.07361816943919168,1.4904385326961846,0.018015776550639608,-0.028812236424089976,-0.005757128564604887,-0.10437425243319311,-0.05047810549991356,,,,,,,,,,,,,,,
fpca256_15,21.72851820080541,-0.10083943713202771,0.06801931410937645,0.03408615048166437,0.0033874089975223618,0.04130716892341855,0.03086020496869488,0.12146007659027008,0.011636532516269813,-0.01688488819886143,-0.09661511160837832,1.483070617881991,-0.0013949979332944268,-0.04748565930696645,0.01020249266397089,-0.0157228162986378,0.05524296317649158,,,,,,,,,,,,,,,
fpca256_15,21.81054946151562,-0.10026336428076217,0.06612929056248815,0.030703476268765503,0.004870549792619979,0.03703967430600182,0.008756414702751231,0.0837025449507449,0.030245051663841355,0.02975872642835823,-0.13682884153422825,1.4718278979260988,-0.021127582809794054,-0.04425753936715117,-0.025449233986645985,0.02988977049722274,0.06660849317998192,,,,,,,,,,,,,,,
fpca256_15,21.89258072222583,-0.09693733032958797,0.06336365383770248,0.03296440668355921,0.004766940972042593,0.04364797791871666,-0.01183677017811589,0.04687607581920259,-0.08196131076234642,0.01108537013486876,-0.0703735962559023,1.464786418463205,-0.017181081540598563,-0.05382909641098455,0.03136758901655147,0.0027644642499892284,0.04015118477331058,,,,,,,,,,,,,,,
fpca256_15,21.97461198293604,-0.0983903213455003,0.064701466214701,0.027656561368417803,-0.004881693544385312,0.04191751923337649,0.002355640539088313,0.08228676951034848,-0.09849139556674895,0.05472511199066342,-0.04912863609139364,1.4680656251175683,0.03513811593915669,-0.0810686006804473,-0.033096253068586066,0.03663572811343316,0.0025001016111741107,,,,,,,,,,,,,,,
fpca256_15,22.05664324364625,-0.09774283428316499,0.06422482692982115,0.031974128057847113,-0.0028394022579049474,0.03889867344884735,0.004938051870353467,0.07469126241356012,-0.06974068347737895,0.05032232996339213,-0.03700368891143271,1.4599494659995396,0.08129801653543607,-0.08096140421801425,0.021817605679572798,0.04920971772160032,-0.08432953012471134,,,,,,,,,,,,,,,
fpca256_15,22.13867450435646,-0.09611283363539232,0.06317227484048209,0.03332332944288947,-0.00123840041611501,0.06535309368125987,0.022835955945674766,0.03773310827890903,-0.0535349743649985,0.019257963590935137,-0.06506255191649461,1.4525161448451196,0.10017963214939166,-0.02337688198980511,0.04758077184044178,0.05779809578698207,-0.03470837651513143,,,,,,,,,,,,,,,
fpca256_15,22.22070576506667,-0.0966096144197917,0.0645624193219217,0.03777063395894891,0.0022381515152548304,0.06717509925615045,0.028827891558854183,0.054841481721493175,-0.10429737411461684,0.051682527769542214,-0.05538539335050817,1.439867459985317,0.10152209446495493,0.03308394969654475,0.04425215329842965,-0.044746710996634124,-0.0747873953388198,,,,,,,,,,,,,,,
fpca256_15,22.302737025776878,-0.09508891074684832,0.06514295711759885,0.03515703100187125,0.0005928808054178579,0.0509501230975543,0.024541240105997363,0.08224912129403537,-0.0633080296596817,0.055938925814037574,-0.027066515226741566,1.437254180385709,0.04017732603726778,0.022969324555514432,-0.012908530364026786,-0.035069425572925896,-0.04605675520865464,,,,,,,,,,,,,,,
fpca256_15,22.384768286487088,-0.0929736802902741,0.06302103397112424,0.03387489258800037,-0.0008635005547227266,0.015126816685752763,0.029497136305231913,0.01520617705739606,-0.07143312027218557,0.12148924521762469,-0.030291362785528995,1.4277270493928655,0.03812400574665489,-0.04625111985827069,-0.03306216613816333,0.0028839753387855417,-0.03097255342692171,,,,,,,,,,,,,,,
fpca256_15,22.466799547197297,-0.09191441513157925,0.061110019800717,0.037377202841533445,0.006403998101925881,0.025445739204151618,0.04357070406071609,0.03400646301676428,-0.07624763854459467,0.06794230812550962,0.027687607313074614,1.4220370759869925,0.018284672597944692,0.00486354596544231,-0.046974054817484776,0.04136494685711915,0.07693118010098968,,,,,,,,,,,,,,,
fpca256_15,22.548830807907507,-0.09343830236083515,0.06063991035935552,0.03989833434187815,0.0069062583481132355,0.0415652523015926,0.06873794904674659,0.0456895296285376,-0.10803306198653026,0.07317864571338185,-0.03102056648654631,1.4198156471869063,0.05743348762987202,-0.023738228752580783,-0.0676766839603675,0.04199393271430062,0.056373432659103176,,,,,,,,,,,,,,,
fpca256_15,22.630862068617716,-0.09190803021622705,0.05903441526971686,0.03980629875292326,0.01037154767580838,0.055746285421819336,0.05673057493558208,0.039512222415960974,-0.11749149620515578,0.08858740555035895,-0.013447990779060177,1.4108940062121367,-0.01661777134594939,-0.01914770414611674,-0.03930396406967223,-0.015966346031643916,0.07151176321159106,,,,,,,,,,,,,,,
fpca256_15,22.712893329327926,-0.08998823967688194,0.058993497855768184,0.04107020109599142,0.014864954596526267,0.04426024938671687,0.050973118602939536,0.09045517366899208,-0.0804306131807837,0.05290603986015012,0.02274120178002373,1.4046844190128265,-0.01788734554833257,-0.031016548524247498,-0.02949872543278203,-0.021998723191301806,0.12952625660414896,,,,,,,,,,,,,,,
fpca256_15,22.794924590038136,-0.09079211704632355,0.05918361567222331,0.04021931505945767,0.0133309983147028,0.04293247362500845,0.03320296827109412,0.11049266819887904,0.05858703762207537,0.03911374612036443,-0.027423475897106253,1.402408507683002,0.01282195028413538,0.04867158154728894,-0.06880724237443245,-0.03304021121375278,0.09526815998637425,,,,,,,,,,,,,,,
fpca256_15,22.876955850748345,-0.09224892880924393,0.05773344177620231,0.043191460426237706,0.010588723310020254,0.03573688021008524,0.02479626113818996,0.09154917259882435,0.021737201425344934,0.052982025033674274,-0.056555203905095844,1.4000661842570805,0.009520419538164793,0.09970169244150746,-0.026247866722688123,0.014938362532858159,0.05816293018047931,,,,,,,,,,,,,,,
fpca256_15,22.958987111458555,-0.09142849023244061,0.06109174280254849,0.04116319786882014,0.016943971324247915,0.03288531145774315,0.0431821647834952,0.08577846300803108,0.006345483829073382,0.0006247423157154233,-0.03582823623087116,1.3999053970200392,-0.009499631416455892,0.027830027353221112,-0.051846997754221504,0.0023133719309351127,0.011130642000901537,,,,,,,,,,,,,,,
fpca256_20,2.041015630355105,-0.011336730109677586,0.015118140869756014,-0.0915361313688048,0.2600890154858263,-0.08497206243968598,0.29371722525295296,-0.029925087304096782,0.009792410760058382,0.0758565968116688,0.04921865971020022,1.7148153503220893,-0.1056163884921267,0.020698412923991192,0.08201333525318322,-0.0723220082846108,0.03311440767005512,-0.1580952661204399,0.08159183382074046,-0.05761265863876297,-0.05564180279389508,-0.016708670201955222,,,,,,,,,,
fpca256_20,2.1230468910653144,-0.004195259492534076,0.02027554426572853,-0.08246715563771484,0.2379004229936434,-0.08117926688816762,0.3233509983783064,-0.12225310127206518,-0.0230365738466917,0.24483375476140107,-0.04208369839374381,1.7196997885298204,0.10074631362981694,-0.003949204006956526,0.005331526926653513,-0.07856326969258097,-0.09615314151493944,-0.10957103975827474,-0.012099243594446363,0.00365286068719454,-0.20221198823689931,-0.11871597756954638,,,,,,,,,,
fpca256_20,2.205078151775524,0.0030045122922224277,0.021875858140865012,-0.08370896599044392,0.22893651083521116,-0.068536838404125,0.21602436444830755,-0.09624537544777574,0.032872171589202304,0.17467066720106506,0.10265630955994189,1.7329097992848972,0.10311772680770664,-0.008592667038177446,0.04745502011272398,-0.0023933550025647017,-0.04971411461915953,-0.02866879900278199,-0.005095780272337614,0.0868697099224622,-0.048925873398224504,-0.028929520263311328,,,,,,,,,,
fpca256_20,2.2871094124857336,0.008791768416910872,0.023354100128773148,-0.08987397735153817,0.2113898806173518,-0.025509351254883513,0.1871791079358433,-0.08887714121528467,-0.06348085289728345,0.014252938678484336,0.24028703477228308,1.743914539454719,0.03316695920231789,-0.03067165327855456,0.027097610249154473,-0.039477604840388834,0.03144591555410374,-0.04194972627181084,0.01362898166097011,0.05990167281791519,0.008102065795854353,0.1898647513362751,,,,,,,,,,
fpca256_20,2.3691406731959432,0.01200850617510225,0.027568926428841095,-0.09671476567068882,0.1907879859330534,-0.011193659904306902,0.14178127623172213,-0.006471745066952781,-0.019249559399094236,-0.0992424541417359,0.14781743927304108,1.75353748121328,-0.057276355983925276,0.0012273531042529921,-0.04166019348343508,0.027308465864148455,0.12250158838302956,-0.10730605302970668,0.20182841774490703,-0.05544567939030233,0.030885256656204955,0.07725701558750164,,,,,,,,,,
fpca256_20,2.451171933906153,0.017956096112780543,0.02565083368396109,-0.09062616770120002,0.17729433861173388,-0.012443675772639051,0.08536247741382097,0.031175874041583673,-0.08151321212744371,-0.07323995005807982,-0.07281936428439281,1.7495550176636243,-0.037313763885175946,0.06803505533834163,0.09233498215653846,-0.07687113890330674,0.03264984275094575,-0.011738569978986521,0.1939214628707825,-0.09583466683827879,-0.08113790517974169,-0.11367329668477548,,,,,,,,,,
fpca256_20,2.5332031946163625,0.01673528463009038,0.029762596130218935,-0.09349789090921719,0.17690755048767098,-0.007103323814704909,0.0339802476236834,0.05076808649902216,-0.16220362806672586,-0.14709948023216846,-0.11481700311753795,1.7485164857114845,-0.08835399241168675,-0.010176489862103913,0.023273713840430386,-0.07660366302860262,-0.034908333778678205,0.08233988874418818,0.12330904295875061,0.04470414167267691,-0.13785917472517595,-0.10637950220475693,,,,,,,,,,
fpca256_20,2.615234455326572,0.015961572360570286,0.028387374238042183,-0.09840816889037764,0.17133328194531203,0.004367237830995435,0.04238564258004274,0.05828529298413822,-0.116349760302387,-0.21530647025465915,-0.01414473758021502,1.7333378044045102,-0.17215290852394285,-0.1764615558760345,-0.08034015602271034,-0.06890369639972589,-0.11151762726047099,0.11606274456930149,-0.07682537965468067,0.07029718020782459,0.001459085975967972,-0.049204204659585735,,,,,,,,,,
fpca256_20,2.6972657160367817,0.016574267311914952,0.028808176956241365,-0.10410312404346668,0.15752710136398362,0.006696329401278959,0.05923489611483329,0.06353977741942182,-0.0008158872533784514,-0.15289747385617436,0.006693122022879361,1.7273610439618152,-0.12534672491247184,-0.14968674495282952,-0.09453360076658304,0.003306449886594842,-0.061414386356923686,0.13976999547207009,-0.11937405936739007,-0.03279022847174547,0.1626748845067425,0.002136721837947095,,,,,,,,,,
fpca256_20,2.7792969767469913,0.017986420715006245,0.03029832798816994,-0.09728004374452974,0.16119964917517565,-0.005818500185965522,0.052395645073044256,0.04760979858179237,-0.03465128315066962,-0.04682851316238962,0.001395111889231554,1.7149643526504186,-0.09348487349234214,0.07388832477539631,-0.17984351439001234,0.11882291632836076,0.057274156136400196,0.10877435336746578,-0.10750685776909288,0.05062158744008638,0.1352492852158554,-0.08287318587900612,,,,,,,,,,
fpca256_20,2.861328237457201,0.017756645484158357,0.029136005641724694,-0.09672109854353017,0.1478228298870635,0.00280233274681398,-0.002248106472467702,-0.01099169098837871,-0.08920678363659723,-0.10030853832937439,0.024443258136416447,1.6955322370758679,-0.002851272011222275,0.05614061247198365,-0.12077417781327052,0.16217622932352477,-0.06854631816702844,-0.009807101421225067,-0.012675121475436466,0.08090766949131016,0.13014613960026106,-0.1100336365177507,,,,,,,,,,
fpca256_20,2.9433594981674105,0.016360385491453723,0.03110378334129736,-0.0913152455144486,0.14064307550447935,-0.009348458855284477,-0.03491255426803084,0.059126122605245524,-0.064526669084247,-0.05719486966206472,0.06277221302455535,1.6756352255317564,0.013535578610727017,0.00820285152846928,-0.16099289993919363,0.06841386462291815,0.0027291646644722325,0.015089657749075003,-0.0975264300620978,0.23557151573900476,0.10138763885568383,-0.060721295160055325,,,,,,,,,,
fpca256_20,3.02539075887762,0.01593355478519348,0.02635745541219176,-0.0903818300031092,0.13390015342634554,0.01757545640525782,-0.02524520111593588,0.09466536473222847,-0.005153214159295705,0.04653120004055805,0.03991059479593426,1.645815806154641,0.022467055521003754,-0.05780467046763617,0.011053344956095341,-0.042046927891427235,-0.03237246620465632,0.04261685026923723,-0.0773790912106313,0.15399887401760787,-0.01713232885644063,0.07465121081868772,,,,,,,,,,
fpca256_20,3.1074220195878297,0.015484998181539806,0.027699514180831747,-0.09271240307259662,0.12665095414186286,0.019067724551940734,-0.03629017249665377,0.008988055542434634,0.03127723268397162,0.06028599681957425,0.03197643612040928,1.6116670112696094,0.03868100779447248,0.036032579789174776,0.01346216162333641,-0.0506076071435842,-0.04540575431168112,0.08461803275038426,-0.03338637342702751,0.1426922128211127,0.04762375957389477,0.2153624179223828,,,,,,,,,,
fpca256_20,3.1894532802980393,0.013320707537096665,0.0291289464418148,-0.09171377864271107,0.13062107395389252,-0.01253973357990525,-0.006929018807224232,-0.001412443001266677,0.023239660988173427,0.09522695995682767,-0.0008457701111590221,1.5889068369742643,0.13155140181146835,0.011188417806425127,-0.031510747496746344,-0.020908130150537926,-0.04854538625995497,0.21096715424430995,-0.08792040765084924,0.004811407809684157,-0.036917307028485655,0.03415821084557312,,,,,,,,,,
fpca256_20,3.271484541008249,0.011528970110994316,0.03072103849256069,-0.09504519824686379,0.11801514402675797,-0.012008753011004522,-0.06500387175005572,-0.024982587217942998,-0.009836080072951559,-0.019724937123339448,-0.00866772862847523,1.5548902469068369,0.14195971661839624,0.08716734568505385,-0.00622705875762504,0.028680324525473172,-0.06446526787400868,0.09879331596223148,-0.06717290167237555,-0.15596577501472333,-0.05999441635774627,0.02417237099934403,,,,,,,,,,
fpca256_20,3.3535158017184585,0.010091102975962598,0.027994787820497802,-0.08564380398857441,0.12295435013196392,0.0016025664491906174,-0.07409836152685866,-0.02804944848283552,-0.04063084467687633,-0.003620117732014344,-0.023390083162266248,1.5205989513645406,0.04895005077734023,-0.004482272573599825,0.02853077358208661,0.011064748867494506,0.03865174030881478,0.07529921951533815,-0.03200816826495865,-0.15550280859312393,0.006028563777086479,-0.020737810025065556,,,,,,,,,,
fpca256_20,3.435547062428668,0.007791064615625866,0.026554706094320854,-0.07576849376592847,0.11595647350138645,0.003575709148726248,-0.09645359479917977,-0.03416313115823774,-0.055272015561618815,0.048326886150555415,-0.009567387288795566,1.492406035279643,-0.01211279785070457,-0.07286020483286441,-0.022926778246757262,0.07153694316064937,0.018363463913433496,0.019389032024152666,0.04631106161273399,0.01655187840554044,0.03302929793254851,0.10060159816617359,,,,,,,,,,
fpca256_20,3.5175783231388777,0.0061088892175594125,0.026148371553219373,-0.08227138971567388,0.11317693172982943,-0.026807922146171,-0.08612998980481804,0.011725687044700084,-0.04310857783514982,0.04382240390519504,-0.04394053344717461,1.4694835720808037,0.029462936153003827,-0.039904495008923103,-0.09222922577581492,0.07645315852590338,0.045534068294751116,-0.08687448333893222,0.04275740690744202,0.11737455696530111,0.04546165424719385,0.08259141684972615,,,,,,,,,,
fpca256_20,3.5996095838490874,0.0029815558352887486,0.02597269533382899,-0.07609581440039809,0.10589142176923183,-0.025669544291536214,-0.12248997408164243,-0.018967497095613097,-0.056544659430055516,0.01545249076800062,-0.1055574006637438,1.4402138693948607,0.0864013042427268,0.028822451778521295,0.004026783633275105,-0.04419392454809712,0.057162458055065174,0.0022996427914508816,-0.05203393515784672,0.04231624836447982,0.04181796013352515,0.0713650949376956,,,,,,,,,,
fpca256_20,3.681640844559297,0.00224014952715627,0.025803412008649957,-0.07531144299648714,0.1095749876502154,-0.02197722058690602,-0.14075386800829023,-0.0634710309799697,-0.005181351688197597,-0.006155795347459858,-0.1385531867016174,1.4120799781964197,0.04547378776067762,0.0316468644432573,0.07179102412809313,-0.0608182980870966,0.10607870665697362,-0.002236199905806785,-0.10963268738046877,-0.007223558688021214,0.002702427574108379,0.012632435822322569,,,,,,,,,,
fpca256_20,3.7636721052695066,0.0004022747710684501,0.02613384483334292,-0.07200655502237499,0.10392964930523896,-0.027970677315849166,-0.12541653154657315,-0.04863324300705182,0.02084806219960173,0.03534719034728416,-0.12533536738137327,1.393504621693574,0.039068892815897927,-0.03430996340448658,0.037853057260885115,-0.030783060874571402,0.04128413922576462,-0.047075976449146906,-0.07580593341935218,0.015754343011874894,-0.03363359934507813,-0.004751774419227736,,,,,,,,,,
fpca256_20,3.845703365979716,-0.0012358490860472624,0.02503069902210807,-0.06900758739775613,0.10744249921574614,-0.005446405860503957,-0.1464799235669664,-0.052386526558259996,0.03259891745217111,0.0623481426103981,-0.09029674170082819,1.3655512631310802,0.005127365142608149,-0.09039542305968667,0.03899746416951072,0.009751086053646052,0.0013234611391449852,-0.03615302173119844,-0.009063674992075214,-0.03255939721342846,0.01744317644832427,0.019361081599732377,,,,,,,,,,
fpca256_20,3.927734626689926,-0.003801543765951019,0.02582295716348815,-0.06299566879961072,0.10336728897092715,-0.01160170214105972,-0.15110284752309333,-0.046756423762846736,0.009097446218718648,0.0026497028055111546,-0.08406036525163571,1.3445000697529554,0.01111121627274976,-0.022249202924307175,0.023923885395874672,-0.023914468039401726,-0.055108071474624126,-0.0528990547037414,0.027643107281905513,-0.03874965141554369,-0.03736341000585383,0.03214701570912869,,,,,,,,,,
fpca256_20,4.009765887400135,-0.003564208204845038,0.026870483451945214,-0.06976163397820054,0.1046820436058043,-0.017973558675183472,-0.13406858289476412,-0.00904590139362237,0.06761861151110718,0.03489298708453227,-0.11668644633541664,1.3172171848405525,0.000328904614390807,-0.020404962623061768,0.019752234414405635,0.023074437428120376,-0.016753701959619546,-0.007110222691762896,0.016854549362844154,-0.03694369447305397,0.02216727546769085,0.014771726427053586,,,,,,,,,,
fpca256_20,4.091797148110345,-0.004265777764588908,0.027867754202772353,-0.0678333171375101,0.1004364925817606,-0.03427602773455143,-0.15637434938168202,-0.012446508063468906,0.04853741853312622,0.08091200087600751,-0.08914967017702835,1.3000544154099043,-0.049966079773997335,-0.027057304147053887,-0.05716472718113294,0.03654738477655464,0.0511287474930228,-0.02006019522629293,-0.04319920975786921,-0.030061176807060466,0.05228661708986726,-0.00712796150138674,,,,,,,,,,
fpca256_20,4.173828408820555,-0.0067736908375650535,0.026129775814560684,-0.06488329115535563,0.09356588731900387,-0.02667701073514769,-0.14316043223408995,-0.048845006761591446,0.05716517227516473,0.058469494226935564,-0.12981558481682492,1.2810221648205222,-0.04519178553749856,-0.012838042205318471,-0.07541642390122275,0.026786864800320706,-0.017767720932052283,-0.09029956745245701,-0.04648906899412318,-0.01900302348696392,0.008505254252855199,-0.0938570744350031,,,,,,,,,,
fpca256_20,4.255859669530764,-0.005546092860616822,0.024833972901429566,-0.05770352585268945,0.09519488187202611,-0.02691975581230487,-0.12884302966550862,-0.05206552261931855,0.07783780195194938,0.036612628045318056,-0.10092845297457176,1.2626105690955225,-0.05223188681553673,-0.0028949274659473417,0.018133274340877636,0.039373898219459524,-0.013388927120983371,-0.10379688516695454,0.04665968933705286,-0.07715586791990782,0.002261389339064593,0.0005794440736220374,,,,,,,,,,
fpca256_20,4.337890930240974,-0.007063444353493448,0.02422422521165583,-0.056754685567305896,0.09050120004157457,-0.019724586023442958,-0.11916005765378507,-0.03098357274346329,0.04639177259328946,0.04157901779647268,-0.03009644977765194,1.246050873646468,-0.029388033951463333,0.03655288375553971,0.043936462974643015,0.0694328806105674,-0.021122218540924623,-0.023216069071121365,0.03216924180685092,-0.09223290749428556,0.05464345721031344,0.08963836463756446,,,,,,,,,,
fpca256_20,4.419922190951183,-0.006287759458203522,0.022546443768387815,-0.05234678330048046,0.09396617263395213,-0.01440841349932344,-0.1376299146379999,-0.038110243065130694,0.0660503731760518,0.024481279693513307,-0.02046605365556496,1.2302090073823682,0.05697827219121364,0.021392203467529916,0.049903427802265005,0.07975552597313956,0.038536223519543625,-0.02096066164793431,-0.01151155876030627,-0.16238296971821736,0.030076092919261832,0.01726208797171573,,,,,,,,,,
fpca256_20,4.501953451661393,-0.007804696475243042,0.022155133403292747,-0.05428938662253907,0.09008542543764465,-0.022075033012277458,-0.13083164727873703,0.0017673210922779126,0.03820073724104463,0.013465231066304185,-0.046450270482251636,1.2136580043622622,0.02944808588104824,2.847555593701867e-05,0.06195151598915707,0.06462507170255105,0.058848403823993534,0.04536468295564394,-0.0053974052933399574,-0.12498462241061836,0.021743380218131464,-0.028769256134597875,,,,,,,,,,
fpca256_20,4.583984712371603,-0.00568779240330742,0.020971900309709534,-0.05392863512985633,0.08402543734355658,-0.024797606048284983,-0.09961571708520806,0.02058729804115209,0.04169629028287776,0.02952912424747823,-0.04627319677567364,1.1991285449937625,0.021637080273011325,0.017824190267966167,0.03955160034674131,0.04082907035604111,0.00019145975602748166,0.016686607890325916,0.02803503063307758,-0.11291024125191895,-0.02636438008040312,-0.06424108488840714,,,,,,,,,,
fpca256_20,4.666015973081812,-0.005932142728143794,0.019384815130989917,-0.04833346055631123,0.07408248150418065,-0.014381432679297677,-0.10345728079451504,0.025660338234460033,0.0495122741399588,0.03154850002939827,-0.025192026336932995,1.18243271637833,-0.013863114547739322,-0.02661766108599356,0.04498284352790623,0.06557587149481475,0.0007893884111014049,0.004295007838828677,0.036505097038918966,-0.09053296520493573,0.0005392421747864307,-0.0798920002329997,,,,,,,,,,
fpca256_20,4.748047233792022,-0.006595201904937821,0.019935857726938518,-0.04446537222461514,0.07314626153652247,-0.009886385999056703,-0.09324060317562527,0.005938716755592043,0.03392650167053784,0.008533084610243874,-0.02541253322814749,1.1618282066820302,-0.0181477558696819,-0.03973961251507395,0.03588720603340573,0.003734424330995326,-0.020472174321755347,-0.027194179654354955,0.01774811484551171,-0.04161093333120007,-0.03763602230128129,0.0414183945364857,,,,,,,,,,
fpca256_20,4.8300784945022315,-0.007630976897027751,0.018106622157128032,-0.04291576256268307,0.07207188734025292,-0.004103472265450882,-0.09316864985608417,0.021373193054954897,0.03516937556697429,-0.028585862898238258,-0.016640807206451943,1.153068280531428,-0.011689876707005827,-0.0009729694931606952,0.040397519435641446,0.0135433724614159,-0.0019168635401280772,-0.042489667887566286,-0.012534160582310477,0.00040108797039701627,-0.0232413811993231,0.05605546023404068,,,,,,,,,,
fpca256_20,4.912109755212441,-0.007016337422839836,0.01618981745853411,-0.04328065089706009,0.06466599357345436,-0.019464584527186416,-0.10879452146713413,0.03744608799817132,-0.0008810367926968186,-0.022568362418056993,-0.007801342328225026,1.139002677417717,-0.03852929640528089,-0.02560970190382016,0.0452969050185785,0.013079472434340551,0.015231776853649622,-0.06730324095154959,-0.0043177958844330434,0.017358126070737966,0.051843536564887674,0.045261809840090386,,,,,,,,,,
fpca256_20,4.994141015922651,-0.005192064798582677,0.01665827083706827,-0.045667066848995866,0.06564507583511835,-0.008136749318231913,-0.0802470062188823,0.04874714299875235,-0.0020828112454659236,-0.019035750350817556,0.020167194779476417,1.1230753021081714,0.025395404274102022,0.011149955810842035,0.0328355620969937,0.03559117739578235,0.0711020738993618,-0.04805750959327134,0.000809791423445793,0.03967147072251931,0.0082417554161716,-0.03339014101772022,,,,,,,,,,
fpca256_20,5.07617227663286,-0.004275262052396278,0.015843569032516436,-0.04000725439548466,0.0545155393908695,0.0008072271213550212,-0.08798069445338494,0.06344026980550325,0.020403569183402637,-0.021562360026204465,0.017786041768772905,1.112067649551462,0.10795140531930185,0.03702893216035655,0.06701396860540719,0.03538517834188914,0.006444265623006821,-0.023778834485612986,0.014710803878142348,-0.018706369194609468,-0.059584770318097495,-0.04900514808506075,,,,,,,,,,
fpca256_20,5.15820353734307,-0.0034020664342325384,0.012782986107627497,-0.03149724967907979,0.04741169962949631,0.00138794237325753,-0.09980105714950412,0.051995538974351725,-0.022133746730668966,-0.007409348345515493,0.010604872702848774,1.102214685225441,0.031927209799959874,0.05766688613713099,0.05234167109844876,-0.0030886484910113586,0.0041844903898247444,-0.012265669014820974,0.013551425888977377,0.003221373838395626,0.0013075735166480995,0.0029925998017619696,,,,,,,,,,
fpca256_20,5.2402347980532795,-0.0024491046442500614,0.012192127621784128,-0.033419978470952974,0.04745605809897277,-0.004781660498734984,-0.11399860397440952,0.07200829758033497,0.056478191898409594,-0.01527669891640091,0.019948628684079355,1.0844662206490157,0.02947384836405635,0.05919205949671792,0.03156470038331273,-0.008215688262388035,0.06263697896532817,-0.016576906992818996,0.02375748570325402,0.02931537723686171,-0.016758647391485165,0.012912001991836126,,,,,,,,,,
fpca256_20,5.322266058763489,-0.0022759349716896166,0.011835698356409427,-0.029239716127394462,0.03914631400604257,-0.012847209107225992,-0.08712425492736874,0.062087245886927225,0.003909041195001521,-0.03325309194561377,0.034184868999093294,1.0768980717159835,0.04384706874562959,-0.005128246061595978,0.04756285003710856,-0.02820283365513273,0.053806016870603796,0.03255154334326606,0.03145666420127613,0.000895997109810847,-0.011415665634388728,-0.04083906039007977,,,,,,,,,,
fpca256_20,5.404297319473699,-0.0032088684778300075,0.01073511292791089,-0.025230378914955918,0.043115898730803605,-0.01590477905170075,-0.08364254495895024,0.058929842384068065,-0.010167363421470102,-0.02457247219579938,0.06256063994616004,1.066654941488581,0.03434924274273063,-0.01619683476697558,0.06534986487212352,-0.017647431489350152,-0.0039052827239390506,-0.02340051881033192,0.015981372581047034,-0.0006263893082439007,-0.05616787192262286,-0.035826725252467176,,,,,,,,,,
fpca256_20,5.486328580183908,-0.0023877826792991076,0.010368818016432284,-0.028456031277747092,0.03733421108811792,-0.02258343360392345,-0.07470020304304814,0.05521343494001116,-0.012616164671276332,-0.06596517091927016,0.04331224081877062,1.0585517161438658,0.038523989707067934,0.03732019093917673,0.0016477564729265055,-0.02798546361901165,0.03223625359284678,-0.03819504089654492,0.034937323414525365,-0.020121160730470766,-0.00682710594368729,-0.07682380227301994,,,,,,,,,,
fpca256_20,5.568359840894118,-0.003176888376817579,0.009108033821258743,-0.023986868218436812,0.03949741748846037,-0.010913514833156323,-0.06177180719196891,0.07318066595758338,-0.003669617973643198,-0.08090727981869712,0.050159807212003894,1.0531859589418606,0.031207631648324564,0.0017664792796503216,0.018950508164425922,-0.04144736935640855,0.0475087859224094,-0.0504758958135306,0.04715949804223011,-0.02080349244376334,0.0003437728100172399,-0.06535559907360661,,,,,,,,,,
fpca256_20,5.650391101604328,-0.002561921215608849,0.009732906804806445,-0.019912845319017682,0.033931594957508165,-0.008048059148204934,-0.053600971247730715,0.09339452142184324,0.0005429819964426899,-0.05200029929426201,0.02619148503260364,1.040370688308224,0.034776981176239875,0.04914265302684054,-0.006261631406033013,-0.025833662688889886,0.005828107806770032,-0.011165502057235883,0.05499686536435154,0.016579141926191688,-0.036609530841317836,-0.007156283840133653,,,,,,,,,,
fpca256_20,5.732422362314537,-0.002406195301043382,0.009205734777950192,-0.019225216142487,0.03714469200909078,-0.013175064304269435,-0.04743056397638701,0.08973512840813554,0.007311453720323759,-0.032882410265651134,0.037959635470060565,1.03567288175227,0.012268787850213432,0.039546748604283546,-0.02192689845879842,-0.005590833299586533,-0.009632872246737905,0.0044407588369540126,0.042476379313807315,0.0032278031261307443,-0.030347637850227663,-0.04041569565895978,,,,,,,,,,
fpca256_20,5.814453623024747,-0.0029484825274741677,0.00863078109605125,-0.016076855774900103,0.02968056699978694,-0.01004179839909865,-0.046802496220199656,0.09520551878296271,0.005883570368308805,-0.033363839056398385,0.08294142552097643,1.0298120189505384,0.012268948758923655,0.00738589930914655,-0.011858500929679463,-0.017389074223547442,-0.03562342178981485,-0.04240416586759715,-0.0015193710488926229,0.025708021775949032,-0.001039394186138895,-0.025694658539310404,,,,,,,,,,
fpca256_20,5.896484883734956,-0.0022808742233698712,0.00626884115529373,-0.014084701624287545,0.027945940453991104,-0.017529782157461336,-0.04409494510805147,0.0805746128916612,-0.002506125934017419,-0.05173934943688636,0.10992469598306853,1.0229986930440678,0.03379769157117542,0.0004446781167600348,0.0251283763074503,-0.03429832956573151,-0.025636383069599204,-0.045790721017705725,-0.014320511903879186,0.048209672269012446,0.014049055166300502,-0.011189590361529778,,,,,,,,,,
fpca256_20,5.978516144445166,-0.002351132527917451,0.005569708484012097,-0.013495491770957392,0.027130938188175663,-0.017085632798933194,-0.03722751061290654,0.09330698291732246,0.012514339247895577,-0.023702924129258757,0.08003770182966911,1.019181519911319,0.028892385911444128,0.013940206802750783,0.0651136498025398,-0.04926608928029485,-0.013401954405443731,-0.03528461769616213,0.029121076882052774,0.05958191802948741,-0.01619552754823494,-0.008985592590711154,,,,,,,,,,
fpca256_20,6.060547405155376,-0.0010975788386130805,0.005779259064154696,-0.011169824501058174,0.02883392464945648,-0.009741423647613908,-0.02774542423872229,0.10123767721108967,-0.005119490131357487,0.009232772245305537,0.05485687308340227,1.0140538163636434,0.04295700833119611,0.0391202779822617,0.05269773031684977,-0.02778510836887818,-0.002970004440602681,-0.01693857233865608,0.020259839831948106,0.026119279165614368,-0.02508268816724872,-0.028506847821080185,,,,,,,,,,
fpca256_20,6.142578665865585,-0.0013715990507901686,0.005284648425683967,-0.0112710578250288,0.024727464183390592,-0.004769496461552414,-0.03953500574292926,0.10320571620063751,-0.006505515796332855,0.0019107123251099882,0.05353191628768145,1.009954757793071,0.036175021334285185,0.012772122974084185,0.036915216878799804,-0.017890703780536497,0.02048830070245926,-0.002413171795839152,0.023162608138800715,0.022315997713846476,0.00021918012773850665,-0.011539027475246728,,,,,,,,,,
fpca256_20,6.224609926575795,-0.0010670206817828332,0.005429762576127072,-0.007809079676102188,0.029462155694480623,-0.0012057427410939465,-0.03832248874529251,0.11186623500566809,-0.00462587937942565,-0.04204128152442923,0.034409082766232106,1.0079329761173252,-0.0037980612409150836,-0.0022000516092618924,-0.0008734135212676521,0.0064025758582259675,0.0032555076200795068,-0.0006911434600343561,0.02021699599899928,0.028504187181586333,0.006071372830298606,0.015901672915136566,,,,,,,,,,
fpca256_20,6.306641187286004,-0.0010245231375611993,0.005303459778017886,-0.007082931128212113,0.029310560202259504,-0.014341824938908253,-0.006898740485452526,0.10291685729492689,-0.0011735729636354374,-0.031296133716895984,0.08226261125179311,1.0059776960952704,0.05440583969012544,0.014643869759590146,-0.0005656546948128822,-0.04332379053868654,-0.028383480021418772,-0.016522009411684867,0.027522012114684285,-0.01264001856878854,0.029139083392690744,0.019620600350601917,,,,,,,,,,
fpca256_20,6.388672447996214,-0.002018203737128097,0.004556057757502554,-0.005373883426368614,0.019108493009887456,-0.01012784280935452,-0.004842408613689348,0.09687937974210438,0.028058160503567003,-0.021615921521716052,0.052276089838193276,1.0073096800074386,0.04037166339880217,-0.010185840261817639,0.024954499675369723,-0.0414726961314637,0.013796872537123214,-0.017827794908508412,-0.009232693702676048,-0.016900894747722554,0.004764716946557472,0.012087932475698969,,,,,,,,,,
fpca256_20,6.470703708706424,-0.001368015776967399,0.004289406089587148,-0.00389063777904708,0.014296063235860523,-0.015339805856565351,-0.033848966704243075,0.10700371073511586,-0.016175885776254086,-0.006025925739616195,0.04026862379168088,1.0070958024542407,-0.0056488112813073785,0.013039853850777286,0.0057927084501070425,-0.00619027439567908,-0.03680835282536782,-0.01708438164415877,-0.026372702093685065,0.03263085033438678,-0.001428098279767251,0.03058523146775814,,,,,,,,,,
fpca256_20,6.552734969416633,-0.00024181087510495922,0.003479244311759036,-0.001771985290398787,0.017434202228805516,-0.027135766097824216,-0.02524325301984214,0.11757477328689318,-0.011399224394090302,-0.020807743127514967,-0.0020779935465354274,1.000460128383584,0.0036431162372552637,0.032852566600055234,-0.01444058609584628,-0.03768470305925536,0.0034826042019645955,0.0005774934530162956,0.005977163111140455,0.014069678255829186,-0.09193236726240898,0.009721674686328712,,,,,,,,,,
fpca256_20,6.634766230126843,-0.0006178891705304572,0.0032860681784906472,-0.005261210842317688,0.017019625392415295,-0.007652034811147791,-0.022723519361639598,0.08923298007862282,0.003017130895029634,-0.009003180045710494,0.008274174343127494,1.0012927978919242,0.013856440514709165,0.011308872121881641,-0.011605880848912,0.002095251716294956,0.020151873849236713,0.01622550213508264,-0.029038632440451885,-0.011246798667137521,-0.030126769623003275,-0.0026957182629627104,,,,,,,,,,
fpca256_20,6.7167974908370525,-0.0006356208462344502,0.002654336532587762,-0.003401784473731806,0.006372415453525412,-0.0006043698209630349,-0.0036187628350395624,0.03365600189069565,0.004108306585141209,-0.02371762089697284,-0.014825521869880204,1.0015594371108703,0.01482922098091817,-0.0038656457589956537,0.023066256316858103,-0.008242980297451859,0.009027943652844357,0.007281832714993058,-0.010481899022486144,-0.012226951061366774,0.002101523192117643,-0.040659519034423414,,,,,,,,,,
fpca256_20,6.798828751547262,8.094024398862349e-05,-0.0007127772260234576,-0.0034167735071555195,-0.0006820010277378392,-0.001033461378223027,-0.01292198242896844,-0.008443651204564766,-0.013215136060389512,-0.003813982460898231,0.021227102854746986,0.999575862340858,0.02048700231253099,-0.02316127724840801,0.013204536933630589,-0.022425090234790883,0.004270690282985304,0.005281824118860648,-0.024795276334602226,-0.013940505963679663,-0.03419671636004412,-0.013170323456769852,,,,,,,,,,
fpca256_20,6.880860012257472,0.0002855491656199879,-0.0006041932106992365,0.0034210167721701874,0.0008198733589318824,-0.00978553456363701,0.004517208198199124,0.01173579576715075,0.004782328198400958,0.004020766766561982,-0.002095502070775412,1.0005575596810061,0.010637983173499187,0.004986744959604152,-0.008870806226706256,0.0021021596999222293,0.019816601260429067,-0.03470744510492681,0.029751689077116,0.03571511801194088,-0.028436746584573902,-0.013538527606644559,,,,,,,,,,
fpca256_20,6.962891272967681,0.00032675861335199584,0.00024615084338121653,0.0018670309320151257,0.0011693299531853245,-0.011351200493230715,-0.0015722521750945362,0.02797080240408742,0.0030351414862945358,0.029880084373771196,0.008221089759917241,1.0014355848963643,-0.001959514666190416,0.009145612367731839,0.006143388278667667,0.006840749896038004,0.0017982539758287126,0.007312849200543491,0.011380331278028991,0.01597732608432999,-0.012938129731313414,-0.007897318514226731,,,,,,,,,,
fpca256_20,7.044922533677891,-0.0005836575857232035,0.0013180697717850168,0.002587348715648001,0.005525943026038192,-0.009283437585513277,-0.019377489060604138,0.035816317998266234,0.012160671421423668,-0.0017194290698778062,0.004375317303105673,0.9994168905541682,0.017820268351034927,0.0017616047821308965,-0.007833352553355877,0.003202102284016956,-0.02827771105370038,0.014016999344505263,-0.018376280201709286,-0.012673568250121128,0.044979614684536005,0.02339995903584087,,,,,,,,,,
fpca256_20,7.1269537943881005,0.00016249088042255924,0.0007366542892818179,0.00723938545534723,0.017189328938164307,-0.03066981281659106,-0.02055878280369082,0.12540254609051646,0.019641264034838454,-0.03640204036421861,0.04458517166804265,0.9981379533342031,0.003362968848996486,0.0021171969631099095,0.013092276830842912,-0.03492881301374826,0.01499252277314228,0.02358586464199578,-0.027201951077561334,0.0012770851239528626,0.02099742588239174,0.016483541619633474,,,,,,,,,,
fpca256_20,7.20898505509831,0.0003476244396466177,0.0022496094717136673,0.009410958432248822,0.01706086118550688,-0.027908378707730417,-0.01763350789298115,0.09453113271837908,0.046259608188124364,0.005272894548885079,0.05925078471641439,0.9988325061110087,0.01238060612718002,0.014157742240131681,0.006279155555833901,-0.02524264554488702,-0.01729631962436115,0.040714296898257736,0.014423748071780033,0.032327515150936924,0.009584703272557912,-0.004838358408172292,,,,,,,,,,
fpca256_20,7.29101631580852,5.456043982166167e-05,0.002326350195107842,0.01001858291548012,0.018734558685211386,-0.04166506398248151,-0.03835024133976181,0.10646540734375048,0.007408159636378055,-0.031279368152145645,0.05871997600373705,1.0069841317014436,-0.003831378546189557,0.014302029941958977,0.0030856669342741606,-0.025079587749879704,-0.039684997186150206,0.0464366806989026,0.04240530249709284,0.006597700164346334,-0.011348456772706296,0.00955616178403135,,,,,,,,,,
fpca256_20,7.373047576518729,0.0009226716012427896,0.0005478082782694558,0.010559036295925164,0.01725273644316911,-0.038275386101719544,-0.031692272681684196,0.12832219983523466,0.02399370590051483,-0.00975220473601332,0.02890543833759773,1.0062889997928168,0.019432172549748973,-0.014492129907284473,0.011079413499500486,-0.058385016243815396,0.001216960718663787,0.026696293196643843,-0.029686637224523554,0.010013383132428742,-0.04338521631117259,-0.019152194665507327,,,,,,,,,,
fpca256_20,7.455078837228939,0.0018107496938792563,0.001496227184659294,0.008769882131834213,0.013040866803013565,-0.03639922977004783,-0.03216476471151173,0.08671427703963726,0.04308991376790882,0.0031083114017788583,0.04819419722870467,1.0128905870397213,0.009113835668513953,0.0037205050330105377,0.001972567731915744,-0.05049194656190185,0.011400067779508196,-0.004592040112002999,-0.01860740924418075,0.01788331440205095,-0.02108357913799766,-0.006521722414020756,,,,,,,,,,
fpca256_20,7.5371100979391485,0.0013174404177788285,0.001904408859120291,0.012734861379280267,0.009939557321792813,-0.028002003728663277,-0.03278188262706902,0.0992750101723462,0.01729125047327518,-0.011759252287700478,0.040911102659765525,1.012229063915658,-0.005164857862796298,-0.025993380875810206,0.01749132765321857,-0.04996980051233761,0.01573051452088096,-0.015811469257764162,-0.023468350550344404,0.028043995304678375,-0.02508530312436881,-0.0350088504101264,,,,,,,,,,
fpca256_20,7.619141358649358,0.0009752789001279678,0.0010820935654231923,0.014143115957742014,0.010901098078518402,-0.029045278375296375,-0.024380306367101368,0.09878512784702734,0.036501367961479646,0.018531747074117963,0.027696953876558326,1.0152186895721453,0.011402842807158413,0.01523986887058522,0.02544203482466667,-0.03361656583111481,-0.02784437585516305,0.01611146039914886,0.018890328841685348,0.02709106062759836,-0.008051767054764906,-0.011965473519633556,,,,,,,,,,
fpca256_20,7.701172619359568,0.001425307966492849,0.0003003568603424858,0.01521792358597791,0.01567035980330311,-0.034302525257619405,-0.02059878651087918,0.07580826249422781,0.03146333675621526,-0.012890864191913994,0.03486115961886307,1.016757456624605,-0.01952908972861216,-0.0024214548135826075,0.011827832312282653,-0.015443458861410835,-0.060978774370516006,0.05124941776762166,0.005075593644361388,-0.022576288785818223,-0.009663347559350898,-0.01098246876305786,,,,,,,,,,
fpca256_20,7.783203880069777,0.0020294959045146807,0.0010974070461134194,0.017401922028648754,0.016269947158449812,-0.03940768915466772,-0.024239375227465783,0.056332130031934574,0.04462857937427823,0.00847094551090543,0.06062194481243515,1.021230763792386,0.01746867738468018,0.02384964408199267,0.029649020822632318,-0.021637616070461496,-0.03703244464059508,0.03656517740198936,0.03286766345521663,-0.0200202878044198,-0.008774546078561526,0.02044431081608305,,,,,,,,,,
fpca256_20,7.865235140779987,0.002004625078131535,0.001049638302844968,0.01398200671839397,0.0183100799633325,-0.04343200441526189,-0.010086671581593237,0.09182927793631783,0.056881874361412024,0.014297052691308156,0.0618227064368276,1.0291961363765945,0.020733198623302567,-0.0010967937936332411,0.043155264123237266,-0.030742059289713547,-0.04682405809269318,0.006666624413463076,-0.00512136293092896,-1.2245406857861775e-05,-0.016808094411642948,0.031626970461165575,,,,,,,,,,
fpca256_20,7.947266401490197,0.001993998499311691,0.0017668781584596754,0.01997534243080488,0.020006017920326843,-0.0383017028506328,-0.03621697332408543,0.10008705859792946,0.012140199030217687,-0.006165151288991632,0.04233064092198373,1.0342300451857536,0.0004946608342410858,-0.014418662417816211,0.03896049050326842,-0.012404754061824196,-0.0156680038900716,0.02759300836717414,0.01170965852325714,0.0018829026873083115,0.007461155331197591,0.019412548306364366,,,,,,,,,,
fpca256_20,8.029297662200406,0.002257765339574938,0.0026624325967179933,0.02155569989106603,0.01953365561713301,-0.037504506410072136,-0.03405134893613292,0.09831720835926838,-0.0047310015570909926,-0.029159271141575047,0.036114295714865276,1.0436442962846153,-0.0026142617941564738,-0.005319163799848222,-0.008852387058571089,-0.0407600302469342,-0.022671018568549764,-0.013234663710500442,0.0013820755092582362,-0.017734845280181176,-0.022644733845891996,-0.009129390323822196,,,,,,,,,,
fpca256_20,8.111328922910616,0.003528002156836887,0.0015796735170334356,0.026245554274704652,0.01727650300070858,-0.040234373730473276,-0.005570044606040571,0.07657773182769047,-0.002642359976545329,-0.02234944705475184,0.08134876333005327,1.0488177705606683,0.019623436044899276,-0.024945475319753045,-0.023351006008611223,0.002303394843358239,-0.008330805190601313,-0.04819010753250903,0.011846856403818513,0.02876393345982642,0.0021354853199140548,0.03736201924820118,,,,,,,,,,
fpca256_20,8.193360183620825,0.004255049222089939,6.32542639044043e-05,0.025744586110859984,0.015468629017701865,-0.05199676124351404,0.001054765342677399,0.10060505346970645,0.0067272059282264636,-0.036915357835743186,0.03193893847184223,1.0555366540216966,-0.0017765452009419315,0.00250234119477347,0.011864464902285982,0.01164759004349278,-0.057028832538177573,-0.003635169124522596,-0.014184196206089765,0.028103295722585374,-0.01446804409934712,0.04462175195288004,,,,,,,,,,
fpca256_20,8.275391444331035,0.003706494174182111,0.001896372646117562,0.02892380454597239,0.018109529702088612,-0.0576079815226222,-0.014310109724722226,0.08599529086667253,0.03827677516182363,-0.03670102864903926,0.0392623840191523,1.0636345501706974,0.00983186233237745,-0.025824863727027667,0.013551772185606895,-0.005720464618434724,-0.01959170838899319,-0.001034917464602542,-0.0015777363751950171,-0.033370602655675166,-0.02698896096693384,-0.024944067231988176,,,,,,,,,,
fpca256_20,8.357422705041245,0.003966992162937287,0.003215357797871794,0.03459640741644671,0.013117675197502166,-0.05521861227629447,-0.03320780518354009,0.09969150106573946,0.051526126700503654,-0.0001143032305510506,0.0187717330764451,1.0738182661768938,0.03569774159514166,-0.007962285001767025,0.03870441780173292,-0.007670802564434046,-0.027960049266355064,-0.019147212582230132,0.011608385761439032,-0.03409425953312642,-0.00021842867443268386,-0.02051504734927885,,,,,,,,,,
fpca256_20,8.439453965751454,0.003580435665203697,0.0029572253609616884,0.03280853139320808,0.01304692511084312,-0.048715386048633735,-0.02655807715405864,0.10320567426019345,0.005588743559178148,0.014974136368132315,0.044849641961811834,1.082377519543287,0.04328457574079393,0.026258277658259825,0.00246443344575506,-0.006868437354439648,-0.008442466879295573,0.01407670655779518,0.003174261049128123,-0.07104754579751267,-0.018901001461785645,-0.0006693050946397702,,,,,,,,,,
fpca256_20,8.521485226461664,0.005176316866546878,0.0010038040968957376,0.03797553051402369,0.014599773732495306,-0.05927327173906887,-0.022989785522852763,0.09031518938002504,-0.007763747805301865,-0.01453091180673838,0.05560966809990494,1.0910124362856208,0.039180127684300695,0.018142363815381077,-0.008500761509117365,0.015433348375835924,-0.049780243961556885,-0.031857845608950865,0.0015139196175707956,-0.09556828173488657,-0.020600679714973452,0.024603202302022523,,,,,,,,,,
fpca256_20,8.603516487171873,0.0056809557280995265,0.002139248936909217,0.037768047265062776,0.014550491156250303,-0.056166886028135195,-0.013104505735509501,0.09695536712716916,0.02996207893296972,-0.03224726219677899,0.035964246615657586,1.100111629781602,0.025201644090830297,0.035905566368817685,0.005156108798319317,-0.008988632362482252,-0.10408322232478913,-0.0018240262488701253,0.004988668812757842,-0.09173828431834471,-0.013936245301838346,-0.042532721910644,,,,,,,,,,
fpca256_20,8.685547747882083,0.005041095063225611,0.003359100365777035,0.04376325871610823,0.013540397061645037,-0.062314541127054,-0.007342615046111092,0.1090448508196904,0.05503231730218429,-0.003322614863004675,-0.000962705840733728,1.1086016040776063,-0.005998559799580041,0.009538594943027168,-0.002722289860021465,-0.00739926136948107,-0.07283292380070538,-0.010934866689807862,-0.029404564319176388,-0.04417883461304729,-0.012111771996116292,0.021564223920615223,,,,,,,,,,
fpca256_20,8.767579008592293,0.005904416247562062,0.002719185927283643,0.04327737463997857,0.0135281164083397,-0.061488168227512796,-0.01970553349120698,0.10298618405710121,0.019653282062054005,-0.00976217373681576,-0.0146195451648482,1.1185191400789154,-0.018350977932348536,-0.038681826623281325,-0.025264574750765652,-0.05956329007235334,-0.02298895702838994,-0.05123910259084771,0.009037410241410464,-0.06535279920381121,-0.053251315988307506,0.01487438706816366,,,,,,,,,,
fpca256_20,8.849610269302502,0.006588878293243078,0.0021008042890919556,0.046983414638322625,0.014946401555275468,-0.0661771180123633,-0.020439893845988,0.11386587213251587,-0.0032677140266372845,-0.022516670720695693,0.01524003469895675,1.1277317709429344,-0.035968048322290246,-0.010282087711856625,-0.03970681991524925,0.009257395374074068,-0.018898758430232122,-0.015619827368047689,0.02410322956266119,-0.04113023321748214,0.0060834166398229285,-0.019777373057665144,,,,,,,,,,
fpca256_20,8.931641530012712,0.007873264159757077,0.0018588118112097974,0.04659498514237083,0.01066047233353172,-0.058791086331926576,-0.00755916906950292,0.10088762597223443,0.03640431714636354,-0.004797579058294939,0.056733979232443964,1.1358259128911934,-0.055371737789889255,-0.007582021900347124,0.010768019958429827,-0.013616278492799004,-0.03400532947594875,0.0020271500752673706,-0.021360315170807578,0.02164880822519689,-0.024536786354967116,-0.002232006079212062,,,,,,,,,,
fpca256_20,9.013672790722921,0.00802251875452876,0.00217857538678054,0.04550299914054771,0.013711843034748306,-0.06790585341725658,0.002955142552466256,0.12996688102491238,0.03234275624579826,0.03126265336691152,0.009292197141479644,1.1489413948154883,-0.06293639296430659,-0.004110193219068302,0.05423676140153816,-0.05543735972475305,-0.0040860797302223854,0.030210648380069035,-0.022356044932212507,0.031624377383626626,-0.02370397347927136,-0.01634905841888705,,,,,,,,,,
fpca256_20,9.095704051433131,0.008392855793116159,0.001995310759622416,0.04505599962413287,0.019470143594582802,-0.06852566006101897,-0.013150543557536008,0.12126077400899417,0.0020549794289931233,0.015204837361788301,0.02998568911553064,1.1628197743545992,-0.0287933679959042,-0.025415182900153387,0.05203282127132471,-0.04518855380814499,-0.02365816953309844,0.046072953710213624,0.003993055217242962,0.0024818586432963953,-0.022667456082630884,0.0041551837441218525,,,,,,,,,,
fpca256_20,9.17773531214334,0.00912766537924614,0.004073932602206537,0.0543598331824174,0.01977011090159183,-0.08076466944422957,-0.0040365521918317325,0.06502139000906282,0.020444680664199806,0.043348004351000134,0.04197431948735158,1.174715997617253,0.022943333291771336,-0.03181557721797944,0.04934052988763461,-0.06834917760162186,0.022339170209886433,0.030748060466986193,-0.03440980974979916,0.02769242011455096,0.021569322038623558,0.024783045907965845,,,,,,,,,,
fpca256_20,9.25976657285355,0.008646459693290127,0.0038767289730578663,0.05422033019190581,0.022769195455142693,-0.08803424463152526,-0.009782603036342118,0.07898968715758978,0.05018147787323786,0.006993123918195431,0.034969006719636216,1.185673739551767,0.011839799184369056,-0.022025205739113506,0.030058651577336705,-0.047979172445702004,0.020789367947295995,-0.011318567474975278,-0.011482397973625,0.0009893135091400586,0.023826308898847827,-0.05875305831006834,,,,,,,,,,
fpca256_20,9.34179783356376,0.011031469147299227,0.004312068910247631,0.059327473458959494,0.01933123806821918,-0.08776230713039508,-0.017988178045170066,0.05633508147652963,0.04967197687022437,-0.008334465746817987,-5.040203728404842e-05,1.199667131561354,-0.005334750949479763,0.029569123551922028,0.012151804917589593,-0.04489754886601303,0.037002820647083906,0.0017107797846616793,-0.010536778166949853,0.007614270345817072,-0.006479827864099466,-0.009805980799699835,,,,,,,,,,
fpca256_20,9.42382909427397,0.010281809646512308,0.0017303831669058323,0.06345170398680984,0.027266084206810436,-0.08639512127784736,0.012576653313803582,0.0637700119541705,0.03354842005297915,0.009486015869752744,0.01729548376436915,1.2165603941601069,-0.011762553218227428,0.027747810586554365,-0.035463551792130205,0.012191817009819746,0.009025039587167334,-0.01621656459358232,0.009023374462624493,0.02034963306799883,0.0014099756911213207,0.04209435577165526,,,,,,,,,,
fpca256_20,9.50586035498418,0.012139265209761252,0.0016579161615431265,0.06762694159054312,0.027374202787252572,-0.08458318331376734,0.019124603898481946,0.03821392568290429,0.020757484774639904,0.010416560437314074,0.0194355342208448,1.2290202584765952,-0.0021923884026524305,-0.0001347547683270005,-0.011145592437482784,0.004677461383774389,-0.007652179225621825,-0.018284040691476783,0.0039751895464877965,-0.00674760821744552,-0.004377198718575028,-0.05273401182891539,,,,,,,,,,
fpca256_20,9.587891615694389,0.012691727978141061,0.003844485075706055,0.07389166451800054,0.026701153902888148,-0.08457945946250926,0.008973597294349527,0.032263050557124855,-0.017824275614856125,0.009711469689999312,-0.040633832795847855,1.248841890931718,0.014573156968352131,0.03608094775682627,-0.050900578216836155,-0.013359442445287532,-0.02396094904246724,-0.003508974051319131,0.016672034057912802,0.04556182310897822,-0.004099055005620892,-0.05082956530362376,,,,,,,,,,
fpca256_20,9.669922876404598,0.012932571198468149,0.005270609872932736,0.07098168984589309,0.03603138490416806,-0.0844810164645422,0.02479908688228658,0.05986690248795208,-0.01083298272028672,0.008121100863220234,-0.013495304001339624,1.2694119251643745,0.010339720386067917,-0.017544040693694914,-0.07052720597257049,-0.008238662066921114,0.007195015443473965,0.005065984957790584,0.009200933952458131,0.07800942483502106,-0.008013984299252264,0.023093375532623122,,,,,,,,,,
fpca256_20,9.751954137114808,0.014295452131545967,0.003928937290743961,0.07067434912045212,0.03373445398926063,-0.08215170608257467,0.010409649595263132,0.07565240697672276,0.028586201373851924,-0.026755069187354354,0.012872833589100569,1.2874381108257762,-0.004053518178495663,-0.0011491713044974924,-0.048224991644499775,0.04452132511008443,-0.02072522797621519,0.0006341694302498205,0.01012050009807286,0.0026298155909215155,0.015262874679718241,0.015653641690895545,,,,,,,,,,
fpca256_20,9.833985397825018,0.015008010664977879,0.005024543026192522,0.07358280837890141,0.03338514054893125,-0.09065157699294343,-0.001217172555419634,0.07990494199352122,0.04706021108379501,-0.018490711073842328,0.03954138106398409,1.313691618977338,-0.057954309995044626,0.015245132026085233,0.004669696485956688,0.021902427609825303,0.0441978369947128,-0.013259478830608585,0.011481798840290044,-0.03949108704914296,0.041323007354631146,-0.029220184544391067,,,,,,,,,,
fpca256_20,9.916016658535227,0.01682885543103954,0.0059583014066197535,0.08277954403229444,0.027925991481644593,-0.0996854820613069,0.03832668176415705,0.07996614431009921,0.05945667769154122,0.0060912348809818466,-0.007169160424198444,1.335630660344749,-0.056972421095188006,0.00466219284964153,-0.0031223606290629847,-0.002441267866402046,0.01224135356661362,-0.019825570048440485,0.000933776938267232,-0.010309026719435545,0.009812044079085615,-0.05206741156640077,,,,,,,,,,
fpca256_20,9.998047919245437,0.01815097279442721,0.004582034400265119,0.08885347027924864,0.03372080977211144,-0.1028046004849542,0.007215534371403397,0.04491098634646203,0.03927946524750911,-0.011661409915728104,-0.05896780731703421,1.3568128850707342,-0.04019306802212263,-0.035984026093760405,0.00750656783023978,-0.02576229275269528,-0.01993230065110283,0.006947695795977239,0.0005602796903191945,-0.03960966141459377,0.02917099384081715,-0.010023235377044326,,,,,,,,,,
fpca256_20,10.080079179955646,0.019380082319116903,0.006088335187428917,0.09005308571179783,0.03643155991603903,-0.09873834885176802,0.04217761922895662,0.05389226078454881,0.019142359742375166,-0.007350480708000186,-0.038585736116248305,1.3747696509565068,-0.05968990547166206,-0.04064610103378734,-0.016213883057051768,0.07967529542017904,0.002314742601597461,0.043955226850145517,-0.0010252087443642574,-0.013448184993629906,-0.022477191054884924,0.024203285425607676,,,,,,,,,,
fpca256_20,10.162110440665856,0.01967214045616196,0.006444092433782737,0.09589932393383475,0.03931240013459595,-0.10603087254210368,0.03192942566018369,0.05533255966048883,-0.0069016862130045565,0.009309833339455916,-0.01579231948941835,1.402840604735507,-0.020763980954839986,-0.031595951410729475,-0.0192081550205994,0.09510631267495374,0.0447378699834401,-0.022479672966008786,-0.020620911812686916,0.02567854080239609,-0.04497403225097292,0.05420424031330638,,,,,,,,,,
fpca256_20,10.244141701376066,0.02030926882270697,0.0065268949768360965,0.09287383960175392,0.040182154646620144,-0.08691690176224012,0.026541218629309877,0.03664372925621313,0.012573231768823712,-0.004860782689879635,0.00983280430168694,1.436371328386727,-0.006071864953221033,-0.017511067013391033,0.023642449759363002,0.014437911458065257,0.015000631052771916,-0.030770643675665756,-0.031170378279987088,-0.013738618263073002,0.034048238265494815,0.013907122003091386,,,,,,,,,,
fpca256_20,10.326172962086275,0.023116156493685435,0.007810170733313725,0.09625231444928153,0.044051146746084874,-0.09492601601358758,0.018065588517678914,0.040757437505365465,0.04527180533310499,-0.010843633340872792,-0.030612068153444822,1.4582971338389685,0.01054741198904348,0.015562078448190552,0.050587970970200624,-0.01291376294431182,0.003926790328095134,-0.03508992042404721,-0.0547534611331502,-0.008146069322748403,0.012290264722775826,0.03210797937657692,,,,,,,,,,
fpca256_20,10.408204222796485,0.025295822029169676,0.008654137340456714,0.09801268165759314,0.043348117380951096,-0.09568300365356053,-0.0002857537492884658,0.030935258452284033,0.049013144551817656,0.026999258240913017,-0.02355994550209214,1.4812418916438073,0.014060877715385237,0.057980426999741486,0.07983654724010926,-0.026154245653361427,0.031346269211022834,-0.009714656424030021,-0.07726655909441456,-0.010389299387299461,-0.012997629114142156,0.039519908062966125,,,,,,,,,,
fpca256_20,10.490235483506694,0.026295387913990612,0.009909018155783286,0.10293122999250942,0.03956897298154257,-0.0834728772729089,0.05312997693427152,0.034919464041842936,0.06823852239366755,-0.039387317361557886,-0.04990109602177523,1.510114072471885,0.07461384295742085,-0.028022527050570373,0.05957585594139912,-0.005603780465624628,-0.038187693635139165,0.03807770624611428,-0.002370707689859787,0.018016958103828935,0.02781826204184564,0.01788145262059417,,,,,,,,,,
fpca256_20,10.572266744216904,0.028822448197958265,0.008696772625890444,0.10848932496474707,0.03900337588302148,-0.09270253342031749,0.021103679905656102,0.028442027172640768,0.04211444386327041,0.02787572075231186,-0.09114094973534846,1.546774110685045,-0.008200488583986016,-0.04730821208744978,-0.03589661025545621,0.05652646711905904,-0.013113732878524065,0.04112046498050144,0.03841266474769116,0.019568500381809784,0.032518597944625326,0.06334558585471892,,,,,,,,,,
fpca256_20,10.654298004927114,0.029961647249419528,0.011210422945618557,0.11253354690585153,0.047590777513633185,-0.09049490126836975,0.0029071067820656236,0.022564952375289053,0.04641960921314669,0.0580217866467954,-0.042092250247381426,1.5831878069495033,0.010603859912878603,-0.040798277180952004,-0.06586653933412043,0.03210438579664331,0.008366965112450414,0.06857013466294384,0.013930528362164771,-0.03308148358596696,0.07783427519312841,0.054544244527030585,,,,,,,,,,
fpca256_20,10.736329265637323,0.03182835989287693,0.01182061625463836,0.11578054637675729,0.0516244139573367,-0.09972453290751326,0.01854681523725253,0.02255581142459228,0.01363870510101828,0.06601651582277067,-0.02985171556726951,1.611426839438947,-0.036615378172190224,-0.02347352361636394,-0.014854151960497278,-0.012767642569972674,0.061992849620416374,0.1354884036686853,0.04472154279378429,-0.03136976477443506,0.074026638827519,0.029297339164315806,,,,,,,,,,
fpca256_20,10.818360526347533,0.03352861281046675,0.014826975244648672,0.12026693063054614,0.06381949733118172,-0.07654585442506269,0.02417188313903357,-0.001870239290648816,-0.01585827733901379,0.021030245574385157,-0.012676110948605438,1.647574067491731,-0.05374773115983954,-0.015877683408218653,-0.005941648650844087,-0.026295013683787498,0.09660924474536947,0.07000966579882303,0.05871092664156437,-0.05860199838641505,0.10329414262830244,-0.0023845155698172735,,,,,,,,,,
fpca256_20,10.900391787057742,0.035268805502727374,0.01616519847712025,0.123892339620957,0.05830591565992022,-0.0913828731253285,0.02012037729976157,-0.051714286695294896,0.031073189428634757,-0.04860955937065649,-0.04909048188775567,1.6848425099569981,-0.008594964665461623,-0.030771975110894283,0.0037464235369989926,0.017596425749395565,0.040386742038551145,0.06055685194266587,0.07038722174544695,-0.03401027269473834,0.08022006032044332,-0.021064334507234772,,,,,,,,,,
fpca256_20,10.982423047767952,0.0376821721233525,0.01661800881647953,0.12188546354873374,0.06072277274318505,-0.08327060387502863,0.04144394723825454,-0.07295584565382437,0.07389350405032467,-0.05989698963488711,0.03970295125055495,1.7229178747709601,0.013791656924275746,-0.0699464116586893,0.014459235433092866,0.004415511911723539,0.07741306882436563,-0.030730198221678537,-0.020738515152809923,-0.03868216232320381,0.07709442962874342,0.02941037314145313,,,,,,,,,,
fpca256_20,11.064454308478162,0.03940989441673923,0.015164672300168316,0.13165149220847408,0.06129576749032964,-0.07882575870437225,0.04605418843268146,-0.04093583245634341,0.05219688664875552,0.0001790124545436319,-0.018822736216100235,1.7609758947383813,0.04809843744225394,0.015830599037977247,0.038645075934518394,0.02849685534371422,0.021403157601391894,-0.0869188484104274,-0.027772746871618376,-0.04129956249357118,-0.01769499308608862,0.06955373393108318,,,,,,,,,,
fpca256_20,11.146485569188371,0.03991537724095183,0.01713034036147858,0.13042995754522377,0.05634662392182253,-0.09194771512984251,0.024585996667958045,-0.0051037051235265475,0.040880278951905075,0.07372875937956336,-0.046725844851697014,1.8116635136962576,0.06257106533282755,-0.006074859484754069,0.0052421097324175155,-0.0020494697852148323,-0.06565788783092505,-0.08139508099576027,0.0286328645650034,-0.048305591705582546,0.04968067406969597,0.040692281652348644,,,,,,,,,,
fpca256_20,11.228516829898581,0.04500704459057651,0.020717175931410908,0.141870470508984,0.06120041194217174,-0.09378317570530095,0.02798391466181121,-0.02320011205271102,0.026182644861039942,0.0622297367317232,-0.030902677444057086,1.8473425432921804,0.050627241758183616,-0.0188240776474127,-0.00827060023726072,0.06555254911188198,-0.042499541549469264,-0.11107689284541478,-0.02189058542208866,-0.04192194537428692,0.0993921009659471,-0.041332951422298966,,,,,,,,,,
fpca256_20,11.31054809060879,0.047338379703858575,0.02311789330133848,0.13916710762783413,0.06345188588235748,-0.07117350573722166,0.053139143575125676,-0.04663495758434102,0.004539215965635237,-0.03340021597694136,-0.023152500878162733,1.884592803819431,0.028730469344717232,-0.06998287935655782,0.08583621593414492,0.06905219952624579,0.007481708217021741,-0.01928290976517469,0.05091446535278101,-0.056131959735735815,0.08044577173406649,-0.060242751925475145,,,,,,,,,,
fpca256_20,11.392579351319,0.04886530396016078,0.023958250518217178,0.14878082575169893,0.06468878989670232,-0.06749555027175698,0.03922797357651698,-0.03639241268773979,0.02508774302079962,-0.03898428939756399,-0.06219432221779499,1.9401242114940396,-0.06279443520988282,-0.012085946481319977,0.09835760758714483,0.052901375666956046,0.0614538925948008,-0.04614054910014289,0.00986649918671216,-0.024661366966013093,0.00424722393080028,-0.03151793155801876,,,,,,,,,,
fpca256_20,11.47461061202921,0.052265359170798366,0.029964430419613653,0.14228762816212281,0.06893176245111363,-0.06694525692935215,0.022510213633213004,-0.023998064172004684,0.009066301849425216,-0.03197993513329124,-0.17357450733096785,1.9859774201953433,-0.06798284842830123,0.07156443338747423,0.0018879952399194775,-0.0004213553202721699,0.08672234032024752,-0.0668733656179274,-0.04837511013696311,0.08784743940034889,-0.005611337684060261,-0.005766772358473893,,,,,,,,,,
fpca256_20,11.55664187273942,0.05621216956419454,0.03162578710276389,0.14302926400077504,0.06209535254602519,-0.05797657925940883,0.042658476234042085,-0.0651801213223659,0.01893856476164925,0.002680175397970584,-0.14694595081044529,2.035579840384456,-0.1001404124498968,0.048159759215891905,-0.012634522260247893,0.027237332352969178,0.017111307060930243,0.004671053974998084,-0.06747074054212074,0.120130178712762,-0.07859915493651504,0.01552468076435122,,,,,,,,,,
fpca256_20,11.638673133449629,0.05937391918313538,0.03448275804493989,0.14513715187302803,0.06081786699967826,-0.047123776932940446,0.014727665723507836,-0.07238420688598035,0.0006372147226145063,-0.015057150830330136,-0.07981930630213822,2.0882013228064964,-0.08395377707711449,0.055843507740264406,0.08108291604270361,0.010931244504369577,0.02959644172325446,0.052744730571141915,-0.06537409815245923,0.09697912144983711,-0.022757174546710467,-0.05448821558123511,,,,,,,,,,
fpca256_20,11.720704394159839,0.061127068943242824,0.035961939233968704,0.1465847979592753,0.06384116379819575,-0.03559383788802802,0.003495689733372847,-0.032854131113208146,-0.05826838497264919,0.008281153111090645,0.016682987852356897,2.14359427422242,-0.03231376073849178,0.04200461005537364,0.07238067484828094,0.06750186518633292,0.03224070396018978,0.044897971809447566,-0.04656880368456659,0.04741924798154078,-0.05903842994363261,-0.008642623167488605,,,,,,,,,,
fpca256_20,11.802735654870048,0.06320348937307552,0.037088909350256,0.14733164394102452,0.05843635234407446,-0.04148428885780616,-0.015978862193474733,-0.03709028862229905,-0.06569176759335495,0.008936537766534023,0.0017618577538086244,2.1972047751944848,-0.01011682109403209,0.05511729607082753,-0.014135111214644357,0.059520846434253,-0.009178964253330538,0.008962695560642817,0.009871067941344805,0.03414704647508965,-0.04698792875091725,0.04725685148050591,,,,,,,,,,
fpca256_20,11.884766915580258,0.06788194628593616,0.043333069820773396,0.139883455261968,0.06367253119314993,-0.0030447954625511704,-0.017871891356566964,-0.056298330582524814,-0.09306550713733051,-0.0020333526906665803,-0.023952786287638625,2.2420004143280217,0.08525682999946438,0.032208742916601724,-0.044102206819577654,-0.0838108948202341,-0.008313153154923057,0.09827350979473932,0.10960038405309905,-0.0033062073747786164,-0.05583612274622226,-0.005629751076666835,,,,,,,,,,
fpca256_20,11.966798176290467,0.07148881246135165,0.04610329964837511,0.140471838883731,0.06347221176563081,0.021336299003751474,-0.03401749976425432,-0.015408622452902329,-0.03707876527393426,-0.011675031312993859,-0.06642030211500935,2.2947118010279413,0.09904129669021615,0.045018389084414065,-0.045016539014292554,-0.08662234446798356,-0.04105187165906862,0.06724684876371147,0.12665038199152878,0.15666405166269484,-0.016449954513981083,-0.0329196600674848,,,,,,,,,,
fpca256_20,12.048829437000677,0.07472765799336217,0.05045539171435626,0.14044561249925927,0.06687054558112487,0.006440115453105345,-0.04156512593562582,-0.04917230428485933,-0.09086665415754154,-0.028363855053390258,0.004777478713515486,2.3497311348844474,0.1344774900971763,0.11595678870055312,-0.05370530973069375,0.029285533931802714,-0.003126505899778982,0.10612454835565388,0.062082717472935214,0.07404520841319015,0.11141780137587684,-0.055961406290085086,,,,,,,,,,
fpca256_20,12.130860697710887,0.0789796683618882,0.055109539178713085,0.1368495394372886,0.06305538228120183,0.03298270857322527,-0.029939843737380113,-0.09743329361445759,-0.14401528055692012,-0.06741067977197057,0.09203950609130682,2.403081276387376,-0.0005803397555628094,0.08991049769105436,0.00731244996100776,0.01828204913937192,0.04515872709299881,0.19272869670656195,-0.03942890251826785,-0.06497561276216601,0.10477027670756879,0.06349498137488488,,,,,,,,,,
fpca256_20,12.212891958421096,0.08170483887502258,0.06166923952106692,0.12922920262163848,0.05748239578030025,0.055509004080275925,-0.043115313065201076,-0.09819941423188598,-0.17439584477350428,0.018630740088754656,0.012690236825373472,2.464162817682431,-0.06466764761680874,-0.029631471720153815,0.0546672871884766,-0.043473513936624165,0.020399761653966217,0.1664869157111214,-0.08427163431975515,-0.05004189100887529,-0.06706523608855412,0.004074226275698888,,,,,,,,,,
fpca256_20,12.294923219131306,0.08390480930030017,0.0665074831854584,0.12462063003940448,0.05785229812590215,0.0776619907643229,-0.04563306268593837,-0.06341824620757455,-0.14617758188839955,-0.11271115033612863,-0.012266573066813545,2.516933770186503,0.06747322476495692,-0.057885052119428876,0.03136573448110227,-0.043929939107349394,-0.12493297193467734,0.14153666685170874,-0.1146951454144438,-0.10207631018172766,-0.11244858765265993,0.1417439676719825,,,,,,,,,,
fpca256_20,12.376954479841515,0.08650078599333993,0.07025685633589977,0.12276649675204077,0.05572829551399122,0.06017367869984264,-0.054112050228233594,-0.06011027899214279,-0.07047909693833712,-0.08774145267293071,0.0786848348339515,2.569426465829588,0.06087709054192814,-0.09239706299788691,-0.01648917246092983,0.07813587454906862,-0.18965841617979792,-0.03553064687453165,-0.07367342906601336,-0.05325093323704735,-0.15747181917466918,0.16838949223430874,,,,,,,,,,
fpca256_20,12.458985740551725,0.08836854712856007,0.06990905284466925,0.12341078941049959,0.03869800167399057,0.04821230826663346,-0.07431592318569873,-0.038517806157330796,-0.09819966958300415,-0.037789097742170805,0.011232190062974604,2.6180579637142927,0.02202888658714551,-0.1766113299141846,-0.051043896068735065,0.1635070657791181,-0.11363721591038577,-0.030310393238293556,0.043496003243029276,-0.03314537660886456,-0.10695843370916142,0.09754779978342352,,,,,,,,,,
fpca256_20,12.541017001261935,0.0939274957956328,0.07474194104485687,0.11264758592645735,0.04218730409728459,0.06577257821277382,-0.06238644606871969,-0.02374611456844352,-0.07759943887310335,-0.08584182711410247,0.003523937025115355,2.6687549774411834,-0.00039126985908396144,-0.07602679184389984,-0.20304013142849836,0.11170734109901334,-0.05846703735644531,-0.11529596380106871,0.12625632378677268,-0.04765360669484023,-0.12026582843008123,-0.07145206348267873,,,,,,,,,,
fpca256_20,12.623048261972144,0.09772762633600394,0.08007928940268023,0.10332361612945769,0.04240248124840384,0.11963144964985768,-0.09796791827388915,-0.013118125650283769,-0.04376587211162633,0.007414381642326406,-0.010628440486686947,2.717923817504649,0.04170969198430362,0.0863729523400501,-0.23106913697387152,-0.11979731432222798,0.04033311974884679,-0.20748019213272065,0.03594092323800778,-0.028315139192295787,-0.07391334589726697,-0.11952925890432611,,,,,,,,,,
fpca256_20,12.705079522682354,0.10001161371615289,0.08456950184111403,0.09821573772533962,0.03715376548017343,0.09031801017290599,-0.09044953527236113,-0.06109513158642838,-0.04022250808866512,0.11935751141146461,0.09372176340798805,2.7697813159253406,0.13603647209965175,0.09148293884051974,-0.15326960904781955,-0.1726645023777813,-0.04138249387324175,-0.01537409410194952,-0.1394260844866978,-0.059553920778403296,0.06878806407270914,-0.10737265472566529,,,,,,,,,,
fpca256_20,12.787110783392563,0.10278864488802032,0.09175041444599613,0.08687936178674746,0.030608267460760095,0.10068366011882632,-0.04126178587522473,-0.016063450248817262,-0.0034816453269544126,0.09598437422524579,0.065934614799594,2.81368484997403,0.16719619234328564,-0.02205425068771312,-0.004513712233189924,-0.1196373113903999,-0.015079892715135046,-0.13613531673094334,-0.156415122583416,-0.007375178479503905,0.1355006655558687,-0.07665619054571707,,,,,,,,,,
fpca256_20,12.869142044102773,0.10540813896354309,0.09490946261641016,0.07732940541847665,0.03017776908056997,0.10246478096876452,-0.07502854897235464,-0.022506634198538704,0.015006507393139188,0.04791239804188359,0.007993128894494547,2.8569227997579083,0.02459967701940652,0.03894433823411553,0.01270261382249678,-0.0615612447185165,-0.04826043361688975,-0.15615702858190122,-0.0960558441004039,0.03217136847580603,0.10417452502037222,-0.061809359792377845,,,,,,,,,,
fpca256_20,12.951173304812983,0.10680449656853201,0.09814213510130182,0.06674494682807146,0.029495332813808898,0.11889528152219483,-0.02705298835262488,0.035737294946928844,0.00434449567185222,-0.10327827333007769,-0.011381913117748672,2.899556818522691,0.047225558629411905,-0.024506597840603765,-0.0029265583938139807,-0.05559290029970843,-0.07194500661540285,-0.12592537523757125,-0.008571700219782858,0.048172435256733,0.03773625573334538,-0.1108910801138034,,,,,,,,,,
fpca256_20,13.033204565523192,0.10992080613927847,0.10323398478695926,0.055272947693985185,0.005874562932852702,0.12422703508638741,-0.04170110539290756,-0.027064742826692086,0.09985742969745258,-0.15264981850931642,0.07278589071968584,2.934405443957103,0.12480553919529547,-0.07243945055802595,0.034188276715168164,-0.10293280838305567,0.031042084381526416,-0.08884862227343028,0.25073932688157285,0.043667837009555205,-0.07937056545298289,-0.007711550709007675,,,,,,,,,,
fpca256_20,13.115235826233402,0.11314660365100855,0.1066677279096507,0.03866483939696353,0.012278206316656706,0.1463937616580188,-0.07084817880367943,-9.99687767279532e-05,0.11795758979010719,0.014995466847850083,0.09745424257989178,2.9700602820193875,-0.007198223360250012,-0.07736169195167333,0.06200112400971315,-0.09586518463150079,0.10647762413045739,0.08306727862992258,0.14423991608649583,-0.024372484058861284,0.05901253305466338,-0.04169670731450918,,,,,,,,,,
fpca256_20,13.197267086943612,0.11435551316944759,0.1117134742214157,0.03335598504583383,0.016737254915758518,0.1460877505345554,-0.06567694732111337,-0.01408416570122798,0.03319340817766615,0.0669694756042051,0.06441360313885938,3.0016057422557547,-0.1562072984995249,-0.1712946031680294,0.006910442650363464,-0.06244597253790159,0.2750435784957162,0.11804863744852996,0.09291618361376011,-0.00018740741500695296,0.025177220491804486,0.09065422277515671,,,,,,,,,,
fpca256_20,13.279298347653821,0.11641852400351294,0.11311632752112506,0.024152628609647734,0.0063167537799603555,0.14285744796293476,-0.04849221068255668,0.00775305831820415,0.04880355203392918,0.025316198906813633,-0.03234086812281803,3.0165608580928884,-0.20883915003992726,-0.13399375629040652,0.02276394617401497,-0.09135567465015296,0.214381147553101,-0.12864979148563496,0.03135589079416348,0.10349233167158375,-0.02002994993902585,0.08441151422526663,,,,,,,,,,
fpca256_20,13.36132960836403,0.11724928714566121,0.11745694898742638,0.010277250671632735,0.0028541218032054126,0.12016809013300897,-0.00653368435888258,0.02478226640161166,0.057531121068041854,0.07537077176393651,0.06713726102971966,3.040126394711546,-0.19363391043803896,-0.19489929609425896,0.09577648016914689,-0.067007320796625,0.029222254885460604,-0.0568473026949615,-0.07930208005444675,0.11098318107019854,-0.0547841557562061,-0.04687417670664207,,,,,,,,,,
fpca256_20,13.44336086907424,0.11714015105725116,0.12154493260404631,-0.001386159955662824,0.004379489100535894,0.12348682394456964,-0.0026379654548995633,0.005167955668081966,-0.020659212585865373,0.11924703486616166,0.1915093276094706,3.0545676605789267,-0.12335276673890475,-0.06350462747622485,0.21612416086003475,0.07579216076761806,-0.11627050109271869,0.009732159005920296,-0.17206238337648164,0.007414144268280385,-0.05290595577656428,-0.09030098830060042,,,,,,,,,,
fpca256_20,13.52539212978445,0.11684150905098711,0.11868871721427834,-0.003280305933862903,0.005045576826637051,0.13269848878675092,0.05488964272021416,0.03710330691723386,-0.14536003523344,0.2165144610978276,0.11268131174383875,3.0655803387065315,-0.050463763027053105,0.117291664467996,0.23922810295078184,0.16132858395255278,0.04158154188483202,0.06713663354832526,-0.019496894753210613,0.05039833506094265,-0.0006612637182165945,-0.15625836877918148,,,,,,,,,,
fpca256_20,13.60742339049466,0.11700742816089514,0.12225988357769398,-0.014165337524372372,-0.007884742399997246,0.09799825620446369,-0.004022343976258879,0.08309431165251596,-0.0644973119139326,0.019828927056952213,0.06488570097795053,3.072422288518796,0.0020095465114294483,0.24566299777695574,0.16730040121642004,0.2200371659349684,0.06633441384073306,0.00748839461966979,0.05235593290822116,0.0026701598992542822,0.11267516110987855,-0.13087061842210027,,,,,,,,,,
fpca256_20,13.68945465120487,0.11705053000818533,0.12380738934018994,-0.023572987041670403,-0.003065497046433103,0.10013256276768633,0.02889044602391552,-0.0004422529639726948,0.12722186696667442,-0.11733999982425455,-0.08046801110171237,3.067845670025076,-0.04014408716582096,0.26590019121893693,-0.047870883728584,0.14872590503566624,-0.09033262307978204,0.0028512303371367037,-0.07829915018335411,0.028934932759918538,0.015256822338459763,-0.04360488872880053,,,,,,,,,,
fpca256_20,13.771485911915079,0.11183225629272751,0.12359191370272876,-0.031150101145859144,-0.009782788189979403,0.0982371724321862,0.06261583686041296,0.03083621329017074,0.26007205841853054,0.01824832788064068,-0.09715142874648978,3.0610141328989924,-0.10392872209547264,0.08457579047921297,0.0006625222928943538,0.07695799429798995,-0.07148672933732217,-0.008978166825196632,-0.004295693753201501,0.03512766372882302,-0.13778647744283967,0.10387248169084418,,,,,,,,,,
fpca256_20,13.853517172625288,0.111474842183232,0.1264245468825398,-0.04000752459722436,-0.01669667556648198,0.09448507355780882,0.02568011208806667,0.11682310126963508,0.12347689728642504,0.07789917434315277,-0.12147742385621793,3.066188237575214,-0.13141382999156398,0.1020706020866453,0.02346481340113027,-0.0979656198269154,-0.17672142079025985,0.01673146602560049,-0.019620571340341102,-0.04485139476149661,-0.027081958945642526,0.07616975889024061,,,,,,,,,,
fpca256_20,13.935548433335498,0.10979082656725725,0.12985907054999274,-0.046530837692685185,-0.013321214241681095,0.05489794194217766,0.03750095807422588,0.06906883430590192,0.024825733087824004,0.01256115568271241,0.04239530138680892,3.060041622060297,-0.09562051540570823,0.21135889331435026,-0.020923704030692002,-0.0829582834925395,-0.05372890216132396,0.013519232275968393,0.04104140859788517,-0.09015087959515265,-0.04653010866765725,0.1500529820566646,,,,,,,,,,
fpca256_20,14.017579694045708,0.10769154903835824,0.12737996143395672,-0.05696499396870597,-0.03646341265982319,0.07488273361900771,0.07667145698640332,0.07600853793744977,0.13148737754856935,0.06588449823984399,0.1053980524242783,3.042781456039029,-0.07040225893595145,0.04503646684208271,-0.20086899694300844,0.03125690070536738,-0.02379090548217628,-0.0262850806709079,0.11777294193931401,-0.07095512081188798,-0.0512241958779039,0.05232621962339075,,,,,,,,,,
fpca256_20,14.099610954755917,0.10612700823260915,0.13066338638455322,-0.05682222431362523,-0.03732271702564559,0.05366367327663234,0.06205678645805785,0.07306804521746253,0.08570284145458848,0.08414219192887464,0.05596292750362957,3.0192502120852005,0.03598766805111431,-0.09861523814805354,-0.1972317018788002,0.2790235592717278,-0.10000640753629113,-0.020579266747975625,0.031520749197963695,0.024034882252475718,-0.02541000561910553,0.051427783296834756,,,,,,,,,,
fpca256_20,14.181642215466127,0.10070905320172151,0.12492427728555702,-0.07011085416849168,-0.04162620236355233,0.033001403348438006,0.07614865868060304,0.020896990712451845,0.12799140973132742,0.08276904867546608,-0.041591427433705884,2.9984750588932436,0.14221011509722548,-0.10353733431714643,-0.12103642495745752,0.09861587602959315,0.007180638825218362,0.0415287780108646,-0.013368863785073744,-0.05585851595834175,0.03755527497132466,0.11313092808960304,,,,,,,,,,
fpca256_20,14.263673476176336,0.0987086351204255,0.12577493678432144,-0.06946896391167703,-0.05256503735973227,0.027545489788323,0.09892953922911162,0.0342666066779407,0.148019861158327,-0.04046437509817612,-0.10919539947436871,2.97108682455934,0.1766908363973848,-0.15096919700414424,0.016208055494281566,-0.06114158535141473,0.135071800844871,0.07807054943379152,0.0367797229892063,0.04682419972737437,0.01843046221858813,0.07949875598709047,,,,,,,,,,
fpca256_20,14.345704736886546,0.09526228600260897,0.125446010707454,-0.07878693768089592,-0.061874293260288274,-0.007899371247037146,0.11091710051158221,0.004082355574920817,0.11118972967819205,-0.17852306239703336,-0.080433340612148,2.9421005094817736,0.30390107157080753,-0.06305382903303194,0.15666635834434978,0.059916312168828666,0.05410172649722814,0.07670426885960999,0.08405168502628566,0.03184395058940335,0.032640711603561245,0.04104773512219528,,,,,,,,,,
fpca256_20,14.427735997596756,0.09187802876857629,0.12577403073531002,-0.07783985642936662,-0.06092802851225809,-0.01775457346881005,0.13342552998063215,-0.01532828594520202,0.09391163384336616,-0.11940700248130359,-0.19210459994933868,2.9067491754395784,0.08214102841476652,0.0073894022905132695,0.06392730104235127,0.015204021662400119,-0.009736998225517584,0.06884173653708907,-0.08134826793584908,-0.015162518809844802,-0.11660358459416952,-0.14224526897212048,,,,,,,,,,
fpca256_20,14.509767258306965,0.08610715372024702,0.1218855611177781,-0.07871739749771219,-0.06586897639284973,-0.03556942577907216,0.09407102033431419,0.07031047316483159,0.047300051944414674,0.05621234261131269,-0.06481241581783187,2.870293599432546,-0.09942126196987296,-0.08376839662856436,-0.019616223052073768,-0.06137242474447242,-0.044809835084103536,0.18061080914778938,-0.030411239239869138,-0.13618518852127912,0.016736241440065247,-0.1108140231584562,,,,,,,,,,
fpca256_20,14.591798519017175,0.08029427866606227,0.1175244463833056,-0.08357534574364128,-0.06814760338902574,-0.03957212531546409,0.03908811742151213,0.05369450775402265,-0.0731756821371693,0.0572179523349577,-0.05910826654852147,2.840932488576527,-0.04693893855458338,-0.043106560062069345,-0.04642771319180924,-0.0689468973348689,-0.055926732869978985,0.09096479661854145,0.14135800220740746,-0.13019508467502675,0.2562092165193824,-0.08293052899305577,,,,,,,,,,
fpca256_20,14.673829779727384,0.07657621512866186,0.11754773236816395,-0.07411417721460008,-0.06467666086196198,-0.04651879077439179,0.012927902341576154,-0.022053749363143457,-0.10560968030471846,-0.04373674164125733,-0.11367505545551017,2.8037474534903732,0.05552558707308638,-0.03789247320209739,-0.03331696248598152,-0.22952982003823258,-0.12999238444074457,-0.015690152361984764,0.14531942411926174,-0.037736241679079456,0.167201965354483,0.1048570144047393,,,,,,,,,,
fpca256_20,14.755861040437594,0.07394379225177854,0.11356911917726972,-0.07392953306290695,-0.0660216048102087,-0.06321463918483211,0.048430631349989525,-0.030547243908239215,-0.047274678777382645,-0.035637612783809294,-0.134764093967222,2.752518948510806,-0.08185230512643103,-0.008399078556041911,0.03507935744176726,-0.18806965249730248,0.019075740772666838,-0.09123673791480882,-0.035372200883841014,0.0360514225533349,0.07495173926443702,0.11927912583580397,,,,,,,,,,
fpca256_20,14.837892301147804,0.06996853543398063,0.11372500027562653,-0.07648551971790188,-0.07162599962430069,-0.09148519408280023,0.04530057538533678,-0.0011809877235279436,-0.07003055279790532,-0.03124122074689361,-0.07290138866424506,2.7177386063425977,-0.10094108836284954,0.19255513293607915,0.06937140025019072,-0.08117036693333518,0.05710730876529786,-0.13407435046125152,-0.08800211155799564,-0.008400402485281427,0.16761811270465865,0.08564614720806045,,,,,,,,,,
fpca256_20,14.919923561858013,0.06353059723987346,0.11420700417076146,-0.06908652008925238,-0.06696161090119837,-0.067817147920555,0.06728171030310483,0.033807391974978604,-0.11680698914969094,-0.013387513304987528,0.007532447099380139,2.674782684710251,-0.02809444228018504,0.19546421510825357,0.015919920219230818,-0.08765689136097782,0.013378053227213804,-0.08508225624748024,-0.024011104506434663,-0.23533998159897923,-0.00410745808147453,0.07465294361839782,,,,,,,,,,
fpca256_20,15.001954822568223,0.05917119006510239,0.11111313895893957,-0.0675131834668498,-0.0719166106258216,-0.08180254999865148,0.0313069260802207,0.03938586476577533,-0.06731161725804449,-0.007136535447104363,-0.03401263843258136,2.6331764314907247,0.09737094782106134,0.16990404166124914,-0.07451399268851279,-0.016980524826366167,0.11183301496276424,-0.03526009026394978,-0.040126424897433816,-0.09047270570492018,-0.11102156872295443,0.0314743643731406,,,,,,,,,,
fpca256_20,15.083986083278432,0.052911020555904825,0.10979004073615833,-0.0721748038774569,-0.07524442184043031,-0.07606273403466568,0.07820359370285475,0.0782481515591418,-0.09393915651924155,0.00391927911891403,0.05552382796142492,2.59505188532332,0.13590830544262125,0.008196603514975535,-0.07697092094487515,0.053249178222508964,0.29265979653546725,0.08611300210581514,-0.0943515936533035,-0.057636314691010826,-0.10345740363648448,-0.054153494849466806,,,,,,,,,,
fpca256_20,15.166017343988642,0.051005140680725876,0.10792345585882371,-0.07038636730827563,-0.08278589814897926,-0.11430532550189718,0.06904212335655743,0.026690771055802948,-0.025194634237133,-0.04377255511279671,-0.006919182824107656,2.555091395914393,0.14645792513062564,-0.06008225389334944,-0.004924411730329089,0.12100135886135296,0.15718433134392235,0.10720333957827584,-0.1325898936790492,0.022157936582238427,-0.03568069283222791,0.0032041768605933912,,,,,,,,,,
fpca256_20,15.248048604698852,0.04598442158303828,0.10679451126323636,-0.06441599383447805,-0.0793135967945296,-0.09992932482485788,0.04400375896181285,-0.02581713874634369,0.0799948555296229,-0.06723230116564893,-0.05235831333629832,2.510279796909827,0.1121050765480137,-0.10077044594236093,-0.013601194725045356,0.08624910991728504,-0.02859236193017359,-0.04860289375168807,-0.045279958581192103,0.1351676801499861,0.02129882186304278,-0.08219795488328083,,,,,,,,,,
fpca256_20,15.330079865409061,0.03990724810073103,0.10454670018335878,-0.05736486834771026,-0.08239005182258714,-0.11286056771869996,0.0520036775255168,0.005596768776411873,-0.025848855596959618,-0.13018436782320514,-0.0362315835109301,2.4663466539530456,0.009275666829930626,-0.15577962614012278,-0.03639637343189568,0.014682613283439602,0.0018484162882562273,-0.09066197120907743,-0.04562378416587003,0.006396846392765117,-0.04788036734772934,-0.1391260428074762,,,,,,,,,,
fpca256_20,15.412111126119271,0.03494425603698269,0.10340473488279606,-0.05936718842564965,-0.07981514700398092,-0.11423929306610596,0.02786826383917274,-0.005836527585979254,-0.040953348103773,-0.14706362280419258,0.006369320400444953,2.4267456334007895,-0.039023878590446585,-0.06987828215400753,-0.05596536529876412,-0.09019798896715957,-0.04550326134608447,-0.09294384081677248,-0.12869852127814724,-0.020840850601657045,-0.0499097285875736,-0.13047094318753133,,,,,,,,,,
fpca256_20,15.49414238682948,0.03187605616108425,0.09990908277425835,-0.04736916349940671,-0.07307741516143335,-0.10767812567288794,-0.020106034347723005,0.0013057120046584849,-0.12735567350182253,-0.14588432296407028,0.07331129399383492,2.392192094892564,0.019150630092072442,0.0024160104310109107,0.015522206936832964,-0.004589173266180364,0.04157624521122688,-0.0728319375054599,-0.21132319177553296,-0.001160362084173909,-0.03909369314259099,0.07544955379722507,,,,,,,,,,
fpca256_20,15.57617364753969,0.025713959853404925,0.09715478929635515,-0.04509833316311639,-0.07768235604288314,-0.09154233931468217,-0.01992329929854414,-0.031682578461024576,-0.14630862159366065,-0.11185208004416576,0.05349045653463219,2.3524182481457387,-0.05940050234331727,-0.03666173474290382,0.12728900612250577,0.05554098481364726,0.03950359788670019,-0.11779773217907186,-0.008296800422486462,-0.08247259021280667,0.027771836803793262,0.07019157459096505,,,,,,,,,,
fpca256_20,15.6582049082499,0.020738534911687943,0.09315199550406635,-0.0454241392092877,-0.08159773189154666,-0.12292584980219666,-0.06103380928580768,-0.009334640517875309,-0.11356815812942861,-0.04890905822132056,0.06506908912102405,2.3147631424140376,-0.03779976978165597,-0.025009167527789783,0.10797768412674585,0.12670352005868152,-0.07847080135260727,-0.14943500172579224,0.057453381282449964,0.01457736431898634,0.08448129865151366,0.05080095787523883,,,,,,,,,,
fpca256_20,15.74023616896011,0.016090934489446002,0.09309671059781803,-0.0431484788765478,-0.07398172757025975,-0.10662061842279072,-0.02518896755992774,0.006261060984808594,-0.1466933127078952,0.006969294711924128,-0.002992016171990111,2.274639561090769,-0.033028686558663214,0.02895433246780656,0.10226600112891827,0.09080893824960501,-0.1339775136980402,-0.06430219164448851,0.1500690613879947,0.12058168325122792,0.11207121051066624,0.036264471590556346,,,,,,,,,,
fpca256_20,15.822267429670319,0.013405864495328514,0.09134284380808985,-0.042625589720917074,-0.08267525285381756,-0.12595904353316698,-0.02861011596655017,0.0038123111848926967,-0.13770167797141045,0.04849554257629172,-0.06202750821354339,2.226963254263866,-0.10137061309250728,0.007201621590900514,0.011167077166726172,0.027777508941832153,-0.11303067888610235,-0.007843868191693004,0.10870945901934234,0.14119017602564352,-0.00233739796612878,0.018049561649927895,,,,,,,,,,
fpca256_20,15.904298690380529,0.010187636846241226,0.09169185057921149,-0.03721225636237854,-0.07080367747790037,-0.11907486602573356,-0.016858164498757464,-0.0014739628575967457,-0.06584412071574308,0.032626721828797826,-0.0009912733033986326,2.1980034833623106,0.004759541557984958,0.031819936221420465,0.039045742784142703,0.01738906019132008,-0.0864435572358449,0.07356587936978398,0.09739276342793367,0.03780070089030674,-0.03493447696795277,-0.006040916992762803,,,,,,,,,,
fpca256_20,15.986329951090738,0.005213596972664911,0.08611440499848273,-0.03920470735880999,-0.06480989071530711,-0.12738145718437074,-0.05328674093371451,-0.03906941664965105,-0.11629470854711382,0.017868556629387584,-0.05401699845999978,2.1608539231435313,-0.012906597162256166,0.00551496503838466,0.01660805019735129,0.0045065388999051366,-0.023685528242057757,0.009088560037208057,0.13006283682641032,-0.0002343096123072902,-0.09586344125106702,0.038060806428107954,,,,,,,,,,
fpca256_20,16.068361211800948,6.99031913470348e-05,0.08376606443500834,-0.034821093045627166,-0.06185547084523123,-0.10086831048989012,-0.06958907477566735,-0.043041534328187164,-0.0980332552554465,0.10889758918350806,-0.010074655973652522,2.127850899854484,0.020620533767409775,-0.042921117792632205,0.03614840626244933,-0.03543754171043267,0.005514482797961184,0.060726460856351756,0.16125273628908643,0.04227120444155061,-0.10082307581082728,0.15171745863799,,,,,,,,,,
fpca256_20,16.150392472511157,-0.004376114198140146,0.08513063145539951,-0.031833034040458015,-0.05657018804343533,-0.11437845882825239,-0.06475465306504885,-0.03797222714089253,-0.04020763673682876,0.0737826856899766,0.03451389935519646,2.0974357361912457,-0.003184384396292924,-0.009195276462039877,0.01705173231592332,0.013693586655173364,0.058799085075904006,0.06705980818903892,0.11897526657436809,0.0900106216110216,-0.03306656827428418,-0.0243878167929622,,,,,,,,,,
fpca256_20,16.232423733221367,-0.006581424699508894,0.08644690492553206,-0.031166703489916153,-0.06200218374648926,-0.11842820859586603,-0.07556216459128542,-0.05874691481522166,-0.024870838262720706,0.10804672255514158,0.10094156510309539,2.0691879536653923,0.06718584106969532,-0.07918712855483673,0.09894632713635171,-0.02569140695304575,-0.05586332211028907,-0.010242824423936855,-0.06678537432234023,0.09290073615704422,0.08147999081763374,-0.03630068058024376,,,,,,,,,,
fpca256_20,16.314454993931577,-0.010971852435683988,0.08196120438049445,-0.02585809808075188,-0.059079962166693055,-0.09654832099791763,-0.054089155881378935,-0.05898244607695759,0.03800940262152944,0.09803415259717861,0.09180931570896228,2.0405017614503946,0.06628593463131652,-0.05385588632342579,0.12046253722222965,-0.003179514879835487,-0.07312714783809282,-0.05047691888003189,-0.0009898775379080325,0.06896015904581773,0.13083893243245598,-0.050632832913085485,,,,,,,,,,
fpca256_20,16.396486254641786,-0.015399663137311774,0.08076943181185423,-0.02106719864945771,-0.05082802202377338,-0.10856900878619936,-0.07012372867061364,-0.019577586637495224,0.07672720598430349,0.07551690089840049,0.05246157276271183,2.013960898800917,-0.052612873298899056,0.0038171610302290115,-0.04679839962703601,-0.021870881490006308,-0.059603210017916367,0.04394205194823632,-0.005859562496762085,0.07897662245653433,0.0821145996477009,-0.0324219422694372,,,,,,,,,,
fpca256_20,16.478517515351996,-0.017211540823115507,0.0793496827742754,-0.015755125824803914,-0.04105442621334707,-0.10283177059785988,-0.03323244321221449,-0.03526221509919701,0.07984241513340232,0.10340911347926567,0.010607018180910473,1.9943036811759454,-0.039611815132345005,0.0242605921040829,-0.01991537518102798,-0.008271875688185177,-0.06775932907724959,0.10421173682303446,-0.012258550813247462,0.0629696737180096,0.029248623189123798,-0.022700505239629333,,,,,,,,,,
fpca256_20,16.560548776062205,-0.020290623315064177,0.07893777149332921,-0.015430250798868997,-0.03902688393019755,-0.09332027298445933,-0.050964150829600575,0.0006519672389305062,0.03745056185394734,0.060846762289742506,0.03558239685763877,1.9670661081945546,-0.005949388650418586,-0.02207330033209124,-0.11177187412409144,0.011370371742319495,0.031620994021042195,0.03653416839179136,-0.03959243454639784,-0.005881598902831471,0.003825547044407327,0.031494326393544624,,,,,,,,,,
fpca256_20,16.642580036772415,-0.025969460128163615,0.07819109208758113,-0.0076276499563414455,-0.04025554133086868,-0.08232924495144177,-0.02973339498978956,-0.019176800904168848,0.01226266363666576,0.0663443441171442,0.03406791499790868,1.945971236264384,-0.014721985494947857,-0.036170362755874826,-0.035601503944268975,-0.10843225203402547,-0.002027013587322983,0.04362509184675434,-0.10111380810262267,0.00243500875817234,-0.024034570390531904,0.0393399712103633,,,,,,,,,,
fpca256_20,16.724611297482625,-0.02848040140061969,0.07772162278759846,-0.009331214649131926,-0.030064621534715254,-0.09799569984268681,-0.037103219443249034,-0.03176766281653648,0.009562017337241309,0.03932117457610758,0.0007421395040725379,1.9194384661273196,0.01402236411346254,-0.033181000203960774,-0.027235654955212577,-0.09417222665302047,0.018398273360480256,0.05658196326514766,-0.057643021100561256,-0.021681085777206996,-0.02809145730914159,0.029002645557063396,,,,,,,,,,
fpca256_20,16.806642558192834,-0.031229716067633573,0.07457284602159599,-0.010680139460922616,-0.03480790172012848,-0.08136051722939895,-0.06182626224905151,-0.04556889974466654,0.027314562934183557,0.06475572943513254,0.002584482348945687,1.8997426701091693,-0.035267173319246906,0.04835499594191563,-0.06575575326994064,-0.08376177517188137,-0.02873363667495245,0.01968771328555633,-0.031111765895204604,-0.10195423077877007,-0.04891942301733507,-0.040436942914027524,,,,,,,,,,
fpca256_20,16.888673818903044,-0.03457140867281745,0.07516422440600017,-0.005297728218803105,-0.02886934247849643,-0.07000746222908015,-0.057864332912090255,-0.06034992332715957,0.03771519604061258,0.013195159758538105,0.005505287994991205,1.8816003184223746,0.020751596398622892,0.030108422990415627,-0.15434664812190751,0.022347121077102315,-0.0040930294984921,0.013093586142844935,0.0706803805490964,0.017485749196041844,-0.05484484999750656,-0.0806154640870113,,,,,,,,,,
fpca256_20,16.970705079613253,-0.03598954003686116,0.07742146362025551,-0.00308529421670506,-0.03343046511089394,-0.06815657410358243,-0.06660675357612872,-0.06302356632694744,0.01659152635185445,0.06767131163136919,0.03612137000360525,1.863106078948319,0.0011028208423979856,-0.014227914122890293,-0.06247907831186349,0.0002638941281249887,0.007027870281585039,-0.03210945439526404,0.040807497616854475,0.050532078983613365,-0.01117302574341053,-0.17690201952335047,,,,,,,,,,
fpca256_20,17.052736340323463,-0.039373329647783895,0.07627772015585853,-0.006840330760211396,-0.02764914118152087,-0.0732107185729418,-0.06026824557804771,-0.04179085239631611,0.06537350708119612,0.05350224909625404,0.009742999292189301,1.8430040232461982,-0.022020756125516835,-0.004465484869345957,0.023652859233116705,-0.04939875126705191,0.03586255168626217,-0.0029913003193355976,0.021436136277920785,0.07827975789523438,-0.12782709661189368,-0.11896533849570888,,,,,,,,,,
fpca256_20,17.134767601033673,-0.04175009001126172,0.07424554604320491,-0.005683627005015691,-0.029377860677390042,-0.05413877508719007,-0.05415042902836523,-0.02523231868057462,-0.10439208170468481,0.00850099168216472,0.02177025817101564,1.824355836796933,-0.04576272643600289,0.05847921416698901,-0.01819422675396682,0.005509499993077923,0.051587570880068684,0.022730478753722548,-0.025405587909190598,0.05599225780998105,-0.1462278011023757,-0.04127878254276681,,,,,,,,,,
fpca256_20,17.216798861743882,-0.04416979100668921,0.07126513147359216,-0.002403439545810751,-0.024945841664529827,-0.07313164153941598,-0.05411520199528178,-0.010435324979958378,-0.04133935680548662,0.04254560974869059,0.03025841947568936,1.8145077043427695,-0.07766597992234732,0.023090188694247872,0.04493173952319984,-6.915264134772434e-05,0.050328153876322446,-0.00817858518175435,-0.051855628580411345,0.09324116126281341,-0.08891918479887014,-0.022774793255402825,,,,,,,,,,
fpca256_20,17.298830122454092,-0.0464872720111996,0.07210716521800987,0.004346498188516858,-0.02138964448082995,-0.06791773327060954,-0.051128783033002764,-0.006303570803942093,0.02468885495336008,0.062372275153735945,0.02075011167399579,1.7939792019747556,-0.1079342688239154,0.05928474549304953,-0.07059986412717491,0.036569522326294436,-0.037610630869576375,0.03867384693598844,-0.06472697632394031,0.10833144959142829,-0.09753804711517514,0.07045655110162069,,,,,,,,,,
fpca256_20,17.3808613831643,-0.04964713537849686,0.07299998720986414,0.004292945369999378,-0.00854795345447998,-0.07087012463251495,-0.03502761688002447,-0.04582096702680103,0.03319201182299456,0.07633202156977008,-0.0037431344774214365,1.781172563961641,-0.016837260770243927,0.07942363477828597,-0.08286592232546662,0.06208880603213193,0.09375420037658538,0.012795665329458916,0.00824926359978435,-0.0033510953883289247,-0.04676822920888872,-0.023513138605715054,,,,,,,,,,
fpca256_20,17.46289264387451,-0.05125525603156184,0.06988488156213554,0.004782600416038118,-0.013671882855324329,-0.05561649341334262,-0.04029825026533198,-0.0906780430192116,-0.019119235914670997,0.025141999500352258,0.01110383217616584,1.7606709483439325,-0.10241647613830202,-0.03100726197550169,-0.063133474616307,0.07904165159326626,0.07722094518688766,0.0033552773121117464,0.037688865781024344,-0.12911072595928036,-0.0742602454385583,-0.06393748943084217,,,,,,,,,,
fpca256_20,17.54492390458472,-0.05421213365604681,0.06850501558872044,0.006690282987625458,-0.0029292403039072093,-0.03872018364868835,-0.05259142535675229,-0.05433669412475271,-0.0009487098497686096,0.03282567349245742,0.15804407060760603,1.7509426886927077,-0.05227079691345864,-0.03141864932259748,-0.018418865537665356,0.13127594307295606,0.11829474682336866,0.06591058825004703,0.04423475724571202,-0.06969212596155266,-0.11461592081346976,-0.01634086975863231,,,,,,,,,,
fpca256_20,17.62695516529493,-0.056292741258174434,0.06939419028289011,0.00890902523311084,-0.008808194688715644,-0.060870193526432394,-0.05127427186264122,-0.0010902477016380028,0.03215636512355338,-0.060370562387510686,0.13268750420415676,1.7413628536927703,-0.0445305196820356,0.011453349097568951,-0.12328825380863455,0.003736507993933918,0.0676260470607177,0.059223031334633414,-0.010942490757661433,0.0017198942284598544,-0.1457134666056184,0.06795018968390946,,,,,,,,,,
fpca256_20,17.70898642600514,-0.05981487134013639,0.07079404738931269,0.004256503177599217,-0.0075128048089019624,-0.06293066799486463,-0.017244086200012602,-0.011121508617804178,0.045968440253643696,-0.049682212662707524,0.12608124566756382,1.7274597054796759,0.04059814844728729,0.016169365504050872,-0.06692604003007208,0.014703577371568022,0.040513896751295325,-0.028173471808172933,0.028996224142058623,0.012731168322376057,-0.058002808256117165,0.01361995674025131,,,,,,,,,,
fpca256_20,17.79101768671535,-0.061444339504615524,0.06931088534502182,0.007326372290528365,-0.0022095388694503473,-0.03739853796945934,-0.015213378017174066,-0.06491205071890989,0.03099725742960465,-0.0031571481225364582,0.10490712582231176,1.7234085940369912,0.09232322098469786,0.0019005827061839356,-0.043083783324683614,-0.06567378260455517,-0.00437345594360097,-0.051790438310347894,0.03663057024268704,0.0071234493592145925,0.047337383071455116,0.08385672943287871,,,,,,,,,,
fpca256_20,17.87304894742556,-0.06522347299937853,0.07064308183029726,0.004947770938124977,0.005529656374019299,-0.03726397244358604,-0.014071748725901575,-0.07308344401426552,0.0022248826100712505,-0.009421839799251755,0.09247144180985784,1.7082021752752972,-0.00010874891004758296,-0.11172311278224178,-0.0650870364090763,-0.06458478110045124,0.006072966529187633,-0.07094949874096074,-0.10037755872642781,-0.0510146201360272,0.06816778042866097,0.02929846915842655,,,,,,,,,,
fpca256_20,17.95508020813577,-0.0651350237674195,0.06896179455002642,0.00799743404478097,0.00400095086259643,-0.021450024125197562,-0.0033368187250182664,-0.09922693385379082,-0.010933012775135637,-0.061834112873061134,0.08890179185893798,1.6968257858399491,-0.04485596275078709,-0.016906923863369075,0.009701600184304061,-0.06470852235762495,0.009921576886048092,0.03190794517719041,-0.09931755481611526,-0.007185598474918391,0.022666708048321122,-0.034131789868528,,,,,,,,,,
fpca256_20,18.03711146884598,-0.06757421435992254,0.06865356194485103,0.006265559161556279,-0.003135089588172087,-0.008683352336767272,0.013384273341304036,-0.052734525170041346,-0.03659561088005562,0.04193930055625689,0.06812871779325373,1.6949125999866022,-0.040680585921981226,-0.015340814803567736,-0.10567200200035397,-0.10485898747872506,-0.02759855857128387,0.08702282240509909,0.06249372321615071,0.049398298781175215,-0.009741275387748091,-0.020415264551421668,,,,,,,,,,
fpca256_20,18.119142729556188,-0.0701525251508548,0.07124646196415403,0.009446902870153687,-0.0006590736158405753,-0.0417673660717482,0.012972960955397728,-0.08535950278887955,0.05682400314144449,0.0730573480864253,0.03609598458886038,1.6869100789102045,0.027173871329713505,0.007646506757277682,-0.07310897226105413,7.421964722862523e-05,-0.09790526765216395,0.019959025381735336,0.14318638213042517,0.017229633121164024,0.03515603503647646,-0.03185132725230616,,,,,,,,,,
fpca256_20,18.201173990266398,-0.07155681196467613,0.07113431517460735,0.016856220878536488,-0.001090067682920459,-0.03237649761542588,-0.03159586296995077,-0.0953302457565111,0.02872596282851881,-0.04567450870006872,-0.019443071854622844,1.6811655353019546,-0.06918368867032731,-0.05296620208148847,-0.028150229011507624,0.037925017175613654,-0.03196823706869226,-0.015664802184467627,0.11204805848793606,-0.04053806736691807,0.04735200430967443,-0.08545584142446393,,,,,,,,,,
fpca256_20,18.283205250976607,-0.07328620134782055,0.06986776217378637,0.013696392294366951,0.004585677037043343,-0.04283998131301113,-0.0016699953697064545,-0.06066649741110679,0.05897559858586742,-0.02364818444970953,-0.011859516351815712,1.6751080535736298,-0.09046513054247884,-0.08405691075489041,0.03748500664467598,-0.030454050297874694,-0.04193291185432465,0.02877060266882667,-0.022131492599649062,-0.12934463174028302,0.05570458302355773,-0.08680795558138363,,,,,,,,,,
fpca256_20,18.365236511686817,-0.07644098822221701,0.06833156709883872,0.01312193290856913,0.004720598572127632,-0.023595911785655805,-0.00416727656981243,-0.0680985513812879,0.03897856954875652,-0.08566855145478589,0.04968436838622218,1.6685347816298968,-0.06929352482771278,-0.01956778689922343,0.03271597669792488,-0.020155452665707407,-0.055590999057603896,0.027347248793938427,-0.033180130533124255,-0.10236416986856811,-0.0077011690247882625,-0.033554006365222246,,,,,,,,,,
fpca256_20,18.447267772397026,-0.075780627745902,0.06828279078570801,0.014282046494746087,0.008935741774552829,-0.015894893439945094,0.005966864060385963,-0.07939814846097148,0.11062477811671724,-0.08078937649138719,0.13020217311027954,1.6571844720766233,-0.0965935327980568,0.01280997533231152,-0.018591199554863047,0.017119760271686983,0.006757278325812369,-0.029456022152331195,-0.030650371600592627,-0.1134644023982419,-0.026223911227368665,-0.02567895687985712,,,,,,,,,,
fpca256_20,18.529299033107236,-0.0775204055885578,0.07043834510787843,0.01950505861007624,0.012210454354909995,-0.025259986133112585,0.004860699082621875,-0.06669026340822644,0.09565073109223902,-0.08048661356838403,0.06863111534492539,1.6529382027541568,-0.030402591823207523,0.09013771736440863,-0.01991450851275534,-0.003155813107638172,-0.01080491271321382,-0.08509927386648888,0.0035122276947245484,-0.015120039938453466,-0.05516349036049714,0.047910498285723434,,,,,,,,,,
fpca256_20,18.611330293817446,-0.0797853787750843,0.07124362892541909,0.020649339276451528,0.0149902424528483,-0.009738965428771637,0.0021381423107119744,-0.08428383478076429,0.16692752885149606,0.021215297069069213,0.055461001934042055,1.6496494332247944,0.01930795532826614,0.08510649381919237,0.08120058907804943,0.02053420912653709,-0.039617100842608666,0.04111304067385032,0.054769167181116754,0.04374646632643563,0.021751824820103904,-0.033620993915246124,,,,,,,,,,
fpca256_20,18.693361554527655,-0.08085851576521262,0.0704597042184888,0.023651849958030793,0.00809961085321095,-0.005482287081281669,-0.012979440984405661,-0.09502541136856876,0.03239933095023081,-0.0347441968667132,0.025685437419955465,1.6462792232388896,0.052775889551521314,0.02034249256973354,0.014693286545859476,-0.03288700791630632,-0.007815682353223023,0.016831129737297997,0.06762963197646318,0.0893149166092233,0.00579284410252294,0.008135523685330277,,,,,,,,,,
fpca256_20,18.775392815237865,-0.08219032245587331,0.06963569332690211,0.014895257285754186,0.013648937436486083,-0.020037607125276212,-0.02078215369991894,-0.08632135373454748,0.04114658939783368,-0.05642336483687699,0.021934695604430603,1.6402219317365123,-0.013600641576495598,0.1281658628396086,-0.05030476408922446,-0.04944729956091655,-0.041291173611867384,0.007920874463072082,-0.0013958348210897295,0.08648324974875135,0.030585408066238794,0.03811981520578142,,,,,,,,,,
fpca256_20,18.857424075948074,-0.08601797973323341,0.070299872537808,0.017827834948998113,0.021041758777824663,0.005652406588352111,-0.023777209548103726,-0.11119359909541579,0.04850156777362463,-0.10425193699006899,-0.013863933504989235,1.639552729256513,-0.04011315444780093,0.11132987340236164,-0.02933222054988799,-0.05147455885135544,-0.031421553663841265,0.03416654968312041,-0.020282239573520763,0.09409112611291293,0.007079033804394279,0.059210726073253256,,,,,,,,,,
fpca256_20,18.939455336658284,-0.08726916225469189,0.0693101034685972,0.013538449788108052,0.020772175060157747,0.0028275489889886506,-0.006174398567709473,-0.05727455888751403,0.07198888787153032,-0.10644286213448083,0.001975796911355008,1.6371800594183468,0.015810774583730546,0.06808555475320975,0.038922468131031264,-0.04617849446730158,0.05469654102022552,0.11011460616975852,0.06944127028127,0.02475559207715301,-0.06606537244845391,0.0526473660590005,,,,,,,,,,
fpca256_20,19.021486597368494,-0.08884829153783415,0.06904271071643887,0.019383669444757962,0.013371686522979624,0.012243059892317665,-0.004483699960732092,-0.09751394826629932,0.051512204060156476,-0.05397374660180038,0.050594310469898957,1.6346897243427718,0.03932197823307296,0.007134040685260298,0.04808768653067438,-0.032976946252834184,-0.04109581719645102,-0.010441619347022112,0.01701281531523476,0.08923710322917272,-0.04607956312218057,0.019618419421781965,,,,,,,,,,
fpca256_20,19.103517858078703,-0.08929646189058925,0.0690928263018935,0.014584687738074514,0.009678907706157718,0.019654285819052764,-0.0014280836354130357,-0.06770051235208827,0.0857925315042577,-0.13802173203659354,-0.028458735638631945,1.6350934728446018,0.024194889456363333,0.007770069930261345,0.12227096189124026,0.05631040972379975,-0.020168103100735125,-0.08014034309304212,-0.031228723535659766,0.02703573897513815,-0.030632716238662677,0.03227735127360795,,,,,,,,,,
fpca256_20,19.185549118788913,-0.08948996585410779,0.07002968211784606,0.0168258374547112,0.019943795644224556,0.024900303641423725,-0.0030889466950691047,-0.033220823299299845,0.046758495720282366,-0.031187569566571934,0.030046608643312277,1.6260213674355193,0.012665328083726002,-0.007065559250611732,0.07868607290311515,0.06116617240276995,-0.11674881152455736,-0.08226926171864801,-0.035135105786659945,0.0025594752899348733,-0.014333195057167585,0.05020084081383936,,,,,,,,,,
fpca256_20,19.267580379499123,-0.09116260698480763,0.07047175508610445,0.01719981345025977,0.024355937755338942,0.00893514611114934,0.03391238056360973,-0.05875522281063801,0.06628407334248007,-0.032231242381747495,0.0762205537524088,1.6203929373946158,-0.026270221011985524,0.03794612391389423,-0.030108986318124566,-0.020755958897447555,-0.18712894357505855,0.039141284626498095,-0.07251338499186333,-0.12834345674785066,0.07439032285581178,0.0004988433088825017,,,,,,,,,,
fpca256_20,19.349611640209332,-0.09242763601380861,0.07025571240384629,0.01679680057639926,0.017728632596557683,0.020497833684315115,0.03302720243962729,-0.049773514148871274,-0.017105726272085408,-0.10075328313476038,0.030820997010559768,1.6182700129947156,0.004778386143104428,0.053685521504183986,-0.025707678742200556,-0.0037556146278757267,0.011770572847075458,0.04544108546881718,-0.04376400958610925,-0.06507061322170166,0.017142269953893643,-0.0051801007280738165,,,,,,,,,,
fpca256_20,19.43164290091954,-0.09314484191098803,0.06858222019375104,0.01840193179945219,0.019473263414286398,0.01688831624418701,0.00813065336297533,-0.09112687524814064,0.015238110115779979,-0.09730704259479474,-0.005607254424952374,1.6126681655781352,-0.0339552424437543,0.055616129732957015,0.014130366365473646,0.026065103552887027,0.05969170694458145,-0.03378389155933137,-0.04586084694659218,0.05453950952821093,0.0003782508311954147,-0.0015656908456645816,,,,,,,,,,
fpca256_20,19.51367416162975,-0.09385279877268511,0.06804127663386594,0.021948046467662585,0.018359635925932392,0.00947150409422928,0.014651814802436231,-0.06756370744474834,0.07826866159322873,-0.02033582695816318,0.04539166683131232,1.611495204826372,-0.005684984459022585,0.0611202851152,0.03516171930372188,-0.05508467040159585,0.062320800417291315,0.07211776358329247,0.020737813347258598,-0.013492311451910755,0.04094650252688324,-0.016205905108652323,,,,,,,,,,
fpca256_20,19.59570542233996,-0.09518464253376804,0.06817154247803374,0.023485778692105323,0.026502014574666097,0.018932474915214367,0.017586215463651488,-0.024763831869081626,0.040139531974912615,-0.03302839140733822,0.058891503278411514,1.6108034516576553,-0.015510101191134173,0.0157590043857952,0.04715395124698112,-0.019341216105569325,0.05695384633583919,0.09504160311712966,0.013912420943685944,-0.07550011995417998,0.08518638606006448,-0.0699497942633626,,,,,,,,,,
fpca256_20,19.67773668305017,-0.09562798368164008,0.06831058221459727,0.022203968226093728,0.026970088696476085,0.014427428225887903,0.054752212215515225,-0.01445338246563929,0.063875598202958,-0.09308029819314179,0.08517132675607104,1.6022577093996953,0.006982608451721597,0.0018492648947480176,-0.01339390924388923,-0.020767646101163474,-0.002271735493968547,0.025834728521086824,0.01602856837427232,0.034708687106368284,0.08268765048321136,-0.112934112691988,,,,,,,,,,
fpca256_20,19.75976794376038,-0.09635110006741748,0.07027612256442928,0.028174903933338335,0.02118877601932214,0.052636052280734126,-0.008855617383049075,-0.01367761380754898,0.029849160701996388,-0.07941774346127199,0.0037070988206354865,1.6000893059027452,-0.0213751613532779,0.05625053988933153,-0.026499914965615157,-0.01954465943284309,-0.02288412875295038,0.03406376554101491,0.07347265930462762,0.10436956793340399,0.12811069087990212,-0.1305894670939053,,,,,,,,,,
fpca256_20,19.84179920447059,-0.09847931199305197,0.0697025367269558,0.024229668897817958,0.030163717283758818,0.049904322770471965,0.006714092625287344,-0.018242065905672615,-0.0034896513279476,-0.03791660293835822,-0.037601446526949474,1.6039882190042485,-0.012078088098409807,0.057201950643532964,-0.021714229131151532,-0.0987883033868619,0.05891625400424311,0.05300249348258818,0.04492149952176707,0.09120925687963652,0.03798244451199371,-0.025635685114930203,,,,,,,,,,
fpca256_20,19.9238304651808,-0.09729199139377602,0.07086206682606266,0.01901011211068696,0.012646263061974887,0.047609998244780766,0.004515484128110011,0.013671651106223958,0.020060862371950584,0.04353650907914753,-0.0020094866378838655,1.6004555567984995,0.009043795466319463,0.046164292896713185,-0.024497257866380066,-0.08519297768618568,0.04089981656407054,-0.01219878263464283,-0.025835794172874238,0.0012087775553179386,-0.045771531290929174,0.06319779832271122,,,,,,,,,,
fpca256_20,20.00586172589101,-0.09841138635655286,0.0706957980866511,0.01692122662148233,0.013892802675476018,0.04068472658791791,0.008643930146851077,-0.03325121362370998,0.09941454861832698,0.01054973039284795,0.030531364221356744,1.5963799381367756,0.032168453058469465,-0.04724523596058981,0.018444166183184285,-0.057585285560041645,0.02373401037398718,-0.008921347542413765,-0.039088805463295434,-0.010571293118788183,-0.005312291504251363,-0.01196402070366695,,,,,,,,,,
fpca256_20,20.08789298660122,-0.09933071725982619,0.07041578768650086,0.019711548484714136,0.009744647752234775,0.034260900375515595,0.0247718383310909,-0.012725913650706872,0.054423486441958296,-0.016500025369745114,0.04168048071967446,1.5870929457333904,0.04909359136852852,-0.08919547137173482,0.03398502182957325,-0.01237934800094343,-0.01634590442495951,-0.00865484332585767,-0.043920978281387704,-0.022762163905052542,0.05636348674357583,0.006501282717422126,,,,,,,,,,
fpca256_20,20.169924247311428,-0.10009020616377633,0.07047247140920213,0.02203750833914263,0.02024848812470781,0.05069929858295036,0.04166971991391263,0.02041905891243682,0.0034610581570022596,-0.040273677762846946,-0.030542459196145472,1.5863754277006878,0.010139583369674719,-0.04836435644322517,0.03771973655856445,0.04096900196530411,-0.011735911813904005,-0.060694658278947086,-0.021238844139486117,-0.007594477353412516,0.05826809893967678,0.04971413943410825,,,,,,,,,,
fpca256_20,20.251955508021638,-0.10150627640377834,0.07160844620869553,0.02666069476983697,0.02485414408304707,0.05253513745782038,0.04606383686624147,0.023538403988081436,-0.014764952994474466,-0.09907789950036502,-0.031274053836745246,1.5816635780780772,0.004089072354620313,-0.03383748132497304,0.045301828730145884,0.03532950715140587,-0.013875223344769762,-0.00621142698453483,0.004005879985392917,-0.014762396331955854,0.028114981002905465,0.0344204862031901,,,,,,,,,,
fpca256_20,20.333986768731847,-0.10038747328377419,0.07058236429595514,0.025720712953862773,0.023480079116968488,0.03741373563376575,0.03535711053800382,0.009033379279343,0.017672201351430376,-0.107582565865314,0.004405015055630117,1.5810241007763788,0.0710348018448816,-0.0038727443945614157,0.07523588610456687,0.04298343231883954,0.04959800960226723,0.008036783211250943,-0.07788948726741049,0.013389903885342102,0.006862620961572516,0.06122689415076819,,,,,,,,,,
fpca256_20,20.416018029442057,-0.10200077913166274,0.07054293911781433,0.02396854667804112,0.015997974616971573,0.035656093985521685,0.012987648658620328,0.054195436606199875,-0.010593358499590927,0.019126024238781517,-0.053871708758976275,1.5769171363486427,-0.011336845609503855,0.015835506587507327,0.06643856311878234,-0.002898003806993823,0.05517975100091263,0.0825864590617051,-0.04598069795992536,-0.0072097971790443735,0.039214216439257855,-0.021904205120402934,,,,,,,,,,
fpca256_20,20.498049290152267,-0.10276429329082656,0.07046223345851473,0.03371201747410249,0.01697949207682756,0.046633567776509066,-0.011192931672509218,0.03728876499383987,-0.018549195709389246,-0.0033750056430639818,-0.05468786450974783,1.5764357228116923,0.015390441611950427,0.10080312193910607,-0.0027130054842487853,-0.020763427708467792,0.0003198043005386538,0.01614941418687612,-0.010826089892062938,0.06368916568788463,-0.0383107569572799,0.0973737484305903,,,,,,,,,,
fpca256_20,20.580080550862476,-0.10202759193746422,0.07129342171326468,0.026410529163388912,0.0013659217417770577,0.044638348065404454,-0.002092197576544564,0.023640811785677677,-0.017420500822353403,-0.05338128164919802,0.007878933863333774,1.5729126775454934,-0.0008107608624291695,0.04257396328983943,0.015868050949877036,0.021316104105187687,0.05349978356819134,-0.08001074601490936,0.002907292898550018,-0.024848164889535167,-0.09496902660404358,0.031562755905549196,,,,,,,,,,
fpca256_20,20.662111811572686,-0.10151702465152367,0.06952941750578721,0.028593516509223742,0.006946859892714559,0.031054060533291055,0.022137785450506257,0.04691590865283003,0.030797229823509367,0.0036758976794946355,0.023470456193736118,1.5627311415920822,0.006153588680067292,-0.020498744715383623,-0.013974287233506539,0.05510768426911626,0.010102235750750598,0.0123295983280915,0.020789129986923314,-0.016151767813406777,0.029957112747832373,-0.059186839417066706,,,,,,,,,,
fpca256_20,20.744143072282895,-0.10053361570338659,0.06724163869804047,0.02302798693930567,0.013782531529528184,0.05539609332583451,0.023442022116945845,0.05764103270434467,0.018865414317511077,-0.04138402445076845,-0.06542051908014014,1.556516286375022,-0.011113667561775942,-0.0019477920769520526,-0.04578689389209032,0.09682618619607514,-0.005531428863051677,0.019835128867999558,0.024225485749311656,0.034690652145877146,0.03782339016409582,0.07526620579968638,,,,,,,,,,
fpca256_20,20.826174332993105,-0.10131777092445098,0.06872758167978937,0.027241385436985604,0.007364245540069487,0.021128308816905056,0.03049208108195334,0.04714687579151237,-0.010715590740651051,-0.005126020658694485,-0.04660551600276659,1.5510124159162963,-0.06334235847396175,-0.012284792638538461,0.035623673371974085,0.11772607241360299,-0.0021146306809426696,-0.011895407618220888,0.019325416619341944,-0.05689080130156452,0.024049695323971287,0.12995258260118348,,,,,,,,,,
fpca256_20,20.908205593703315,-0.10377601835204824,0.06786190041653048,0.02745051696849779,0.011180322058165175,0.021810765625988483,0.002839246225614101,0.05360295206456087,0.033455176707783384,0.02786725514240053,-0.06238964188737498,1.544513717116835,-0.05857398703201961,0.03478083238991738,0.0636341768266546,0.12264137335717283,-0.029606141702007465,0.01766045783633719,0.022718373519258536,-0.008946583332948553,0.06279557063408978,0.10352579088034525,,,,,,,,,,
fpca256_20,20.990236854413524,-0.10320524052110404,0.0656868921337104,0.022796697286042243,0.00625507845106248,0.06738168774225145,0.006358136124989061,0.041121002530767545,0.01188813875305442,0.034566381690917754,-0.008640980134564272,1.5462617518024397,-0.05028205799336726,-0.02961918315878101,-0.000498475418176706,0.04332069444144633,-0.11039566176442514,0.05385664109883108,0.005907969383759515,-0.041111987964264914,-0.01843030174183828,0.001715593491497528,,,,,,,,,,
fpca256_20,21.072268115123734,-0.10310511504638373,0.06764171347614684,0.02631893642802595,0.003295267515832832,0.05366510864245363,0.0032445362720965563,0.05550485690298382,-0.035306743791311546,0.01423422279209101,-0.04609331220157633,1.5359371936229027,-0.03288343695482008,-0.022446405368690976,0.019212220092841754,-0.05340988291921554,-0.09145487683031914,0.08141152964674193,0.06975560457370253,-0.0669357571073027,-0.059784556374514665,-0.019842689616082862,,,,,,,,,,
fpca256_20,21.154299375833943,-0.1007666507491773,0.06674301028944357,0.0257263508768131,-0.0013476980269201283,0.05347458497874732,-0.0011784168954548993,0.012304397643592912,0.005677727016079852,0.03259228649576604,-0.02067972249332624,1.5259287392507053,-0.0015935244199598644,-0.04657031978211829,0.1265866408982421,-0.03836960759561922,-0.07716699133505789,0.03663012318304646,0.04188685410345764,-0.0382761953597916,-0.05929214168545111,-0.04943574304917632,,,,,,,,,,
fpca256_20,21.236330636544153,-0.10082884605717776,0.06916631289659267,0.02327919266533442,0.0033705944566123163,0.04613618470599303,0.010969895073839001,0.026904337710491506,-0.04054144100399298,0.016638354137775986,-0.03221461586737665,1.5185771295043486,-0.027853717325470123,-0.06699942744225378,0.08863932759408479,0.030921110066865008,-0.04452214102194194,0.036395822609292666,0.02970940654073855,-0.0119628263838812,-0.018562494651846062,-0.031903621156196896,,,,,,,,,,
fpca256_20,21.318361897254363,-0.10196317886646801,0.06745365464439847,0.025834128114846047,0.0011653409323836024,0.04534996950836343,0.009149462539633044,0.056325707129243535,-0.0720773426752999,0.03732770880791654,-0.05559767152585226,1.5153638281716937,0.07063958716876009,-0.04442129856283916,0.047649547615570435,0.036057892262162536,0.0529285126663397,-0.01027063885783067,0.03231331483547633,-0.04499958105821723,-0.04532096226312286,-0.07115719790425015,,,,,,,,,,
fpca256_20,21.400393157964572,-0.10146032339955362,0.06647017869329996,0.028328766810198868,0.002994025552992962,0.04510855826567081,-0.004795947024005593,0.03391322115006113,-0.03950910589797866,0.08020048794545144,-0.06404818503660364,1.50408184830225,0.06209157665076531,-0.07525722857394658,-0.0217710000518676,0.023584674178077643,0.03283347019004076,-0.04510868079268776,-0.03305506865973179,-0.08037483957634757,-0.11808582557203198,-0.07258754260069597,,,,,,,,,,
fpca256_20,21.482424418674782,-0.10072684781381684,0.06556313746689116,0.026391407168970853,0.0017796647074360282,0.03832912298203466,0.03174498359556693,0.09434594337603153,-0.08499383802001031,0.056704133340782135,-0.06578823255137549,1.5005383330274848,0.039580875992675,-0.017362491039387928,-0.07134228389139209,-0.00756637737419886,0.0036031777721319477,-0.06794382949810147,-0.029104655342030702,-0.025243760646938257,-0.03635657208452538,-0.07184900384537199,,,,,,,,,,
fpca256_20,21.56445567938499,-0.10184382786760365,0.06590590528389312,0.03106000221366823,0.00034437985692126026,0.05756670542170446,0.002567169614846773,0.10333137434332504,-0.07261559064480592,0.019090016846626517,-0.022260779055726758,1.5031128302995995,-0.03974724012838796,-0.010541013802930533,-0.006001926263050193,-0.001993006399974807,-0.05796409037148312,0.0026136120470231106,0.023722733345901803,0.005796177513098348,-0.003621144658175205,-0.02865529704134995,,,,,,,,,,
fpca256_20,21.6464869400952,-0.09980077495481768,0.0644760340683589,0.03299598971240461,0.006164490204182084,0.05238610714939849,0.025741652273957607,0.05979861944014614,-0.06837224548426955,-0.004695640755089332,-0.07361816943919168,1.4904385326961846,0.018015776550639608,-0.028812236424089976,-0.005757128564604887,-0.10437425243319311,-0.05047810549991356,0.0074556222906404426,-0.012654726368154227,0.004155355221505674,-0.010488966113559886,-0.05211795106095421,,,,,,,,,,
fpca256_20,21.72851820080541,-0.10083943713202771,0.06801931410937645,0.03408615048166437,0.0033874089975223618,0.04130716892341855,0.03086020496869488,0.12146007659027008,0.011636532516269813,-0.01688488819886143,-0.09661511160837832,1.483070617881991,-0.0013949979332944268,-0.04748565930696645,0.01020249266397089,-0.0157228162986378,0.05524296317649158,-0.06765292169828079,-0.027342880603163734,0.011125403301560907,0.005664380828518969,-0.04667409666898234,,,,,,,,,,
fpca256_20,21.81054946151562,-0.10026336428076217,0.06612929056248815,0.030703476268765503,0.004870549792619979,0.03703967430600182,0.008756414702751231,0.0837025449507449,0.030245051663841355,0.02975872642835823,-0.13682884153422825,1.4718278979260988,-0.021127582809794054,-0.04425753936715117,-0.025449233986645985,0.02988977049722274,0.06660849317998192,-0.04470973350154322,-0.06238859240568671,0.11383889257343086,0.010747318305273618,-0.026360556209844288,,,,,,,,,,
fpca256_20,21.89258072222583,-0.09693733032958797,0.06336365383770248,0.03296440668355921,0.004766940972042593,0.04364797791871666,-0.01183677017811589,0.04687607581920259,-0.08196131076234642,0.01108537013486876,-0.0703735962559023,1.464786418463205,-0.017181081540598563,-0.05382909641098455,0.03136758901655147,0.0027644642499892284,0.04015118477331058,-0.021891340626987547,-0.06817289012652224,0.04275874639115754,-0.05637594793494094,0.016077104231644573,,,,,,,,,,
fpca256_20,21.97461198293604,-0.0983903213455003,0.064701466214701,0.027656561368417803,-0.004881693544385312,0.04191751923337649,0.002355640539088313,0.08228676951034848,-0.09849139556674895,0.05472511199066342,-0.04912863609139364,1.4680656251175683,0.03513811593915669,-0.0810686006804473,-0.033096253068586066,0.03663572811343316,0.0025001016111741107,0.0013193327646971883,0.010656315326666364,0.012990741025949375,-0.010108847554071845,-0.009489626049863134,,,,,,,,,,
fpca256_20,22.05664324364625,-0.09774283428316499,0.06422482692982115,0.031974128057847113,-0.0028394022579049474,0.03889867344884735,0.004938051870353467,0.07469126241356012,-0.06974068347737895,0.05032232996339213,-0.03700368891143271,1.4599494659995396,0.08129801653543607,-0.08096140421801425,0.021817605679572798,0.04920971772160032,-0.08432953012471134,0.042927591907551625,-0.0005425350402889035,0.007568842083716432,-0.033187176422632386,-0.025271108573205744,,,,,,,,,,
fpca256_20,22.13867450435646,-0.09611283363539232,0.06317227484048209,0.03332332944288947,-0.00123840041611501,0.06535309368125987,0.022835955945674766,0.03773310827890903,-0.0535349743649985,0.019257963590935137,-0.06506255191649461,1.4525161448451196,0.10017963214939166,-0.02337688198980511,0.04758077184044178,0.05779809578698207,-0.03470837651513143,0.007291701665795325,0.04951665589815174,0.04124992806713004,-0.0022031333756562166,-0.040265104325373634,,,,,,,,,,
fpca256_20,22.22070576506667,-0.0966096144197917,0.0645624193219217,0.03777063395894891,0.0022381515152548304,0.06717509925615045,0.028827891558854183,0.054841481721493175,-0.10429737411461684,0.051682527769542214,-0.05538539335050817,1.439867459985317,0.10152209446495493,0.03308394969654475,0.04425215329842965,-0.044746710996634124,-0.0747873953388198,0.0361127971483816,0.028200930847136266,0.009876413571988957,0.019806412515890937,0.02878763678665832,,,,,,,,,,
fpca256_20,22.302737025776878,-0.09508891074684832,0.06514295711759885,0.03515703100187125,0.0005928808054178579,0.0509501230975543,0.024541240105997363,0.08224912129403537,-0.0633080296596817,0.055938925814037574,-0.027066515226741566,1.437254180385709,0.04017732603726778,0.022969324555514432,-0.012908530364026786,-0.035069425572925896,-0.04605675520865464,-0.03181203617678508,-0.054362459676438914,0.014382750155509414,-0.008727260932464004,0.08183523129892316,,,,,,,,,,
fpca256_20,22.384768286487088,-0.0929736802902741,0.06302103397112424,0.03387489258800037,-0.0008635005547227266,0.015126816685752763,0.029497136305231913,0.01520617705739606,-0.07143312027218557,0.12148924521762469,-0.030291362785528995,1.4277270493928655,0.03812400574665489,-0.04625111985827069,-0.03306216613816333,0.0028839753387855417,-0.03097255342692171,-0.048722241855575145,-0.03557163486114684,-0.07585612435368463,0.04662459089501458,0.04660969388565532,,,,,,,,,,
fpca256_20,22.466799547197297,-0.09191441513157925,0.061110019800717,0.037377202841533445,0.006403998101925881,0.025445739204151618,0.04357070406071609,0.03400646301676428,-0.07624763854459467,0.06794230812550962,0.027687607313074614,1.4220370759869925,0.018284672597944692,0.00486354596544231,-0.046974054817484776,0.04136494685711915,0.07693118010098968,-0.06891724289771174,-0.009092177022541371,-0.10240391807799254,0.12367910246354963,0.08377639976750148,,,,,,,,,,
fpca256_20,22.548830807907507,-0.09343830236083515,0.06063991035935552,0.03989833434187815,0.0069062583481132355,0.0415652523015926,0.06873794904674659,0.0456895296285376,-0.10803306198653026,0.07317864571338185,-0.03102056648654631,1.4198156471869063,0.05743348762987202,-0.023738228752580783,-0.0676766839603675,0.04199393271430062,0.056373432659103176,-0.0699860741702636,0.006343132587265172,-0.07485719388037686,0.10782947286913824,0.014045958779478722,,,,,,,,,,
fpca256_20,22.630862068617716,-0.09190803021622705,0.05903441526971686,0.03980629875292326,0.01037154767580838,0.055746285421819336,0.05673057493558208,0.039512222415960974,-0.11749149620515578,0.08858740555035895,-0.013447990779060177,1.4108940062121367,-0.01661777134594939,-0.01914770414611674,-0.03930396406967223,-0.015966346031643916,0.07151176321159106,-0.07940542868299637,0.00753393443847475,-0.006744014157604908,0.07397512942553006,0.06145330643383333,,,,,,,,,,
fpca256_20,22.712893329327926,-0.08998823967688194,0.058993497855768184,0.04107020109599142,0.014864954596526267,0.04426024938671687,0.050973118602939536,0.09045517366899208,-0.0804306131807837,0.05290603986015012,0.02274120178002373,1.4046844190128265,-0.01788734554833257,-0.031016548524247498,-0.02949872543278203,-0.021998723191301806,0.12952625660414896,-0.092952770700421,0.012086496453835405,-0.016169827277989175,0.08119913958008326,0.028804787290601555,,,,,,,,,,
fpca256_20,22.794924590038136,-0.09079211704632355,0.05918361567222331,0.04021931505945767,0.0133309983147028,0.04293247362500845,0.03320296827109412,0.11049266819887904,0.05858703762207537,0.03911374612036443,-0.027423475897106253,1.402408507683002,0.01282195028413538,0.04867158154728894,-0.06880724237443245,-0.03304021121375278,0.09526815998637425,-0.027365381172761837,-0.009959656039734893,-0.0020524776967703884,0.03406884448900176,0.007581547334871491,,,,,,,,,,
fpca256_20,22.876955850748345,-0.09224892880924393,0.05773344177620231,0.043191460426237706,0.010588723310020254,0.03573688021008524,0.02479626113818996,0.09154917259882435,0.021737201425344934,0.052982025033674274,-0.056555203905095844,1.4000661842570805,0.009520419538164793,0.09970169244150746,-0.026247866722688123,0.014938362532858159,0.05816293018047931,0.024506474703406535,0.016013045840458456,0.05646821688692962,0.00657291820173507,0.07541284389707475,,,,,,,,,,
fpca256_20,22.958987111458555,-0.09142849023244061,0.06109174280254849,0.04116319786882014,0.016943971324247915,0.03288531145774315,0.0431821647834952,0.08577846300803108,0.006345483829073382,0.0006247423157154233,-0.03582823623087116,1.3999053970200392,-0.009499631416455892,0.027830027353221112,-0.051846997754221504,0.0023133719309351127,0.011130642000901537,-0.005425111764320575,-0.06261092101011989,0.031126544948192007,-0.025548666889358064,0.029500529786843987,,,,,,,,,,
fpca256_25,2.041015630355105,-0.011336730109677586,0.015118140869756014,-0.0915361313688048,0.2600890154858263,-0.08497206243968598,0.29371722525295296,-0.029925087304096782,0.009792410760058382,0.0758565968116688,0.04921865971020022,1.7148153503220893,-0.1056163884921267,0.020698412923991192,0.08201333525318322,-0.0723220082846108,0.03311440767005512,-0.1580952661204399,0.08159183382074046,-0.05761265863876297,-0.05564180279389508,-0.016708670201955222,0.0620977468485672,-0.008708827981690164,0.03789695850171221,-0.018988797107628925,-0.028111458945643694,,,,,
fpca256_25,2.1230468910653144,-0.004195259492534076,0.02027554426572853,-0.08246715563771484,0.2379004229936434,-0.08117926688816762,0.3233509983783064,-0.12225310127206518,-0.0230365738466917,0.24483375476140107,-0.04208369839374381,1.7196997885298204,0.10074631362981694,-0.003949204006956526,0.005331526926653513,-0.07856326969258097,-0.09615314151493944,-0.10957103975827474,-0.012099243594446363,0.00365286068719454,-0.20221198823689931,-0.11871597756954638,0.05793097673077628,-0.07793191966235881,-0.14833785397024918,0.04387334349431707,-0.07087424606181525,,,,,
fpca256_25,2.205078151775524,0.0030045122922224277,0.021875858140865012,-0.08370896599044392,0.22893651083521116,-0.068536838404125,0.21602436444830755,-0.09624537544777574,0.032872171589202304,0.17467066720106506,0.10265630955994189,1.7329097992848972,0.10311772680770664,-0.008592667038177446,0.04745502011272398,-0.0023933550025647017,-0.04971411461915953,-0.02866879900278199,-0.005095780272337614,0.0868697099224622,-0.048925873398224504,-0.028929520263311328,0.012015231270782183,-0.024620079860899813,-0.14190177793220898,0.029267835604067954,-0.023920149102329116,,,,,
fpca256_25,2.2871094124857336,0.008791768416910872,0.023354100128773148,-0.08987397735153817,0.2113898806173518,-0.025509351254883513,0.1871791079358433,-0.08887714121528467,-0.06348085289728345,0.014252938678484336,0.24028703477228308,1.743914539454719,0.03316695920231789,-0.03067165327855456,0.027097610249154473,-0.039477604840388834,0.03144591555410374,-0.04194972627181084,0.01362898166097011,0.05990167281791519,0.008102065795854353,0.1898647513362751,0.008921846579494866,0.15966709348599714,-0.004287120889642122,0.11958694862504328,0.11719315946535387,,,,,
fpca256_25,2.3691406731959432,0.01200850617510225,0.027568926428841095,-0.09671476567068882,0.1907879859330534,-0.011193659904306902,0.14178127623172213,-0.006471745066952781,-0.019249559399094236,-0.0992424541417359,0.14781743927304108,1.75353748121328,-0.057276355983925276,0.0012273531042529921,-0.04166019348343508,0.027308465864148455,0.12250158838302956,-0.10730605302970668,0.20182841774490703,-0.05544567939030233,0.030885256656204955,0.07725701558750164,-0.033182492796624406,0.050398578103721454,-0.10496033614007998,0.02808353617904405,0.019421362247213247,,,,,
fpca256_25,2.451171933906153,0.017956096112780543,0.02565083368396109,-0.09062616770120002,0.17729433861173388,-0.012443675772639051,0.08536247741382097,0.031175874041583673,-0.08151321212744371,-0.07323995005807982,-0.07281936428439281,1.7495550176636243,-0.037313763885175946,0.06803505533834163,0.09233498215653846,-0.07687113890330674,0.03264984275094575,-0.011738569978986521,0.1939214628707825,-0.09583466683827879,-0.08113790517974169,-0.11367329668477548,-0.09520361808386898,-0.06511097860448964,0.1394376975076277,0.14088730421055826,-0.05123216608714755,,,,,
fpca256_25,2.5332031946163625,0.01673528463009038,0.029762596130218935,-0.09349789090921719,0.17690755048767098,-0.007103323814704909,0.0339802476236834,0.05076808649902216,-0.16220362806672586,-0.14709948023216846,-0.11481700311753795,1.7485164857114845,-0.08835399241168675,-0.010176489862103913,0.023273713840430386,-0.07660366302860262,-0.034908333778678205,0.08233988874418818,0.12330904295875061,0.04470414167267691,-0.13785917472517595,-0.10637950220475693,-0.1142386196936896,-0.010766729363064817,0.21941804973389956,0.10026285947223763,-0.1534239168009004,,,,,
fpca256_25,2.615234455326572,0.015961572360570286,0.028387374238042183,-0.09840816889037764,0.17133328194531203,0.004367237830995435,0.04238564258004274,0.05828529298413822,-0.116349760302387,-0.21530647025465915,-0.01414473758021502,1.7333378044045102,-0.17215290852394285,-0.1764615558760345,-0.08034015602271034,-0.06890369639972589,-0.11151762726047099,0.11606274456930149,-0.07682537965468067,0.07029718020782459,0.001459085975967972,-0.049204204659585735,-0.010299352953753532,-0.052313097775144896,-0.11861665548551231,-0.005859034934246079,-0.15097981085405415,,,,,
fpca256_25,2.6972657160367817,0.016574267311914952,0.028808176956241365,-0.10410312404346668,0.15752710136398362,0.006696329401278959,0.05923489611483329,0.06353977741942182,-0.0008158872533784514,-0.15289747385617436,0.006693122022879361,1.7273610439618152,-0.12534672491247184,-0.14968674495282952,-0.09453360076658304,0.003306449886594842,-0.061414386356923686,0.13976999547207009,-0.11937405936739007,-0.03279022847174547,0.1626748845067425,0.002136721837947095,0.076761367845281,-0.07875879646777612,-0.15167570708237926,0.1491074258444281,-0.11975318286549087,,,,,
fpca256_25,2.7792969767469913,0.017986420715006245,0.03029832798816994,-0.09728004374452974,0.16119964917517565,-0.005818500185965522,0.052395645073044256,0.04760979858179237,-0.03465128315066962,-0.04682851316238962,0.001395111889231554,1.7149643526504186,-0.09348487349234214,0.07388832477539631,-0.17984351439001234,0.11882291632836076,0.057274156136400196,0.10877435336746578,-0.10750685776909288,0.05062158744008638,0.1352492852158554,-0.08287318587900612,-0.05035781582075168,-0.17615509258482373,0.03514075226514673,0.048361507512079016,0.08775359909481842,,,,,
fpca256_25,2.861328237457201,0.017756645484158357,0.029136005641724694,-0.09672109854353017,0.1478228298870635,0.00280233274681398,-0.002248106472467702,-0.01099169098837871,-0.08920678363659723,-0.10030853832937439,0.024443258136416447,1.6955322370758679,-0.002851272011222275,0.05614061247198365,-0.12077417781327052,0.16217622932352477,-0.06854631816702844,-0.009807101421225067,-0.012675121475436466,0.08090766949131016,0.13014613960026106,-0.1100336365177507,0.06414235473238049,-0.095553226937959,0.1384973300897383,-0.10492509624729861,0.14841427113330594,,,,,
fpca256_25,2.9433594981674105,0.016360385491453723,0.03110378334129736,-0.0913152455144486,0.14064307550447935,-0.009348458855284477,-0.03491255426803084,0.059126122605245524,-0.064526669084247,-0.05719486966206472,0.06277221302455535,1.6756352255317564,0.013535578610727017,0.00820285152846928,-0.16099289993919363,0.06841386462291815,0.0027291646644722325,0.015089657749075003,-0.0975264300620978,0.23557151573900476,0.10138763885568383,-0.060721295160055325,0.008924847512621056,0.018911368717149574,0.2193436369727964,-0.1740514270750224,0.05762843875034853,,,,,
fpca256_25,3.02539075887762,0.01593355478519348,0.02635745541219176,-0.0903818300031092,0.13390015342634554,0.01757545640525782,-0.02524520111593588,0.09466536473222847,-0.005153214159295705,0.04653120004055805,0.03991059479593426,1.645815806154641,0.022467055521003754,-0.05780467046763617,0.011053344956095341,-0.042046927891427235,-0.03237246620465632,0.04261685026923723,-0.0773790912106313,0.15399887401760787,-0.01713232885644063,0.07465121081868772,-0.00400986334300775,-0.02902874863774548,0.12750971211332426,-0.014435325687427647,-0.1606767434622907,,,,,
fpca256_25,3.1074220195878297,0.015484998181539806,0.027699514180831747,-0.09271240307259662,0.12665095414186286,0.019067724551940734,-0.03629017249665377,0.008988055542434634,0.03127723268397162,0.06028599681957425,0.03197643612040928,1.6116670112696094,0.03868100779447248,0.036032579789174776,0.01346216162333641,-0.0506076071435842,-0.04540575431168112,0.08461803275038426,-0.03338637342702751,0.1426922128211127,0.04762375957389477,0.2153624179223828,-0.06863771253951644,0.022405954540917164,0.0576063365230753,0.017658957435186765,0.029554806777750735,,,,,
fpca256_25,3.1894532802980393,0.013320707537096665,0.0291289464418148,-0.09171377864271107,0.13062107395389252,-0.01253973357990525,-0.006929018807224232,-0.001412443001266677,0.023239660988173427,0.09522695995682767,-0.0008457701111590221,1.5889068369742643,0.13155140181146835,0.011188417806425127,-0.031510747496746344,-0.020908130150537926,-0.04854538625995497,0.21096715424430995,-0.08792040765084924,0.004811407809684157,-0.036917307028485655,0.03415821084557312,0.0012715138705061968,0.15865802125741116,0.040578269023802016,0.005151188546635883,0.18065777932689192,,,,,
fpca256_25,3.271484541008249,0.011528970110994316,0.03072103849256069,-0.09504519824686379,0.11801514402675797,-0.012008753011004522,-0.06500387175005572,-0.024982587217942998,-0.009836080072951559,-0.019724937123339448,-0.00866772862847523,1.5548902469068369,0.14195971661839624,0.08716734568505385,-0.00622705875762504,0.028680324525473172,-0.06446526787400868,0.09879331596223148,-0.06717290167237555,-0.15596577501472333,-0.05999441635774627,0.02417237099934403,-0.10827418193900604,0.08974240168157482,-0.04543408687093301,0.021773060648051117,0.14813389182206654,,,,,
fpca256_25,3.3535158017184585,0.010091102975962598,0.027994787820497802,-0.08564380398857441,0.12295435013196392,0.0016025664491906174,-0.07409836152685866,-0.02804944848283552,-0.04063084467687633,-0.003620117732014344,-0.023390083162266248,1.5205989513645406,0.04895005077734023,-0.004482272573599825,0.02853077358208661,0.011064748867494506,0.03865174030881478,0.07529921951533815,-0.03200816826495865,-0.15550280859312393,0.006028563777086479,-0.020737810025065556,0.024937724231950953,0.013312304265427656,0.09438895404512329,-0.01872182698307758,0.14498560922175663,,,,,
fpca256_25,3.435547062428668,0.007791064615625866,0.026554706094320854,-0.07576849376592847,0.11595647350138645,0.003575709148726248,-0.09645359479917977,-0.03416313115823774,-0.055272015561618815,0.048326886150555415,-0.009567387288795566,1.492406035279643,-0.01211279785070457,-0.07286020483286441,-0.022926778246757262,0.07153694316064937,0.018363463913433496,0.019389032024152666,0.04631106161273399,0.01655187840554044,0.03302929793254851,0.10060159816617359,0.10358597156771435,0.008895535021998222,0.1326533834384905,-0.07856614870644957,0.14330069841910814,,,,,
fpca256_25,3.5175783231388777,0.0061088892175594125,0.026148371553219373,-0.08227138971567388,0.11317693172982943,-0.026807922146171,-0.08612998980481804,0.011725687044700084,-0.04310857783514982,0.04382240390519504,-0.04394053344717461,1.4694835720808037,0.029462936153003827,-0.039904495008923103,-0.09222922577581492,0.07645315852590338,0.045534068294751116,-0.08687448333893222,0.04275740690744202,0.11737455696530111,0.04546165424719385,0.08259141684972615,0.03741845837426158,0.0707022515691447,-0.011651829324477309,-0.02646365180491291,0.009727461479051652,,,,,
fpca256_25,3.5996095838490874,0.0029815558352887486,0.02597269533382899,-0.07609581440039809,0.10589142176923183,-0.025669544291536214,-0.12248997408164243,-0.018967497095613097,-0.056544659430055516,0.01545249076800062,-0.1055574006637438,1.4402138693948607,0.0864013042427268,0.028822451778521295,0.004026783633275105,-0.04419392454809712,0.057162458055065174,0.0022996427914508816,-0.05203393515784672,0.04231624836447982,0.04181796013352515,0.0713650949376956,0.08144044704084089,0.041694808194960076,-0.04955075111742416,0.01923693897557048,-0.02233068776192292,,,,,
fpca256_25,3.681640844559297,0.00224014952715627,0.025803412008649957,-0.07531144299648714,0.1095749876502154,-0.02197722058690602,-0.14075386800829023,-0.0634710309799697,-0.005181351688197597,-0.006155795347459858,-0.1385531867016174,1.4120799781964197,0.04547378776067762,0.0316468644432573,0.07179102412809313,-0.0608182980870966,0.10607870665697362,-0.002236199905806785,-0.10963268738046877,-0.007223558688021214,0.002702427574108379,0.012632435822322569,-0.05483717107162894,0.05050263357698364,-0.03797888683891159,-0.07200323641251276,-0.04024317283977896,,,,,
fpca256_25,3.7636721052695066,0.0004022747710684501,0.02613384483334292,-0.07200655502237499,0.10392964930523896,-0.027970677315849166,-0.12541653154657315,-0.04863324300705182,0.02084806219960173,0.03534719034728416,-0.12533536738137327,1.393504621693574,0.039068892815897927,-0.03430996340448658,0.037853057260885115,-0.030783060874571402,0.04128413922576462,-0.047075976449146906,-0.07580593341935218,0.015754343011874894,-0.03363359934507813,-0.004751774419227736,-0.08370130597722311,0.02974683346729255,0.008890507276217,-0.03748466678365886,-0.09225132731427642,,,,,
fpca256_25,3.845703365979716,-0.0012358490860472624,0.02503069902210807,-0.06900758739775613,0.10744249921574614,-0.005446405860503957,-0.1464799235669664,-0.052386526558259996,0.03259891745217111,0.0623481426103981,-0.09029674170082819,1.3655512631310802,0.005127365142608149,-0.09039542305968667,0.03899746416951072,0.009751086053646052,0.0013234611391449852,-0.03615302173119844,-0.009063674992075214,-0.03255939721342846,0.01744317644832427,0.019361081599732377,-0.09869743936274383,0.09922730645167145,0.031851750390390704,-0.010133672082814918,-0.08121092221472431,,,,,
fpca256_25,3.927734626689926,-0.003801543765951019,0.02582295716348815,-0.06299566879961072,0.10336728897092715,-0.01160170214105972,-0.15110284752309333,-0.046756423762846736,0.009097446218718648,0.0026497028055111546,-0.08406036525163571,1.3445000697529554,0.01111121627274976,-0.022249202924307175,0.023923885395874672,-0.023914468039401726,-0.055108071474624126,-0.0528990547037414,0.027643107281905513,-0.03874965141554369,-0.03736341000585383,0.03214701570912869,-0.030984002679273925,0.0963965197768673,-0.05324839514507025,-0.023621654523621603,-0.03982704476305078,,,,,
fpca256_25,4.009765887400135,-0.003564208204845038,0.026870483451945214,-0.06976163397820054,0.1046820436058043,-0.017973558675183472,-0.13406858289476412,-0.00904590139362237,0.06761861151110718,0.03489298708453227,-0.11668644633541664,1.3172171848405525,0.000328904614390807,-0.020404962623061768,0.019752234414405635,0.023074437428120376,-0.016753701959619546,-0.007110222691762896,0.016854549362844154,-0.03694369447305397,0.02216727546769085,0.014771726427053586,-0.002261361531037398,-0.04229427871810196,-0.08624609397330547,0.0016603368222464152,0.06585617662220274,,,,,
fpca256_25,4.091797148110345,-0.004265777764588908,0.027867754202772353,-0.0678333171375101,0.1004364925817606,-0.03427602773455143,-0.15637434938168202,-0.012446508063468906,0.04853741853312622,0.08091200087600751,-0.08914967017702835,1.3000544154099043,-0.049966079773997335,-0.027057304147053887,-0.05716472718113294,0.03654738477655464,0.0511287474930228,-0.02006019522629293,-0.04319920975786921,-0.030061176807060466,0.05228661708986726,-0.00712796150138674,0.03225296190911778,-0.005509593522319757,-0.056616996453613726,0.024321259922823142,0.07896887509361712,,,,,
fpca256_25,4.173828408820555,-0.0067736908375650535,0.026129775814560684,-0.06488329115535563,0.09356588731900387,-0.02667701073514769,-0.14316043223408995,-0.048845006761591446,0.05716517227516473,0.058469494226935564,-0.12981558481682492,1.2810221648205222,-0.04519178553749856,-0.012838042205318471,-0.07541642390122275,0.026786864800320706,-0.017767720932052283,-0.09029956745245701,-0.04648906899412318,-0.01900302348696392,0.008505254252855199,-0.0938570744350031,0.055494678783770325,0.04448216330015093,-0.0027523661886030143,-0.010022906080058923,0.04575801011390754,,,,,
fpca256_25,4.255859669530764,-0.005546092860616822,0.024833972901429566,-0.05770352585268945,0.09519488187202611,-0.02691975581230487,-0.12884302966550862,-0.05206552261931855,0.07783780195194938,0.036612628045318056,-0.10092845297457176,1.2626105690955225,-0.05223188681553673,-0.0028949274659473417,0.018133274340877636,0.039373898219459524,-0.013388927120983371,-0.10379688516695454,0.04665968933705286,-0.07715586791990782,0.002261389339064593,0.0005794440736220374,0.05469437494675433,-0.016042162313726356,-0.012233706070298805,0.014687951007251392,0.029162651236465574,,,,,
fpca256_25,4.337890930240974,-0.007063444353493448,0.02422422521165583,-0.056754685567305896,0.09050120004157457,-0.019724586023442958,-0.11916005765378507,-0.03098357274346329,0.04639177259328946,0.04157901779647268,-0.03009644977765194,1.246050873646468,-0.029388033951463333,0.03655288375553971,0.043936462974643015,0.0694328806105674,-0.021122218540924623,-0.023216069071121365,0.03216924180685092,-0.09223290749428556,0.05464345721031344,0.08963836463756446,-0.012166816204633668,0.013959122719945467,0.046209981623508076,-0.04121829496234839,-0.07498316068568442,,,,,
fpca256_25,4.419922190951183,-0.006287759458203522,0.022546443768387815,-0.05234678330048046,0.09396617263395213,-0.01440841349932344,-0.1376299146379999,-0.038110243065130694,0.0660503731760518,0.024481279693513307,-0.02046605365556496,1.2302090073823682,0.05697827219121364,0.021392203467529916,0.049903427802265005,0.07975552597313956,0.038536223519543625,-0.02096066164793431,-0.01151155876030627,-0.16238296971821736,0.030076092919261832,0.01726208797171573,0.006932886987209643,0.00773780907949196,-0.035017314387546405,-0.006977033509932146,-0.07233396184141527,,,,,
fpca256_25,4.501953451661393,-0.007804696475243042,0.022155133403292747,-0.05428938662253907,0.09008542543764465,-0.022075033012277458,-0.13083164727873703,0.0017673210922779126,0.03820073724104463,0.013465231066304185,-0.046450270482251636,1.2136580043622622,0.02944808588104824,2.847555593701867e-05,0.06195151598915707,0.06462507170255105,0.058848403823993534,0.04536468295564394,-0.0053974052933399574,-0.12498462241061836,0.021743380218131464,-0.028769256134597875,0.025173281857724578,-0.026112192478982693,-0.026948628274666098,0.01049272846070852,-0.08177823491460388,,,,,
fpca256_25,4.583984712371603,-0.00568779240330742,0.020971900309709534,-0.05392863512985633,0.08402543734355658,-0.024797606048284983,-0.09961571708520806,0.02058729804115209,0.04169629028287776,0.02952912424747823,-0.04627319677567364,1.1991285449937625,0.021637080273011325,0.017824190267966167,0.03955160034674131,0.04082907035604111,0.00019145975602748166,0.016686607890325916,0.02803503063307758,-0.11291024125191895,-0.02636438008040312,-0.06424108488840714,0.10351023205975884,-0.05167200163997941,0.03252374003519348,-0.06856809044097387,-0.0648004461273201,,,,,
fpca256_25,4.666015973081812,-0.005932142728143794,0.019384815130989917,-0.04833346055631123,0.07408248150418065,-0.014381432679297677,-0.10345728079451504,0.025660338234460033,0.0495122741399588,0.03154850002939827,-0.025192026336932995,1.18243271637833,-0.013863114547739322,-0.02661766108599356,0.04498284352790623,0.06557587149481475,0.0007893884111014049,0.004295007838828677,0.036505097038918966,-0.09053296520493573,0.0005392421747864307,-0.0798920002329997,0.06267929318468542,-0.029184902199425874,-0.01900738889929285,-0.0024613313989626795,-0.005714989699801734,,,,,
fpca256_25,4.748047233792022,-0.006595201904937821,0.019935857726938518,-0.04446537222461514,0.07314626153652247,-0.009886385999056703,-0.09324060317562527,0.005938716755592043,0.03392650167053784,0.008533084610243874,-0.02541253322814749,1.1618282066820302,-0.0181477558696819,-0.03973961251507395,0.03588720603340573,0.003734424330995326,-0.020472174321755347,-0.027194179654354955,0.01774811484551171,-0.04161093333120007,-0.03763602230128129,0.0414183945364857,-0.01831363682768846,0.005438537756936406,-0.017189484022427745,-0.038063293531404994,0.02380391676857242,,,,,
fpca256_25,4.8300784945022315,-0.007630976897027751,0.018106622157128032,-0.04291576256268307,0.07207188734025292,-0.004103472265450882,-0.09316864985608417,0.021373193054954897,0.03516937556697429,-0.028585862898238258,-0.016640807206451943,1.153068280531428,-0.011689876707005827,-0.0009729694931606952,0.040397519435641446,0.0135433724614159,-0.0019168635401280772,-0.042489667887566286,-0.012534160582310477,0.00040108797039701627,-0.0232413811993231,0.05605546023404068,-0.06325006560037329,-0.04942077523477294,-0.06531600010137449,-0.02236437923312872,-0.049369991287384035,,,,,
fpca256_25,4.912109755212441,-0.007016337422839836,0.01618981745853411,-0.04328065089706009,0.06466599357345436,-0.019464584527186416,-0.10879452146713413,0.03744608799817132,-0.0008810367926968186,-0.022568362418056993,-0.007801342328225026,1.139002677417717,-0.03852929640528089,-0.02560970190382016,0.0452969050185785,0.013079472434340551,0.015231776853649622,-0.06730324095154959,-0.0043177958844330434,0.017358126070737966,0.051843536564887674,0.045261809840090386,0.006015986612999714,-0.013349114277297947,-0.02447052808976074,0.031012806953436604,-0.014567498413858456,,,,,
fpca256_25,4.994141015922651,-0.005192064798582677,0.01665827083706827,-0.045667066848995866,0.06564507583511835,-0.008136749318231913,-0.0802470062188823,0.04874714299875235,-0.0020828112454659236,-0.019035750350817556,0.020167194779476417,1.1230753021081714,0.025395404274102022,0.011149955810842035,0.0328355620969937,0.03559117739578235,0.0711020738993618,-0.04805750959327134,0.000809791423445793,0.03967147072251931,0.0082417554161716,-0.03339014101772022,0.03932241274422914,-0.021022778074468725,-0.057439672937969775,0.00046147573653482384,0.01196634581498257,,,,,
fpca256_25,5.07617227663286,-0.004275262052396278,0.015843569032516436,-0.04000725439548466,0.0545155393908695,0.0008072271213550212,-0.08798069445338494,0.06344026980550325,0.020403569183402637,-0.021562360026204465,0.017786041768772905,1.112067649551462,0.10795140531930185,0.03702893216035655,0.06701396860540719,0.03538517834188914,0.006444265623006821,-0.023778834485612986,0.014710803878142348,-0.018706369194609468,-0.059584770318097495,-0.04900514808506075,0.006608868714772183,-0.015992286148610577,-0.05409282493125748,-0.07797625841324263,-0.002679190897369241,,,,,
fpca256_25,5.15820353734307,-0.0034020664342325384,0.012782986107627497,-0.03149724967907979,0.04741169962949631,0.00138794237325753,-0.09980105714950412,0.051995538974351725,-0.022133746730668966,-0.007409348345515493,0.010604872702848774,1.102214685225441,0.031927209799959874,0.05766688613713099,0.05234167109844876,-0.0030886484910113586,0.0041844903898247444,-0.012265669014820974,0.013551425888977377,0.003221373838395626,0.0013075735166480995,0.0029925998017619696,0.006708653943150086,-0.024392559555264395,-0.047220664315772806,-0.027619405283717677,0.011634042787632703,,,,,
fpca256_25,5.2402347980532795,-0.0024491046442500614,0.012192127621784128,-0.033419978470952974,0.04745605809897277,-0.004781660498734984,-0.11399860397440952,0.07200829758033497,0.056478191898409594,-0.01527669891640091,0.019948628684079355,1.0844662206490157,0.02947384836405635,0.05919205949671792,0.03156470038331273,-0.008215688262388035,0.06263697896532817,-0.016576906992818996,0.02375748570325402,0.02931537723686171,-0.016758647391485165,0.012912001991836126,-0.020914415750240674,-0.033267508460214534,-0.0018583146503762457,-0.00868370832992053,0.03480666212070495,,,,,
fpca256_25,5.322266058763489,-0.0022759349716896166,0.011835698356409427,-0.029239716127394462,0.03914631400604257,-0.012847209107225992,-0.08712425492736874,0.062087245886927225,0.003909041195001521,-0.03325309194561377,0.034184868999093294,1.0768980717159835,0.04384706874562959,-0.005128246061595978,0.04756285003710856,-0.02820283365513273,0.053806016870603796,0.03255154334326606,0.03145666420127613,0.000895997109810847,-0.011415665634388728,-0.04083906039007977,0.00035434419374637716,-0.08268894450411672,-0.02147570430471428,-0.06369779838193343,0.011932094094869214,,,,,
fpca256_25,5.404297319473699,-0.0032088684778300075,0.01073511292791089,-0.025230378914955918,0.043115898730803605,-0.01590477905170075,-0.08364254495895024,0.058929842384068065,-0.010167363421470102,-0.02457247219579938,0.06256063994616004,1.066654941488581,0.03434924274273063,-0.01619683476697558,0.06534986487212352,-0.017647431489350152,-0.0039052827239390506,-0.02340051881033192,0.015981372581047034,-0.0006263893082439007,-0.05616787192262286,-0.035826725252467176,-0.01420385485239474,-0.06271544060939221,-0.02393591747303773,-0.06920393938813739,-0.0023265002083316805,,,,,
fpca256_25,5.486328580183908,-0.0023877826792991076,0.010368818016432284,-0.028456031277747092,0.03733421108811792,-0.02258343360392345,-0.07470020304304814,0.05521343494001116,-0.012616164671276332,-0.06596517091927016,0.04331224081877062,1.0585517161438658,0.038523989707067934,0.03732019093917673,0.0016477564729265055,-0.02798546361901165,0.03223625359284678,-0.03819504089654492,0.034937323414525365,-0.020121160730470766,-0.00682710594368729,-0.07682380227301994,0.011417972787996312,-0.06017826499395147,0.016612605738494206,-0.025577869148214208,-0.010098620908487189,,,,,
fpca256_25,5.568359840894118,-0.003176888376817579,0.009108033821258743,-0.023986868218436812,0.03949741748846037,-0.010913514833156323,-0.06177180719196891,0.07318066595758338,-0.003669617973643198,-0.08090727981869712,0.050159807212003894,1.0531859589418606,0.031207631648324564,0.0017664792796503216,0.018950508164425922,-0.04144736935640855,0.0475087859224094,-0.0504758958135306,0.04715949804223011,-0.02080349244376334,0.0003437728100172399,-0.06535559907360661,-0.017465231034291383,-0.03215795485987513,0.014803152887746775,-0.009939155253909024,-0.010405619491751538,,,,,
fpca256_25,5.650391101604328,-0.002561921215608849,0.009732906804806445,-0.019912845319017682,0.033931594957508165,-0.008048059148204934,-0.053600971247730715,0.09339452142184324,0.0005429819964426899,-0.05200029929426201,0.02619148503260364,1.040370688308224,0.034776981176239875,0.04914265302684054,-0.006261631406033013,-0.025833662688889886,0.005828107806770032,-0.011165502057235883,0.05499686536435154,0.016579141926191688,-0.036609530841317836,-0.007156283840133653,0.002998181173679731,-0.018036300182085508,-0.05065741643182267,0.01383955201214679,0.013863148512633186,,,,,
fpca256_25,5.732422362314537,-0.002406195301043382,0.009205734777950192,-0.019225216142487,0.03714469200909078,-0.013175064304269435,-0.04743056397638701,0.08973512840813554,0.007311453720323759,-0.032882410265651134,0.037959635470060565,1.03567288175227,0.012268787850213432,0.039546748604283546,-0.02192689845879842,-0.005590833299586533,-0.009632872246737905,0.0044407588369540126,0.042476379313807315,0.0032278031261307443,-0.030347637850227663,-0.04041569565895978,0.015301439964961583,0.003478042696455975,-0.055713537701766874,-0.00984613140126828,0.015470316545330244,,,,,
fpca256_25,5.814453623024747,-0.0029484825274741677,0.00863078109605125,-0.016076855774900103,0.02968056699978694,-0.01004179839909865,-0.046802496220199656,0.09520551878296271,0.005883570368308805,-0.033363839056398385,0.08294142552097643,1.0298120189505384,0.012268948758923655,0.00738589930914655,-0.011858500929679463,-0.017389074223547442,-0.03562342178981485,-0.04240416586759715,-0.0015193710488926229,0.025708021775949032,-0.001039394186138895,-0.025694658539310404,0.0068676431868904785,0.022322410697645696,-0.07528947087733337,-0.0009333797618139086,0.00869288127844773,,,,,
fpca256_25,5.896484883734956,-0.0022808742233698712,0.00626884115529373,-0.014084701624287545,0.027945940453991104,-0.017529782157461336,-0.04409494510805147,0.0805746128916612,-0.002506125934017419,-0.05173934943688636,0.10992469598306853,1.0229986930440678,0.03379769157117542,0.0004446781167600348,0.0251283763074503,-0.03429832956573151,-0.025636383069599204,-0.045790721017705725,-0.014320511903879186,0.048209672269012446,0.014049055166300502,-0.011189590361529778,-0.009769415189926772,-0.0024183853129863438,-0.026532965142696308,0.0062569917013378315,0.00014999410207207353,,,,,
fpca256_25,5.978516144445166,-0.002351132527917451,0.005569708484012097,-0.013495491770957392,0.027130938188175663,-0.017085632798933194,-0.03722751061290654,0.09330698291732246,0.012514339247895577,-0.023702924129258757,0.08003770182966911,1.019181519911319,0.028892385911444128,0.013940206802750783,0.0651136498025398,-0.04926608928029485,-0.013401954405443731,-0.03528461769616213,0.029121076882052774,0.05958191802948741,-0.01619552754823494,-0.008985592590711154,-0.013054955279327738,-0.033597911441573834,-0.025500930273475126,0.014046276148521754,0.029009043564889637,,,,,
fpca256_25,6.060547405155376,-0.0010975788386130805,0.005779259064154696,-0.011169824501058174,0.02883392464945648,-0.009741423647613908,-0.02774542423872229,0.10123767721108967,-0.005119490131357487,0.009232772245305537,0.05485687308340227,1.0140538163636434,0.04295700833119611,0.0391202779822617,0.05269773031684977,-0.02778510836887818,-0.002970004440602681,-0.01693857233865608,0.020259839831948106,0.026119279165614368,-0.02508268816724872,-0.028506847821080185,0.037482758089682267,-0.037603464321914845,0.0010755462163460489,0.009783637542996056,0.010735838073926784,,,,,
fpca256_25,6.142578665865585,-0.0013715990507901686,0.005284648425683967,-0.0112710578250288,0.024727464183390592,-0.004769496461552414,-0.03953500574292926,0.10320571620063751,-0.006505515796332855,0.0019107123251099882,0.05353191628768145,1.009954757793071,0.036175021334285185,0.012772122974084185,0.036915216878799804,-0.017890703780536497,0.02048830070245926,-0.002413171795839152,0.023162608138800715,0.022315997713846476,0.00021918012773850665,-0.011539027475246728,0.004116672966576357,-0.02630240277882822,-0.04519495812664188,0.03390967691344662,0.014975636577230198,,,,,
fpca256_25,6.224609926575795,-0.0010670206817828332,0.005429762576127072,-0.007809079676102188,0.029462155694480623,-0.0012057427410939465,-0.03832248874529251,0.11186623500566809,-0.00462587937942565,-0.04204128152442923,0.034409082766232106,1.0079329761173252,-0.0037980612409150836,-0.0022000516092618924,-0.0008734135212676521,0.0064025758582259675,0.0032555076200795068,-0.0006911434600343561,0.02021699599899928,0.028504187181586333,0.006071372830298606,0.015901672915136566,-0.0012143938555435746,-0.0396524328856468,-0.05851935425340957,0.0023983106133448166,-0.009285489314166104,,,,,
fpca256_25,6.306641187286004,-0.0010245231375611993,0.005303459778017886,-0.007082931128212113,0.029310560202259504,-0.014341824938908253,-0.006898740485452526,0.10291685729492689,-0.0011735729636354374,-0.031296133716895984,0.08226261125179311,1.0059776960952704,0.05440583969012544,0.014643869759590146,-0.0005656546948128822,-0.04332379053868654,-0.028383480021418772,-0.016522009411684867,0.027522012114684285,-0.01264001856878854,0.029139083392690744,0.019620600350601917,0.013266239284909356,-0.012092475030052275,-0.012254816817655674,0.014189739627387565,-0.00572855234920233,,,,,
fpca256_25,6.388672447996214,-0.002018203737128097,0.004556057757502554,-0.005373883426368614,0.019108493009887456,-0.01012784280935452,-0.004842408613689348,0.09687937974210438,0.028058160503567003,-0.021615921521716052,0.052276089838193276,1.0073096800074386,0.04037166339880217,-0.010185840261817639,0.024954499675369723,-0.0414726961314637,0.013796872537123214,-0.017827794908508412,-0.009232693702676048,-0.016900894747722554,0.004764716946557472,0.012087932475698969,-0.029601918594916298,-0.0031847865137382917,-0.006643152831515717,0.028569623125536285,0.06602373948918791,,,,,
fpca256_25,6.470703708706424,-0.001368015776967399,0.004289406089587148,-0.00389063777904708,0.014296063235860523,-0.015339805856565351,-0.033848966704243075,0.10700371073511586,-0.016175885776254086,-0.006025925739616195,0.04026862379168088,1.0070958024542407,-0.0056488112813073785,0.013039853850777286,0.0057927084501070425,-0.00619027439567908,-0.03680835282536782,-0.01708438164415877,-0.026372702093685065,0.03263085033438678,-0.001428098279767251,0.03058523146775814,-0.013900793313654042,0.0036151041671283815,-0.035677833572581294,-0.010614951132599451,0.07411917656531103,,,,,
fpca256_25,6.552734969416633,-0.00024181087510495922,0.003479244311759036,-0.001771985290398787,0.017434202228805516,-0.027135766097824216,-0.02524325301984214,0.11757477328689318,-0.011399224394090302,-0.020807743127514967,-0.0020779935465354274,1.000460128383584,0.0036431162372552637,0.032852566600055234,-0.01444058609584628,-0.03768470305925536,0.0034826042019645955,0.0005774934530162956,0.005977163111140455,0.014069678255829186,-0.09193236726240898,0.009721674686328712,-0.008117761207244265,-0.026288217902729987,-0.03192533343652491,0.00359415550977819,0.02762819092597815,,,,,
fpca256_25,6.634766230126843,-0.0006178891705304572,0.0032860681784906472,-0.005261210842317688,0.017019625392415295,-0.007652034811147791,-0.022723519361639598,0.08923298007862282,0.003017130895029634,-0.009003180045710494,0.008274174343127494,1.0012927978919242,0.013856440514709165,0.011308872121881641,-0.011605880848912,0.002095251716294956,0.020151873849236713,0.01622550213508264,-0.029038632440451885,-0.011246798667137521,-0.030126769623003275,-0.0026957182629627104,-0.020183620775421254,-0.009002115848579063,-0.024730908832372493,-0.005891227123427038,0.016735427210694702,,,,,
fpca256_25,6.7167974908370525,-0.0006356208462344502,0.002654336532587762,-0.003401784473731806,0.006372415453525412,-0.0006043698209630349,-0.0036187628350395624,0.03365600189069565,0.004108306585141209,-0.02371762089697284,-0.014825521869880204,1.0015594371108703,0.01482922098091817,-0.0038656457589956537,0.023066256316858103,-0.008242980297451859,0.009027943652844357,0.007281832714993058,-0.010481899022486144,-0.012226951061366774,0.002101523192117643,-0.040659519034423414,0.019840160920567534,-0.006765054405225632,-0.009446269308425369,-0.009141688702550386,-0.01206923091107525,,,,,
fpca256_25,6.798828751547262,8.094024398862349e-05,-0.0007127772260234576,-0.0034167735071555195,-0.0006820010277378392,-0.001033461378223027,-0.01292198242896844,-0.008443651204564766,-0.013215136060389512,-0.003813982460898231,0.021227102854746986,0.999575862340858,0.02048700231253099,-0.02316127724840801,0.013204536933630589,-0.022425090234790883,0.004270690282985304,0.005281824118860648,-0.024795276334602226,-0.013940505963679663,-0.03419671636004412,-0.013170323456769852,-0.003858513973685203,-0.011325479088015258,-0.01746631812513336,0.022144734078782733,-0.02615869269687459,,,,,
fpca256_25,6.880860012257472,0.0002855491656199879,-0.0006041932106992365,0.0034210167721701874,0.0008198733589318824,-0.00978553456363701,0.004517208198199124,0.01173579576715075,0.004782328198400958,0.004020766766561982,-0.002095502070775412,1.0005575596810061,0.010637983173499187,0.004986744959604152,-0.008870806226706256,0.0021021596999222293,0.019816601260429067,-0.03470744510492681,0.029751689077116,0.03571511801194088,-0.028436746584573902,-0.013538527606644559,-0.02001969071459883,-0.015152286872289674,-0.011545812987088226,-0.023918076515143154,0.014879853025965437,,,,,
fpca256_25,6.962891272967681,0.00032675861335199584,0.00024615084338121653,0.0018670309320151257,0.0011693299531853245,-0.011351200493230715,-0.0015722521750945362,0.02797080240408742,0.0030351414862945358,0.029880084373771196,0.008221089759917241,1.0014355848963643,-0.001959514666190416,0.009145612367731839,0.006143388278667667,0.006840749896038004,0.0017982539758287126,0.007312849200543491,0.011380331278028991,0.01597732608432999,-0.012938129731313414,-0.007897318514226731,0.022831868117716418,0.020432230228599586,-0.007255282349923375,-0.003953011926208853,0.040082381694180325,,,,,
fpca256_25,7.044922533677891,-0.0005836575857232035,0.0013180697717850168,0.002587348715648001,0.005525943026038192,-0.009283437585513277,-0.019377489060604138,0.035816317998266234,0.012160671421423668,-0.0017194290698778062,0.004375317303105673,0.9994168905541682,0.017820268351034927,0.0017616047821308965,-0.007833352553355877,0.003202102284016956,-0.02827771105370038,0.014016999344505263,-0.018376280201709286,-0.012673568250121128,0.044979614684536005,0.02339995903584087,0.027446615022121024,0.009438986458803166,0.009135536586889391,0.017984168525980705,0.008282684821875805,,,,,
fpca256_25,7.1269537943881005,0.00016249088042255924,0.0007366542892818179,0.00723938545534723,0.017189328938164307,-0.03066981281659106,-0.02055878280369082,0.12540254609051646,0.019641264034838454,-0.03640204036421861,0.04458517166804265,0.9981379533342031,0.003362968848996486,0.0021171969631099095,0.013092276830842912,-0.03492881301374826,0.01499252277314228,0.02358586464199578,-0.027201951077561334,0.0012770851239528626,0.02099742588239174,0.016483541619633474,0.0018655089618843795,0.01523187515410887,-0.01762591837526214,-0.0064160300714816345,0.009021845664962905,,,,,
fpca256_25,7.20898505509831,0.0003476244396466177,0.0022496094717136673,0.009410958432248822,0.01706086118550688,-0.027908378707730417,-0.01763350789298115,0.09453113271837908,0.046259608188124364,0.005272894548885079,0.05925078471641439,0.9988325061110087,0.01238060612718002,0.014157742240131681,0.006279155555833901,-0.02524264554488702,-0.01729631962436115,0.040714296898257736,0.014423748071780033,0.032327515150936924,0.009584703272557912,-0.004838358408172292,-0.017218774243931055,0.0016599140362889946,-0.07128539505696202,0.014403806792162438,0.05380084249341148,,,,,
fpca256_25,7.29101631580852,5.456043982166167e-05,0.002326350195107842,0.01001858291548012,0.018734558685211386,-0.04166506398248151,-0.03835024133976181,0.10646540734375048,0.007408159636378055,-0.031279368152145645,0.05871997600373705,1.0069841317014436,-0.003831378546189557,0.014302029941958977,0.0030856669342741606,-0.025079587749879704,-0.039684997186150206,0.0464366806989026,0.04240530249709284,0.006597700164346334,-0.011348456772706296,0.00955616178403135,0.01666677190704944,0.012186694551138223,-0.0270797842544758,0.05973586850431885,0.01671416192595651,,,,,
fpca256_25,7.373047576518729,0.0009226716012427896,0.0005478082782694558,0.010559036295925164,0.01725273644316911,-0.038275386101719544,-0.031692272681684196,0.12832219983523466,0.02399370590051483,-0.00975220473601332,0.02890543833759773,1.0062889997928168,0.019432172549748973,-0.014492129907284473,0.011079413499500486,-0.058385016243815396,0.001216960718663787,0.026696293196643843,-0.029686637224523554,0.010013383132428742,-0.04338521631117259,-0.019152194665507327,0.0042886159150076104,0.05252287968720461,-0.02966306963182011,0.030615854581745396,0.02399393125634803,,,,,
fpca256_25,7.455078837228939,0.0018107496938792563,0.001496227184659294,0.008769882131834213,0.013040866803013565,-0.03639922977004783,-0.03216476471151173,0.08671427703963726,0.04308991376790882,0.0031083114017788583,0.04819419722870467,1.0128905870397213,0.009113835668513953,0.0037205050330105377,0.001972567731915744,-0.05049194656190185,0.011400067779508196,-0.004592040112002999,-0.01860740924418075,0.01788331440205095,-0.02108357913799766,-0.006521722414020756,-0.03024695862824598,0.03646828078148394,-0.006881656399785446,-0.02415032948966314,0.02177985818506937,,,,,
fpca256_25,7.5371100979391485,0.0013174404177788285,0.001904408859120291,0.012734861379280267,0.009939557321792813,-0.028002003728663277,-0.03278188262706902,0.0992750101723462,0.01729125047327518,-0.011759252287700478,0.040911102659765525,1.012229063915658,-0.005164857862796298,-0.025993380875810206,0.01749132765321857,-0.04996980051233761,0.01573051452088096,-0.015811469257764162,-0.023468350550344404,0.028043995304678375,-0.02508530312436881,-0.0350088504101264,-0.016684412816702732,0.008052308841726911,-0.003048597913675455,-0.0346305798197828,0.010977486633628332,,,,,
fpca256_25,7.619141358649358,0.0009752789001279678,0.0010820935654231923,0.014143115957742014,0.010901098078518402,-0.029045278375296375,-0.024380306367101368,0.09878512784702734,0.036501367961479646,0.018531747074117963,0.027696953876558326,1.0152186895721453,0.011402842807158413,0.01523986887058522,0.02544203482466667,-0.03361656583111481,-0.02784437585516305,0.01611146039914886,0.018890328841685348,0.02709106062759836,-0.008051767054764906,-0.011965473519633556,0.005369215115170181,-0.0031437332303080297,-0.0341056129490841,-0.00817728297570983,0.016954294487618378,,,,,
fpca256_25,7.701172619359568,0.001425307966492849,0.0003003568603424858,0.01521792358597791,0.01567035980330311,-0.034302525257619405,-0.02059878651087918,0.07580826249422781,0.03146333675621526,-0.012890864191913994,0.03486115961886307,1.016757456624605,-0.01952908972861216,-0.0024214548135826075,0.011827832312282653,-0.015443458861410835,-0.060978774370516006,0.05124941776762166,0.005075593644361388,-0.022576288785818223,-0.009663347559350898,-0.01098246876305786,0.02394724571518736,-0.03674393139023219,-0.05498374110705217,-0.00840432262014818,-0.033429458479587365,,,,,
fpca256_25,7.783203880069777,0.0020294959045146807,0.0010974070461134194,0.017401922028648754,0.016269947158449812,-0.03940768915466772,-0.024239375227465783,0.056332130031934574,0.04462857937427823,0.00847094551090543,0.06062194481243515,1.021230763792386,0.01746867738468018,0.02384964408199267,0.029649020822632318,-0.021637616070461496,-0.03703244464059508,0.03656517740198936,0.03286766345521663,-0.0200202878044198,-0.008774546078561526,0.02044431081608305,0.0133831857119413,0.022837847151098163,-0.036557367792758255,0.013581748045875051,-0.030317443931736385,,,,,
fpca256_25,7.865235140779987,0.002004625078131535,0.001049638302844968,0.01398200671839397,0.0183100799633325,-0.04343200441526189,-0.010086671581593237,0.09182927793631783,0.056881874361412024,0.014297052691308156,0.0618227064368276,1.0291961363765945,0.020733198623302567,-0.0010967937936332411,0.043155264123237266,-0.030742059289713547,-0.04682405809269318,0.006666624413463076,-0.00512136293092896,-1.2245406857861775e-05,-0.016808094411642948,0.031626970461165575,-0.026940123642322667,0.01853525929714078,-0.06778830128383165,-0.0030926816766797052,-0.022915458523416633,,,,,
fpca256_25,7.947266401490197,0.001993998499311691,0.0017668781584596754,0.01997534243080488,0.020006017920326843,-0.0383017028506328,-0.03621697332408543,0.10008705859792946,0.012140199030217687,-0.006165151288991632,0.04233064092198373,1.0342300451857536,0.0004946608342410858,-0.014418662417816211,0.03896049050326842,-0.012404754061824196,-0.0156680038900716,0.02759300836717414,0.01170965852325714,0.0018829026873083115,0.007461155331197591,0.019412548306364366,0.02414847287048763,0.025402115084101375,-0.061374397299528094,-0.020275004144507818,0.0007673926509246497,,,,,
fpca256_25,8.029297662200406,0.002257765339574938,0.0026624325967179933,0.02155569989106603,0.01953365561713301,-0.037504506410072136,-0.03405134893613292,0.09831720835926838,-0.0047310015570909926,-0.029159271141575047,0.036114295714865276,1.0436442962846153,-0.0026142617941564738,-0.005319163799848222,-0.008852387058571089,-0.0407600302469342,-0.022671018568549764,-0.013234663710500442,0.0013820755092582362,-0.017734845280181176,-0.022644733845891996,-0.009129390323822196,0.016682517343289002,0.021682606885154908,-0.01973506412112048,0.020157796355190823,0.0022724428919210175,,,,,
fpca256_25,8.111328922910616,0.003528002156836887,0.0015796735170334356,0.026245554274704652,0.01727650300070858,-0.040234373730473276,-0.005570044606040571,0.07657773182769047,-0.002642359976545329,-0.02234944705475184,0.08134876333005327,1.0488177705606683,0.019623436044899276,-0.024945475319753045,-0.023351006008611223,0.002303394843358239,-0.008330805190601313,-0.04819010753250903,0.011846856403818513,0.02876393345982642,0.0021354853199140548,0.03736201924820118,-0.00017024035085271352,0.007149166917114954,0.005439467423234241,-0.006122938773444735,0.03008231213353264,,,,,
fpca256_25,8.193360183620825,0.004255049222089939,6.32542639044043e-05,0.025744586110859984,0.015468629017701865,-0.05199676124351404,0.001054765342677399,0.10060505346970645,0.0067272059282264636,-0.036915357835743186,0.03193893847184223,1.0555366540216966,-0.0017765452009419315,0.00250234119477347,0.011864464902285982,0.01164759004349278,-0.057028832538177573,-0.003635169124522596,-0.014184196206089765,0.028103295722585374,-0.01446804409934712,0.04462175195288004,-0.01652271632124441,0.04366510279602734,0.04103758215859653,-0.02752484213769149,0.04089033787030327,,,,,
fpca256_25,8.275391444331035,0.003706494174182111,0.001896372646117562,0.02892380454597239,0.018109529702088612,-0.0576079815226222,-0.014310109724722226,0.08599529086667253,0.03827677516182363,-0.03670102864903926,0.0392623840191523,1.0636345501706974,0.00983186233237745,-0.025824863727027667,0.013551772185606895,-0.005720464618434724,-0.01959170838899319,-0.001034917464602542,-0.0015777363751950171,-0.033370602655675166,-0.02698896096693384,-0.024944067231988176,0.032772818731598444,0.03823812215595722,0.038572139239015105,-0.009858741438111168,0.03167920057269166,,,,,
fpca256_25,8.357422705041245,0.003966992162937287,0.003215357797871794,0.03459640741644671,0.013117675197502166,-0.05521861227629447,-0.03320780518354009,0.09969150106573946,0.051526126700503654,-0.0001143032305510506,0.0187717330764451,1.0738182661768938,0.03569774159514166,-0.007962285001767025,0.03870441780173292,-0.007670802564434046,-0.027960049266355064,-0.019147212582230132,0.011608385761439032,-0.03409425953312642,-0.00021842867443268386,-0.02051504734927885,-0.0014386843998845343,0.06858265386982057,0.013123698874795642,0.008988370627057613,-0.007606809473805362,,,,,
fpca256_25,8.439453965751454,0.003580435665203697,0.0029572253609616884,0.03280853139320808,0.01304692511084312,-0.048715386048633735,-0.02655807715405864,0.10320567426019345,0.005588743559178148,0.014974136368132315,0.044849641961811834,1.082377519543287,0.04328457574079393,0.026258277658259825,0.00246443344575506,-0.006868437354439648,-0.008442466879295573,0.01407670655779518,0.003174261049128123,-0.07104754579751267,-0.018901001461785645,-0.0006693050946397702,-0.023802133153654183,0.06697760183568156,-0.014526421247786633,0.03632937328302654,-0.012426854625480599,,,,,
fpca256_25,8.521485226461664,0.005176316866546878,0.0010038040968957376,0.03797553051402369,0.014599773732495306,-0.05927327173906887,-0.022989785522852763,0.09031518938002504,-0.007763747805301865,-0.01453091180673838,0.05560966809990494,1.0910124362856208,0.039180127684300695,0.018142363815381077,-0.008500761509117365,0.015433348375835924,-0.049780243961556885,-0.031857845608950865,0.0015139196175707956,-0.09556828173488657,-0.020600679714973452,0.024603202302022523,-0.03283289901849035,0.0402726396428158,-0.009911737702978853,0.019731324141755567,-0.012478178848306206,,,,,
fpca256_25,8.603516487171873,0.0056809557280995265,0.002139248936909217,0.037768047265062776,0.014550491156250303,-0.056166886028135195,-0.013104505735509501,0.09695536712716916,0.02996207893296972,-0.03224726219677899,0.035964246615657586,1.100111629781602,0.025201644090830297,0.035905566368817685,0.005156108798319317,-0.008988632362482252,-0.10408322232478913,-0.0018240262488701253,0.004988668812757842,-0.09173828431834471,-0.013936245301838346,-0.042532721910644,0.013378005152622932,0.030398453928898832,-0.05804164807734066,0.011325374733183695,-0.015491556115121177,,,,,
fpca256_25,8.685547747882083,0.005041095063225611,0.003359100365777035,0.04376325871610823,0.013540397061645037,-0.062314541127054,-0.007342615046111092,0.1090448508196904,0.05503231730218429,-0.003322614863004675,-0.000962705840733728,1.1086016040776063,-0.005998559799580041,0.009538594943027168,-0.002722289860021465,-0.00739926136948107,-0.07283292380070538,-0.010934866689807862,-0.029404564319176388,-0.04417883461304729,-0.012111771996116292,0.021564223920615223,0.004729106879932755,0.028464744999292906,0.008600803418662355,0.017727262972483667,-0.00867444140349471,,,,,
fpca256_25,8.767579008592293,0.005904416247562062,0.002719185927283643,0.04327737463997857,0.0135281164083397,-0.061488168227512796,-0.01970553349120698,0.10298618405710121,0.019653282062054005,-0.00976217373681576,-0.0146195451648482,1.1185191400789154,-0.018350977932348536,-0.038681826623281325,-0.025264574750765652,-0.05956329007235334,-0.02298895702838994,-0.05123910259084771,0.009037410241410464,-0.06535279920381121,-0.053251315988307506,0.01487438706816366,0.0035358778087194714,-0.02639332841045482,0.044044455430004334,0.015734241816647468,0.05051724002643213,,,,,
fpca256_25,8.849610269302502,0.006588878293243078,0.0021008042890919556,0.046983414638322625,0.014946401555275468,-0.0661771180123633,-0.020439893845988,0.11386587213251587,-0.0032677140266372845,-0.022516670720695693,0.01524003469895675,1.1277317709429344,-0.035968048322290246,-0.010282087711856625,-0.03970681991524925,0.009257395374074068,-0.018898758430232122,-0.015619827368047689,0.02410322956266119,-0.04113023321748214,0.0060834166398229285,-0.019777373057665144,0.006806576938173624,-0.007717432418257127,-0.0036158361979282683,-0.02823817598776442,-0.016486756193364753,,,,,
fpca256_25,8.931641530012712,0.007873264159757077,0.0018588118112097974,0.04659498514237083,0.01066047233353172,-0.058791086331926576,-0.00755916906950292,0.10088762597223443,0.03640431714636354,-0.004797579058294939,0.056733979232443964,1.1358259128911934,-0.055371737789889255,-0.007582021900347124,0.010768019958429827,-0.013616278492799004,-0.03400532947594875,0.0020271500752673706,-0.021360315170807578,0.02164880822519689,-0.024536786354967116,-0.002232006079212062,-0.04018474955275264,0.02532493792460652,-0.0008386383089230322,-0.03796225730052917,-0.021186126257420185,,,,,
fpca256_25,9.013672790722921,0.00802251875452876,0.00217857538678054,0.04550299914054771,0.013711843034748306,-0.06790585341725658,0.002955142552466256,0.12996688102491238,0.03234275624579826,0.03126265336691152,0.009292197141479644,1.1489413948154883,-0.06293639296430659,-0.004110193219068302,0.05423676140153816,-0.05543735972475305,-0.0040860797302223854,0.030210648380069035,-0.022356044932212507,0.031624377383626626,-0.02370397347927136,-0.01634905841888705,-0.029607056665844098,0.028130493703059863,0.025942903466261248,-0.025884524983844425,-0.03576547574772247,,,,,
fpca256_25,9.095704051433131,0.008392855793116159,0.001995310759622416,0.04505599962413287,0.019470143594582802,-0.06852566006101897,-0.013150543557536008,0.12126077400899417,0.0020549794289931233,0.015204837361788301,0.02998568911553064,1.1628197743545992,-0.0287933679959042,-0.025415182900153387,0.05203282127132471,-0.04518855380814499,-0.02365816953309844,0.046072953710213624,0.003993055217242962,0.0024818586432963953,-0.022667456082630884,0.0041551837441218525,-0.010962239678518403,0.03487482556777496,0.07355856893597304,-0.024950331010915844,-0.004507557929756274,,,,,
fpca256_25,9.17773531214334,0.00912766537924614,0.004073932602206537,0.0543598331824174,0.01977011090159183,-0.08076466944422957,-0.0040365521918317325,0.06502139000906282,0.020444680664199806,0.043348004351000134,0.04197431948735158,1.174715997617253,0.022943333291771336,-0.03181557721797944,0.04934052988763461,-0.06834917760162186,0.022339170209886433,0.030748060466986193,-0.03440980974979916,0.02769242011455096,0.021569322038623558,0.024783045907965845,0.020856848072002297,0.023219075090765512,0.04410119781600581,-0.03595297912920741,-0.027160605740575806,,,,,
fpca256_25,9.25976657285355,0.008646459693290127,0.0038767289730578663,0.05422033019190581,0.022769195455142693,-0.08803424463152526,-0.009782603036342118,0.07898968715758978,0.05018147787323786,0.006993123918195431,0.034969006719636216,1.185673739551767,0.011839799184369056,-0.022025205739113506,0.030058651577336705,-0.047979172445702004,0.020789367947295995,-0.011318567474975278,-0.011482397973625,0.0009893135091400586,0.023826308898847827,-0.05875305831006834,0.007986147990008543,-0.004186972854454171,0.03164427474998413,-0.017759281486293053,-0.014578154248067333,,,,,
fpca256_25,9.34179783356376,0.011031469147299227,0.004312068910247631,0.059327473458959494,0.01933123806821918,-0.08776230713039508,-0.017988178045170066,0.05633508147652963,0.04967197687022437,-0.008334465746817987,-5.040203728404842e-05,1.199667131561354,-0.005334750949479763,0.029569123551922028,0.012151804917589593,-0.04489754886601303,0.037002820647083906,0.0017107797846616793,-0.010536778166949853,0.007614270345817072,-0.006479827864099466,-0.009805980799699835,-0.009832188181051069,0.007130181866601484,-0.017795923580458645,-0.05321085486926434,0.020618911682040136,,,,,
fpca256_25,9.42382909427397,0.010281809646512308,0.0017303831669058323,0.06345170398680984,0.027266084206810436,-0.08639512127784736,0.012576653313803582,0.0637700119541705,0.03354842005297915,0.009486015869752744,0.01729548376436915,1.2165603941601069,-0.011762553218227428,0.027747810586554365,-0.035463551792130205,0.012191817009819746,0.009025039587167334,-0.01621656459358232,0.009023374462624493,0.02034963306799883,0.0014099756911213207,0.04209435577165526,0.015452730856605593,0.03489554683632653,0.025052718730333302,-0.05106314886600451,-0.01605883608742364,,,,,
fpca256_25,9.50586035498418,0.012139265209761252,0.0016579161615431265,0.06762694159054312,0.027374202787252572,-0.08458318331376734,0.019124603898481946,0.03821392568290429,0.020757484774639904,0.010416560437314074,0.0194355342208448,1.2290202584765952,-0.0021923884026524305,-0.0001347547683270005,-0.011145592437482784,0.004677461383774389,-0.007652179225621825,-0.018284040691476783,0.0039751895464877965,-0.00674760821744552,-0.004377198718575028,-0.05273401182891539,0.04574422266789073,0.0390925149485098,-0.024943320899595237,-0.04131387065222964,0.006134429144278183,,,,,
fpca256_25,9.587891615694389,0.012691727978141061,0.003844485075706055,0.07389166451800054,0.026701153902888148,-0.08457945946250926,0.008973597294349527,0.032263050557124855,-0.017824275614856125,0.009711469689999312,-0.040633832795847855,1.248841890931718,0.014573156968352131,0.03608094775682627,-0.050900578216836155,-0.013359442445287532,-0.02396094904246724,-0.003508974051319131,0.016672034057912802,0.04556182310897822,-0.004099055005620892,-0.05082956530362376,0.024741353143740867,0.10512829204803704,-0.014751810126625454,-0.00928108164770872,-0.00733061769418704,,,,,
fpca256_25,9.669922876404598,0.012932571198468149,0.005270609872932736,0.07098168984589309,0.03603138490416806,-0.0844810164645422,0.02479908688228658,0.05986690248795208,-0.01083298272028672,0.008121100863220234,-0.013495304001339624,1.2694119251643745,0.010339720386067917,-0.017544040693694914,-0.07052720597257049,-0.008238662066921114,0.007195015443473965,0.005065984957790584,0.009200933952458131,0.07800942483502106,-0.008013984299252264,0.023093375532623122,0.03661904062938598,0.09824490541339488,0.03986900721898898,0.005487211080149917,-0.019819034982037687,,,,,
fpca256_25,9.751954137114808,0.014295452131545967,0.003928937290743961,0.07067434912045212,0.03373445398926063,-0.08215170608257467,0.010409649595263132,0.07565240697672276,0.028586201373851924,-0.026755069187354354,0.012872833589100569,1.2874381108257762,-0.004053518178495663,-0.0011491713044974924,-0.048224991644499775,0.04452132511008443,-0.02072522797621519,0.0006341694302498205,0.01012050009807286,0.0026298155909215155,0.015262874679718241,0.015653641690895545,0.008523541224948635,0.035164691249166366,0.04458157346431514,0.01414506208292144,-0.03765600000772226,,,,,
fpca256_25,9.833985397825018,0.015008010664977879,0.005024543026192522,0.07358280837890141,0.03338514054893125,-0.09065157699294343,-0.001217172555419634,0.07990494199352122,0.04706021108379501,-0.018490711073842328,0.03954138106398409,1.313691618977338,-0.057954309995044626,0.015245132026085233,0.004669696485956688,0.021902427609825303,0.0441978369947128,-0.013259478830608585,0.011481798840290044,-0.03949108704914296,0.041323007354631146,-0.029220184544391067,-0.0029429671925095234,0.04933887230623932,0.07880155051274242,-0.013061851147248976,-0.028234806052910042,,,,,
fpca256_25,9.916016658535227,0.01682885543103954,0.0059583014066197535,0.08277954403229444,0.027925991481644593,-0.0996854820613069,0.03832668176415705,0.07996614431009921,0.05945667769154122,0.0060912348809818466,-0.007169160424198444,1.335630660344749,-0.056972421095188006,0.00466219284964153,-0.0031223606290629847,-0.002441267866402046,0.01224135356661362,-0.019825570048440485,0.000933776938267232,-0.010309026719435545,0.009812044079085615,-0.05206741156640077,-0.018213188635052235,0.00020176902669849115,0.022045581751964347,-0.02572463896516637,0.044433293722828573,,,,,
fpca256_25,9.998047919245437,0.01815097279442721,0.004582034400265119,0.08885347027924864,0.03372080977211144,-0.1028046004849542,0.007215534371403397,0.04491098634646203,0.03927946524750911,-0.011661409915728104,-0.05896780731703421,1.3568128850707342,-0.04019306802212263,-0.035984026093760405,0.00750656783023978,-0.02576229275269528,-0.01993230065110283,0.006947695795977239,0.0005602796903191945,-0.03960966141459377,0.02917099384081715,-0.010023235377044326,-0.0066395705946206696,0.011431544373467217,-0.06305003299080168,-0.01371642544455615,-0.010185843047519592,,,,,
fpca256_25,10.080079179955646,0.019380082319116903,0.006088335187428917,0.09005308571179783,0.03643155991603903,-0.09873834885176802,0.04217761922895662,0.05389226078454881,0.019142359742375166,-0.007350480708000186,-0.038585736116248305,1.3747696509565068,-0.05968990547166206,-0.04064610103378734,-0.016213883057051768,0.07967529542017904,0.002314742601597461,0.043955226850145517,-0.0010252087443642574,-0.013448184993629906,-0.022477191054884924,0.024203285425607676,0.07796607987698698,0.019898538386011768,-0.0320322214307304,-0.0263580461499776,-0.01563910717424588,,,,,
fpca256_25,10.162110440665856,0.01967214045616196,0.006444092433782737,0.09589932393383475,0.03931240013459595,-0.10603087254210368,0.03192942566018369,0.05533255966048883,-0.0069016862130045565,0.009309833339455916,-0.01579231948941835,1.402840604735507,-0.020763980954839986,-0.031595951410729475,-0.0192081550205994,0.09510631267495374,0.0447378699834401,-0.022479672966008786,-0.020620911812686916,0.02567854080239609,-0.04497403225097292,0.05420424031330638,0.019149529962782113,-0.011239854445133986,-0.08696490855031958,-0.03580209609204875,-0.009977086167408654,,,,,
fpca256_25,10.244141701376066,0.02030926882270697,0.0065268949768360965,0.09287383960175392,0.040182154646620144,-0.08691690176224012,0.026541218629309877,0.03664372925621313,0.012573231768823712,-0.004860782689879635,0.00983280430168694,1.436371328386727,-0.006071864953221033,-0.017511067013391033,0.023642449759363002,0.014437911458065257,0.015000631052771916,-0.030770643675665756,-0.031170378279987088,-0.013738618263073002,0.034048238265494815,0.013907122003091386,0.02033299768303719,0.04053725576632793,0.017383719194080674,-0.07054875827213004,-0.006355381423954216,,,,,
fpca256_25,10.326172962086275,0.023116156493685435,0.007810170733313725,0.09625231444928153,0.044051146746084874,-0.09492601601358758,0.018065588517678914,0.040757437505365465,0.04527180533310499,-0.010843633340872792,-0.030612068153444822,1.4582971338389685,0.01054741198904348,0.015562078448190552,0.050587970970200624,-0.01291376294431182,0.003926790328095134,-0.03508992042404721,-0.0547534611331502,-0.008146069322748403,0.012290264722775826,0.03210797937657692,0.0156655816144579,0.04297444809090031,0.03924491045420403,-0.053625816659895555,-0.006222437910907006,,,,,
fpca256_25,10.408204222796485,0.025295822029169676,0.008654137340456714,0.09801268165759314,0.043348117380951096,-0.09568300365356053,-0.0002857537492884658,0.030935258452284033,0.049013144551817656,0.026999258240913017,-0.02355994550209214,1.4812418916438073,0.014060877715385237,0.057980426999741486,0.07983654724010926,-0.026154245653361427,0.031346269211022834,-0.009714656424030021,-0.07726655909441456,-0.010389299387299461,-0.012997629114142156,0.039519908062966125,0.05039127987128017,0.015717638196114637,0.06376275637780876,-0.03622168298636644,-0.015682892723544777,,,,,
fpca256_25,10.490235483506694,0.026295387913990612,0.009909018155783286,0.10293122999250942,0.03956897298154257,-0.0834728772729089,0.05312997693427152,0.034919464041842936,0.06823852239366755,-0.039387317361557886,-0.04990109602177523,1.510114072471885,0.07461384295742085,-0.028022527050570373,0.05957585594139912,-0.005603780465624628,-0.038187693635139165,0.03807770624611428,-0.002370707689859787,0.018016958103828935,0.02781826204184564,0.01788145262059417,-0.0011549772562338932,0.029309254862769047,0.005593215441153092,-0.010185334436381675,0.003967513386166424,,,,,
fpca256_25,10.572266744216904,0.028822448197958265,0.008696772625890444,0.10848932496474707,0.03900337588302148,-0.09270253342031749,0.021103679905656102,0.028442027172640768,0.04211444386327041,0.02787572075231186,-0.09114094973534846,1.546774110685045,-0.008200488583986016,-0.04730821208744978,-0.03589661025545621,0.05652646711905904,-0.013113732878524065,0.04112046498050144,0.03841266474769116,0.019568500381809784,0.032518597944625326,0.06334558585471892,-0.012410854168343213,0.041757040835905236,-0.06033693645368983,0.018863259177266858,-0.018133328307917286,,,,,
fpca256_25,10.654298004927114,0.029961647249419528,0.011210422945618557,0.11253354690585153,0.047590777513633185,-0.09049490126836975,0.0029071067820656236,0.022564952375289053,0.04641960921314669,0.0580217866467954,-0.042092250247381426,1.5831878069495033,0.010603859912878603,-0.040798277180952004,-0.06586653933412043,0.03210438579664331,0.008366965112450414,0.06857013466294384,0.013930528362164771,-0.03308148358596696,0.07783427519312841,0.054544244527030585,-0.021964498867564367,-0.018314038468379545,-0.027735901964975593,0.02069023629310543,-0.030068326597492707,,,,,
fpca256_25,10.736329265637323,0.03182835989287693,0.01182061625463836,0.11578054637675729,0.0516244139573367,-0.09972453290751326,0.01854681523725253,0.02255581142459228,0.01363870510101828,0.06601651582277067,-0.02985171556726951,1.611426839438947,-0.036615378172190224,-0.02347352361636394,-0.014854151960497278,-0.012767642569972674,0.061992849620416374,0.1354884036686853,0.04472154279378429,-0.03136976477443506,0.074026638827519,0.029297339164315806,-0.002994459017022423,-0.03803110966573285,0.05171771113611259,0.033293905808467264,0.0024617104491405223,,,,,
fpca256_25,10.818360526347533,0.03352861281046675,0.014826975244648672,0.12026693063054614,0.06381949733118172,-0.07654585442506269,0.02417188313903357,-0.001870239290648816,-0.01585827733901379,0.021030245574385157,-0.012676110948605438,1.647574067491731,-0.05374773115983954,-0.015877683408218653,-0.005941648650844087,-0.026295013683787498,0.09660924474536947,0.07000966579882303,0.05871092664156437,-0.05860199838641505,0.10329414262830244,-0.0023845155698172735,-0.03271281356872244,0.054211935737790776,0.01745180245650441,0.01322768946647518,-0.030979959601031164,,,,,
fpca256_25,10.900391787057742,0.035268805502727374,0.01616519847712025,0.123892339620957,0.05830591565992022,-0.0913828731253285,0.02012037729976157,-0.051714286695294896,0.031073189428634757,-0.04860955937065649,-0.04909048188775567,1.6848425099569981,-0.008594964665461623,-0.030771975110894283,0.0037464235369989926,0.017596425749395565,0.040386742038551145,0.06055685194266587,0.07038722174544695,-0.03401027269473834,0.08022006032044332,-0.021064334507234772,-0.04518338287770243,0.012190535326823817,0.051074428124346365,-0.0014328161201564178,-0.05274170108116632,,,,,
fpca256_25,10.982423047767952,0.0376821721233525,0.01661800881647953,0.12188546354873374,0.06072277274318505,-0.08327060387502863,0.04144394723825454,-0.07295584565382437,0.07389350405032467,-0.05989698963488711,0.03970295125055495,1.7229178747709601,0.013791656924275746,-0.0699464116586893,0.014459235433092866,0.004415511911723539,0.07741306882436563,-0.030730198221678537,-0.020738515152809923,-0.03868216232320381,0.07709442962874342,0.02941037314145313,-0.006127561509530738,0.0285569289043884,0.18589285486482607,-0.014568503966482628,-0.003859862768471778,,,,,
fpca256_25,11.064454308478162,0.03940989441673923,0.015164672300168316,0.13165149220847408,0.06129576749032964,-0.07882575870437225,0.04605418843268146,-0.04093583245634341,0.05219688664875552,0.0001790124545436319,-0.018822736216100235,1.7609758947383813,0.04809843744225394,0.015830599037977247,0.038645075934518394,0.02849685534371422,0.021403157601391894,-0.0869188484104274,-0.027772746871618376,-0.04129956249357118,-0.01769499308608862,0.06955373393108318,-0.054316047347774274,0.12789957271128294,0.17280561822540658,0.0016314584037282788,0.0003727017924629594,,,,,
fpca256_25,11.146485569188371,0.03991537724095183,0.01713034036147858,0.13042995754522377,0.05634662392182253,-0.09194771512984251,0.024585996667958045,-0.0051037051235265475,0.040880278951905075,0.07372875937956336,-0.046725844851697014,1.8116635136962576,0.06257106533282755,-0.006074859484754069,0.0052421097324175155,-0.0020494697852148323,-0.06565788783092505,-0.08139508099576027,0.0286328645650034,-0.048305591705582546,0.04968067406969597,0.040692281652348644,-0.011023159389875591,0.08832949011974608,0.08921793296064584,0.037282642810751124,0.05592079343977335,,,,,
fpca256_25,11.228516829898581,0.04500704459057651,0.020717175931410908,0.141870470508984,0.06120041194217174,-0.09378317570530095,0.02798391466181121,-0.02320011205271102,0.026182644861039942,0.0622297367317232,-0.030902677444057086,1.8473425432921804,0.050627241758183616,-0.0188240776474127,-0.00827060023726072,0.06555254911188198,-0.042499541549469264,-0.11107689284541478,-0.02189058542208866,-0.04192194537428692,0.0993921009659471,-0.041332951422298966,-0.01746620335242552,-0.059324499032704384,0.017206899384980247,-0.014432279379512337,0.030922846951479302,,,,,
fpca256_25,11.31054809060879,0.047338379703858575,0.02311789330133848,0.13916710762783413,0.06345188588235748,-0.07117350573722166,0.053139143575125676,-0.04663495758434102,0.004539215965635237,-0.03340021597694136,-0.023152500878162733,1.884592803819431,0.028730469344717232,-0.06998287935655782,0.08583621593414492,0.06905219952624579,0.007481708217021741,-0.01928290976517469,0.05091446535278101,-0.056131959735735815,0.08044577173406649,-0.060242751925475145,0.016470594793381487,-0.11607778355322505,0.03787579460850757,0.0018843447016469656,0.0588854863325039,,,,,
fpca256_25,11.392579351319,0.04886530396016078,0.023958250518217178,0.14878082575169893,0.06468878989670232,-0.06749555027175698,0.03922797357651698,-0.03639241268773979,0.02508774302079962,-0.03898428939756399,-0.06219432221779499,1.9401242114940396,-0.06279443520988282,-0.012085946481319977,0.09835760758714483,0.052901375666956046,0.0614538925948008,-0.04614054910014289,0.00986649918671216,-0.024661366966013093,0.00424722393080028,-0.03151793155801876,-0.06844142177742023,-0.10092010712864172,0.04677030029686391,0.030158421284723836,0.0757967706959891,,,,,
fpca256_25,11.47461061202921,0.052265359170798366,0.029964430419613653,0.14228762816212281,0.06893176245111363,-0.06694525692935215,0.022510213633213004,-0.023998064172004684,0.009066301849425216,-0.03197993513329124,-0.17357450733096785,1.9859774201953433,-0.06798284842830123,0.07156443338747423,0.0018879952399194775,-0.0004213553202721699,0.08672234032024752,-0.0668733656179274,-0.04837511013696311,0.08784743940034889,-0.005611337684060261,-0.005766772358473893,-0.026329180252864928,-0.056125759754710514,-0.031946276624670505,0.027426087695951295,0.08091096780651055,,,,,
fpca256_25,11.55664187273942,0.05621216956419454,0.03162578710276389,0.14302926400077504,0.06209535254602519,-0.05797657925940883,0.042658476234042085,-0.0651801213223659,0.01893856476164925,0.002680175397970584,-0.14694595081044529,2.035579840384456,-0.1001404124498968,0.048159759215891905,-0.012634522260247893,0.027237332352969178,0.017111307060930243,0.004671053974998084,-0.06747074054212074,0.120130178712762,-0.07859915493651504,0.01552468076435122,0.05762252129305606,-0.09197863902391783,-0.12771444931358603,-0.05610661268359292,0.027678602229678263,,,,,
fpca256_25,11.638673133449629,0.05937391918313538,0.03448275804493989,0.14513715187302803,0.06081786699967826,-0.047123776932940446,0.014727665723507836,-0.07238420688598035,0.0006372147226145063,-0.015057150830330136,-0.07981930630213822,2.0882013228064964,-0.08395377707711449,0.055843507740264406,0.08108291604270361,0.010931244504369577,0.02959644172325446,0.052744730571141915,-0.06537409815245923,0.09697912144983711,-0.022757174546710467,-0.05448821558123511,0.011478608350059582,0.01607676373664141,0.011075516207593325,0.0038311880149149782,0.08047382194853708,,,,,
fpca256_25,11.720704394159839,0.061127068943242824,0.035961939233968704,0.1465847979592753,0.06384116379819575,-0.03559383788802802,0.003495689733372847,-0.032854131113208146,-0.05826838497264919,0.008281153111090645,0.016682987852356897,2.14359427422242,-0.03231376073849178,0.04200461005537364,0.07238067484828094,0.06750186518633292,0.03224070396018978,0.044897971809447566,-0.04656880368456659,0.04741924798154078,-0.05903842994363261,-0.008642623167488605,-0.045240720254400776,-0.09281905151906274,0.0054315323858154935,0.0036994013800600058,0.07778911171786079,,,,,
fpca256_25,11.802735654870048,0.06320348937307552,0.037088909350256,0.14733164394102452,0.05843635234407446,-0.04148428885780616,-0.015978862193474733,-0.03709028862229905,-0.06569176759335495,0.008936537766534023,0.0017618577538086244,2.1972047751944848,-0.01011682109403209,0.05511729607082753,-0.014135111214644357,0.059520846434253,-0.009178964253330538,0.008962695560642817,0.009871067941344805,0.03414704647508965,-0.04698792875091725,0.04725685148050591,-0.0594527358473328,-0.14543833735674105,-0.04856315702549485,-0.006922449090155856,0.04917970168804151,,,,,
fpca256_25,11.884766915580258,0.06788194628593616,0.043333069820773396,0.139883455261968,0.06367253119314993,-0.0030447954625511704,-0.017871891356566964,-0.056298330582524814,-0.09306550713733051,-0.0020333526906665803,-0.023952786287638625,2.2420004143280217,0.08525682999946438,0.032208742916601724,-0.044102206819577654,-0.0838108948202341,-0.008313153154923057,0.09827350979473932,0.10960038405309905,-0.0033062073747786164,-0.05583612274622226,-0.005629751076666835,0.056900402915555245,-0.07839638950390769,-0.0368286210255842,-0.024806824619457137,0.007832883661805495,,,,,
fpca256_25,11.966798176290467,0.07148881246135165,0.04610329964837511,0.140471838883731,0.06347221176563081,0.021336299003751474,-0.03401749976425432,-0.015408622452902329,-0.03707876527393426,-0.011675031312993859,-0.06642030211500935,2.2947118010279413,0.09904129669021615,0.045018389084414065,-0.045016539014292554,-0.08662234446798356,-0.04105187165906862,0.06724684876371147,0.12665038199152878,0.15666405166269484,-0.016449954513981083,-0.0329196600674848,0.0143253143554453,-0.06593627406487701,-0.08457661020494647,-0.07621205303368658,-0.045244083512043176,,,,,
fpca256_25,12.048829437000677,0.07472765799336217,0.05045539171435626,0.14044561249925927,0.06687054558112487,0.006440115453105345,-0.04156512593562582,-0.04917230428485933,-0.09086665415754154,-0.028363855053390258,0.004777478713515486,2.3497311348844474,0.1344774900971763,0.11595678870055312,-0.05370530973069375,0.029285533931802714,-0.003126505899778982,0.10612454835565388,0.062082717472935214,0.07404520841319015,0.11141780137587684,-0.055961406290085086,0.08150697756530015,-0.0168756642287006,-0.025762364664355497,-0.08581768021271974,-0.07504246867419734,,,,,
fpca256_25,12.130860697710887,0.0789796683618882,0.055109539178713085,0.1368495394372886,0.06305538228120183,0.03298270857322527,-0.029939843737380113,-0.09743329361445759,-0.14401528055692012,-0.06741067977197057,0.09203950609130682,2.403081276387376,-0.0005803397555628094,0.08991049769105436,0.00731244996100776,0.01828204913937192,0.04515872709299881,0.19272869670656195,-0.03942890251826785,-0.06497561276216601,0.10477027670756879,0.06349498137488488,0.06366827319201107,0.016856791061897473,-0.07652392846891184,-0.003931852095161177,-0.018565105107349256,,,,,
fpca256_25,12.212891958421096,0.08170483887502258,0.06166923952106692,0.12922920262163848,0.05748239578030025,0.055509004080275925,-0.043115313065201076,-0.09819941423188598,-0.17439584477350428,0.018630740088754656,0.012690236825373472,2.464162817682431,-0.06466764761680874,-0.029631471720153815,0.0546672871884766,-0.043473513936624165,0.020399761653966217,0.1664869157111214,-0.08427163431975515,-0.05004189100887529,-0.06706523608855412,0.004074226275698888,0.06664115743644165,0.06728267209649752,-0.0409620978208315,0.04941125595697616,0.012897462072340896,,,,,
fpca256_25,12.294923219131306,0.08390480930030017,0.0665074831854584,0.12462063003940448,0.05785229812590215,0.0776619907643229,-0.04563306268593837,-0.06341824620757455,-0.14617758188839955,-0.11271115033612863,-0.012266573066813545,2.516933770186503,0.06747322476495692,-0.057885052119428876,0.03136573448110227,-0.043929939107349394,-0.12493297193467734,0.14153666685170874,-0.1146951454144438,-0.10207631018172766,-0.11244858765265993,0.1417439676719825,-0.07042161292152717,0.04806698246665135,0.05358957424268017,0.07000263166799033,0.01739209274161952,,,,,
fpca256_25,12.376954479841515,0.08650078599333993,0.07025685633589977,0.12276649675204077,0.05572829551399122,0.06017367869984264,-0.054112050228233594,-0.06011027899214279,-0.07047909693833712,-0.08774145267293071,0.0786848348339515,2.569426465829588,0.06087709054192814,-0.09239706299788691,-0.01648917246092983,0.07813587454906862,-0.18965841617979792,-0.03553064687453165,-0.07367342906601336,-0.05325093323704735,-0.15747181917466918,0.16838949223430874,-0.06341473684617283,0.00849254945964907,-0.008357645759448737,0.03281556244595496,-0.08676547634509546,,,,,
fpca256_25,12.458985740551725,0.08836854712856007,0.06990905284466925,0.12341078941049959,0.03869800167399057,0.04821230826663346,-0.07431592318569873,-0.038517806157330796,-0.09819966958300415,-0.037789097742170805,0.011232190062974604,2.6180579637142927,0.02202888658714551,-0.1766113299141846,-0.051043896068735065,0.1635070657791181,-0.11363721591038577,-0.030310393238293556,0.043496003243029276,-0.03314537660886456,-0.10695843370916142,0.09754779978342352,-0.02704944160513676,-0.010506902611095506,-0.10469790518872212,-0.02620232979808908,-0.03523011244472228,,,,,
fpca256_25,12.541017001261935,0.0939274957956328,0.07474194104485687,0.11264758592645735,0.04218730409728459,0.06577257821277382,-0.06238644606871969,-0.02374611456844352,-0.07759943887310335,-0.08584182711410247,0.003523937025115355,2.6687549774411834,-0.00039126985908396144,-0.07602679184389984,-0.20304013142849836,0.11170734109901334,-0.05846703735644531,-0.11529596380106871,0.12625632378677268,-0.04765360669484023,-0.12026582843008123,-0.07145206348267873,-0.07723213596282756,0.0835071005574864,-0.11434263175178658,0.003081266741736492,0.01723891394399009,,,,,
fpca256_25,12.623048261972144,0.09772762633600394,0.08007928940268023,0.10332361612945769,0.04240248124840384,0.11963144964985768,-0.09796791827388915,-0.013118125650283769,-0.04376587211162633,0.007414381642326406,-0.010628440486686947,2.717923817504649,0.04170969198430362,0.0863729523400501,-0.23106913697387152,-0.11979731432222798,0.04033311974884679,-0.20748019213272065,0.03594092323800778,-0.028315139192295787,-0.07391334589726697,-0.11952925890432611,-0.07518304608849588,0.06826550361467743,-0.055383631994470855,-0.1101663662826079,-0.11434819329322705,,,,,
fpca256_25,12.705079522682354,0.10001161371615289,0.08456950184111403,0.09821573772533962,0.03715376548017343,0.09031801017290599,-0.09044953527236113,-0.06109513158642838,-0.04022250808866512,0.11935751141146461,0.09372176340798805,2.7697813159253406,0.13603647209965175,0.09148293884051974,-0.15326960904781955,-0.1726645023777813,-0.04138249387324175,-0.01537409410194952,-0.1394260844866978,-0.059553920778403296,0.06878806407270914,-0.10737265472566529,0.04672513056095082,0.02940856136489769,0.05467193545450792,-0.058449925080685486,-0.0903959556031775,,,,,
fpca256_25,12.787110783392563,0.10278864488802032,0.09175041444599613,0.08687936178674746,0.030608267460760095,0.10068366011882632,-0.04126178587522473,-0.016063450248817262,-0.0034816453269544126,0.09598437422524579,0.065934614799594,2.81368484997403,0.16719619234328564,-0.02205425068771312,-0.004513712233189924,-0.1196373113903999,-0.015079892715135046,-0.13613531673094334,-0.156415122583416,-0.007375178479503905,0.1355006655558687,-0.07665619054571707,0.07878142242394935,-0.03908019456954095,0.06194159995251282,0.047081657715567646,-0.038296745308436755,,,,,
fpca256_25,12.869142044102773,0.10540813896354309,0.09490946261641016,0.07732940541847665,0.03017776908056997,0.10246478096876452,-0.07502854897235464,-0.022506634198538704,0.015006507393139188,0.04791239804188359,0.007993128894494547,2.8569227997579083,0.02459967701940652,0.03894433823411553,0.01270261382249678,-0.0615612447185165,-0.04826043361688975,-0.15615702858190122,-0.0960558441004039,0.03217136847580603,0.10417452502037222,-0.061809359792377845,0.01575250516231416,-0.08078803237997179,-0.06233528383543271,0.07408853167310005,-0.026138667038147104,,,,,
fpca256_25,12.951173304812983,0.10680449656853201,0.09814213510130182,0.06674494682807146,0.029495332813808898,0.11889528152219483,-0.02705298835262488,0.035737294946928844,0.00434449567185222,-0.10327827333007769,-0.011381913117748672,2.899556818522691,0.047225558629411905,-0.024506597840603765,-0.0029265583938139807,-0.05559290029970843,-0.07194500661540285,-0.12592537523757125,-0.008571700219782858,0.048172435256733,0.03773625573334538,-0.1108910801138034,-0.020373761960795326,-0.10270813459838532,0.044726111681279976,0.10053976043322706,0.08535624826302102,,,,,
fpca256_25,13.033204565523192,0.10992080613927847,0.10323398478695926,0.055272947693985185,0.005874562932852702,0.12422703508638741,-0.04170110539290756,-0.027064742826692086,0.09985742969745258,-0.15264981850931642,0.07278589071968584,2.934405443957103,0.12480553919529547,-0.07243945055802595,0.034188276715168164,-0.10293280838305567,0.031042084381526416,-0.08884862227343028,0.25073932688157285,0.043667837009555205,-0.07937056545298289,-0.007711550709007675,0.055759013280135744,-0.10793858013570332,-0.02284130214716401,0.06976792587302019,0.15630508712059535,,,,,
fpca256_25,13.115235826233402,0.11314660365100855,0.1066677279096507,0.03866483939696353,0.012278206316656706,0.1463937616580188,-0.07084817880367943,-9.99687767279532e-05,0.11795758979010719,0.014995466847850083,0.09745424257989178,2.9700602820193875,-0.007198223360250012,-0.07736169195167333,0.06200112400971315,-0.09586518463150079,0.10647762413045739,0.08306727862992258,0.14423991608649583,-0.024372484058861284,0.05901253305466338,-0.04169670731450918,0.13697823279000015,-0.013999161689276302,-0.07739302479149507,0.12798314171313657,0.14511330920084944,,,,,
fpca256_25,13.197267086943612,0.11435551316944759,0.1117134742214157,0.03335598504583383,0.016737254915758518,0.1460877505345554,-0.06567694732111337,-0.01408416570122798,0.03319340817766615,0.0669694756042051,0.06441360313885938,3.0016057422557547,-0.1562072984995249,-0.1712946031680294,0.006910442650363464,-0.06244597253790159,0.2750435784957162,0.11804863744852996,0.09291618361376011,-0.00018740741500695296,0.025177220491804486,0.09065422277515671,0.15084004851586252,0.081235117695234,-0.032452712598998776,0.08200586107612522,-0.0946555382536115,,,,,
fpca256_25,13.279298347653821,0.11641852400351294,0.11311632752112506,0.024152628609647734,0.0063167537799603555,0.14285744796293476,-0.04849221068255668,0.00775305831820415,0.04880355203392918,0.025316198906813633,-0.03234086812281803,3.0165608580928884,-0.20883915003992726,-0.13399375629040652,0.02276394617401497,-0.09135567465015296,0.214381147553101,-0.12864979148563496,0.03135589079416348,0.10349233167158375,-0.02002994993902585,0.08441151422526663,-0.03969590484824858,0.06232760843127711,0.05447599207565798,0.04104813256928533,0.024736044679754557,,,,,
fpca256_25,13.36132960836403,0.11724928714566121,0.11745694898742638,0.010277250671632735,0.0028541218032054126,0.12016809013300897,-0.00653368435888258,0.02478226640161166,0.057531121068041854,0.07537077176393651,0.06713726102971966,3.040126394711546,-0.19363391043803896,-0.19489929609425896,0.09577648016914689,-0.067007320796625,0.029222254885460604,-0.0568473026949615,-0.07930208005444675,0.11098318107019854,-0.0547841557562061,-0.04687417670664207,-0.21194673054157023,0.046587832975397835,-0.04430612592058156,-0.07227354820889408,-0.01443819229982772,,,,,
fpca256_25,13.44336086907424,0.11714015105725116,0.12154493260404631,-0.001386159955662824,0.004379489100535894,0.12348682394456964,-0.0026379654548995633,0.005167955668081966,-0.020659212585865373,0.11924703486616166,0.1915093276094706,3.0545676605789267,-0.12335276673890475,-0.06350462747622485,0.21612416086003475,0.07579216076761806,-0.11627050109271869,0.009732159005920296,-0.17206238337648164,0.007414144268280385,-0.05290595577656428,-0.09030098830060042,-0.09891877740758068,-0.0368011502141548,0.03266044649800463,-0.08752251497480867,0.05035992289299577,,,,,
fpca256_25,13.52539212978445,0.11684150905098711,0.11868871721427834,-0.003280305933862903,0.005045576826637051,0.13269848878675092,0.05488964272021416,0.03710330691723386,-0.14536003523344,0.2165144610978276,0.11268131174383875,3.0655803387065315,-0.050463763027053105,0.117291664467996,0.23922810295078184,0.16132858395255278,0.04158154188483202,0.06713663354832526,-0.019496894753210613,0.05039833506094265,-0.0006612637182165945,-0.15625836877918148,0.026600203992836524,0.10803376347167032,-0.03582540503424072,-0.1579251227039184,0.027642669586281435,,,,,
fpca256_25,13.60742339049466,0.11700742816089514,0.12225988357769398,-0.014165337524372372,-0.007884742399997246,0.09799825620446369,-0.004022343976258879,0.08309431165251596,-0.0644973119139326,0.019828927056952213,0.06488570097795053,3.072422288518796,0.0020095465114294483,0.24566299777695574,0.16730040121642004,0.2200371659349684,0.06633441384073306,0.00748839461966979,0.05235593290822116,0.0026701598992542822,0.11267516110987855,-0.13087061842210027,-0.09289603405521725,0.17816240158214997,-0.002372217889302603,0.11021946715608624,-0.1625181246543249,,,,,
fpca256_25,13.68945465120487,0.11705053000818533,0.12380738934018994,-0.023572987041670403,-0.003065497046433103,0.10013256276768633,0.02889044602391552,-0.0004422529639726948,0.12722186696667442,-0.11733999982425455,-0.08046801110171237,3.067845670025076,-0.04014408716582096,0.26590019121893693,-0.047870883728584,0.14872590503566624,-0.09033262307978204,0.0028512303371367037,-0.07829915018335411,0.028934932759918538,0.015256822338459763,-0.04360488872880053,-0.07915187513090007,0.12596800610377493,0.06715451144928829,0.37575230169236246,-0.07307272594551582,,,,,
fpca256_25,13.771485911915079,0.11183225629272751,0.12359191370272876,-0.031150101145859144,-0.009782788189979403,0.0982371724321862,0.06261583686041296,0.03083621329017074,0.26007205841853054,0.01824832788064068,-0.09715142874648978,3.0610141328989924,-0.10392872209547264,0.08457579047921297,0.0006625222928943538,0.07695799429798995,-0.07148672933732217,-0.008978166825196632,-0.004295693753201501,0.03512766372882302,-0.13778647744283967,0.10387248169084418,0.18283970478888237,0.039958533811089235,0.046743238324043035,0.13685153823966992,0.059921157142916674,,,,,
fpca256_25,13.853517172625288,0.111474842183232,0.1264245468825398,-0.04000752459722436,-0.01669667556648198,0.09448507355780882,0.02568011208806667,0.11682310126963508,0.12347689728642504,0.07789917434315277,-0.12147742385621793,3.066188237575214,-0.13141382999156398,0.1020706020866453,0.02346481340113027,-0.0979656198269154,-0.17672142079025985,0.01673146602560049,-0.019620571340341102,-0.04485139476149661,-0.027081958945642526,0.07616975889024061,0.22303885141587076,-0.09034495746554191,0.07353152879508754,-0.034370688724292955,0.005160642255576912,,,,,
fpca256_25,13.935548433335498,0.10979082656725725,0.12985907054999274,-0.046530837692685185,-0.013321214241681095,0.05489794194217766,0.03750095807422588,0.06906883430590192,0.024825733087824004,0.01256115568271241,0.04239530138680892,3.060041622060297,-0.09562051540570823,0.21135889331435026,-0.020923704030692002,-0.0829582834925395,-0.05372890216132396,0.013519232275968393,0.04104140859788517,-0.09015087959515265,-0.04653010866765725,0.1500529820566646,0.1905791514104456,-0.09408658405019371,0.10994517799638169,-0.18276023940191632,-0.1324371778586882,,,,,
fpca256_25,14.017579694045708,0.10769154903835824,0.12737996143395672,-0.05696499396870597,-0.03646341265982319,0.07488273361900771,0.07667145698640332,0.07600853793744977,0.13148737754856935,0.06588449823984399,0.1053980524242783,3.042781456039029,-0.07040225893595145,0.04503646684208271,-0.20086899694300844,0.03125690070536738,-0.02379090548217628,-0.0262850806709079,0.11777294193931401,-0.07095512081188798,-0.0512241958779039,0.05232621962339075,0.0951240938754119,0.011279672538411778,0.0884390929608424,-0.19472622540354584,-0.14809559023097033,,,,,
fpca256_25,14.099610954755917,0.10612700823260915,0.13066338638455322,-0.05682222431362523,-0.03732271702564559,0.05366367327663234,0.06205678645805785,0.07306804521746253,0.08570284145458848,0.08414219192887464,0.05596292750362957,3.0192502120852005,0.03598766805111431,-0.09861523814805354,-0.1972317018788002,0.2790235592717278,-0.10000640753629113,-0.020579266747975625,0.031520749197963695,0.024034882252475718,-0.02541000561910553,0.051427783296834756,-0.1448352639683746,-0.05413647339005204,-0.010014458505489071,-0.04245017294319005,0.08118418783333912,,,,,
fpca256_25,14.181642215466127,0.10070905320172151,0.12492427728555702,-0.07011085416849168,-0.04162620236355233,0.033001403348438006,0.07614865868060304,0.020896990712451845,0.12799140973132742,0.08276904867546608,-0.041591427433705884,2.9984750588932436,0.14221011509722548,-0.10353733431714643,-0.12103642495745752,0.09861587602959315,0.007180638825218362,0.0415287780108646,-0.013368863785073744,-0.05585851595834175,0.03755527497132466,0.11313092808960304,-0.05064238301114445,-0.10914237290430384,0.08892929693179448,0.011919007691220897,0.03490220117742032,,,,,
fpca256_25,14.263673476176336,0.0987086351204255,0.12577493678432144,-0.06946896391167703,-0.05256503735973227,0.027545489788323,0.09892953922911162,0.0342666066779407,0.148019861158327,-0.04046437509817612,-0.10919539947436871,2.97108682455934,0.1766908363973848,-0.15096919700414424,0.016208055494281566,-0.06114158535141473,0.135071800844871,0.07807054943379152,0.0367797229892063,0.04682419972737437,0.01843046221858813,0.07949875598709047,-0.06638321539586722,-0.1250813483451698,0.032304689766364185,-0.03897556586890862,-0.11916328351401585,,,,,
fpca256_25,14.345704736886546,0.09526228600260897,0.125446010707454,-0.07878693768089592,-0.061874293260288274,-0.007899371247037146,0.11091710051158221,0.004082355574920817,0.11118972967819205,-0.17852306239703336,-0.080433340612148,2.9421005094817736,0.30390107157080753,-0.06305382903303194,0.15666635834434978,0.059916312168828666,0.05410172649722814,0.07670426885960999,0.08405168502628566,0.03184395058940335,0.032640711603561245,0.04104773512219528,-0.060420176658363876,-0.11926077202886362,0.07237214607644124,-0.08725388331299949,-0.10615695775741105,,,,,
fpca256_25,14.427735997596756,0.09187802876857629,0.12577403073531002,-0.07783985642936662,-0.06092802851225809,-0.01775457346881005,0.13342552998063215,-0.01532828594520202,0.09391163384336616,-0.11940700248130359,-0.19210459994933868,2.9067491754395784,0.08214102841476652,0.0073894022905132695,0.06392730104235127,0.015204021662400119,-0.009736998225517584,0.06884173653708907,-0.08134826793584908,-0.015162518809844802,-0.11660358459416952,-0.14224526897212048,-0.10671040429755671,-0.024943585501731327,0.06768126515038844,-0.2005701860109474,0.03272855042071529,,,,,
fpca256_25,14.509767258306965,0.08610715372024702,0.1218855611177781,-0.07871739749771219,-0.06586897639284973,-0.03556942577907216,0.09407102033431419,0.07031047316483159,0.047300051944414674,0.05621234261131269,-0.06481241581783187,2.870293599432546,-0.09942126196987296,-0.08376839662856436,-0.019616223052073768,-0.06137242474447242,-0.044809835084103536,0.18061080914778938,-0.030411239239869138,-0.13618518852127912,0.016736241440065247,-0.1108140231584562,-0.19978657280014514,0.01362483960779662,-0.13723715070318912,-0.06860680502350361,0.19824845535468733,,,,,
fpca256_25,14.591798519017175,0.08029427866606227,0.1175244463833056,-0.08357534574364128,-0.06814760338902574,-0.03957212531546409,0.03908811742151213,0.05369450775402265,-0.0731756821371693,0.0572179523349577,-0.05910826654852147,2.840932488576527,-0.04693893855458338,-0.043106560062069345,-0.04642771319180924,-0.0689468973348689,-0.055926732869978985,0.09096479661854145,0.14135800220740746,-0.13019508467502675,0.2562092165193824,-0.08293052899305577,-0.07529181022276846,0.11757509812830562,-0.03327504639653725,-0.020896872781699383,0.16908082763340185,,,,,
fpca256_25,14.673829779727384,0.07657621512866186,0.11754773236816395,-0.07411417721460008,-0.06467666086196198,-0.04651879077439179,0.012927902341576154,-0.022053749363143457,-0.10560968030471846,-0.04373674164125733,-0.11367505545551017,2.8037474534903732,0.05552558707308638,-0.03789247320209739,-0.03331696248598152,-0.22952982003823258,-0.12999238444074457,-0.015690152361984764,0.14531942411926174,-0.037736241679079456,0.167201965354483,0.1048570144047393,-0.09668763988251207,0.13803433214710464,-0.05743982787644272,-0.10754256553746888,0.15195327133287923,,,,,
fpca256_25,14.755861040437594,0.07394379225177854,0.11356911917726972,-0.07392953306290695,-0.0660216048102087,-0.06321463918483211,0.048430631349989525,-0.030547243908239215,-0.047274678777382645,-0.035637612783809294,-0.134764093967222,2.752518948510806,-0.08185230512643103,-0.008399078556041911,0.03507935744176726,-0.18806965249730248,0.019075740772666838,-0.09123673791480882,-0.035372200883841014,0.0360514225533349,0.07495173926443702,0.11927912583580397,-0.1075785954606262,0.0908498778439038,-0.1059610138732612,-0.14048501967327975,0.032122148361223825,,,,,
fpca256_25,14.837892301147804,0.06996853543398063,0.11372500027562653,-0.07648551971790188,-0.07162599962430069,-0.09148519408280023,0.04530057538533678,-0.0011809877235279436,-0.07003055279790532,-0.03124122074689361,-0.07290138866424506,2.7177386063425977,-0.10094108836284954,0.19255513293607915,0.06937140025019072,-0.08117036693333518,0.05710730876529786,-0.13407435046125152,-0.08800211155799564,-0.008400402485281427,0.16761811270465865,0.08564614720806045,-0.06758935648700533,-0.05955073963265016,-0.1281060646810628,-0.03969872056183057,-0.04136447999708741,,,,,
fpca256_25,14.919923561858013,0.06353059723987346,0.11420700417076146,-0.06908652008925238,-0.06696161090119837,-0.067817147920555,0.06728171030310483,0.033807391974978604,-0.11680698914969094,-0.013387513304987528,0.007532447099380139,2.674782684710251,-0.02809444228018504,0.19546421510825357,0.015919920219230818,-0.08765689136097782,0.013378053227213804,-0.08508225624748024,-0.024011104506434663,-0.23533998159897923,-0.00410745808147453,0.07465294361839782,-0.07574599418429759,-0.08013910283420544,-0.1139345833037902,0.07379526388501605,0.026598280353399097,,,,,
fpca256_25,15.001954822568223,0.05917119006510239,0.11111313895893957,-0.0675131834668498,-0.0719166106258216,-0.08180254999865148,0.0313069260802207,0.03938586476577533,-0.06731161725804449,-0.007136535447104363,-0.03401263843258136,2.6331764314907247,0.09737094782106134,0.16990404166124914,-0.07451399268851279,-0.016980524826366167,0.11183301496276424,-0.03526009026394978,-0.040126424897433816,-0.09047270570492018,-0.11102156872295443,0.0314743643731406,0.012974416652256241,-0.008489871244167883,-0.03517735924987478,0.06508294191314674,0.025910632790762684,,,,,
fpca256_25,15.083986083278432,0.052911020555904825,0.10979004073615833,-0.0721748038774569,-0.07524442184043031,-0.07606273403466568,0.07820359370285475,0.0782481515591418,-0.09393915651924155,0.00391927911891403,0.05552382796142492,2.59505188532332,0.13590830544262125,0.008196603514975535,-0.07697092094487515,0.053249178222508964,0.29265979653546725,0.08611300210581514,-0.0943515936533035,-0.057636314691010826,-0.10345740363648448,-0.054153494849466806,0.12686528087153986,-0.0032029413107771618,0.02485937858690799,-0.02738773731202928,0.12674009199928238,,,,,
fpca256_25,15.166017343988642,0.051005140680725876,0.10792345585882371,-0.07038636730827563,-0.08278589814897926,-0.11430532550189718,0.06904212335655743,0.026690771055802948,-0.025194634237133,-0.04377255511279671,-0.006919182824107656,2.555091395914393,0.14645792513062564,-0.06008225389334944,-0.004924411730329089,0.12100135886135296,0.15718433134392235,0.10720333957827584,-0.1325898936790492,0.022157936582238427,-0.03568069283222791,0.0032041768605933912,0.09524808655243061,0.071011180599,-0.15433426580408394,-0.017815602596408388,-0.07183711445878108,,,,,
fpca256_25,15.248048604698852,0.04598442158303828,0.10679451126323636,-0.06441599383447805,-0.0793135967945296,-0.09992932482485788,0.04400375896181285,-0.02581713874634369,0.0799948555296229,-0.06723230116564893,-0.05235831333629832,2.510279796909827,0.1121050765480137,-0.10077044594236093,-0.013601194725045356,0.08624910991728504,-0.02859236193017359,-0.04860289375168807,-0.045279958581192103,0.1351676801499861,0.02129882186304278,-0.08219795488328083,0.26867192349801294,0.15630355437707688,-0.21157544373115197,0.05478893335336626,-0.03619693011728194,,,,,
fpca256_25,15.330079865409061,0.03990724810073103,0.10454670018335878,-0.05736486834771026,-0.08239005182258714,-0.11286056771869996,0.0520036775255168,0.005596768776411873,-0.025848855596959618,-0.13018436782320514,-0.0362315835109301,2.4663466539530456,0.009275666829930626,-0.15577962614012278,-0.03639637343189568,0.014682613283439602,0.0018484162882562273,-0.09066197120907743,-0.04562378416587003,0.006396846392765117,-0.04788036734772934,-0.1391260428074762,0.1639246944178839,0.230503322661644,0.013205286994953849,0.04395090586085253,-0.09493462703945518,,,,,
fpca256_25,15.412111126119271,0.03494425603698269,0.10340473488279606,-0.05936718842564965,-0.07981514700398092,-0.11423929306610596,0.02786826383917274,-0.005836527585979254,-0.040953348103773,-0.14706362280419258,0.006369320400444953,2.4267456334007895,-0.039023878590446585,-0.06987828215400753,-0.05596536529876412,-0.09019798896715957,-0.04550326134608447,-0.09294384081677248,-0.12869852127814724,-0.020840850601657045,-0.0499097285875736,-0.13047094318753133,-0.0019202025487281907,0.08746410205607119,0.10498593943036352,-0.011426060906521679,-0.02616613365455138,,,,,
fpca256_25,15.49414238682948,0.03187605616108425,0.09990908277425835,-0.04736916349940671,-0.07307741516143335,-0.10767812567288794,-0.020106034347723005,0.0013057120046584849,-0.12735567350182253,-0.14588432296407028,0.07331129399383492,2.392192094892564,0.019150630092072442,0.0024160104310109107,0.015522206936832964,-0.004589173266180364,0.04157624521122688,-0.0728319375054599,-0.21132319177553296,-0.001160362084173909,-0.03909369314259099,0.07544955379722507,0.004039826527457706,-0.0805746855804107,0.05387842411183548,-0.02640402658425739,0.03177960113197203,,,,,
fpca256_25,15.57617364753969,0.025713959853404925,0.09715478929635515,-0.04509833316311639,-0.07768235604288314,-0.09154233931468217,-0.01992329929854414,-0.031682578461024576,-0.14630862159366065,-0.11185208004416576,0.05349045653463219,2.3524182481457387,-0.05940050234331727,-0.03666173474290382,0.12728900612250577,0.05554098481364726,0.03950359788670019,-0.11779773217907186,-0.008296800422486462,-0.08247259021280667,0.027771836803793262,0.07019157459096505,0.06494786617092108,-0.16253721208504407,0.010053938066116756,0.010816045862519682,0.06429077430573248,,,,,
fpca256_25,15.6582049082499,0.020738534911687943,0.09315199550406635,-0.0454241392092877,-0.08159773189154666,-0.12292584980219666,-0.06103380928580768,-0.009334640517875309,-0.11356815812942861,-0.04890905822132056,0.06506908912102405,2.3147631424140376,-0.03779976978165597,-0.025009167527789783,0.10797768412674585,0.12670352005868152,-0.07847080135260727,-0.14943500172579224,0.057453381282449964,0.01457736431898634,0.08448129865151366,0.05080095787523883,0.08514477077366882,-0.074809885191119,-0.022663581327755686,0.07882652010091473,0.05378736632638426,,,,,
fpca256_25,15.74023616896011,0.016090934489446002,0.09309671059781803,-0.0431484788765478,-0.07398172757025975,-0.10662061842279072,-0.02518896755992774,0.006261060984808594,-0.1466933127078952,0.006969294711924128,-0.002992016171990111,2.274639561090769,-0.033028686558663214,0.02895433246780656,0.10226600112891827,0.09080893824960501,-0.1339775136980402,-0.06430219164448851,0.1500690613879947,0.12058168325122792,0.11207121051066624,0.036264471590556346,0.060348192002700654,0.006838854922933898,0.023731040458432537,0.0093794631245285,0.015145315167370693,,,,,
fpca256_25,15.822267429670319,0.013405864495328514,0.09134284380808985,-0.042625589720917074,-0.08267525285381756,-0.12595904353316698,-0.02861011596655017,0.0038123111848926967,-0.13770167797141045,0.04849554257629172,-0.06202750821354339,2.226963254263866,-0.10137061309250728,0.007201621590900514,0.011167077166726172,0.027777508941832153,-0.11303067888610235,-0.007843868191693004,0.10870945901934234,0.14119017602564352,-0.00233739796612878,0.018049561649927895,0.16486956405236272,0.06362906656535772,0.03876874479233018,0.01646817648551181,-0.04578899568252888,,,,,
fpca256_25,15.904298690380529,0.010187636846241226,0.09169185057921149,-0.03721225636237854,-0.07080367747790037,-0.11907486602573356,-0.016858164498757464,-0.0014739628575967457,-0.06584412071574308,0.032626721828797826,-0.0009912733033986326,2.1980034833623106,0.004759541557984958,0.031819936221420465,0.039045742784142703,0.01738906019132008,-0.0864435572358449,0.07356587936978398,0.09739276342793367,0.03780070089030674,-0.03493447696795277,-0.006040916992762803,-0.04631684121285658,0.04177427525024444,0.042577351842165274,0.006305796107455601,-0.0503031795193764,,,,,
fpca256_25,15.986329951090738,0.005213596972664911,0.08611440499848273,-0.03920470735880999,-0.06480989071530711,-0.12738145718437074,-0.05328674093371451,-0.03906941664965105,-0.11629470854711382,0.017868556629387584,-0.05401699845999978,2.1608539231435313,-0.012906597162256166,0.00551496503838466,0.01660805019735129,0.0045065388999051366,-0.023685528242057757,0.009088560037208057,0.13006283682641032,-0.0002343096123072902,-0.09586344125106702,0.038060806428107954,0.009690788631529225,0.0720210517209609,0.050404330037742064,-0.04615691598663718,-0.07228294035409982,,,,,
fpca256_25,16.068361211800948,6.99031913470348e-05,0.08376606443500834,-0.034821093045627166,-0.06185547084523123,-0.10086831048989012,-0.06958907477566735,-0.043041534328187164,-0.0980332552554465,0.10889758918350806,-0.010074655973652522,2.127850899854484,0.020620533767409775,-0.042921117792632205,0.03614840626244933,-0.03543754171043267,0.005514482797961184,0.060726460856351756,0.16125273628908643,0.04227120444155061,-0.10082307581082728,0.15171745863799,-0.022803789808651654,-0.040011180550610724,0.10657853893338208,0.00014771685659541525,-0.04719492785461235,,,,,
fpca256_25,16.150392472511157,-0.004376114198140146,0.08513063145539951,-0.031833034040458015,-0.05657018804343533,-0.11437845882825239,-0.06475465306504885,-0.03797222714089253,-0.04020763673682876,0.0737826856899766,0.03451389935519646,2.0974357361912457,-0.003184384396292924,-0.009195276462039877,0.01705173231592332,0.013693586655173364,0.058799085075904006,0.06705980818903892,0.11897526657436809,0.0900106216110216,-0.03306656827428418,-0.0243878167929622,-0.017417108348392357,0.05087987819433079,0.04109794335623713,0.09441712057503669,-0.05888918719457553,,,,,
fpca256_25,16.232423733221367,-0.006581424699508894,0.08644690492553206,-0.031166703489916153,-0.06200218374648926,-0.11842820859586603,-0.07556216459128542,-0.05874691481522166,-0.024870838262720706,0.10804672255514158,0.10094156510309539,2.0691879536653923,0.06718584106969532,-0.07918712855483673,0.09894632713635171,-0.02569140695304575,-0.05586332211028907,-0.010242824423936855,-0.06678537432234023,0.09290073615704422,0.08147999081763374,-0.03630068058024376,-0.056779150438041465,0.03616386971495253,-0.030941411318024324,0.042249850611819906,-0.048126566155147515,,,,,
fpca256_25,16.314454993931577,-0.010971852435683988,0.08196120438049445,-0.02585809808075188,-0.059079962166693055,-0.09654832099791763,-0.054089155881378935,-0.05898244607695759,0.03800940262152944,0.09803415259717861,0.09180931570896228,2.0405017614503946,0.06628593463131652,-0.05385588632342579,0.12046253722222965,-0.003179514879835487,-0.07312714783809282,-0.05047691888003189,-0.0009898775379080325,0.06896015904581773,0.13083893243245598,-0.050632832913085485,-0.06025516085560141,-0.08348909935820359,0.04547157898143786,0.05469883332347599,-0.11048136231081726,,,,,
fpca256_25,16.396486254641786,-0.015399663137311774,0.08076943181185423,-0.02106719864945771,-0.05082802202377338,-0.10856900878619936,-0.07012372867061364,-0.019577586637495224,0.07672720598430349,0.07551690089840049,0.05246157276271183,2.013960898800917,-0.052612873298899056,0.0038171610302290115,-0.04679839962703601,-0.021870881490006308,-0.059603210017916367,0.04394205194823632,-0.005859562496762085,0.07897662245653433,0.0821145996477009,-0.0324219422694372,-0.12474526213016326,-0.13462452524839072,-0.05520797508053786,0.12680213594890563,-0.03767045327228874,,,,,
fpca256_25,16.478517515351996,-0.017211540823115507,0.0793496827742754,-0.015755125824803914,-0.04105442621334707,-0.10283177059785988,-0.03323244321221449,-0.03526221509919701,0.07984241513340232,0.10340911347926567,0.010607018180910473,1.9943036811759454,-0.039611815132345005,0.0242605921040829,-0.01991537518102798,-0.008271875688185177,-0.06775932907724959,0.10421173682303446,-0.012258550813247462,0.0629696737180096,0.029248623189123798,-0.022700505239629333,-0.1121176940585438,-0.0881997391795456,0.05216591230919918,0.12900980174615986,-0.08757412776179384,,,,,
fpca256_25,16.560548776062205,-0.020290623315064177,0.07893777149332921,-0.015430250798868997,-0.03902688393019755,-0.09332027298445933,-0.050964150829600575,0.0006519672389305062,0.03745056185394734,0.060846762289742506,0.03558239685763877,1.9670661081945546,-0.005949388650418586,-0.02207330033209124,-0.11177187412409144,0.011370371742319495,0.031620994021042195,0.03653416839179136,-0.03959243454639784,-0.005881598902831471,0.003825547044407327,0.031494326393544624,-0.07234050473095172,-0.06052384832420228,0.013632780936597484,0.18421108194314909,-0.044391366290652365,,,,,
fpca256_25,16.642580036772415,-0.025969460128163615,0.07819109208758113,-0.0076276499563414455,-0.04025554133086868,-0.08232924495144177,-0.02973339498978956,-0.019176800904168848,0.01226266363666576,0.0663443441171442,0.03406791499790868,1.945971236264384,-0.014721985494947857,-0.036170362755874826,-0.035601503944268975,-0.10843225203402547,-0.002027013587322983,0.04362509184675434,-0.10111380810262267,0.00243500875817234,-0.024034570390531904,0.0393399712103633,5.767753878742343e-05,-0.04844510475248033,0.08437176741354008,0.16292639222325497,0.012334571510831144,,,,,
fpca256_25,16.724611297482625,-0.02848040140061969,0.07772162278759846,-0.009331214649131926,-0.030064621534715254,-0.09799569984268681,-0.037103219443249034,-0.03176766281653648,0.009562017337241309,0.03932117457610758,0.0007421395040725379,1.9194384661273196,0.01402236411346254,-0.033181000203960774,-0.027235654955212577,-0.09417222665302047,0.018398273360480256,0.05658196326514766,-0.057643021100561256,-0.021681085777206996,-0.02809145730914159,0.029002645557063396,0.08604412455733043,-0.08974946471638459,-0.023561988346547474,0.054128766520412014,0.030081293335224482,,,,,
fpca256_25,16.806642558192834,-0.031229716067633573,0.07457284602159599,-0.010680139460922616,-0.03480790172012848,-0.08136051722939895,-0.06182626224905151,-0.04556889974466654,0.027314562934183557,0.06475572943513254,0.002584482348945687,1.8997426701091693,-0.035267173319246906,0.04835499594191563,-0.06575575326994064,-0.08376177517188137,-0.02873363667495245,0.01968771328555633,-0.031111765895204604,-0.10195423077877007,-0.04891942301733507,-0.040436942914027524,0.0965982064259055,-0.08518206676478038,0.0658603504923178,0.13779241149872587,0.020629049798193154,,,,,
fpca256_25,16.888673818903044,-0.03457140867281745,0.07516422440600017,-0.005297728218803105,-0.02886934247849643,-0.07000746222908015,-0.057864332912090255,-0.06034992332715957,0.03771519604061258,0.013195159758538105,0.005505287994991205,1.8816003184223746,0.020751596398622892,0.030108422990415627,-0.15434664812190751,0.022347121077102315,-0.0040930294984921,0.013093586142844935,0.0706803805490964,0.017485749196041844,-0.05484484999750656,-0.0806154640870113,0.01086511079276475,0.0017281747580253231,-0.011747339069548841,0.05578723224777763,0.030967599755741895,,,,,
fpca256_25,16.970705079613253,-0.03598954003686116,0.07742146362025551,-0.00308529421670506,-0.03343046511089394,-0.06815657410358243,-0.06660675357612872,-0.06302356632694744,0.01659152635185445,0.06767131163136919,0.03612137000360525,1.863106078948319,0.0011028208423979856,-0.014227914122890293,-0.06247907831186349,0.0002638941281249887,0.007027870281585039,-0.03210945439526404,0.040807497616854475,0.050532078983613365,-0.01117302574341053,-0.17690201952335047,-0.048105092533219214,0.10960866940555919,0.09100772319698477,0.018431960028316197,0.021847225917244716,,,,,
fpca256_25,17.052736340323463,-0.039373329647783895,0.07627772015585853,-0.006840330760211396,-0.02764914118152087,-0.0732107185729418,-0.06026824557804771,-0.04179085239631611,0.06537350708119612,0.05350224909625404,0.009742999292189301,1.8430040232461982,-0.022020756125516835,-0.004465484869345957,0.023652859233116705,-0.04939875126705191,0.03586255168626217,-0.0029913003193355976,0.021436136277920785,0.07827975789523438,-0.12782709661189368,-0.11896533849570888,0.02421269730654276,0.11480134628121402,0.09333401744274168,0.09288196830490257,0.13067467225866203,,,,,
fpca256_25,17.134767601033673,-0.04175009001126172,0.07424554604320491,-0.005683627005015691,-0.029377860677390042,-0.05413877508719007,-0.05415042902836523,-0.02523231868057462,-0.10439208170468481,0.00850099168216472,0.02177025817101564,1.824355836796933,-0.04576272643600289,0.05847921416698901,-0.01819422675396682,0.005509499993077923,0.051587570880068684,0.022730478753722548,-0.025405587909190598,0.05599225780998105,-0.1462278011023757,-0.04127878254276681,0.01775134171884934,0.014563533658941068,-0.033873026057363614,0.06254716269064603,0.027654665222794687,,,,,
fpca256_25,17.216798861743882,-0.04416979100668921,0.07126513147359216,-0.002403439545810751,-0.024945841664529827,-0.07313164153941598,-0.05411520199528178,-0.010435324979958378,-0.04133935680548662,0.04254560974869059,0.03025841947568936,1.8145077043427695,-0.07766597992234732,0.023090188694247872,0.04493173952319984,-6.915264134772434e-05,0.050328153876322446,-0.00817858518175435,-0.051855628580411345,0.09324116126281341,-0.08891918479887014,-0.022774793255402825,-0.0013577383811727633,-0.13119702601468197,-0.07629964325627485,-0.021954108080449446,0.0412642843651152,,,,,
fpca256_25,17.298830122454092,-0.0464872720111996,0.07210716521800987,0.004346498188516858,-0.02138964448082995,-0.06791773327060954,-0.051128783033002764,-0.006303570803942093,0.02468885495336008,0.062372275153735945,0.02075011167399579,1.7939792019747556,-0.1079342688239154,0.05928474549304953,-0.07059986412717491,0.036569522326294436,-0.037610630869576375,0.03867384693598844,-0.06472697632394031,0.10833144959142829,-0.09753804711517514,0.07045655110162069,-0.03715477076588714,-0.03704369393628808,-0.05699693355058935,-0.084877431269174,-0.041323297244077614,,,,,
fpca256_25,17.3808613831643,-0.04964713537849686,0.07299998720986414,0.004292945369999378,-0.00854795345447998,-0.07087012463251495,-0.03502761688002447,-0.04582096702680103,0.03319201182299456,0.07633202156977008,-0.0037431344774214365,1.781172563961641,-0.016837260770243927,0.07942363477828597,-0.08286592232546662,0.06208880603213193,0.09375420037658538,0.012795665329458916,0.00824926359978435,-0.0033510953883289247,-0.04676822920888872,-0.023513138605715054,-0.05367072962346683,-0.05131687250074558,0.08509802333245142,-0.08895476048653526,-0.017585800194114397,,,,,
fpca256_25,17.46289264387451,-0.05125525603156184,0.06988488156213554,0.004782600416038118,-0.013671882855324329,-0.05561649341334262,-0.04029825026533198,-0.0906780430192116,-0.019119235914670997,0.025141999500352258,0.01110383217616584,1.7606709483439325,-0.10241647613830202,-0.03100726197550169,-0.063133474616307,0.07904165159326626,0.07722094518688766,0.0033552773121117464,0.037688865781024344,-0.12911072595928036,-0.0742602454385583,-0.06393748943084217,-0.00028096280758355824,-0.03546566858125678,0.05616946093065532,-0.04242402321705912,-0.042893566774176224,,,,,
fpca256_25,17.54492390458472,-0.05421213365604681,0.06850501558872044,0.006690282987625458,-0.0029292403039072093,-0.03872018364868835,-0.05259142535675229,-0.05433669412475271,-0.0009487098497686096,0.03282567349245742,0.15804407060760603,1.7509426886927077,-0.05227079691345864,-0.03141864932259748,-0.018418865537665356,0.13127594307295606,0.11829474682336866,0.06591058825004703,0.04423475724571202,-0.06969212596155266,-0.11461592081346976,-0.01634086975863231,-0.08062592717979544,-0.020108411560326243,0.050413822877873674,-0.02196896008218982,0.00851288031973333,,,,,
fpca256_25,17.62695516529493,-0.056292741258174434,0.06939419028289011,0.00890902523311084,-0.008808194688715644,-0.060870193526432394,-0.05127427186264122,-0.0010902477016380028,0.03215636512355338,-0.060370562387510686,0.13268750420415676,1.7413628536927703,-0.0445305196820356,0.011453349097568951,-0.12328825380863455,0.003736507993933918,0.0676260470607177,0.059223031334633414,-0.010942490757661433,0.0017198942284598544,-0.1457134666056184,0.06795018968390946,-0.12355844404402838,-0.04015901704570536,-0.03374226544024742,0.009206178807803174,0.01585866577424172,,,,,
fpca256_25,17.70898642600514,-0.05981487134013639,0.07079404738931269,0.004256503177599217,-0.0075128048089019624,-0.06293066799486463,-0.017244086200012602,-0.011121508617804178,0.045968440253643696,-0.049682212662707524,0.12608124566756382,1.7274597054796759,0.04059814844728729,0.016169365504050872,-0.06692604003007208,0.014703577371568022,0.040513896751295325,-0.028173471808172933,0.028996224142058623,0.012731168322376057,-0.058002808256117165,0.01361995674025131,-0.08982503361571635,-0.07010306221297719,-0.011917692448286225,-0.00444589835395005,-0.10220314036176184,,,,,
fpca256_25,17.79101768671535,-0.061444339504615524,0.06931088534502182,0.007326372290528365,-0.0022095388694503473,-0.03739853796945934,-0.015213378017174066,-0.06491205071890989,0.03099725742960465,-0.0031571481225364582,0.10490712582231176,1.7234085940369912,0.09232322098469786,0.0019005827061839356,-0.043083783324683614,-0.06567378260455517,-0.00437345594360097,-0.051790438310347894,0.03663057024268704,0.0071234493592145925,0.047337383071455116,0.08385672943287871,0.02598282333147631,-0.14668993350062076,0.07256426029387303,0.03717709200463738,-0.06421833534365261,,,,,
fpca256_25,17.87304894742556,-0.06522347299937853,0.07064308183029726,0.004947770938124977,0.005529656374019299,-0.03726397244358604,-0.014071748725901575,-0.07308344401426552,0.0022248826100712505,-0.009421839799251755,0.09247144180985784,1.7082021752752972,-0.00010874891004758296,-0.11172311278224178,-0.0650870364090763,-0.06458478110045124,0.006072966529187633,-0.07094949874096074,-0.10037755872642781,-0.0510146201360272,0.06816778042866097,0.02929846915842655,0.09716967363984944,-0.09146243630255835,0.008075767807306622,-0.013631676762828993,0.007678017794042445,,,,,
fpca256_25,17.95508020813577,-0.0651350237674195,0.06896179455002642,0.00799743404478097,0.00400095086259643,-0.021450024125197562,-0.0033368187250182664,-0.09922693385379082,-0.010933012775135637,-0.061834112873061134,0.08890179185893798,1.6968257858399491,-0.04485596275078709,-0.016906923863369075,0.009701600184304061,-0.06470852235762495,0.009921576886048092,0.03190794517719041,-0.09931755481611526,-0.007185598474918391,0.022666708048321122,-0.034131789868528,0.0612929835097782,-0.0483136188369821,0.025333697584883887,-0.06526313217637218,-0.03267616266846869,,,,,
fpca256_25,18.03711146884598,-0.06757421435992254,0.06865356194485103,0.006265559161556279,-0.003135089588172087,-0.008683352336767272,0.013384273341304036,-0.052734525170041346,-0.03659561088005562,0.04193930055625689,0.06812871779325373,1.6949125999866022,-0.040680585921981226,-0.015340814803567736,-0.10567200200035397,-0.10485898747872506,-0.02759855857128387,0.08702282240509909,0.06249372321615071,0.049398298781175215,-0.009741275387748091,-0.020415264551421668,0.0032549903434750393,-0.013259313062238074,0.048129474189817945,-0.07739737280776947,0.03444833917766946,,,,,
fpca256_25,18.119142729556188,-0.0701525251508548,0.07124646196415403,0.009446902870153687,-0.0006590736158405753,-0.0417673660717482,0.012972960955397728,-0.08535950278887955,0.05682400314144449,0.0730573480864253,0.03609598458886038,1.6869100789102045,0.027173871329713505,0.007646506757277682,-0.07310897226105413,7.421964722862523e-05,-0.09790526765216395,0.019959025381735336,0.14318638213042517,0.017229633121164024,0.03515603503647646,-0.03185132725230616,-0.0397378898038818,-0.03159179080107784,-0.03761777934641058,-0.08539685072680114,0.000178601137996285,,,,,
fpca256_25,18.201173990266398,-0.07155681196467613,0.07113431517460735,0.016856220878536488,-0.001090067682920459,-0.03237649761542588,-0.03159586296995077,-0.0953302457565111,0.02872596282851881,-0.04567450870006872,-0.019443071854622844,1.6811655353019546,-0.06918368867032731,-0.05296620208148847,-0.028150229011507624,0.037925017175613654,-0.03196823706869226,-0.015664802184467627,0.11204805848793606,-0.04053806736691807,0.04735200430967443,-0.08545584142446393,-0.042359310876385566,-0.013558677158568346,-0.003557493429692986,-0.008983410288745214,-0.03366818914273622,,,,,
fpca256_25,18.283205250976607,-0.07328620134782055,0.06986776217378637,0.013696392294366951,0.004585677037043343,-0.04283998131301113,-0.0016699953697064545,-0.06066649741110679,0.05897559858586742,-0.02364818444970953,-0.011859516351815712,1.6751080535736298,-0.09046513054247884,-0.08405691075489041,0.03748500664467598,-0.030454050297874694,-0.04193291185432465,0.02877060266882667,-0.022131492599649062,-0.12934463174028302,0.05570458302355773,-0.08680795558138363,0.0014550129089562491,-0.03844525730050882,-0.043163740509492954,-0.0017113136037636804,-0.03820541024714757,,,,,
fpca256_25,18.365236511686817,-0.07644098822221701,0.06833156709883872,0.01312193290856913,0.004720598572127632,-0.023595911785655805,-0.00416727656981243,-0.0680985513812879,0.03897856954875652,-0.08566855145478589,0.04968436838622218,1.6685347816298968,-0.06929352482771278,-0.01956778689922343,0.03271597669792488,-0.020155452665707407,-0.055590999057603896,0.027347248793938427,-0.033180130533124255,-0.10236416986856811,-0.0077011690247882625,-0.033554006365222246,0.023103837836012598,0.03362421488510844,0.030369327625692204,0.005806127004916815,-0.08954544405653063,,,,,
fpca256_25,18.447267772397026,-0.075780627745902,0.06828279078570801,0.014282046494746087,0.008935741774552829,-0.015894893439945094,0.005966864060385963,-0.07939814846097148,0.11062477811671724,-0.08078937649138719,0.13020217311027954,1.6571844720766233,-0.0965935327980568,0.01280997533231152,-0.018591199554863047,0.017119760271686983,0.006757278325812369,-0.029456022152331195,-0.030650371600592627,-0.1134644023982419,-0.026223911227368665,-0.02567895687985712,-0.01521141792771133,0.06744238780994098,0.004695858147011768,-0.07835811233121702,-0.0012183052847872522,,,,,
fpca256_25,18.529299033107236,-0.0775204055885578,0.07043834510787843,0.01950505861007624,0.012210454354909995,-0.025259986133112585,0.004860699082621875,-0.06669026340822644,0.09565073109223902,-0.08048661356838403,0.06863111534492539,1.6529382027541568,-0.030402591823207523,0.09013771736440863,-0.01991450851275534,-0.003155813107638172,-0.01080491271321382,-0.08509927386648888,0.0035122276947245484,-0.015120039938453466,-0.05516349036049714,0.047910498285723434,-0.050022835708770724,0.04227921235622966,-0.026678153490473144,-0.051032084397094085,0.11597433888669648,,,,,
fpca256_25,18.611330293817446,-0.0797853787750843,0.07124362892541909,0.020649339276451528,0.0149902424528483,-0.009738965428771637,0.0021381423107119744,-0.08428383478076429,0.16692752885149606,0.021215297069069213,0.055461001934042055,1.6496494332247944,0.01930795532826614,0.08510649381919237,0.08120058907804943,0.02053420912653709,-0.039617100842608666,0.04111304067385032,0.054769167181116754,0.04374646632643563,0.021751824820103904,-0.033620993915246124,-0.01329152572855654,-0.06246138358994857,-0.09262792122639565,-0.07203165184575908,0.039288145463597615,,,,,
fpca256_25,18.693361554527655,-0.08085851576521262,0.0704597042184888,0.023651849958030793,0.00809961085321095,-0.005482287081281669,-0.012979440984405661,-0.09502541136856876,0.03239933095023081,-0.0347441968667132,0.025685437419955465,1.6462792232388896,0.052775889551521314,0.02034249256973354,0.014693286545859476,-0.03288700791630632,-0.007815682353223023,0.016831129737297997,0.06762963197646318,0.0893149166092233,0.00579284410252294,0.008135523685330277,-0.005697273187932752,-0.0026762778247577217,-0.07262932284661222,-0.016339854104331517,0.06474730018173791,,,,,
fpca256_25,18.775392815237865,-0.08219032245587331,0.06963569332690211,0.014895257285754186,0.013648937436486083,-0.020037607125276212,-0.02078215369991894,-0.08632135373454748,0.04114658939783368,-0.05642336483687699,0.021934695604430603,1.6402219317365123,-0.013600641576495598,0.1281658628396086,-0.05030476408922446,-0.04944729956091655,-0.041291173611867384,0.007920874463072082,-0.0013958348210897295,0.08648324974875135,0.030585408066238794,0.03811981520578142,-0.04147233619709361,-0.00931780771234758,-0.08247548243441562,-0.0768331022473849,0.01569745478095226,,,,,
fpca256_25,18.857424075948074,-0.08601797973323341,0.070299872537808,0.017827834948998113,0.021041758777824663,0.005652406588352111,-0.023777209548103726,-0.11119359909541579,0.04850156777362463,-0.10425193699006899,-0.013863933504989235,1.639552729256513,-0.04011315444780093,0.11132987340236164,-0.02933222054988799,-0.05147455885135544,-0.031421553663841265,0.03416654968312041,-0.020282239573520763,0.09409112611291293,0.007079033804394279,0.059210726073253256,-0.019947689978931146,0.022572757698659428,-0.000933695568828101,0.01053620069610002,0.03492851463481815,,,,,
fpca256_25,18.939455336658284,-0.08726916225469189,0.0693101034685972,0.013538449788108052,0.020772175060157747,0.0028275489889886506,-0.006174398567709473,-0.05727455888751403,0.07198888787153032,-0.10644286213448083,0.001975796911355008,1.6371800594183468,0.015810774583730546,0.06808555475320975,0.038922468131031264,-0.04617849446730158,0.05469654102022552,0.11011460616975852,0.06944127028127,0.02475559207715301,-0.06606537244845391,0.0526473660590005,0.045677613864399474,0.08497591179352398,-0.008713365382140084,0.08073730319892254,0.06149522999235269,,,,,
fpca256_25,19.021486597368494,-0.08884829153783415,0.06904271071643887,0.019383669444757962,0.013371686522979624,0.012243059892317665,-0.004483699960732092,-0.09751394826629932,0.051512204060156476,-0.05397374660180038,0.050594310469898957,1.6346897243427718,0.03932197823307296,0.007134040685260298,0.04808768653067438,-0.032976946252834184,-0.04109581719645102,-0.010441619347022112,0.01701281531523476,0.08923710322917272,-0.04607956312218057,0.019618419421781965,-0.05480551499611984,0.07255609485910708,-0.016544354335277525,0.06779056955510715,0.14141619005408576,,,,,
fpca256_25,19.103517858078703,-0.08929646189058925,0.0690928263018935,0.014584687738074514,0.009678907706157718,0.019654285819052764,-0.0014280836354130357,-0.06770051235208827,0.0857925315042577,-0.13802173203659354,-0.028458735638631945,1.6350934728446018,0.024194889456363333,0.007770069930261345,0.12227096189124026,0.05631040972379975,-0.020168103100735125,-0.08014034309304212,-0.031228723535659766,0.02703573897513815,-0.030632716238662677,0.03227735127360795,0.04220329838786767,0.037439546654970846,0.055847250471617885,-0.017394282799180316,0.0635634116506662,,,,,
fpca256_25,19.185549118788913,-0.08948996585410779,0.07002968211784606,0.0168258374547112,0.019943795644224556,0.024900303641423725,-0.0030889466950691047,-0.033220823299299845,0.046758495720282366,-0.031187569566571934,0.030046608643312277,1.6260213674355193,0.012665328083726002,-0.007065559250611732,0.07868607290311515,0.06116617240276995,-0.11674881152455736,-0.08226926171864801,-0.035135105786659945,0.0025594752899348733,-0.014333195057167585,0.05020084081383936,0.06379483843828253,0.05464562618890717,0.07036378967752019,0.0009185840270489951,0.05707484974543707,,,,,
fpca256_25,19.267580379499123,-0.09116260698480763,0.07047175508610445,0.01719981345025977,0.024355937755338942,0.00893514611114934,0.03391238056360973,-0.05875522281063801,0.06628407334248007,-0.032231242381747495,0.0762205537524088,1.6203929373946158,-0.026270221011985524,0.03794612391389423,-0.030108986318124566,-0.020755958897447555,-0.18712894357505855,0.039141284626498095,-0.07251338499186333,-0.12834345674785066,0.07439032285581178,0.0004988433088825017,0.011536205822316691,0.07537071361055189,-0.008334143227716188,-0.013312840136947227,-0.0026819746717155965,,,,,
fpca256_25,19.349611640209332,-0.09242763601380861,0.07025571240384629,0.01679680057639926,0.017728632596557683,0.020497833684315115,0.03302720243962729,-0.049773514148871274,-0.017105726272085408,-0.10075328313476038,0.030820997010559768,1.6182700129947156,0.004778386143104428,0.053685521504183986,-0.025707678742200556,-0.0037556146278757267,0.011770572847075458,0.04544108546881718,-0.04376400958610925,-0.06507061322170166,0.017142269953893643,-0.0051801007280738165,0.04561783041565057,0.012911888867188612,-0.020014355691853968,-0.017930669544045676,-0.0370314132371426,,,,,
fpca256_25,19.43164290091954,-0.09314484191098803,0.06858222019375104,0.01840193179945219,0.019473263414286398,0.01688831624418701,0.00813065336297533,-0.09112687524814064,0.015238110115779979,-0.09730704259479474,-0.005607254424952374,1.6126681655781352,-0.0339552424437543,0.055616129732957015,0.014130366365473646,0.026065103552887027,0.05969170694458145,-0.03378389155933137,-0.04586084694659218,0.05453950952821093,0.0003782508311954147,-0.0015656908456645816,0.08835410894612503,-0.012289966958283542,-0.033261468901311694,-0.03485377763315385,0.07457517546778963,,,,,
fpca256_25,19.51367416162975,-0.09385279877268511,0.06804127663386594,0.021948046467662585,0.018359635925932392,0.00947150409422928,0.014651814802436231,-0.06756370744474834,0.07826866159322873,-0.02033582695816318,0.04539166683131232,1.611495204826372,-0.005684984459022585,0.0611202851152,0.03516171930372188,-0.05508467040159585,0.062320800417291315,0.07211776358329247,0.020737813347258598,-0.013492311451910755,0.04094650252688324,-0.016205905108652323,0.034066073381824775,0.00620847559202313,-0.07869978747943232,-0.06887423111664799,-0.10638679113932058,,,,,
fpca256_25,19.59570542233996,-0.09518464253376804,0.06817154247803374,0.023485778692105323,0.026502014574666097,0.018932474915214367,0.017586215463651488,-0.024763831869081626,0.040139531974912615,-0.03302839140733822,0.058891503278411514,1.6108034516576553,-0.015510101191134173,0.0157590043857952,0.04715395124698112,-0.019341216105569325,0.05695384633583919,0.09504160311712966,0.013912420943685944,-0.07550011995417998,0.08518638606006448,-0.0699497942633626,0.0943973232791768,0.012846821705241731,-0.011195334267400353,-0.017089387183384177,-0.0693682726645215,,,,,
fpca256_25,19.67773668305017,-0.09562798368164008,0.06831058221459727,0.022203968226093728,0.026970088696476085,0.014427428225887903,0.054752212215515225,-0.01445338246563929,0.063875598202958,-0.09308029819314179,0.08517132675607104,1.6022577093996953,0.006982608451721597,0.0018492648947480176,-0.01339390924388923,-0.020767646101163474,-0.002271735493968547,0.025834728521086824,0.01602856837427232,0.034708687106368284,0.08268765048321136,-0.112934112691988,-0.0033477167010819435,0.017699733246900676,0.039646989331833166,-0.014193365724951671,0.038845359737786314,,,,,
fpca256_25,19.75976794376038,-0.09635110006741748,0.07027612256442928,0.028174903933338335,0.02118877601932214,0.052636052280734126,-0.008855617383049075,-0.01367761380754898,0.029849160701996388,-0.07941774346127199,0.0037070988206354865,1.6000893059027452,-0.0213751613532779,0.05625053988933153,-0.026499914965615157,-0.01954465943284309,-0.02288412875295038,0.03406376554101491,0.07347265930462762,0.10436956793340399,0.12811069087990212,-0.1305894670939053,-0.017779281148656845,-0.0027085488637339714,-0.01163980051832085,-0.040095586084141384,-0.04862096926397482,,,,,
fpca256_25,19.84179920447059,-0.09847931199305197,0.0697025367269558,0.024229668897817958,0.030163717283758818,0.049904322770471965,0.006714092625287344,-0.018242065905672615,-0.0034896513279476,-0.03791660293835822,-0.037601446526949474,1.6039882190042485,-0.012078088098409807,0.057201950643532964,-0.021714229131151532,-0.0987883033868619,0.05891625400424311,0.05300249348258818,0.04492149952176707,0.09120925687963652,0.03798244451199371,-0.025635685114930203,-0.006973613076779434,0.05143149663808145,0.02921561766919843,-0.018797671079877995,0.04550636800597599,,,,,
fpca256_25,19.9238304651808,-0.09729199139377602,0.07086206682606266,0.01901011211068696,0.012646263061974887,0.047609998244780766,0.004515484128110011,0.013671651106223958,0.020060862371950584,0.04353650907914753,-0.0020094866378838655,1.6004555567984995,0.009043795466319463,0.046164292896713185,-0.024497257866380066,-0.08519297768618568,0.04089981656407054,-0.01219878263464283,-0.025835794172874238,0.0012087775553179386,-0.045771531290929174,0.06319779832271122,-0.06133866038160942,0.10019696408644849,0.006413852392791158,-0.08679554067065676,-0.0032576489020282526,,,,,
fpca256_25,20.00586172589101,-0.09841138635655286,0.0706957980866511,0.01692122662148233,0.013892802675476018,0.04068472658791791,0.008643930146851077,-0.03325121362370998,0.09941454861832698,0.01054973039284795,0.030531364221356744,1.5963799381367756,0.032168453058469465,-0.04724523596058981,0.018444166183184285,-0.057585285560041645,0.02373401037398718,-0.008921347542413765,-0.039088805463295434,-0.010571293118788183,-0.005312291504251363,-0.01196402070366695,-0.020757605814042672,0.05474485977719916,-0.03877513682101756,-0.05927386371921507,-0.04995825092080758,,,,,
fpca256_25,20.08789298660122,-0.09933071725982619,0.07041578768650086,0.019711548484714136,0.009744647752234775,0.034260900375515595,0.0247718383310909,-0.012725913650706872,0.054423486441958296,-0.016500025369745114,0.04168048071967446,1.5870929457333904,0.04909359136852852,-0.08919547137173482,0.03398502182957325,-0.01237934800094343,-0.01634590442495951,-0.00865484332585767,-0.043920978281387704,-0.022762163905052542,0.05636348674357583,0.006501282717422126,-0.032978372029696515,0.059327262758672034,0.05337645353045469,-0.04064855715520674,-0.03746261532815992,,,,,
fpca256_25,20.169924247311428,-0.10009020616377633,0.07047247140920213,0.02203750833914263,0.02024848812470781,0.05069929858295036,0.04166971991391263,0.02041905891243682,0.0034610581570022596,-0.040273677762846946,-0.030542459196145472,1.5863754277006878,0.010139583369674719,-0.04836435644322517,0.03771973655856445,0.04096900196530411,-0.011735911813904005,-0.060694658278947086,-0.021238844139486117,-0.007594477353412516,0.05826809893967678,0.04971413943410825,-0.02208522422761892,0.04305902399095024,0.04084785066491612,-0.07249875263871947,-0.023433618570345753,,,,,
fpca256_25,20.251955508021638,-0.10150627640377834,0.07160844620869553,0.02666069476983697,0.02485414408304707,0.05253513745782038,0.04606383686624147,0.023538403988081436,-0.014764952994474466,-0.09907789950036502,-0.031274053836745246,1.5816635780780772,0.004089072354620313,-0.03383748132497304,0.045301828730145884,0.03532950715140587,-0.013875223344769762,-0.00621142698453483,0.004005879985392917,-0.014762396331955854,0.028114981002905465,0.0344204862031901,-0.01124870952476785,0.020737021732029626,0.08726661413497713,-0.006738224814749481,0.022674799226522574,,,,,
fpca256_25,20.333986768731847,-0.10038747328377419,0.07058236429595514,0.025720712953862773,0.023480079116968488,0.03741373563376575,0.03535711053800382,0.009033379279343,0.017672201351430376,-0.107582565865314,0.004405015055630117,1.5810241007763788,0.0710348018448816,-0.0038727443945614157,0.07523588610456687,0.04298343231883954,0.04959800960226723,0.008036783211250943,-0.07788948726741049,0.013389903885342102,0.006862620961572516,0.06122689415076819,-0.04186300460581055,0.052758658065973865,0.0062250052996758315,-0.0034561748101323425,-0.0012221743009579455,,,,,
fpca256_25,20.416018029442057,-0.10200077913166274,0.07054293911781433,0.02396854667804112,0.015997974616971573,0.035656093985521685,0.012987648658620328,0.054195436606199875,-0.010593358499590927,0.019126024238781517,-0.053871708758976275,1.5769171363486427,-0.011336845609503855,0.015835506587507327,0.06643856311878234,-0.002898003806993823,0.05517975100091263,0.0825864590617051,-0.04598069795992536,-0.0072097971790443735,0.039214216439257855,-0.021904205120402934,-0.041514198333259714,0.005638240161225947,0.01958908966797101,-0.0020646190172573416,-0.019469305433922654,,,,,
fpca256_25,20.498049290152267,-0.10276429329082656,0.07046223345851473,0.03371201747410249,0.01697949207682756,0.046633567776509066,-0.011192931672509218,0.03728876499383987,-0.018549195709389246,-0.0033750056430639818,-0.05468786450974783,1.5764357228116923,0.015390441611950427,0.10080312193910607,-0.0027130054842487853,-0.020763427708467792,0.0003198043005386538,0.01614941418687612,-0.010826089892062938,0.06368916568788463,-0.0383107569572799,0.0973737484305903,0.0015207808608876591,0.003208645102205778,0.005270454760558312,-0.042605463118518955,-0.0704094186674029,,,,,
fpca256_25,20.580080550862476,-0.10202759193746422,0.07129342171326468,0.026410529163388912,0.0013659217417770577,0.044638348065404454,-0.002092197576544564,0.023640811785677677,-0.017420500822353403,-0.05338128164919802,0.007878933863333774,1.5729126775454934,-0.0008107608624291695,0.04257396328983943,0.015868050949877036,0.021316104105187687,0.05349978356819134,-0.08001074601490936,0.002907292898550018,-0.024848164889535167,-0.09496902660404358,0.031562755905549196,-0.04897350167997407,0.025703402492311365,-0.048574152336117546,0.026276399547258876,-0.07196406808232214,,,,,
fpca256_25,20.662111811572686,-0.10151702465152367,0.06952941750578721,0.028593516509223742,0.006946859892714559,0.031054060533291055,0.022137785450506257,0.04691590865283003,0.030797229823509367,0.0036758976794946355,0.023470456193736118,1.5627311415920822,0.006153588680067292,-0.020498744715383623,-0.013974287233506539,0.05510768426911626,0.010102235750750598,0.0123295983280915,0.020789129986923314,-0.016151767813406777,0.029957112747832373,-0.059186839417066706,-0.0023926909695773223,0.10523407024834674,-0.028761015657015825,-0.003937289347140298,-0.003841561848051296,,,,,
fpca256_25,20.744143072282895,-0.10053361570338659,0.06724163869804047,0.02302798693930567,0.013782531529528184,0.05539609332583451,0.023442022116945845,0.05764103270434467,0.018865414317511077,-0.04138402445076845,-0.06542051908014014,1.556516286375022,-0.011113667561775942,-0.0019477920769520526,-0.04578689389209032,0.09682618619607514,-0.005531428863051677,0.019835128867999558,0.024225485749311656,0.034690652145877146,0.03782339016409582,0.07526620579968638,0.0028199513016635425,0.03275150806695282,-0.10429534392057321,-0.08142107462810305,-0.03581099564346096,,,,,
fpca256_25,20.826174332993105,-0.10131777092445098,0.06872758167978937,0.027241385436985604,0.007364245540069487,0.021128308816905056,0.03049208108195334,0.04714687579151237,-0.010715590740651051,-0.005126020658694485,-0.04660551600276659,1.5510124159162963,-0.06334235847396175,-0.012284792638538461,0.035623673371974085,0.11772607241360299,-0.0021146306809426696,-0.011895407618220888,0.019325416619341944,-0.05689080130156452,0.024049695323971287,0.12995258260118348,0.021948965001391707,0.0035201248704110344,-0.08339024277729336,-0.07327259563931834,-0.0026490655072099467,,,,,
fpca256_25,20.908205593703315,-0.10377601835204824,0.06786190041653048,0.02745051696849779,0.011180322058165175,0.021810765625988483,0.002839246225614101,0.05360295206456087,0.033455176707783384,0.02786725514240053,-0.06238964188737498,1.544513717116835,-0.05857398703201961,0.03478083238991738,0.0636341768266546,0.12264137335717283,-0.029606141702007465,0.01766045783633719,0.022718373519258536,-0.008946583332948553,0.06279557063408978,0.10352579088034525,0.034329797952989606,-0.025085573762420908,0.011331049685513996,0.005552229586534438,0.054365152226081355,,,,,
fpca256_25,20.990236854413524,-0.10320524052110404,0.0656868921337104,0.022796697286042243,0.00625507845106248,0.06738168774225145,0.006358136124989061,0.041121002530767545,0.01188813875305442,0.034566381690917754,-0.008640980134564272,1.5462617518024397,-0.05028205799336726,-0.02961918315878101,-0.000498475418176706,0.04332069444144633,-0.11039566176442514,0.05385664109883108,0.005907969383759515,-0.041111987964264914,-0.01843030174183828,0.001715593491497528,0.05300673105765104,-0.010977337671898936,0.04229049091846585,-0.03984707817265443,-0.012669743976554486,,,,,
fpca256_25,21.072268115123734,-0.10310511504638373,0.06764171347614684,0.02631893642802595,0.003295267515832832,0.05366510864245363,0.0032445362720965563,0.05550485690298382,-0.035306743791311546,0.01423422279209101,-0.04609331220157633,1.5359371936229027,-0.03288343695482008,-0.022446405368690976,0.019212220092841754,-0.05340988291921554,-0.09145487683031914,0.08141152964674193,0.06975560457370253,-0.0669357571073027,-0.059784556374514665,-0.019842689616082862,0.07630895892615444,-0.03009255112906556,0.03731388491121096,-0.025398793553184938,-0.022023678352744994,,,,,
fpca256_25,21.154299375833943,-0.1007666507491773,0.06674301028944357,0.0257263508768131,-0.0013476980269201283,0.05347458497874732,-0.0011784168954548993,0.012304397643592912,0.005677727016079852,0.03259228649576604,-0.02067972249332624,1.5259287392507053,-0.0015935244199598644,-0.04657031978211829,0.1265866408982421,-0.03836960759561922,-0.07716699133505789,0.03663012318304646,0.04188685410345764,-0.0382761953597916,-0.05929214168545111,-0.04943574304917632,0.08503017073849577,-0.04678549736511823,-0.05371790069429372,-0.011811641210799008,0.003412447062350339,,,,,
fpca256_25,21.236330636544153,-0.10082884605717776,0.06916631289659267,0.02327919266533442,0.0033705944566123163,0.04613618470599303,0.010969895073839001,0.026904337710491506,-0.04054144100399298,0.016638354137775986,-0.03221461586737665,1.5185771295043486,-0.027853717325470123,-0.06699942744225378,0.08863932759408479,0.030921110066865008,-0.04452214102194194,0.036395822609292666,0.02970940654073855,-0.0119628263838812,-0.018562494651846062,-0.031903621156196896,-0.0512341168383489,-0.004199219031499432,-0.04567648691068611,-0.05863461942945739,-0.0001393030112615927,,,,,
fpca256_25,21.318361897254363,-0.10196317886646801,0.06745365464439847,0.025834128114846047,0.0011653409323836024,0.04534996950836343,0.009149462539633044,0.056325707129243535,-0.0720773426752999,0.03732770880791654,-0.05559767152585226,1.5153638281716937,0.07063958716876009,-0.04442129856283916,0.047649547615570435,0.036057892262162536,0.0529285126663397,-0.01027063885783067,0.03231331483547633,-0.04499958105821723,-0.04532096226312286,-0.07115719790425015,-0.07412943657274895,-0.08756507151894923,-0.018520687928758522,-0.012667775664542528,0.03960342002526116,,,,,
fpca256_25,21.400393157964572,-0.10146032339955362,0.06647017869329996,0.028328766810198868,0.002994025552992962,0.04510855826567081,-0.004795947024005593,0.03391322115006113,-0.03950910589797866,0.08020048794545144,-0.06404818503660364,1.50408184830225,0.06209157665076531,-0.07525722857394658,-0.0217710000518676,0.023584674178077643,0.03283347019004076,-0.04510868079268776,-0.03305506865973179,-0.08037483957634757,-0.11808582557203198,-0.07258754260069597,0.0006041491186542028,-0.029760170869687876,-0.01325679227608948,-0.008811273631434802,-0.005310731544169105,,,,,
fpca256_25,21.482424418674782,-0.10072684781381684,0.06556313746689116,0.026391407168970853,0.0017796647074360282,0.03832912298203466,0.03174498359556693,0.09434594337603153,-0.08499383802001031,0.056704133340782135,-0.06578823255137549,1.5005383330274848,0.039580875992675,-0.017362491039387928,-0.07134228389139209,-0.00756637737419886,0.0036031777721319477,-0.06794382949810147,-0.029104655342030702,-0.025243760646938257,-0.03635657208452538,-0.07184900384537199,0.0084976329618001,0.04158758611845692,-0.02747962279662599,0.01140693029381556,0.07116703880346956,,,,,
fpca256_25,21.56445567938499,-0.10184382786760365,0.06590590528389312,0.03106000221366823,0.00034437985692126026,0.05756670542170446,0.002567169614846773,0.10333137434332504,-0.07261559064480592,0.019090016846626517,-0.022260779055726758,1.5031128302995995,-0.03974724012838796,-0.010541013802930533,-0.006001926263050193,-0.001993006399974807,-0.05796409037148312,0.0026136120470231106,0.023722733345901803,0.005796177513098348,-0.003621144658175205,-0.02865529704134995,0.042111923309968116,-0.06229914108519245,0.03500607372043147,-0.02419645364654639,0.1241302118261125,,,,,
fpca256_25,21.6464869400952,-0.09980077495481768,0.0644760340683589,0.03299598971240461,0.006164490204182084,0.05238610714939849,0.025741652273957607,0.05979861944014614,-0.06837224548426955,-0.004695640755089332,-0.07361816943919168,1.4904385326961846,0.018015776550639608,-0.028812236424089976,-0.005757128564604887,-0.10437425243319311,-0.05047810549991356,0.0074556222906404426,-0.012654726368154227,0.004155355221505674,-0.010488966113559886,-0.05211795106095421,0.0663709372205182,-0.04522390143949569,0.0439022753424896,0.02663396262351519,0.0744636190201402,,,,,
fpca256_25,21.72851820080541,-0.10083943713202771,0.06801931410937645,0.03408615048166437,0.0033874089975223618,0.04130716892341855,0.03086020496869488,0.12146007659027008,0.011636532516269813,-0.01688488819886143,-0.09661511160837832,1.483070617881991,-0.0013949979332944268,-0.04748565930696645,0.01020249266397089,-0.0157228162986378,0.05524296317649158,-0.06765292169828079,-0.027342880603163734,0.011125403301560907,0.005664380828518969,-0.04667409666898234,0.0016437234343328103,-0.0879832467109842,0.030724213830917696,0.06812676262951423,0.028336775871450684,,,,,
fpca256_25,21.81054946151562,-0.10026336428076217,0.06612929056248815,0.030703476268765503,0.004870549792619979,0.03703967430600182,0.008756414702751231,0.0837025449507449,0.030245051663841355,0.02975872642835823,-0.13682884153422825,1.4718278979260988,-0.021127582809794054,-0.04425753936715117,-0.025449233986645985,0.02988977049722274,0.06660849317998192,-0.04470973350154322,-0.06238859240568671,0.11383889257343086,0.010747318305273618,-0.026360556209844288,-0.019783632336522975,-0.05134550861750638,-0.007133701230282445,0.07820782507026826,0.006527012319092515,,,,,
fpca256_25,21.89258072222583,-0.09693733032958797,0.06336365383770248,0.03296440668355921,0.004766940972042593,0.04364797791871666,-0.01183677017811589,0.04687607581920259,-0.08196131076234642,0.01108537013486876,-0.0703735962559023,1.464786418463205,-0.017181081540598563,-0.05382909641098455,0.03136758901655147,0.0027644642499892284,0.04015118477331058,-0.021891340626987547,-0.06817289012652224,0.04275874639115754,-0.05637594793494094,0.016077104231644573,0.0721630573420138,-0.001942590251169573,0.0880269150899054,-0.0203599865468938,0.045168473087417615,,,,,
fpca256_25,21.97461198293604,-0.0983903213455003,0.064701466214701,0.027656561368417803,-0.004881693544385312,0.04191751923337649,0.002355640539088313,0.08228676951034848,-0.09849139556674895,0.05472511199066342,-0.04912863609139364,1.4680656251175683,0.03513811593915669,-0.0810686006804473,-0.033096253068586066,0.03663572811343316,0.0025001016111741107,0.0013193327646971883,0.010656315326666364,0.012990741025949375,-0.010108847554071845,-0.009489626049863134,0.11990703313297582,0.022509314112721196,0.004283031181866355,-0.005697837958025361,0.027618869116209144,,,,,
fpca256_25,22.05664324364625,-0.09774283428316499,0.06422482692982115,0.031974128057847113,-0.0028394022579049474,0.03889867344884735,0.004938051870353467,0.07469126241356012,-0.06974068347737895,0.05032232996339213,-0.03700368891143271,1.4599494659995396,0.08129801653543607,-0.08096140421801425,0.021817605679572798,0.04920971772160032,-0.08432953012471134,0.042927591907551625,-0.0005425350402889035,0.007568842083716432,-0.033187176422632386,-0.025271108573205744,0.015924812668618366,-0.047596461615629186,-0.01789724549933442,0.10858917564019177,0.015641091196735582,,,,,
fpca256_25,22.13867450435646,-0.09611283363539232,0.06317227484048209,0.03332332944288947,-0.00123840041611501,0.06535309368125987,0.022835955945674766,0.03773310827890903,-0.0535349743649985,0.019257963590935137,-0.06506255191649461,1.4525161448451196,0.10017963214939166,-0.02337688198980511,0.04758077184044178,0.05779809578698207,-0.03470837651513143,0.007291701665795325,0.04951665589815174,0.04124992806713004,-0.0022031333756562166,-0.040265104325373634,-0.002176026821050921,0.021334243137156608,-0.02748622899730141,0.04851891890242556,-0.11444585405989688,,,,,
fpca256_25,22.22070576506667,-0.0966096144197917,0.0645624193219217,0.03777063395894891,0.0022381515152548304,0.06717509925615045,0.028827891558854183,0.054841481721493175,-0.10429737411461684,0.051682527769542214,-0.05538539335050817,1.439867459985317,0.10152209446495493,0.03308394969654475,0.04425215329842965,-0.044746710996634124,-0.0747873953388198,0.0361127971483816,0.028200930847136266,0.009876413571988957,0.019806412515890937,0.02878763678665832,-0.04265312901370307,-0.000999309105596322,0.03777704454306802,0.07185247805974726,-0.05289971918848893,,,,,
fpca256_25,22.302737025776878,-0.09508891074684832,0.06514295711759885,0.03515703100187125,0.0005928808054178579,0.0509501230975543,0.024541240105997363,0.08224912129403537,-0.0633080296596817,0.055938925814037574,-0.027066515226741566,1.437254180385709,0.04017732603726778,0.022969324555514432,-0.012908530364026786,-0.035069425572925896,-0.04605675520865464,-0.03181203617678508,-0.054362459676438914,0.014382750155509414,-0.008727260932464004,0.08183523129892316,-0.004296765842537119,-0.02829222079600643,0.05679280584924111,0.014959395261853838,0.059232939994877824,,,,,
fpca256_25,22.384768286487088,-0.0929736802902741,0.06302103397112424,0.03387489258800037,-0.0008635005547227266,0.015126816685752763,0.029497136305231913,0.01520617705739606,-0.07143312027218557,0.12148924521762469,-0.030291362785528995,1.4277270493928655,0.03812400574665489,-0.04625111985827069,-0.03306216613816333,0.0028839753387855417,-0.03097255342692171,-0.048722241855575145,-0.03557163486114684,-0.07585612435368463,0.04662459089501458,0.04660969388565532,0.03187901656875647,-0.0013311815771559418,0.012051281585638477,0.0582697872831116,0.03587149200286355,,,,,
fpca256_25,22.466799547197297,-0.09191441513157925,0.061110019800717,0.037377202841533445,0.006403998101925881,0.025445739204151618,0.04357070406071609,0.03400646301676428,-0.07624763854459467,0.06794230812550962,0.027687607313074614,1.4220370759869925,0.018284672597944692,0.00486354596544231,-0.046974054817484776,0.04136494685711915,0.07693118010098968,-0.06891724289771174,-0.009092177022541371,-0.10240391807799254,0.12367910246354963,0.08377639976750148,-0.011390008763910966,0.032818461280142264,-0.008959648458077049,0.011484193575879278,-0.016465173872780313,,,,,
fpca256_25,22.548830807907507,-0.09343830236083515,0.06063991035935552,0.03989833434187815,0.0069062583481132355,0.0415652523015926,0.06873794904674659,0.0456895296285376,-0.10803306198653026,0.07317864571338185,-0.03102056648654631,1.4198156471869063,0.05743348762987202,-0.023738228752580783,-0.0676766839603675,0.04199393271430062,0.056373432659103176,-0.0699860741702636,0.006343132587265172,-0.07485719388037686,0.10782947286913824,0.014045958779478722,-0.04357814503266193,-0.01416188251694867,0.02457789002126521,0.040034687248761955,-0.07077448209214647,,,,,
fpca256_25,22.630862068617716,-0.09190803021622705,0.05903441526971686,0.03980629875292326,0.01037154767580838,0.055746285421819336,0.05673057493558208,0.039512222415960974,-0.11749149620515578,0.08858740555035895,-0.013447990779060177,1.4108940062121367,-0.01661777134594939,-0.01914770414611674,-0.03930396406967223,-0.015966346031643916,0.07151176321159106,-0.07940542868299637,0.00753393443847475,-0.006744014157604908,0.07397512942553006,0.06145330643383333,-0.046315853619351775,-0.009796693314546395,-0.021768949090831644,0.013623647469619731,-0.0449262296937073,,,,,
fpca256_25,22.712893329327926,-0.08998823967688194,0.058993497855768184,0.04107020109599142,0.014864954596526267,0.04426024938671687,0.050973118602939536,0.09045517366899208,-0.0804306131807837,0.05290603986015012,0.02274120178002373,1.4046844190128265,-0.01788734554833257,-0.031016548524247498,-0.02949872543278203,-0.021998723191301806,0.12952625660414896,-0.092952770700421,0.012086496453835405,-0.016169827277989175,0.08119913958008326,0.028804787290601555,-0.04158402862702146,0.01647222193880592,0.060231916313449894,0.054644859380922145,-0.005991265135017548,,,,,
fpca256_25,22.794924590038136,-0.09079211704632355,0.05918361567222331,0.04021931505945767,0.0133309983147028,0.04293247362500845,0.03320296827109412,0.11049266819887904,0.05858703762207537,0.03911374612036443,-0.027423475897106253,1.402408507683002,0.01282195028413538,0.04867158154728894,-0.06880724237443245,-0.03304021121375278,0.09526815998637425,-0.027365381172761837,-0.009959656039734893,-0.0020524776967703884,0.03406884448900176,0.007581547334871491,-0.029614967587208482,0.033549578413022425,-0.006012972577746967,0.06731183915499289,0.0466639525333616,,,,,
fpca256_25,22.876955850748345,-0.09224892880924393,0.05773344177620231,0.043191460426237706,0.010588723310020254,0.03573688021008524,0.02479626113818996,0.09154917259882435,0.021737201425344934,0.052982025033674274,-0.056555203905095844,1.4000661842570805,0.009520419538164793,0.09970169244150746,-0.026247866722688123,0.014938362532858159,0.05816293018047931,0.024506474703406535,0.016013045840458456,0.05646821688692962,0.00657291820173507,0.07541284389707475,-0.10739386135668325,0.014923351666406062,-0.06954864426907605,0.045864415694399044,0.0010573917138410795,,,,,
fpca256_25,22.958987111458555,-0.09142849023244061,0.06109174280254849,0.04116319786882014,0.016943971324247915,0.03288531145774315,0.0431821647834952,0.08577846300803108,0.006345483829073382,0.0006247423157154233,-0.03582823623087116,1.3999053970200392,-0.009499631416455892,0.027830027353221112,-0.051846997754221504,0.0023133719309351127,0.011130642000901537,-0.005425111764320575,-0.06261092101011989,0.031126544948192007,-0.025548666889358064,0.029500529786843987,-0.0209984642775145,0.032488291009486484,-0.061350459573191754,0.05243060506423064,-0.10989201312428011,,,,,
fpca256_30,2.041015630355105,-0.011336730109677586,0.015118140869756014,-0.0915361313688048,0.2600890154858263,-0.08497206243968598,0.29371722525295296,-0.029925087304096782,0.009792410760058382,0.0758565968116688,0.04921865971020022,1.7148153503220893,-0.1056163884921267,0.020698412923991192,0.08201333525318322,-0.0723220082846108,0.03311440767005512,-0.1580952661204399,0.08159183382074046,-0.05761265863876297,-0.05564180279389508,-0.016708670201955222,0.0620977468485672,-0.008708827981690164,0.03789695850171221,-0.018988797107628925,-0.028111458945643694,-0.049717935764434104,-0.19243510916787415,0.031171987498063106,0.002158272089408645,0.09511117682898429
fpca256_30,2.1230468910653144,-0.004195259492534076,0.02027554426572853,-0.08246715563771484,0.2379004229936434,-0.08117926688816762,0.3233509983783064,-0.12225310127206518,-0.0230365738466917,0.24483375476140107,-0.04208369839374381,1.7196997885298204,0.10074631362981694,-0.003949204006956526,0.005331526926653513,-0.07856326969258097,-0.09615314151493944,-0.10957103975827474,-0.012099243594446363,0.00365286068719454,-0.20221198823689931,-0.11871597756954638,0.05793097673077628,-0.07793191966235881,-0.14833785397024918,0.04387334349431707,-0.07087424606181525,-0.09935924957570938,-0.034703178645180896,-0.028662341993294545,-0.0710427721913572,0.07113501212855255
fpca256_30,2.205078151775524,0.0030045122922224277,0.021875858140865012,-0.08370896599044392,0.22893651083521116,-0.068536838404125,0.21602436444830755,-0.09624537544777574,0.032872171589202304,0.17467066720106506,0.10265630955994189,1.7329097992848972,0.10311772680770664,-0.008592667038177446,0.04745502011272398,-0.0023933550025647017,-0.04971411461915953,-0.02866879900278199,-0.005095780272337614,0.0868697099224622,-0.048925873398224504,-0.028929520263311328,0.012015231270782183,-0.024620079860899813,-0.14190177793220898,0.029267835604067954,-0.023920149102329116,-0.049896280611056526,0.0021476894343860145,-0.05491369704444599,0.07107343657470931,-0.03895079428318593
fpca256_30,2.2871094124857336,0.008791768416910872,0.023354100128773148,-0.08987397735153817,0.2113898806173518,-0.025509351254883513,0.1871791079358433,-0.08887714121528467,-0.06348085289728345,0.014252938678484336,0.24028703477228308,1.743914539454719,0.03316695920231789,-0.03067165327855456,0.027097610249154473,-0.039477604840388834,0.03144591555410374,-0.04194972627181084,0.01362898166097011,0.05990167281791519,0.008102065795854353,0.1898647513362751,0.008921846579494866,0.15966709348599714,-0.004287120889642122,0.11958694862504328,0.11719315946535387,0.14136820297501654,0.12543824716237614,-0.08773457472269769,0.15480068433954264,0.01650825417419905
fpca256_30,2.3691406731959432,0.01200850617510225,0.027568926428841095,-0.09671476567068882,0.1907879859330534,-0.011193659904306902,0.14178127623172213,-0.006471745066952781,-0.019249559399094236,-0.0992424541417359,0.14781743927304108,1.75353748121328,-0.057276355983925276,0.0012273531042529921,-0.04166019348343508,0.027308465864148455,0.12250158838302956,-0.10730605302970668,0.20182841774490703,-0.05544567939030233,0.030885256656204955,0.07725701558750164,-0.033182492796624406,0.050398578103721454,-0.10496033614007998,0.02808353617904405,0.019421362247213247,0.13200331595502693,0.21660068050429665,-0.0814927180667622,0.031087973314586646,0.03909756607149997
fpca256_30,2.451171933906153,0.017956096112780543,0.02565083368396109,-0.09062616770120002,0.17729433861173388,-0.012443675772639051,0.08536247741382097,0.031175874041583673,-0.08151321212744371,-0.07323995005807982,-0.07281936428439281,1.7495550176636243,-0.037313763885175946,0.06803505533834163,0.09233498215653846,-0.07687113890330674,0.03264984275094575,-0.011738569978986521,0.1939214628707825,-0.09583466683827879,-0.08113790517974169,-0.11367329668477548,-0.09520361808386898,-0.06511097860448964,0.1394376975076277,0.14088730421055826,-0.05123216608714755,0.06510224089086486,0.09188660733880462,0.06404254796985118,-0.024521218243027564,-0.18056600589895985
fpca256_30,2.5332031946163625,0.01673528463009038,0.029762596130218935,-0.09349789090921719,0.17690755048767098,-0.007103323814704909,0.0339802476236834,0.05076808649902216,-0.16220362806672586,-0.14709948023216846,-0.11481700311753795,1.7485164857114845,-0.08835399241168675,-0.010176489862103913,0.023273713840430386,-0.07660366302860262,-0.034908333778678205,0.08233988874418818,0.12330904295875061,0.04470414167267691,-0.13785917472517595,-0.10637950220475693,-0.1142386196936896,-0.010766729363064817,0.21941804973389956,0.10026285947223763,-0.1534239168009004,-0.06245157029801861,0.15825311485672278,0.0751925360325592,-0.08785071060728705,-0.09259914192083563
fpca256_30,2.615234455326572,0.015961572360570286,0.028387374238042183,-0.09840816889037764,0.17133328194531203,0.004367237830995435,0.04238564258004274,0.05828529298413822,-0.116349760302387,-0.21530647025465915,-0.01414473758021502,1.7333378044045102,-0.17215290852394285,-0.1764615558760345,-0.08034015602271034,-0.06890369639972589,-0.11151762726047099,0.11606274456930149,-0.07682537965468067,0.07029718020782459,0.001459085975967972,-0.049204204659585735,-0.010299352953753532,-0.052313097775144896,-0.11861665548551231,-0.005859034934246079,-0.15097981085405415,-0.12702634696850945,-0.09051021644363505,0.059810000281088016,-0.03581057802327209,-0.16017711698001624
fpca256_30,2.6972657160367817,0.016574267311914952,0.028808176956241365,-0.10410312404346668,0.15752710136398362,0.006696329401278959,0.05923489611483329,0.06353977741942182,-0.0008158872533784514,-0.15289747385617436,0.006693122022879361,1.7273610439618152,-0.12534672491247184,-0.14968674495282952,-0.09453360076658304,0.003306449886594842,-0.061414386356923686,0.13976999547207009,-0.11937405936739007,-0.03279022847174547,0.1626748845067425,0.002136721837947095,0.076761367845281,-0.07875879646777612,-0.15167570708237926,0.1491074258444281,-0.11975318286549087,0.045798051350880324,-0.08128232254430132,0.07903199691446508,-0.039633422220819,0.02618006048379433
fpca256_30,2.7792969767469913,0.017986420715006245,0.03029832798816994,-0.09728004374452974,0.16119964917517565,-0.005818500185965522,0.052395645073044256,0.04760979858179237,-0.03465128315066962,-0.04682851316238962,0.001395111889231554,1.7149643526504186,-0.09348487349234214,0.07388832477539631,-0.17984351439001234,0.11882291632836076,0.057274156136400196,0.10877435336746578,-0.10750685776909288,0.05062158744008638,0.1352492852158554,-0.08287318587900612,-0.05035781582075168,-0.17615509258482373,0.03514075226514673,0.048361507512079016,0.08775359909481842,0.17417701086957077,-0.09471774362799781,0.09978541485313491,-0.033439504520278975,0.09981906306938203
fpca256_30,2.861328237457201,0.017756645484158357,0.029136005641724694,-0.09672109854353017,0.1478228298870635,0.00280233274681398,-0.002248106472467702,-0.01099169098837871,-0.08920678363659723,-0.10030853832937439,0.024443258136416447,1.6955322370758679,-0.002851272011222275,0.05614061247198365,-0.12077417781327052,0.16217622932352477,-0.06854631816702844,-0.009807101421225067,-0.012675121475436466,0.08090766949131016,0.13014613960026106,-0.1100336365177507,0.06414235473238049,-0.095553226937959,0.1384973300897383,-0.10492509624729861,0.14841427113330594,0.12208425382508468,-0.024655771615560446,-0.017668887125991524,0.07119208983147865,0.03565704990309674
fpca256_30,2.9433594981674105,0.016360385491453723,0.03110378334129736,-0.0913152455144486,0.14064307550447935,-0.009348458855284477,-0.03491255426803084,0.059126122605245524,-0.064526669084247,-0.05719486966206472,0.06277221302455535,1.6756352255317564,0.013535578610727017,0.00820285152846928,-0.16099289993919363,0.06841386462291815,0.0027291646644722325,0.015089657749075003,-0.0975264300620978,0.23557151573900476,0.10138763885568383,-0.060721295160055325,0.008924847512621056,0.018911368717149574,0.2193436369727964,-0.1740514270750224,0.05762843875034853,-0.07747921134692227,-0.08097620595045824,-0.08344915360286487,0.11779253842224764,0.09223483072175964
fpca256_30,3.02539075887762,0.01593355478519348,0.02635745541219176,-0.0903818300031092,0.13390015342634554,0.01757545640525782,-0.02524520111593588,0.09466536473222847,-0.005153214159295705,0.04653120004055805,0.03991059479593426,1.645815806154641,0.022467055521003754,-0.05780467046763617,0.011053344956095341,-0.042046927891427235,-0.03237246620465632,0.04261685026923723,-0.0773790912106313,0.15399887401760787,-0.01713232885644063,0.07465121081868772,-0.00400986334300775,-0.02902874863774548,0.12750971211332426,-0.014435325687427647,-0.1606767434622907,-0.050704710407632206,-0.008107533508662793,-0.0692938720836865,0.03939568379386681,-0.05052745223226097
fpca256_30,3.1074220195878297,0.015484998181539806,0.027699514180831747,-0.09271240307259662,0.12665095414186286,0.019067724551940734,-0.03629017249665377,0.008988055542434634,0.03127723268397162,0.06028599681957425,0.03197643612040928,1.6116670112696094,0.03868100779447248,0.036032579789174776,0.01346216162333641,-0.0506076071435842,-0.04540575431168112,0.08461803275038426,-0.03338637342702751,0.1426922128211127,0.04762375957389477,0.2153624179223828,-0.06863771253951644,0.022405954540917164,0.0576063365230753,0.017658957435186765,0.029554806777750735,-0.014641997369270708,0.07591298833338789,-0.02430043702422481,-0.0371207485732877,-0.1513355329128556
fpca256_30,3.1894532802980393,0.013320707537096665,0.0291289464418148,-0.09171377864271107,0.13062107395389252,-0.01253973357990525,-0.006929018807224232,-0.001412443001266677,0.023239660988173427,0.09522695995682767,-0.0008457701111590221,1.5889068369742643,0.13155140181146835,0.011188417806425127,-0.031510747496746344,-0.020908130150537926,-0.04854538625995497,0.21096715424430995,-0.08792040765084924,0.004811407809684157,-0.036917307028485655,0.03415821084557312,0.0012715138705061968,0.15865802125741116,0.040578269023802016,0.005151188546635883,0.18065777932689192,-0.013919999877472881,0.06667526063196182,-0.004017754462894468,-0.023564924682726085,-0.04747374293135228
fpca256_30,3.271484541008249,0.011528970110994316,0.03072103849256069,-0.09504519824686379,0.11801514402675797,-0.012008753011004522,-0.06500387175005572,-0.024982587217942998,-0.009836080072951559,-0.019724937123339448,-0.00866772862847523,1.5548902469068369,0.14195971661839624,0.08716734568505385,-0.00622705875762504,0.028680324525473172,-0.06446526787400868,0.09879331596223148,-0.06717290167237555,-0.15596577501472333,-0.05999441635774627,0.02417237099934403,-0.10827418193900604,0.08974240168157482,-0.04543408687093301,0.021773060648051117,0.14813389182206654,-0.04436104845913358,0.11597820708036319,0.0004489834391648677,-0.01924796479569612,0.04587576586643666
fpca256_30,3.3535158017184585,0.010091102975962598,0.027994787820497802,-0.08564380398857441,0.12295435013196392,0.0016025664491906174,-0.07409836152685866,-0.02804944848283552,-0.04063084467687633,-0.003620117732014344,-0.023390083162266248,1.5205989513645406,0.04895005077734023,-0.004482272573599825,0.02853077358208661,0.011064748867494506,0.03865174030881478,0.07529921951533815,-0.03200816826495865,-0.15550280859312393,0.006028563777086479,-0.020737810025065556,0.024937724231950953,0.013312304265427656,0.09438895404512329,-0.01872182698307758,0.14498560922175663,-0.031987546576764087,-0.006448608149524054,0.06110043820063771,0.0229418723384865,0.03322128319947175
fpca256_30,3.435547062428668,0.007791064615625866,0.026554706094320854,-0.07576849376592847,0.11595647350138645,0.003575709148726248,-0.09645359479917977,-0.03416313115823774,-0.055272015561618815,0.048326886150555415,-0.009567387288795566,1.492406035279643,-0.01211279785070457,-0.07286020483286441,-0.022926778246757262,0.07153694316064937,0.018363463913433496,0.019389032024152666,0.04631106161273399,0.01655187840554044,0.03302929793254851,0.10060159816617359,0.10358597156771435,0.008895535021998222,0.1326533834384905,-0.07856614870644957,0.14330069841910814,-0.037381150142443774,-0.061412630036080426,0.0092505130272751,-0.09528946398345237,-0.027004949998120073
fpca256_30,3.5175783231388777,0.0061088892175594125,0.026148371553219373,-0.08227138971567388,0.11317693172982943,-0.026807922146171,-0.08612998980481804,0.011725687044700084,-0.04310857783514982,0.04382240390519504,-0.04394053344717461,1.4694835720808037,0.029462936153003827,-0.039904495008923103,-0.09222922577581492,0.07645315852590338,0.045534068294751116,-0.08687448333893222,0.04275740690744202,0.11737455696530111,0.04546165424719385,0.08259141684972615,0.03741845837426158,0.0707022515691447,-0.011651829324477309,-0.02646365180491291,0.009727461479051652,-0.053568582867556884,-0.03882560486091158,0.0166735803987537,0.02507482139872628,-0.008977792213636596
fpca256_30,3.5996095838490874,0.0029815558352887486,0.02597269533382899,-0.07609581440039809,0.10589142176923183,-0.025669544291536214,-0.12248997408164243,-0.018967497095613097,-0.056544659430055516,0.01545249076800062,-0.1055574006637438,1.4402138693948607,0.0864013042427268,0.028822451778521295,0.004026783633275105,-0.04419392454809712,0.057162458055065174,0.0022996427914508816,-0.05203393515784672,0.04231624836447982,0.04181796013352515,0.0713650949376956,0.08144044704084089,0.041694808194960076,-0.04955075111742416,0.01923693897557048,-0.02233068776192292,-0.04700431991875237,4.672021729593134e-05,0.10767838422151427,-0.004452246311020562,-0.035902303516397074
fpca256_30,3.681640844559297,0.00224014952715627,0.025803412008649957,-0.07531144299648714,0.1095749876502154,-0.02197722058690602,-0.14075386800829023,-0.0634710309799697,-0.005181351688197597,-0.006155795347459858,-0.1385531867016174,1.4120799781964197,0.04547378776067762,0.0316468644432573,0.07179102412809313,-0.0608182980870966,0.10607870665697362,-0.002236199905806785,-0.10963268738046877,-0.007223558688021214,0.002702427574108379,0.012632435822322569,-0.05483717107162894,0.05050263357698364,-0.03797888683891159,-0.07200323641251276,-0.04024317283977896,-0.04467514261196907,-0.033831984952008454,0.10602578478498291,-0.005468390692250873,-0.052908868900362054
fpca256_30,3.7636721052695066,0.0004022747710684501,0.02613384483334292,-0.07200655502237499,0.10392964930523896,-0.027970677315849166,-0.12541653154657315,-0.04863324300705182,0.02084806219960173,0.03534719034728416,-0.12533536738137327,1.393504621693574,0.039068892815897927,-0.03430996340448658,0.037853057260885115,-0.030783060874571402,0.04128413922576462,-0.047075976449146906,-0.07580593341935218,0.015754343011874894,-0.03363359934507813,-0.004751774419227736,-0.08370130597722311,0.02974683346729255,0.008890507276217,-0.03748466678365886,-0.09225132731427642,0.06871444648680429,0.04239796604620513,0.071241091346444,-0.0646312087727319,0.01382204080902319
fpca256_30,3.845703365979716,-0.0012358490860472624,0.02503069902210807,-0.06900758739775613,0.10744249921574614,-0.005446405860503957,-0.1464799235669664,-0.052386526558259996,0.03259891745217111,0.0623481426103981,-0.09029674170082819,1.3655512631310802,0.005127365142608149,-0.09039542305968667,0.03899746416951072,0.009751086053646052,0.0013234611391449852,-0.03615302173119844,-0.009063674992075214,-0.03255939721342846,0.01744317644832427,0.019361081599732377,-0.09869743936274383,0.09922730645167145,0.031851750390390704,-0.010133672082814918,-0.08121092221472431,0.019271725806150337,-0.0005475079244218195,-0.03151694677067647,-0.07117606430732638,0.09618431451409518
fpca256_30,3.927734626689926,-0.003801543765951019,0.02582295716348815,-0.06299566879961072,0.10336728897092715,-0.01160170214105972,-0.15110284752309333,-0.046756423762846736,0.009097446218718648,0.0026497028055111546,-0.08406036525163571,1.3445000697529554,0.01111121627274976,-0.022249202924307175,0.023923885395874672,-0.023914468039401726,-0.055108071474624126,-0.0528990547037414,0.027643107281905513,-0.03874965141554369,-0.03736341000585383,0.03214701570912869,-0.030984002679273925,0.0963965197768673,-0.05324839514507025,-0.023621654523621603,-0.03982704476305078,-0.04265675652552291,-0.027290297291739707,0.012707361036277169,-0.10621711245144524,-0.012829990776116018
fpca256_30,4.009765887400135,-0.003564208204845038,0.026870483451945214,-0.06976163397820054,0.1046820436058043,-0.017973558675183472,-0.13406858289476412,-0.00904590139362237,0.06761861151110718,0.03489298708453227,-0.11668644633541664,1.3172171848405525,0.000328904614390807,-0.020404962623061768,0.019752234414405635,0.023074437428120376,-0.016753701959619546,-0.007110222691762896,0.016854549362844154,-0.03694369447305397,0.02216727546769085,0.014771726427053586,-0.002261361531037398,-0.04229427871810196,-0.08624609397330547,0.0016603368222464152,0.06585617662220274,-0.008458295816897249,-0.018010445877829837,-0.027745474941338694,-0.07685655119661575,-0.005704385043481863
fpca256_30,4.091797148110345,-0.004265777764588908,0.027867754202772353,-0.0678333171375101,0.1004364925817606,-0.03427602773455143,-0.15637434938168202,-0.012446508063468906,0.04853741853312622,0.08091200087600751,-0.08914967017702835,1.3000544154099043,-0.049966079773997335,-0.027057304147053887,-0.05716472718113294,0.03654738477655464,0.0511287474930228,-0.02006019522629293,-0.04319920975786921,-0.030061176807060466,0.05228661708986726,-0.00712796150138674,0.03225296190911778,-0.005509593522319757,-0.056616996453613726,0.024321259922823142,0.07896887509361712,0.06043842105831498,-0.061725633401978314,0.008284853958943926,-0.027695501059736755,-0.06500338804560159
fpca256_30,4.173828408820555,-0.0067736908375650535,0.026129775814560684,-0.06488329115535563,0.09356588731900387,-0.02667701073514769,-0.14316043223408995,-0.048845006761591446,0.05716517227516473,0.058469494226935564,-0.12981558481682492,1.2810221648205222,-0.04519178553749856,-0.012838042205318471,-0.07541642390122275,0.026786864800320706,-0.017767720932052283,-0.09029956745245701,-0.04648906899412318,-0.01900302348696392,0.008505254252855199,-0.0938570744350031,0.055494678783770325,0.04448216330015093,-0.0027523661886030143,-0.010022906080058923,0.04575801011390754,-0.009569137272705239,0.009641270846330818,-0.06703311902745551,0.06055983087007396,0.057070081036192113
fpca256_30,4.255859669530764,-0.005546092860616822,0.024833972901429566,-0.05770352585268945,0.09519488187202611,-0.02691975581230487,-0.12884302966550862,-0.05206552261931855,0.07783780195194938,0.036612628045318056,-0.10092845297457176,1.2626105690955225,-0.05223188681553673,-0.0028949274659473417,0.018133274340877636,0.039373898219459524,-0.013388927120983371,-0.10379688516695454,0.04665968933705286,-0.07715586791990782,0.002261389339064593,0.0005794440736220374,0.05469437494675433,-0.016042162313726356,-0.012233706070298805,0.014687951007251392,0.029162651236465574,0.014257920264962183,0.03314066999796296,-0.04244999879549832,0.08820892940764759,0.005222693464031453
fpca256_30,4.337890930240974,-0.007063444353493448,0.02422422521165583,-0.056754685567305896,0.09050120004157457,-0.019724586023442958,-0.11916005765378507,-0.03098357274346329,0.04639177259328946,0.04157901779647268,-0.03009644977765194,1.246050873646468,-0.029388033951463333,0.03655288375553971,0.043936462974643015,0.0694328806105674,-0.021122218540924623,-0.023216069071121365,0.03216924180685092,-0.09223290749428556,0.05464345721031344,0.08963836463756446,-0.012166816204633668,0.013959122719945467,0.046209981623508076,-0.04121829496234839,-0.07498316068568442,-0.003542229215011808,0.09062765275136556,-0.034843282528238505,0.10677014717789293,0.06297447309674162
fpca256_30,4.419922190951183,-0.006287759458203522,0.022546443768387815,-0.05234678330048046,0.09396617263395213,-0.01440841349932344,-0.1376299146379999,-0.038110243065130694,0.0660503731760518,0.024481279693513307,-0.02046605365556496,1.2302090073823682,0.05697827219121364,0.021392203467529916,0.049903427802265005,0.07975552597313956,0.038536223519543625,-0.02096066164793431,-0.01151155876030627,-0.16238296971821736,0.030076092919261832,0.01726208797171573,0.006932886987209643,0.00773780907949196,-0.035017314387546405,-0.006977033509932146,-0.07233396184141527,-0.006547546310366956,0.012614076275743777,-0.06587437717492539,0.07270498286745268,-0.015704201413878016
fpca256_30,4.501953451661393,-0.007804696475243042,0.022155133403292747,-0.05428938662253907,0.09008542543764465,-0.022075033012277458,-0.13083164727873703,0.0017673210922779126,0.03820073724104463,0.013465231066304185,-0.046450270482251636,1.2136580043622622,0.02944808588104824,2.847555593701867e-05,0.06195151598915707,0.06462507170255105,0.058848403823993534,0.04536468295564394,-0.0053974052933399574,-0.12498462241061836,0.021743380218131464,-0.028769256134597875,0.025173281857724578,-0.026112192478982693,-0.026948628274666098,0.01049272846070852,-0.08177823491460388,0.005407396043102537,-0.004475529169606862,-0.03501458577549895,-0.04199647878226026,-0.010716659904712642
fpca256_30,4.583984712371603,-0.00568779240330742,0.020971900309709534,-0.05392863512985633,0.08402543734355658,-0.024797606048284983,-0.09961571708520806,0.02058729804115209,0.04169629028287776,0.02952912424747823,-0.04627319677567364,1.1991285449937625,0.021637080273011325,0.017824190267966167,0.03955160034674131,0.04082907035604111,0.00019145975602748166,0.016686607890325916,0.02803503063307758,-0.11291024125191895,-0.02636438008040312,-0.06424108488840714,0.10351023205975884,-0.05167200163997941,0.03252374003519348,-0.06856809044097387,-0.0648004461273201,-0.03283700172872088,0.0012426156378822217,-0.006106283495165451,-0.024612306065442607,0.06502800892964711
fpca256_30,4.666015973081812,-0.005932142728143794,0.019384815130989917,-0.04833346055631123,0.07408248150418065,-0.014381432679297677,-0.10345728079451504,0.025660338234460033,0.0495122741399588,0.03154850002939827,-0.025192026336932995,1.18243271637833,-0.013863114547739322,-0.02661766108599356,0.04498284352790623,0.06557587149481475,0.0007893884111014049,0.004295007838828677,0.036505097038918966,-0.09053296520493573,0.0005392421747864307,-0.0798920002329997,0.06267929318468542,-0.029184902199425874,-0.01900738889929285,-0.0024613313989626795,-0.005714989699801734,-0.029954815671736898,0.02571313904731038,-0.010739209455239204,0.001743110503326669,0.012324685142514252
fpca256_30,4.748047233792022,-0.006595201904937821,0.019935857726938518,-0.04446537222461514,0.07314626153652247,-0.009886385999056703,-0.09324060317562527,0.005938716755592043,0.03392650167053784,0.008533084610243874,-0.02541253322814749,1.1618282066820302,-0.0181477558696819,-0.03973961251507395,0.03588720603340573,0.003734424330995326,-0.020472174321755347,-0.027194179654354955,0.01774811484551171,-0.04161093333120007,-0.03763602230128129,0.0414183945364857,-0.01831363682768846,0.005438537756936406,-0.017189484022427745,-0.038063293531404994,0.02380391676857242,0.022005019565216333,-0.007992012062471923,0.05081146168917111,0.009295158642146922,0.018287198673029578
fpca256_30,4.8300784945022315,-0.007630976897027751,0.018106622157128032,-0.04291576256268307,0.07207188734025292,-0.004103472265450882,-0.09316864985608417,0.021373193054954897,0.03516937556697429,-0.028585862898238258,-0.016640807206451943,1.153068280531428,-0.011689876707005827,-0.0009729694931606952,0.040397519435641446,0.0135433724614159,-0.0019168635401280772,-0.042489667887566286,-0.012534160582310477,0.00040108797039701627,-0.0232413811993231,0.05605546023404068,-0.06325006560037329,-0.04942077523477294,-0.06531600010137449,-0.02236437923312872,-0.049369991287384035,0.055742313185576556,-0.01675834604970433,0.026788241459025426,0.033404176798686035,0.07703363583201199
fpca256_30,4.912109755212441,-0.007016337422839836,0.01618981745853411,-0.04328065089706009,0.06466599357345436,-0.019464584527186416,-0.10879452146713413,0.03744608799817132,-0.0008810367926968186,-0.022568362418056993,-0.007801342328225026,1.139002677417717,-0.03852929640528089,-0.02560970190382016,0.0452969050185785,0.013079472434340551,0.015231776853649622,-0.06730324095154959,-0.0043177958844330434,0.017358126070737966,0.051843536564887674,0.045261809840090386,0.006015986612999714,-0.013349114277297947,-0.02447052808976074,0.031012806953436604,-0.014567498413858456,-0.01751162604765448,-0.006041680632541905,-0.02357168534263371,-0.02501233579736158,0.02089902008718786
fpca256_30,4.994141015922651,-0.005192064798582677,0.01665827083706827,-0.045667066848995866,0.06564507583511835,-0.008136749318231913,-0.0802470062188823,0.04874714299875235,-0.0020828112454659236,-0.019035750350817556,0.020167194779476417,1.1230753021081714,0.025395404274102022,0.011149955810842035,0.0328355620969937,0.03559117739578235,0.0711020738993618,-0.04805750959327134,0.000809791423445793,0.03967147072251931,0.0082417554161716,-0.03339014101772022,0.03932241274422914,-0.021022778074468725,-0.057439672937969775,0.00046147573653482384,0.01196634581498257,-0.03380457277831116,-0.024265254656430823,-0.021418150412998133,-0.009966839875973736,0.006084847924707676
fpca256_30,5.07617227663286,-0.004275262052396278,0.015843569032516436,-0.04000725439548466,0.0545155393908695,0.0008072271213550212,-0.08798069445338494,0.06344026980550325,0.020403569183402637,-0.021562360026204465,0.017786041768772905,1.112067649551462,0.10795140531930185,0.03702893216035655,0.06701396860540719,0.03538517834188914,0.006444265623006821,-0.023778834485612986,0.014710803878142348,-0.018706369194609468,-0.059584770318097495,-0.04900514808506075,0.006608868714772183,-0.015992286148610577,-0.05409282493125748,-0.07797625841324263,-0.002679190897369241,-0.002954265146343291,0.027310733997615307,-0.021633881716643745,0.040111813950193684,0.01849582534779194
fpca256_30,5.15820353734307,-0.0034020664342325384,0.012782986107627497,-0.03149724967907979,0.04741169962949631,0.00138794237325753,-0.09980105714950412,0.051995538974351725,-0.022133746730668966,-0.007409348345515493,0.010604872702848774,1.102214685225441,0.031927209799959874,0.05766688613713099,0.05234167109844876,-0.0030886484910113586,0.0041844903898247444,-0.012265669014820974,0.013551425888977377,0.003221373838395626,0.0013075735166480995,0.0029925998017619696,0.006708653943150086,-0.024392559555264395,-0.047220664315772806,-0.027619405283717677,0.011634042787632703,-0.052415478847569336,-0.022695683042255277,0.024688242473602795,0.05797671409488082,0.012584005641351925
fpca256_30,5.2402347980532795,-0.0024491046442500614,0.012192127621784128,-0.033419978470952974,0.04745605809897277,-0.004781660498734984,-0.11399860397440952,0.07200829758033497,0.056478191898409594,-0.01527669891640091,0.019948628684079355,1.0844662206490157,0.02947384836405635,0.05919205949671792,0.03156470038331273,-0.008215688262388035,0.06263697896532817,-0.016576906992818996,0.02375748570325402,0.02931537723686171,-0.016758647391485165,0.012912001991836126,-0.020914415750240674,-0.033267508460214534,-0.0018583146503762457,-0.00868370832992053,0.03480666212070495,-0.028744457613716287,-0.023497237904810758,-0.04345761444676667,0.014081579385919408,-0.007181256689056434
fpca256_30,5.322266058763489,-0.0022759349716896166,0.011835698356409427,-0.029239716127394462,0.03914631400604257,-0.012847209107225992,-0.08712425492736874,0.062087245886927225,0.003909041195001521,-0.03325309194561377,0.034184868999093294,1.0768980717159835,0.04384706874562959,-0.005128246061595978,0.04756285003710856,-0.02820283365513273,0.053806016870603796,0.03255154334326606,0.03145666420127613,0.000895997109810847,-0.011415665634388728,-0.04083906039007977,0.00035434419374637716,-0.08268894450411672,-0.02147570430471428,-0.06369779838193343,0.011932094094869214,0.0025934686597154782,0.05761862415283406,-0.0399828643483985,-0.003557303632701552,-0.004183851992658721
fpca256_30,5.404297319473699,-0.0032088684778300075,0.01073511292791089,-0.025230378914955918,0.043115898730803605,-0.01590477905170075,-0.08364254495895024,0.058929842384068065,-0.010167363421470102,-0.02457247219579938,0.06256063994616004,1.066654941488581,0.03434924274273063,-0.01619683476697558,0.06534986487212352,-0.017647431489350152,-0.0039052827239390506,-0.02340051881033192,0.015981372581047034,-0.0006263893082439007,-0.05616787192262286,-0.035826725252467176,-0.01420385485239474,-0.06271544060939221,-0.02393591747303773,-0.06920393938813739,-0.0023265002083316805,0.011630161874198595,0.00024078034776398027,-0.061571338912999485,-0.03548730155458066,0.0011407822582984138
fpca256_30,5.486328580183908,-0.0023877826792991076,0.010368818016432284,-0.028456031277747092,0.03733421108811792,-0.02258343360392345,-0.07470020304304814,0.05521343494001116,-0.012616164671276332,-0.06596517091927016,0.04331224081877062,1.0585517161438658,0.038523989707067934,0.03732019093917673,0.0016477564729265055,-0.02798546361901165,0.03223625359284678,-0.03819504089654492,0.034937323414525365,-0.020121160730470766,-0.00682710594368729,-0.07682380227301994,0.011417972787996312,-0.06017826499395147,0.016612605738494206,-0.025577869148214208,-0.010098620908487189,0.04285841913954731,-0.03270710039808143,-0.03482451429330248,-0.018256924942465405,-0.01106918411233514
fpca256_30,5.568359840894118,-0.003176888376817579,0.009108033821258743,-0.023986868218436812,0.03949741748846037,-0.010913514833156323,-0.06177180719196891,0.07318066595758338,-0.003669617973643198,-0.08090727981869712,0.050159807212003894,1.0531859589418606,0.031207631648324564,0.0017664792796503216,0.018950508164425922,-0.04144736935640855,0.0475087859224094,-0.0504758958135306,0.04715949804223011,-0.02080349244376334,0.0003437728100172399,-0.06535559907360661,-0.017465231034291383,-0.03215795485987513,0.014803152887746775,-0.009939155253909024,-0.010405619491751538,-0.04078807153806721,0.016529661248483936,0.004874909277672937,0.017332172576885928,0.00033391061906767536
fpca256_30,5.650391101604328,-0.002561921215608849,0.009732906804806445,-0.019912845319017682,0.033931594957508165,-0.008048059148204934,-0.053600971247730715,0.09339452142184324,0.0005429819964426899,-0.05200029929426201,0.02619148503260364,1.040370688308224,0.034776981176239875,0.04914265302684054,-0.006261631406033013,-0.025833662688889886,0.005828107806770032,-0.011165502057235883,0.05499686536435154,0.016579141926191688,-0.036609530841317836,-0.007156283840133653,0.002998181173679731,-0.018036300182085508,-0.05065741643182267,0.01383955201214679,0.013863148512633186,-0.013026727646432985,-0.01872849385148056,0.0400974209267785,0.004143729094818346,-0.015587195541129417
fpca256_30,5.732422362314537,-0.002406195301043382,0.009205734777950192,-0.019225216142487,0.03714469200909078,-0.013175064304269435,-0.04743056397638701,0.08973512840813554,0.007311453720323759,-0.032882410265651134,0.037959635470060565,1.03567288175227,0.012268787850213432,0.039546748604283546,-0.02192689845879842,-0.005590833299586533,-0.009632872246737905,0.0044407588369540126,0.042476379313807315,0.0032278031261307443,-0.030347637850227663,-0.04041569565895978,0.015301439964961583,0.003478042696455975,-0.055713537701766874,-0.00984613140126828,0.015470316545330244,-0.023316635769685085,-0.036652558309581654,0.009042663219754249,-0.02084370142741837,0.007450342248212751
fpca256_30,5.814453623024747,-0.0029484825274741677,0.00863078109605125,-0.016076855774900103,0.02968056699978694,-0.01004179839909865,-0.046802496220199656,0.09520551878296271,0.005883570368308805,-0.033363839056398385,0.08294142552097643,1.0298120189505384,0.012268948758923655,0.00738589930914655,-0.011858500929679463,-0.017389074223547442,-0.03562342178981485,-0.04240416586759715,-0.0015193710488926229,0.025708021775949032,-0.001039394186138895,-0.025694658539310404,0.0068676431868904785,0.022322410697645696,-0.07528947087733337,-0.0009333797618139086,0.00869288127844773,0.04990796899462754,-0.0364115463147971,-0.028835980651151415,-0.03439519617791348,0.0221063389407354
fpca256_30,5.896484883734956,-0.0022808742233698712,0.00626884115529373,-0.014084701624287545,0.027945940453991104,-0.017529782157461336,-0.04409494510805147,0.0805746128916612,-0.002506125934017419,-0.05173934943688636,0.10992469598306853,1.0229986930440678,0.03379769157117542,0.0004446781167600348,0.0251283763074503,-0.03429832956573151,-0.025636383069599204,-0.045790721017705725,-0.014320511903879186,0.048209672269012446,0.014049055166300502,-0.011189590361529778,-0.009769415189926772,-0.0024183853129863438,-0.026532965142696308,0.0062569917013378315,0.00014999410207207353,-0.0002041538125541649,-0.014878070735354177,-0.06967676515790228,-0.026779880374692498,0.00202015466833301
fpca256_30,5.978516144445166,-0.002351132527917451,0.005569708484012097,-0.013495491770957392,0.027130938188175663,-0.017085632798933194,-0.03722751061290654,0.09330698291732246,0.012514339247895577,-0.023702924129258757,0.08003770182966911,1.019181519911319,0.028892385911444128,0.013940206802750783,0.0651136498025398,-0.04926608928029485,-0.013401954405443731,-0.03528461769616213,0.029121076882052774,0.05958191802948741,-0.01619552754823494,-0.008985592590711154,-0.013054955279327738,-0.033597911441573834,-0.025500930273475126,0.014046276148521754,0.029009043564889637,0.030796693965552485,-0.014617629775846568,-0.05193355528882938,5.9039996358228874e-05,0.03101791174484768
fpca256_30,6.060547405155376,-0.0010975788386130805,0.005779259064154696,-0.011169824501058174,0.02883392464945648,-0.009741423647613908,-0.02774542423872229,0.10123767721108967,-0.005119490131357487,0.009232772245305537,0.05485687308340227,1.0140538163636434,0.04295700833119611,0.0391202779822617,0.05269773031684977,-0.02778510836887818,-0.002970004440602681,-0.01693857233865608,0.020259839831948106,0.026119279165614368,-0.02508268816724872,-0.028506847821080185,0.037482758089682267,-0.037603464321914845,0.0010755462163460489,0.009783637542996056,0.010735838073926784,0.073393588873232,-0.033169706229160725,-0.004120560465119804,-0.02126319594948535,0.020933412647756795
fpca256_30,6.142578665865585,-0.0013715990507901686,0.005284648425683967,-0.0112710578250288,0.024727464183390592,-0.004769496461552414,-0.03953500574292926,0.10320571620063751,-0.006505515796332855,0.0019107123251099882,0.05353191628768145,1.009954757793071,0.036175021334285185,0.012772122974084185,0.036915216878799804,-0.017890703780536497,0.02048830070245926,-0.002413171795839152,0.023162608138800715,0.022315997713846476,0.00021918012773850665,-0.011539027475246728,0.004116672966576357,-0.02630240277882822,-0.04519495812664188,0.03390967691344662,0.014975636577230198,0.06833836644811214,-0.029636085732652084,-0.009656710585273825,-0.02986210249384162,-0.0016632319505651624
fpca256_30,6.224609926575795,-0.0010670206817828332,0.005429762576127072,-0.007809079676102188,0.029462155694480623,-0.0012057427410939465,-0.03832248874529251,0.11186623500566809,-0.00462587937942565,-0.04204128152442923,0.034409082766232106,1.0079329761173252,-0.0037980612409150836,-0.0022000516092618924,-0.0008734135212676521,0.0064025758582259675,0.0032555076200795068,-0.0006911434600343561,0.02021699599899928,0.028504187181586333,0.006071372830298606,0.015901672915136566,-0.0012143938555435746,-0.0396524328856468,-0.05851935425340957,0.0023983106133448166,-0.009285489314166104,0.08991341175760573,0.0016142538223593225,-0.03618173462177317,-0.022340125525038675,0.007300002311714772
fpca256_30,6.306641187286004,-0.0010245231375611993,0.005303459778017886,-0.007082931128212113,0.029310560202259504,-0.014341824938908253,-0.006898740485452526,0.10291685729492689,-0.0011735729636354374,-0.031296133716895984,0.08226261125179311,1.0059776960952704,0.05440583969012544,0.014643869759590146,-0.0005656546948128822,-0.04332379053868654,-0.028383480021418772,-0.016522009411684867,0.027522012114684285,-0.01264001856878854,0.029139083392690744,0.019620600350601917,0.013266239284909356,-0.012092475030052275,-0.012254816817655674,0.014189739627387565,-0.00572855234920233,0.08002977847799014,0.02000145092572682,-0.03303143651721565,0.0201124620584633,0.026500746726471798
fpca256_30,6.388672447996214,-0.002018203737128097,0.004556057757502554,-0.005373883426368614,0.019108493009887456,-0.01012784280935452,-0.004842408613689348,0.09687937974210438,0.028058160503567003,-0.021615921521716052,0.052276089838193276,1.0073096800074386,0.04037166339880217,-0.010185840261817639,0.024954499675369723,-0.0414726961314637,0.013796872537123214,-0.017827794908508412,-0.009232693702676048,-0.016900894747722554,0.004764716946557472,0.012087932475698969,-0.029601918594916298,-0.0031847865137382917,-0.006643152831515717,0.028569623125536285,0.06602373948918791,0.04783691806987797,0.05330818085583243,-0.013735538836559768,-0.006620251221227242,0.014999593300983872
fpca256_30,6.470703708706424,-0.001368015776967399,0.004289406089587148,-0.00389063777904708,0.014296063235860523,-0.015339805856565351,-0.033848966704243075,0.10700371073511586,-0.016175885776254086,-0.006025925739616195,0.04026862379168088,1.0070958024542407,-0.0056488112813073785,0.013039853850777286,0.0057927084501070425,-0.00619027439567908,-0.03680835282536782,-0.01708438164415877,-0.026372702093685065,0.03263085033438678,-0.001428098279767251,0.03058523146775814,-0.013900793313654042,0.0036151041671283815,-0.035677833572581294,-0.010614951132599451,0.07411917656531103,0.04390576186879454,0.0074068347108930815,-0.018955999482843894,0.027047665975259105,-0.06310654835560336
fpca256_30,6.552734969416633,-0.00024181087510495922,0.003479244311759036,-0.001771985290398787,0.017434202228805516,-0.027135766097824216,-0.02524325301984214,0.11757477328689318,-0.011399224394090302,-0.020807743127514967,-0.0020779935465354274,1.000460128383584,0.0036431162372552637,0.032852566600055234,-0.01444058609584628,-0.03768470305925536,0.0034826042019645955,0.0005774934530162956,0.005977163111140455,0.014069678255829186,-0.09193236726240898,0.009721674686328712,-0.008117761207244265,-0.026288217902729987,-0.03192533343652491,0.00359415550977819,0.02762819092597815,0.032820349575183864,-0.015474410074678372,-0.04464231029183494,0.04081536138047169,-0.0322379612074353
fpca256_30,6.634766230126843,-0.0006178891705304572,0.0032860681784906472,-0.005261210842317688,0.017019625392415295,-0.007652034811147791,-0.022723519361639598,0.08923298007862282,0.003017130895029634,-0.009003180045710494,0.008274174343127494,1.0012927978919242,0.013856440514709165,0.011308872121881641,-0.011605880848912,0.002095251716294956,0.020151873849236713,0.01622550213508264,-0.029038632440451885,-0.011246798667137521,-0.030126769623003275,-0.0026957182629627104,-0.020183620775421254,-0.009002115848579063,-0.024730908832372493,-0.005891227123427038,0.016735427210694702,-0.0003907883933841087,-0.010480174406213787,-0.041950775441465735,-0.005851420993579595,-0.026429082701233512
fpca256_30,6.7167974908370525,-0.0006356208462344502,0.002654336532587762,-0.003401784473731806,0.006372415453525412,-0.0006043698209630349,-0.0036187628350395624,0.03365600189069565,0.004108306585141209,-0.02371762089697284,-0.014825521869880204,1.0015594371108703,0.01482922098091817,-0.0038656457589956537,0.023066256316858103,-0.008242980297451859,0.009027943652844357,0.007281832714993058,-0.010481899022486144,-0.012226951061366774,0.002101523192117643,-0.040659519034423414,0.019840160920567534,-0.006765054405225632,-0.009446269308425369,-0.009141688702550386,-0.01206923091107525,-0.014749204877427162,-0.007684091497190529,-0.0448289703178879,0.020625746284369362,-0.0028298535436295496
fpca256_30,6.798828751547262,8.094024398862349e-05,-0.0007127772260234576,-0.0034167735071555195,-0.0006820010277378392,-0.001033461378223027,-0.01292198242896844,-0.008443651204564766,-0.013215136060389512,-0.003813982460898231,0.021227102854746986,0.999575862340858,0.02048700231253099,-0.02316127724840801,0.013204536933630589,-0.022425090234790883,0.004270690282985304,0.005281824118860648,-0.024795276334602226,-0.013940505963679663,-0.03419671636004412,-0.013170323456769852,-0.003858513973685203,-0.011325479088015258,-0.01746631812513336,0.022144734078782733,-0.02615869269687459,-0.00033393511927599234,0.022295851913321646,-0.04056843051504833,0.004927110156979747,0.022795057814746
fpca256_30,6.880860012257472,0.0002855491656199879,-0.0006041932106992365,0.0034210167721701874,0.0008198733589318824,-0.00978553456363701,0.004517208198199124,0.01173579576715075,0.004782328198400958,0.004020766766561982,-0.002095502070775412,1.0005575596810061,0.010637983173499187,0.004986744959604152,-0.008870806226706256,0.0021021596999222293,0.019816601260429067,-0.03470744510492681,0.029751689077116,0.03571511801194088,-0.028436746584573902,-0.013538527606644559,-0.02001969071459883,-0.015152286872289674,-0.011545812987088226,-0.023918076515143154,0.014879853025965437,-0.0009306408263816755,0.02292145003829024,0.021443835723042436,-0.011279290447336951,-0.00015788049284071529
fpca256_30,6.962891272967681,0.00032675861335199584,0.00024615084338121653,0.0018670309320151257,0.0011693299531853245,-0.011351200493230715,-0.0015722521750945362,0.02797080240408742,0.0030351414862945358,0.029880084373771196,0.008221089759917241,1.0014355848963643,-0.001959514666190416,0.009145612367731839,0.006143388278667667,0.006840749896038004,0.0017982539758287126,0.007312849200543491,0.011380331278028991,0.01597732608432999,-0.012938129731313414,-0.007897318514226731,0.022831868117716418,0.020432230228599586,-0.007255282349923375,-0.003953011926208853,0.040082381694180325,0.025634052450111508,0.021320047807435204,0.057425859924675304,-0.0015210636751703437,-0.01625330393022382
fpca256_30,7.044922533677891,-0.0005836575857232035,0.0013180697717850168,0.002587348715648001,0.005525943026038192,-0.009283437585513277,-0.019377489060604138,0.035816317998266234,0.012160671421423668,-0.0017194290698778062,0.004375317303105673,0.9994168905541682,0.017820268351034927,0.0017616047821308965,-0.007833352553355877,0.003202102284016956,-0.02827771105370038,0.014016999344505263,-0.018376280201709286,-0.012673568250121128,0.044979614684536005,0.02339995903584087,0.027446615022121024,0.009438986458803166,0.009135536586889391,0.017984168525980705,0.008282684821875805,0.0279832858984274,-0.009992356250799318,-0.01661616791865422,-0.0449029674987458,-0.02757365284913206
fpca256_30,7.1269537943881005,0.00016249088042255924,0.0007366542892818179,0.00723938545534723,0.017189328938164307,-0.03066981281659106,-0.02055878280369082,0.12540254609051646,0.019641264034838454,-0.03640204036421861,0.04458517166804265,0.9981379533342031,0.003362968848996486,0.0021171969631099095,0.013092276830842912,-0.03492881301374826,0.01499252277314228,0.02358586464199578,-0.027201951077561334,0.0012770851239528626,0.02099742588239174,0.016483541619633474,0.0018655089618843795,0.01523187515410887,-0.01762591837526214,-0.0064160300714816345,0.009021845664962905,0.06441257692845449,-0.01781067201158605,0.01283636210967279,0.0068003869557141106,-0.015958028304610267
fpca256_30,7.20898505509831,0.0003476244396466177,0.0022496094717136673,0.009410958432248822,0.01706086118550688,-0.027908378707730417,-0.01763350789298115,0.09453113271837908,0.046259608188124364,0.005272894548885079,0.05925078471641439,0.9988325061110087,0.01238060612718002,0.014157742240131681,0.006279155555833901,-0.02524264554488702,-0.01729631962436115,0.040714296898257736,0.014423748071780033,0.032327515150936924,0.009584703272557912,-0.004838358408172292,-0.017218774243931055,0.0016599140362889946,-0.07128539505696202,0.014403806792162438,0.05380084249341148,0.0004062776715676158,-0.03681148226266862,-0.01743220721521749,0.027111928964550433,-0.04825712393113332
fpca256_30,7.29101631580852,5.456043982166167e-05,0.002326350195107842,0.01001858291548012,0.018734558685211386,-0.04166506398248151,-0.03835024133976181,0.10646540734375048,0.007408159636378055,-0.031279368152145645,0.05871997600373705,1.0069841317014436,-0.003831378546189557,0.014302029941958977,0.0030856669342741606,-0.025079587749879704,-0.039684997186150206,0.0464366806989026,0.04240530249709284,0.006597700164346334,-0.011348456772706296,0.00955616178403135,0.01666677190704944,0.012186694551138223,-0.0270797842544758,0.05973586850431885,0.01671416192595651,-0.0011695892282422562,-0.018758181412948334,-0.01442695747517957,0.029737890578270983,0.015848387945256184
fpca256_30,7.373047576518729,0.0009226716012427896,0.0005478082782694558,0.010559036295925164,0.01725273644316911,-0.038275386101719544,-0.031692272681684196,0.12832219983523466,0.02399370590051483,-0.00975220473601332,0.02890543833759773,1.0062889997928168,0.019432172549748973,-0.014492129907284473,0.011079413499500486,-0.058385016243815396,0.001216960718663787,0.026696293196643843,-0.029686637224523554,0.010013383132428742,-0.04338521631117259,-0.019152194665507327,0.0042886159150076104,0.05252287968720461,-0.02966306963182011,0.030615854581745396,0.02399393125634803,-0.01866339882643644,-0.013900859085634047,0.013393202554638745,0.007913563409284518,-0.015171352619773421
fpca256_30,7.455078837228939,0.0018107496938792563,0.001496227184659294,0.008769882131834213,0.013040866803013565,-0.03639922977004783,-0.03216476471151173,0.08671427703963726,0.04308991376790882,0.0031083114017788583,0.04819419722870467,1.0128905870397213,0.009113835668513953,0.0037205050330105377,0.001972567731915744,-0.05049194656190185,0.011400067779508196,-0.004592040112002999,-0.01860740924418075,0.01788331440205095,-0.02108357913799766,-0.006521722414020756,-0.03024695862824598,0.03646828078148394,-0.006881656399785446,-0.02415032948966314,0.02177985818506937,-0.005100609158187275,-0.038250263685027014,-0.01062871690109304,0.03837791573601633,-0.05634370806362
fpca256_30,7.5371100979391485,0.0013174404177788285,0.001904408859120291,0.012734861379280267,0.009939557321792813,-0.028002003728663277,-0.03278188262706902,0.0992750101723462,0.01729125047327518,-0.011759252287700478,0.040911102659765525,1.012229063915658,-0.005164857862796298,-0.025993380875810206,0.01749132765321857,-0.04996980051233761,0.01573051452088096,-0.015811469257764162,-0.023468350550344404,0.028043995304678375,-0.02508530312436881,-0.0350088504101264,-0.016684412816702732,0.008052308841726911,-0.003048597913675455,-0.0346305798197828,0.010977486633628332,0.058933540249425063,0.0040692687826946634,0.024287878774594655,-0.003091930790020123,0.009781534434408786
fpca256_30,7.619141358649358,0.0009752789001279678,0.0010820935654231923,0.014143115957742014,0.010901098078518402,-0.029045278375296375,-0.024380306367101368,0.09878512784702734,0.036501367961479646,0.018531747074117963,0.027696953876558326,1.0152186895721453,0.011402842807158413,0.01523986887058522,0.02544203482466667,-0.03361656583111481,-0.02784437585516305,0.01611146039914886,0.018890328841685348,0.02709106062759836,-0.008051767054764906,-0.011965473519633556,0.005369215115170181,-0.0031437332303080297,-0.0341056129490841,-0.00817728297570983,0.016954294487618378,0.015543589593011305,-0.01718125656793411,-0.03981064112769221,0.008972486381065629,0.0044335201494472235
fpca256_30,7.701172619359568,0.001425307966492849,0.0003003568603424858,0.01521792358597791,0.01567035980330311,-0.034302525257619405,-0.02059878651087918,0.07580826249422781,0.03146333675621526,-0.012890864191913994,0.03486115961886307,1.016757456624605,-0.01952908972861216,-0.0024214548135826075,0.011827832312282653,-0.015443458861410835,-0.060978774370516006,0.05124941776762166,0.005075593644361388,-0.022576288785818223,-0.009663347559350898,-0.01098246876305786,0.02394724571518736,-0.03674393139023219,-0.05498374110705217,-0.00840432262014818,-0.033429458479587365,0.01275245156076391,-0.021814705833959308,-0.045922961315472084,0.002833786337989988,0.02486575556208834
fpca256_30,7.783203880069777,0.0020294959045146807,0.0010974070461134194,0.017401922028648754,0.016269947158449812,-0.03940768915466772,-0.024239375227465783,0.056332130031934574,0.04462857937427823,0.00847094551090543,0.06062194481243515,1.021230763792386,0.01746867738468018,0.02384964408199267,0.029649020822632318,-0.021637616070461496,-0.03703244464059508,0.03656517740198936,0.03286766345521663,-0.0200202878044198,-0.008774546078561526,0.02044431081608305,0.0133831857119413,0.022837847151098163,-0.036557367792758255,0.013581748045875051,-0.030317443931736385,-0.005445558023138479,-2.4665271685623755e-05,-0.06705119851560928,0.012495297883007092,0.001988633333218248
fpca256_30,7.865235140779987,0.002004625078131535,0.001049638302844968,0.01398200671839397,0.0183100799633325,-0.04343200441526189,-0.010086671581593237,0.09182927793631783,0.056881874361412024,0.014297052691308156,0.0618227064368276,1.0291961363765945,0.020733198623302567,-0.0010967937936332411,0.043155264123237266,-0.030742059289713547,-0.04682405809269318,0.006666624413463076,-0.00512136293092896,-1.2245406857861775e-05,-0.016808094411642948,0.031626970461165575,-0.026940123642322667,0.01853525929714078,-0.06778830128383165,-0.0030926816766797052,-0.022915458523416633,0.03653446879805415,-0.026750077410912988,0.023502603246388625,0.02848331226277323,-0.01734073198443247
fpca256_30,7.947266401490197,0.001993998499311691,0.0017668781584596754,0.01997534243080488,0.020006017920326843,-0.0383017028506328,-0.03621697332408543,0.10008705859792946,0.012140199030217687,-0.006165151288991632,0.04233064092198373,1.0342300451857536,0.0004946608342410858,-0.014418662417816211,0.03896049050326842,-0.012404754061824196,-0.0156680038900716,0.02759300836717414,0.01170965852325714,0.0018829026873083115,0.007461155331197591,0.019412548306364366,0.02414847287048763,0.025402115084101375,-0.061374397299528094,-0.020275004144507818,0.0007673926509246497,0.010269669752070045,-0.009215933566285821,0.016795364294630775,0.009274182120093148,0.01493287865744647
fpca256_30,8.029297662200406,0.002257765339574938,0.0026624325967179933,0.02155569989106603,0.01953365561713301,-0.037504506410072136,-0.03405134893613292,0.09831720835926838,-0.0047310015570909926,-0.029159271141575047,0.036114295714865276,1.0436442962846153,-0.0026142617941564738,-0.005319163799848222,-0.008852387058571089,-0.0407600302469342,-0.022671018568549764,-0.013234663710500442,0.0013820755092582362,-0.017734845280181176,-0.022644733845891996,-0.009129390323822196,0.016682517343289002,0.021682606885154908,-0.01973506412112048,0.020157796355190823,0.0022724428919210175,0.009358845963270027,-0.031016245554964232,-0.026141985066309253,0.017473244050987966,0.009881155618322528
fpca256_30,8.111328922910616,0.003528002156836887,0.0015796735170334356,0.026245554274704652,0.01727650300070858,-0.040234373730473276,-0.005570044606040571,0.07657773182769047,-0.002642359976545329,-0.02234944705475184,0.08134876333005327,1.0488177705606683,0.019623436044899276,-0.024945475319753045,-0.023351006008611223,0.002303394843358239,-0.008330805190601313,-0.04819010753250903,0.011846856403818513,0.02876393345982642,0.0021354853199140548,0.03736201924820118,-0.00017024035085271352,0.007149166917114954,0.005439467423234241,-0.006122938773444735,0.03008231213353264,0.009359186809941314,-0.029485748498960653,-0.06794576190422977,-0.027988107727041876,-0.0022069332793440023
fpca256_30,8.193360183620825,0.004255049222089939,6.32542639044043e-05,0.025744586110859984,0.015468629017701865,-0.05199676124351404,0.001054765342677399,0.10060505346970645,0.0067272059282264636,-0.036915357835743186,0.03193893847184223,1.0555366540216966,-0.0017765452009419315,0.00250234119477347,0.011864464902285982,0.01164759004349278,-0.057028832538177573,-0.003635169124522596,-0.014184196206089765,0.028103295722585374,-0.01446804409934712,0.04462175195288004,-0.01652271632124441,0.04366510279602734,0.04103758215859653,-0.02752484213769149,0.04089033787030327,0.04465542546293581,-0.0034252193689106765,-0.051606504293555795,-0.008171380248925525,-0.021790800386570722
fpca256_30,8.275391444331035,0.003706494174182111,0.001896372646117562,0.02892380454597239,0.018109529702088612,-0.0576079815226222,-0.014310109724722226,0.08599529086667253,0.03827677516182363,-0.03670102864903926,0.0392623840191523,1.0636345501706974,0.00983186233237745,-0.025824863727027667,0.013551772185606895,-0.005720464618434724,-0.01959170838899319,-0.001034917464602542,-0.0015777363751950171,-0.033370602655675166,-0.02698896096693384,-0.024944067231988176,0.032772818731598444,0.03823812215595722,0.038572139239015105,-0.009858741438111168,0.03167920057269166,-0.00028689968306577947,0.004121276177429606,0.012006828480918661,0.02233103353698456,-0.016154067487201003
fpca256_30,8.357422705041245,0.003966992162937287,0.003215357797871794,0.03459640741644671,0.013117675197502166,-0.05521861227629447,-0.03320780518354009,0.09969150106573946,0.051526126700503654,-0.0001143032305510506,0.0187717330764451,1.0738182661768938,0.03569774159514166,-0.007962285001767025,0.03870441780173292,-0.007670802564434046,-0.027960049266355064,-0.019147212582230132,0.011608385761439032,-0.03409425953312642,-0.00021842867443268386,-0.02051504734927885,-0.0014386843998845343,0.06858265386982057,0.013123698874795642,0.008988370627057613,-0.007606809473805362,-0.00657640124393697,-0.0705806747444021,-0.008563427904856633,0.04174941898392692,-0.014163052171717278
fpca256_30,8.439453965751454,0.003580435665203697,0.0029572253609616884,0.03280853139320808,0.01304692511084312,-0.048715386048633735,-0.02655807715405864,0.10320567426019345,0.005588743559178148,0.014974136368132315,0.044849641961811834,1.082377519543287,0.04328457574079393,0.026258277658259825,0.00246443344575506,-0.006868437354439648,-0.008442466879295573,0.01407670655779518,0.003174261049128123,-0.07104754579751267,-0.018901001461785645,-0.0006693050946397702,-0.023802133153654183,0.06697760183568156,-0.014526421247786633,0.03632937328302654,-0.012426854625480599,0.021601232664505907,-0.057918451179752244,0.002416001290540981,-0.04930514970015226,0.030868610417936607
fpca256_30,8.521485226461664,0.005176316866546878,0.0010038040968957376,0.03797553051402369,0.014599773732495306,-0.05927327173906887,-0.022989785522852763,0.09031518938002504,-0.007763747805301865,-0.01453091180673838,0.05560966809990494,1.0910124362856208,0.039180127684300695,0.018142363815381077,-0.008500761509117365,0.015433348375835924,-0.049780243961556885,-0.031857845608950865,0.0015139196175707956,-0.09556828173488657,-0.020600679714973452,0.024603202302022523,-0.03283289901849035,0.0402726396428158,-0.009911737702978853,0.019731324141755567,-0.012478178848306206,0.012716979989515247,-0.0413840825634005,0.03195091751119457,0.004799164982349124,0.005393342579262038
fpca256_30,8.603516487171873,0.0056809557280995265,0.002139248936909217,0.037768047265062776,0.014550491156250303,-0.056166886028135195,-0.013104505735509501,0.09695536712716916,0.02996207893296972,-0.03224726219677899,0.035964246615657586,1.100111629781602,0.025201644090830297,0.035905566368817685,0.005156108798319317,-0.008988632362482252,-0.10408322232478913,-0.0018240262488701253,0.004988668812757842,-0.09173828431834471,-0.013936245301838346,-0.042532721910644,0.013378005152622932,0.030398453928898832,-0.05804164807734066,0.011325374733183695,-0.015491556115121177,0.026822409109587893,0.007877975490492663,0.044898688534008115,-0.03357658787948022,-0.024864612185081243
fpca256_30,8.685547747882083,0.005041095063225611,0.003359100365777035,0.04376325871610823,0.013540397061645037,-0.062314541127054,-0.007342615046111092,0.1090448508196904,0.05503231730218429,-0.003322614863004675,-0.000962705840733728,1.1086016040776063,-0.005998559799580041,0.009538594943027168,-0.002722289860021465,-0.00739926136948107,-0.07283292380070538,-0.010934866689807862,-0.029404564319176388,-0.04417883461304729,-0.012111771996116292,0.021564223920615223,0.004729106879932755,0.028464744999292906,0.008600803418662355,0.017727262972483667,-0.00867444140349471,0.03290274883389321,-0.010043486908843137,-0.01997640870786719,-0.002943049284390216,-0.0502485262009243
fpca256_30,8.767579008592293,0.005904416247562062,0.002719185927283643,0.04327737463997857,0.0135281164083397,-0.061488168227512796,-0.01970553349120698,0.10298618405710121,0.019653282062054005,-0.00976217373681576,-0.0146195451648482,1.1185191400789154,-0.018350977932348536,-0.038681826623281325,-0.025264574750765652,-0.05956329007235334,-0.02298895702838994,-0.05123910259084771,0.009037410241410464,-0.06535279920381121,-0.053251315988307506,0.01487438706816366,0.0035358778087194714,-0.02639332841045482,0.044044455430004334,0.015734241816647468,0.05051724002643213,-0.0016583306832354296,0.0007258841094123208,-0.046082938092679104,-0.024245372213344704,-0.013960468135848758
fpca256_30,8.849610269302502,0.006588878293243078,0.0021008042890919556,0.046983414638322625,0.014946401555275468,-0.0661771180123633,-0.020439893845988,0.11386587213251587,-0.0032677140266372845,-0.022516670720695693,0.01524003469895675,1.1277317709429344,-0.035968048322290246,-0.010282087711856625,-0.03970681991524925,0.009257395374074068,-0.018898758430232122,-0.015619827368047689,0.02410322956266119,-0.04113023321748214,0.0060834166398229285,-0.019777373057665144,0.006806576938173624,-0.007717432418257127,-0.0036158361979282683,-0.02823817598776442,-0.016486756193364753,-0.03589447829102632,-0.005975084517068326,-0.05370470346874899,-0.030364022516423,0.04798415380648251
fpca256_30,8.931641530012712,0.007873264159757077,0.0018588118112097974,0.04659498514237083,0.01066047233353172,-0.058791086331926576,-0.00755916906950292,0.10088762597223443,0.03640431714636354,-0.004797579058294939,0.056733979232443964,1.1358259128911934,-0.055371737789889255,-0.007582021900347124,0.010768019958429827,-0.013616278492799004,-0.03400532947594875,0.0020271500752673706,-0.021360315170807578,0.02164880822519689,-0.024536786354967116,-0.002232006079212062,-0.04018474955275264,0.02532493792460652,-0.0008386383089230322,-0.03796225730052917,-0.021186126257420185,-0.0024748270740582515,0.008240698428378478,-0.018849482466545796,0.028649944407442465,-0.003966443931752935
fpca256_30,9.013672790722921,0.00802251875452876,0.00217857538678054,0.04550299914054771,0.013711843034748306,-0.06790585341725658,0.002955142552466256,0.12996688102491238,0.03234275624579826,0.03126265336691152,0.009292197141479644,1.1489413948154883,-0.06293639296430659,-0.004110193219068302,0.05423676140153816,-0.05543735972475305,-0.0040860797302223854,0.030210648380069035,-0.022356044932212507,0.031624377383626626,-0.02370397347927136,-0.01634905841888705,-0.029607056665844098,0.028130493703059863,0.025942903466261248,-0.025884524983844425,-0.03576547574772247,-0.007298595099346611,-0.016369294343944678,-6.348760269006722e-05,0.05315202658927773,-0.02902537867124584
fpca256_30,9.095704051433131,0.008392855793116159,0.001995310759622416,0.04505599962413287,0.019470143594582802,-0.06852566006101897,-0.013150543557536008,0.12126077400899417,0.0020549794289931233,0.015204837361788301,0.02998568911553064,1.1628197743545992,-0.0287933679959042,-0.025415182900153387,0.05203282127132471,-0.04518855380814499,-0.02365816953309844,0.046072953710213624,0.003993055217242962,0.0024818586432963953,-0.022667456082630884,0.0041551837441218525,-0.010962239678518403,0.03487482556777496,0.07355856893597304,-0.024950331010915844,-0.004507557929756274,0.051711677015988756,-0.009247167973514474,-0.00682643700509804,0.05255304909077679,-0.00018472805350119165
fpca256_30,9.17773531214334,0.00912766537924614,0.004073932602206537,0.0543598331824174,0.01977011090159183,-0.08076466944422957,-0.0040365521918317325,0.06502139000906282,0.020444680664199806,0.043348004351000134,0.04197431948735158,1.174715997617253,0.022943333291771336,-0.03181557721797944,0.04934052988763461,-0.06834917760162186,0.022339170209886433,0.030748060466986193,-0.03440980974979916,0.02769242011455096,0.021569322038623558,0.024783045907965845,0.020856848072002297,0.023219075090765512,0.04410119781600581,-0.03595297912920741,-0.027160605740575806,0.018851874333915573,-0.03464758828635119,-0.010608033181620919,-0.02080077188544161,0.00934947872672005
fpca256_30,9.25976657285355,0.008646459693290127,0.0038767289730578663,0.05422033019190581,0.022769195455142693,-0.08803424463152526,-0.009782603036342118,0.07898968715758978,0.05018147787323786,0.006993123918195431,0.034969006719636216,1.185673739551767,0.011839799184369056,-0.022025205739113506,0.030058651577336705,-0.047979172445702004,0.020789367947295995,-0.011318567474975278,-0.011482397973625,0.0009893135091400586,0.023826308898847827,-0.05875305831006834,0.007986147990008543,-0.004186972854454171,0.03164427474998413,-0.017759281486293053,-0.014578154248067333,-0.02379580727972633,0.015700132570559633,-0.03274004435643275,-0.04917115736583427,-0.03327736278123506
fpca256_30,9.34179783356376,0.011031469147299227,0.004312068910247631,0.059327473458959494,0.01933123806821918,-0.08776230713039508,-0.017988178045170066,0.05633508147652963,0.04967197687022437,-0.008334465746817987,-5.040203728404842e-05,1.199667131561354,-0.005334750949479763,0.029569123551922028,0.012151804917589593,-0.04489754886601303,0.037002820647083906,0.0017107797846616793,-0.010536778166949853,0.007614270345817072,-0.006479827864099466,-0.009805980799699835,-0.009832188181051069,0.007130181866601484,-0.017795923580458645,-0.05321085486926434,0.020618911682040136,0.028703704313907848,0.044166770629714,-0.03090082413060408,-0.03994606273296949,-0.0275117574968131
fpca256_30,9.42382909427397,0.010281809646512308,0.0017303831669058323,0.06345170398680984,0.027266084206810436,-0.08639512127784736,0.012576653313803582,0.0637700119541705,0.03354842005297915,0.009486015869752744,0.01729548376436915,1.2165603941601069,-0.011762553218227428,0.027747810586554365,-0.035463551792130205,0.012191817009819746,0.009025039587167334,-0.01621656459358232,0.009023374462624493,0.02034963306799883,0.0014099756911213207,0.04209435577165526,0.015452730856605593,0.03489554683632653,0.025052718730333302,-0.05106314886600451,-0.01605883608742364,0.034855334364113456,0.03587839689312853,0.014588552712895934,-0.0064283224704294135,-0.04248999960046341
fpca256_30,9.50586035498418,0.012139265209761252,0.0016579161615431265,0.06762694159054312,0.027374202787252572,-0.08458318331376734,0.019124603898481946,0.03821392568290429,0.020757484774639904,0.010416560437314074,0.0194355342208448,1.2290202584765952,-0.0021923884026524305,-0.0001347547683270005,-0.011145592437482784,0.004677461383774389,-0.007652179225621825,-0.018284040691476783,0.0039751895464877965,-0.00674760821744552,-0.004377198718575028,-0.05273401182891539,0.04574422266789073,0.0390925149485098,-0.024943320899595237,-0.04131387065222964,0.006134429144278183,-0.028103292077949253,-0.05094077093811701,0.06873977634514836,-0.03667880104399167,-0.010305694301104784
fpca256_30,9.587891615694389,0.012691727978141061,0.003844485075706055,0.07389166451800054,0.026701153902888148,-0.08457945946250926,0.008973597294349527,0.032263050557124855,-0.017824275614856125,0.009711469689999312,-0.040633832795847855,1.248841890931718,0.014573156968352131,0.03608094775682627,-0.050900578216836155,-0.013359442445287532,-0.02396094904246724,-0.003508974051319131,0.016672034057912802,0.04556182310897822,-0.004099055005620892,-0.05082956530362376,0.024741353143740867,0.10512829204803704,-0.014751810126625454,-0.00928108164770872,-0.00733061769418704,-0.014451944772933064,-0.03448932450145306,0.0570586259408387,-0.06653959944377066,0.03084547072850883
fpca256_30,9.669922876404598,0.012932571198468149,0.005270609872932736,0.07098168984589309,0.03603138490416806,-0.0844810164645422,0.02479908688228658,0.05986690248795208,-0.01083298272028672,0.008121100863220234,-0.013495304001339624,1.2694119251643745,0.010339720386067917,-0.017544040693694914,-0.07052720597257049,-0.008238662066921114,0.007195015443473965,0.005065984957790584,0.009200933952458131,0.07800942483502106,-0.008013984299252264,0.023093375532623122,0.03661904062938598,0.09824490541339488,0.03986900721898898,0.005487211080149917,-0.019819034982037687,0.003935653660679519,-0.08366507100721696,-0.008522674591522075,-0.07002463679899018,0.024191991057416304
fpca256_30,9.751954137114808,0.014295452131545967,0.003928937290743961,0.07067434912045212,0.03373445398926063,-0.08215170608257467,0.010409649595263132,0.07565240697672276,0.028586201373851924,-0.026755069187354354,0.012872833589100569,1.2874381108257762,-0.004053518178495663,-0.0011491713044974924,-0.048224991644499775,0.04452132511008443,-0.02072522797621519,0.0006341694302498205,0.01012050009807286,0.0026298155909215155,0.015262874679718241,0.015653641690895545,0.008523541224948635,0.035164691249166366,0.04458157346431514,0.01414506208292144,-0.03765600000772226,0.04303973493413452,-0.02313556574937361,-7.055264255851484e-05,-0.026727204099153083,0.04136158930552804
fpca256_30,9.833985397825018,0.015008010664977879,0.005024543026192522,0.07358280837890141,0.03338514054893125,-0.09065157699294343,-0.001217172555419634,0.07990494199352122,0.04706021108379501,-0.018490711073842328,0.03954138106398409,1.313691618977338,-0.057954309995044626,0.015245132026085233,0.004669696485956688,0.021902427609825303,0.0441978369947128,-0.013259478830608585,0.011481798840290044,-0.03949108704914296,0.041323007354631146,-0.029220184544391067,-0.0029429671925095234,0.04933887230623932,0.07880155051274242,-0.013061851147248976,-0.028234806052910042,0.019607324793688645,0.005200654808134825,0.009003466229883416,-0.0059339931646639555,0.04169769777260632
fpca256_30,9.916016658535227,0.01682885543103954,0.0059583014066197535,0.08277954403229444,0.027925991481644593,-0.0996854820613069,0.03832668176415705,0.07996614431009921,0.05945667769154122,0.0060912348809818466,-0.007169160424198444,1.335630660344749,-0.056972421095188006,0.00466219284964153,-0.0031223606290629847,-0.002441267866402046,0.01224135356661362,-0.019825570048440485,0.000933776938267232,-0.010309026719435545,0.009812044079085615,-0.05206741156640077,-0.018213188635052235,0.00020176902669849115,0.022045581751964347,-0.02572463896516637,0.044433293722828573,0.0359976760497851,0.027811787922859713,0.025420648266158884,-0.016348719982300725,0.03236961488942112
fpca256_30,9.998047919245437,0.01815097279442721,0.004582034400265119,0.08885347027924864,0.03372080977211144,-0.1028046004849542,0.007215534371403397,0.04491098634646203,0.03927946524750911,-0.011661409915728104,-0.05896780731703421,1.3568128850707342,-0.04019306802212263,-0.035984026093760405,0.00750656783023978,-0.02576229275269528,-0.01993230065110283,0.006947695795977239,0.0005602796903191945,-0.03960966141459377,0.02917099384081715,-0.010023235377044326,-0.0066395705946206696,0.011431544373467217,-0.06305003299080168,-0.01371642544455615,-0.010185843047519592,-0.021883174711691048,-0.0028281736872103566,-0.04713125184020121,0.002486923912726185,-0.02122804025241694
fpca256_30,10.080079179955646,0.019380082319116903,0.006088335187428917,0.09005308571179783,0.03643155991603903,-0.09873834885176802,0.04217761922895662,0.05389226078454881,0.019142359742375166,-0.007350480708000186,-0.038585736116248305,1.3747696509565068,-0.05968990547166206,-0.04064610103378734,-0.016213883057051768,0.07967529542017904,0.002314742601597461,0.043955226850145517,-0.0010252087443642574,-0.013448184993629906,-0.022477191054884924,0.024203285425607676,0.07796607987698698,0.019898538386011768,-0.0320322214307304,-0.0263580461499776,-0.01563910717424588,0.04517985099467903,-0.04868139961157466,-0.02842662834784665,-0.026805371746740754,-0.06522465516217274
fpca256_30,10.162110440665856,0.01967214045616196,0.006444092433782737,0.09589932393383475,0.03931240013459595,-0.10603087254210368,0.03192942566018369,0.05533255966048883,-0.0069016862130045565,0.009309833339455916,-0.01579231948941835,1.402840604735507,-0.020763980954839986,-0.031595951410729475,-0.0192081550205994,0.09510631267495374,0.0447378699834401,-0.022479672966008786,-0.020620911812686916,0.02567854080239609,-0.04497403225097292,0.05420424031330638,0.019149529962782113,-0.011239854445133986,-0.08696490855031958,-0.03580209609204875,-0.009977086167408654,0.0049996552209190335,-0.004064024252359971,0.06030846976811447,0.018233914831468787,0.008771465976863482
fpca256_30,10.244141701376066,0.02030926882270697,0.0065268949768360965,0.09287383960175392,0.040182154646620144,-0.08691690176224012,0.026541218629309877,0.03664372925621313,0.012573231768823712,-0.004860782689879635,0.00983280430168694,1.436371328386727,-0.006071864953221033,-0.017511067013391033,0.023642449759363002,0.014437911458065257,0.015000631052771916,-0.030770643675665756,-0.031170378279987088,-0.013738618263073002,0.034048238265494815,0.013907122003091386,0.02033299768303719,0.04053725576632793,0.017383719194080674,-0.07054875827213004,-0.006355381423954216,-0.019186990995619185,0.0387542922380759,0.047702753831743,-0.024108274759682337,0.027932038044212792
fpca256_30,10.326172962086275,0.023116156493685435,0.007810170733313725,0.09625231444928153,0.044051146746084874,-0.09492601601358758,0.018065588517678914,0.040757437505365465,0.04527180533310499,-0.010843633340872792,-0.030612068153444822,1.4582971338389685,0.01054741198904348,0.015562078448190552,0.050587970970200624,-0.01291376294431182,0.003926790328095134,-0.03508992042404721,-0.0547534611331502,-0.008146069322748403,0.012290264722775826,0.03210797937657692,0.0156655816144579,0.04297444809090031,0.03924491045420403,-0.053625816659895555,-0.006222437910907006,0.06047379008538703,0.05039574091115212,0.05637105481379883,-0.036994289529476726,0.07522679681537141
fpca256_30,10.408204222796485,0.025295822029169676,0.008654137340456714,0.09801268165759314,0.043348117380951096,-0.09568300365356053,-0.0002857537492884658,0.030935258452284033,0.049013144551817656,0.026999258240913017,-0.02355994550209214,1.4812418916438073,0.014060877715385237,0.057980426999741486,0.07983654724010926,-0.026154245653361427,0.031346269211022834,-0.009714656424030021,-0.07726655909441456,-0.010389299387299461,-0.012997629114142156,0.039519908062966125,0.05039127987128017,0.015717638196114637,0.06376275637780876,-0.03622168298636644,-0.015682892723544777,-0.027793159284385957,0.0015399475640447934,0.10287774432678984,0.018348947258959684,0.027656752581757194
fpca256_30,10.490235483506694,0.026295387913990612,0.009909018155783286,0.10293122999250942,0.03956897298154257,-0.0834728772729089,0.05312997693427152,0.034919464041842936,0.06823852239366755,-0.039387317361557886,-0.04990109602177523,1.510114072471885,0.07461384295742085,-0.028022527050570373,0.05957585594139912,-0.005603780465624628,-0.038187693635139165,0.03807770624611428,-0.002370707689859787,0.018016958103828935,0.02781826204184564,0.01788145262059417,-0.0011549772562338932,0.029309254862769047,0.005593215441153092,-0.010185334436381675,0.003967513386166424,-0.061937917661354966,0.032312407367216286,0.010362215552775526,0.003130471214469882,0.005080030530123237
fpca256_30,10.572266744216904,0.028822448197958265,0.008696772625890444,0.10848932496474707,0.03900337588302148,-0.09270253342031749,0.021103679905656102,0.028442027172640768,0.04211444386327041,0.02787572075231186,-0.09114094973534846,1.546774110685045,-0.008200488583986016,-0.04730821208744978,-0.03589661025545621,0.05652646711905904,-0.013113732878524065,0.04112046498050144,0.03841266474769116,0.019568500381809784,0.032518597944625326,0.06334558585471892,-0.012410854168343213,0.041757040835905236,-0.06033693645368983,0.018863259177266858,-0.018133328307917286,-0.03163349906966925,-0.018197985704927474,0.000452796670737738,0.00496776921873051,-7.980356757852284e-05
fpca256_30,10.654298004927114,0.029961647249419528,0.011210422945618557,0.11253354690585153,0.047590777513633185,-0.09049490126836975,0.0029071067820656236,0.022564952375289053,0.04641960921314669,0.0580217866467954,-0.042092250247381426,1.5831878069495033,0.010603859912878603,-0.040798277180952004,-0.06586653933412043,0.03210438579664331,0.008366965112450414,0.06857013466294384,0.013930528362164771,-0.03308148358596696,0.07783427519312841,0.054544244527030585,-0.021964498867564367,-0.018314038468379545,-0.027735901964975593,0.02069023629310543,-0.030068326597492707,0.02647106950317566,-0.012660999570435951,0.036247228627885264,0.032168169612344616,0.08979636205587999
fpca256_30,10.736329265637323,0.03182835989287693,0.01182061625463836,0.11578054637675729,0.0516244139573367,-0.09972453290751326,0.01854681523725253,0.02255581142459228,0.01363870510101828,0.06601651582277067,-0.02985171556726951,1.611426839438947,-0.036615378172190224,-0.02347352361636394,-0.014854151960497278,-0.012767642569972674,0.061992849620416374,0.1354884036686853,0.04472154279378429,-0.03136976477443506,0.074026638827519,0.029297339164315806,-0.002994459017022423,-0.03803110966573285,0.05171771113611259,0.033293905808467264,0.0024617104491405223,0.019384349773692078,0.08743760386231286,0.06473558435704213,0.00465336486255288,0.037368702488137534
fpca256_30,10.818360526347533,0.03352861281046675,0.014826975244648672,0.12026693063054614,0.06381949733118172,-0.07654585442506269,0.02417188313903357,-0.001870239290648816,-0.01585827733901379,0.021030245574385157,-0.012676110948605438,1.647574067491731,-0.05374773115983954,-0.015877683408218653,-0.005941648650844087,-0.026295013683787498,0.09660924474536947,0.07000966579882303,0.05871092664156437,-0.05860199838641505,0.10329414262830244,-0.0023845155698172735,-0.03271281356872244,0.054211935737790776,0.01745180245650441,0.01322768946647518,-0.030979959601031164,-0.12537087259314866,0.07132116355613576,0.041260428633101386,-0.029562912344888392,-0.014517720116801802
fpca256_30,10.900391787057742,0.035268805502727374,0.01616519847712025,0.123892339620957,0.05830591565992022,-0.0913828731253285,0.02012037729976157,-0.051714286695294896,0.031073189428634757,-0.04860955937065649,-0.04909048188775567,1.6848425099569981,-0.008594964665461623,-0.030771975110894283,0.0037464235369989926,0.017596425749395565,0.040386742038551145,0.06055685194266587,0.07038722174544695,-0.03401027269473834,0.08022006032044332,-0.021064334507234772,-0.04518338287770243,0.012190535326823817,0.051074428124346365,-0.0014328161201564178,-0.05274170108116632,-0.17178007291178715,-0.0044913900038219615,0.00757333909738982,0.04126415295553193,0.005017744013153788
fpca256_30,10.982423047767952,0.0376821721233525,0.01661800881647953,0.12188546354873374,0.06072277274318505,-0.08327060387502863,0.04144394723825454,-0.07295584565382437,0.07389350405032467,-0.05989698963488711,0.03970295125055495,1.7229178747709601,0.013791656924275746,-0.0699464116586893,0.014459235433092866,0.004415511911723539,0.07741306882436563,-0.030730198221678537,-0.020738515152809923,-0.03868216232320381,0.07709442962874342,0.02941037314145313,-0.006127561509530738,0.0285569289043884,0.18589285486482607,-0.014568503966482628,-0.003859862768471778,-0.13376635488102415,0.016537615429234397,-0.06125506343862702,0.07051309630544761,-0.031609220473756305
fpca256_30,11.064454308478162,0.03940989441673923,0.015164672300168316,0.13165149220847408,0.06129576749032964,-0.07882575870437225,0.04605418843268146,-0.04093583245634341,0.05219688664875552,0.0001790124545436319,-0.018822736216100235,1.7609758947383813,0.04809843744225394,0.015830599037977247,0.038645075934518394,0.02849685534371422,0.021403157601391894,-0.0869188484104274,-0.027772746871618376,-0.04129956249357118,-0.01769499308608862,0.06955373393108318,-0.054316047347774274,0.12789957271128294,0.17280561822540658,0.0016314584037282788,0.0003727017924629594,-0.03524625084053297,-0.03957384616385283,0.02458955231529807,-0.01316686174301971,-0.017358651282339595
fpca256_30,11.146485569188371,0.03991537724095183,0.01713034036147858,0.13042995754522377,0.05634662392182253,-0.09194771512984251,0.024585996667958045,-0.0051037051235265475,0.040880278951905075,0.07372875937956336,-0.046725844851697014,1.8116635136962576,0.06257106533282755,-0.006074859484754069,0.0052421097324175155,-0.0020494697852148323,-0.06565788783092505,-0.08139508099576027,0.0286328645650034,-0.048305591705582546,0.04968067406969597,0.040692281652348644,-0.011023159389875591,0.08832949011974608,0.08921793296064584,0.037282642810751124,0.05592079343977335,0.0031373589399132686,-0.0077550784572347235,0.07166478520531548,-0.0799909062074422,-0.01554615827078799
fpca256_30,11.228516829898581,0.04500704459057651,0.020717175931410908,0.141870470508984,0.06120041194217174,-0.09378317570530095,0.02798391466181121,-0.02320011205271102,0.026182644861039942,0.0622297367317232,-0.030902677444057086,1.8473425432921804,0.050627241758183616,-0.0188240776474127,-0.00827060023726072,0.06555254911188198,-0.042499541549469264,-0.11107689284541478,-0.02189058542208866,-0.04192194537428692,0.0993921009659471,-0.041332951422298966,-0.01746620335242552,-0.059324499032704384,0.017206899384980247,-0.014432279379512337,0.030922846951479302,0.00983071640839981,-0.05691026796311076,-0.009403357339425683,-0.049485879358019375,-0.02329006037225119
fpca256_30,11.31054809060879,0.047338379703858575,0.02311789330133848,0.13916710762783413,0.06345188588235748,-0.07117350573722166,0.053139143575125676,-0.04663495758434102,0.004539215965635237,-0.03340021597694136,-0.023152500878162733,1.884592803819431,0.028730469344717232,-0.06998287935655782,0.08583621593414492,0.06905219952624579,0.007481708217021741,-0.01928290976517469,0.05091446535278101,-0.056131959735735815,0.08044577173406649,-0.060242751925475145,0.016470594793381487,-0.11607778355322505,0.03787579460850757,0.0018843447016469656,0.0588854863325039,0.057349245339987004,0.02553654398459577,-0.022665073879885526,-0.08396451688698922,-0.07610812306116439
fpca256_30,11.392579351319,0.04886530396016078,0.023958250518217178,0.14878082575169893,0.06468878989670232,-0.06749555027175698,0.03922797357651698,-0.03639241268773979,0.02508774302079962,-0.03898428939756399,-0.06219432221779499,1.9401242114940396,-0.06279443520988282,-0.012085946481319977,0.09835760758714483,0.052901375666956046,0.0614538925948008,-0.04614054910014289,0.00986649918671216,-0.024661366966013093,0.00424722393080028,-0.03151793155801876,-0.06844142177742023,-0.10092010712864172,0.04677030029686391,0.030158421284723836,0.0757967706959891,0.08329394625712175,0.04328817320997509,0.009306880689743243,-0.05663736246125743,-0.06346603935100088
fpca256_30,11.47461061202921,0.052265359170798366,0.029964430419613653,0.14228762816212281,0.06893176245111363,-0.06694525692935215,0.022510213633213004,-0.023998064172004684,0.009066301849425216,-0.03197993513329124,-0.17357450733096785,1.9859774201953433,-0.06798284842830123,0.07156443338747423,0.0018879952399194775,-0.0004213553202721699,0.08672234032024752,-0.0668733656179274,-0.04837511013696311,0.08784743940034889,-0.005611337684060261,-0.005766772358473893,-0.026329180252864928,-0.056125759754710514,-0.031946276624670505,0.027426087695951295,0.08091096780651055,0.02409415231461029,0.08996982492452364,-0.07162853759719527,-0.05237209368528532,-0.029322514713228158
fpca256_30,11.55664187273942,0.05621216956419454,0.03162578710276389,0.14302926400077504,0.06209535254602519,-0.05797657925940883,0.042658476234042085,-0.0651801213223659,0.01893856476164925,0.002680175397970584,-0.14694595081044529,2.035579840384456,-0.1001404124498968,0.048159759215891905,-0.012634522260247893,0.027237332352969178,0.017111307060930243,0.004671053974998084,-0.06747074054212074,0.120130178712762,-0.07859915493651504,0.01552468076435122,0.05762252129305606,-0.09197863902391783,-0.12771444931358603,-0.05610661268359292,0.027678602229678263,0.0020807773265959437,0.059839984678815336,-0.07045455628845419,-0.08527896992460098,0.07472980262482323
fpca256_30,11.638673133449629,0.05937391918313538,0.03448275804493989,0.14513715187302803,0.06081786699967826,-0.047123776932940446,0.014727665723507836,-0.07238420688598035,0.0006372147226145063,-0.015057150830330136,-0.07981930630213822,2.0882013228064964,-0.08395377707711449,0.055843507740264406,0.08108291604270361,0.010931244504369577,0.02959644172325446,0.052744730571141915,-0.06537409815245923,0.09697912144983711,-0.022757174546710467,-0.05448821558123511,0.011478608350059582,0.01607676373664141,0.011075516207593325,0.0038311880149149782,0.08047382194853708,-0.010564344115962628,-0.001771369827725966,0.01680598030280089,-0.02394119962646605,-0.10041222329359095
fpca256_30,11.720704394159839,0.061127068943242824,0.035961939233968704,0.1465847979592753,0.06384116379819575,-0.03559383788802802,0.003495689733372847,-0.032854131113208146,-0.05826838497264919,0.008281153111090645,0.016682987852356897,2.14359427422242,-0.03231376073849178,0.04200461005537364,0.07238067484828094,0.06750186518633292,0.03224070396018978,0.044897971809447566,-0.04656880368456659,0.04741924798154078,-0.05903842994363261,-0.008642623167488605,-0.045240720254400776,-0.09281905151906274,0.0054315323858154935,0.0036994013800600058,0.07778911171786079,0.05193876270350334,0.068527546757755,0.13393444177405375,0.10427309848652079,-0.099588797690975
fpca256_30,11.802735654870048,0.06320348937307552,0.037088909350256,0.14733164394102452,0.05843635234407446,-0.04148428885780616,-0.015978862193474733,-0.03709028862229905,-0.06569176759335495,0.008936537766534023,0.0017618577538086244,2.1972047751944848,-0.01011682109403209,0.05511729607082753,-0.014135111214644357,0.059520846434253,-0.009178964253330538,0.008962695560642817,0.009871067941344805,0.03414704647508965,-0.04698792875091725,0.04725685148050591,-0.0594527358473328,-0.14543833735674105,-0.04856315702549485,-0.006922449090155856,0.04917970168804151,0.0579242887857973,0.03707037811860306,-0.007592122522527114,0.18168243963685451,0.027426443044499087
fpca256_30,11.884766915580258,0.06788194628593616,0.043333069820773396,0.139883455261968,0.06367253119314993,-0.0030447954625511704,-0.017871891356566964,-0.056298330582524814,-0.09306550713733051,-0.0020333526906665803,-0.023952786287638625,2.2420004143280217,0.08525682999946438,0.032208742916601724,-0.044102206819577654,-0.0838108948202341,-0.008313153154923057,0.09827350979473932,0.10960038405309905,-0.0033062073747786164,-0.05583612274622226,-0.005629751076666835,0.056900402915555245,-0.07839638950390769,-0.0368286210255842,-0.024806824619457137,0.007832883661805495,-0.051672447684854385,-0.10776670121688695,-0.07478166767985424,0.10695506128077487,0.15267524902786828
fpca256_30,11.966798176290467,0.07148881246135165,0.04610329964837511,0.140471838883731,0.06347221176563081,0.021336299003751474,-0.03401749976425432,-0.015408622452902329,-0.03707876527393426,-0.011675031312993859,-0.06642030211500935,2.2947118010279413,0.09904129669021615,0.045018389084414065,-0.045016539014292554,-0.08662234446798356,-0.04105187165906862,0.06724684876371147,0.12665038199152878,0.15666405166269484,-0.016449954513981083,-0.0329196600674848,0.0143253143554453,-0.06593627406487701,-0.08457661020494647,-0.07621205303368658,-0.045244083512043176,-0.060232304813139785,-0.11778345084682597,-0.01376599220001161,0.08354243351967235,0.18993006857010986
fpca256_30,12.048829437000677,0.07472765799336217,0.05045539171435626,0.14044561249925927,0.06687054558112487,0.006440115453105345,-0.04156512593562582,-0.04917230428485933,-0.09086665415754154,-0.028363855053390258,0.004777478713515486,2.3497311348844474,0.1344774900971763,0.11595678870055312,-0.05370530973069375,0.029285533931802714,-0.003126505899778982,0.10612454835565388,0.062082717472935214,0.07404520841319015,0.11141780137587684,-0.055961406290085086,0.08150697756530015,-0.0168756642287006,-0.025762364664355497,-0.08581768021271974,-0.07504246867419734,-0.002432852542324525,0.07171932106586487,-0.15247836006217275,-0.05812434176871213,-0.013687001551441098
fpca256_30,12.130860697710887,0.0789796683618882,0.055109539178713085,0.1368495394372886,0.06305538228120183,0.03298270857322527,-0.029939843737380113,-0.09743329361445759,-0.14401528055692012,-0.06741067977197057,0.09203950609130682,2.403081276387376,-0.0005803397555628094,0.08991049769105436,0.00731244996100776,0.01828204913937192,0.04515872709299881,0.19272869670656195,-0.03942890251826785,-0.06497561276216601,0.10477027670756879,0.06349498137488488,0.06366827319201107,0.016856791061897473,-0.07652392846891184,-0.003931852095161177,-0.018565105107349256,0.07126444173705843,0.13486158787709973,-0.09862508911307095,-0.1319073219377857,0.05227077364129221
fpca256_30,12.212891958421096,0.08170483887502258,0.06166923952106692,0.12922920262163848,0.05748239578030025,0.055509004080275925,-0.043115313065201076,-0.09819941423188598,-0.17439584477350428,0.018630740088754656,0.012690236825373472,2.464162817682431,-0.06466764761680874,-0.029631471720153815,0.0546672871884766,-0.043473513936624165,0.020399761653966217,0.1664869157111214,-0.08427163431975515,-0.05004189100887529,-0.06706523608855412,0.004074226275698888,0.06664115743644165,0.06728267209649752,-0.0409620978208315,0.04941125595697616,0.012897462072340896,0.07368720377587948,-0.013920348997694433,0.0367819633932302,-0.03205760486818044,0.0648248083160228
fpca256_30,12.294923219131306,0.08390480930030017,0.0665074831854584,0.12462063003940448,0.05785229812590215,0.0776619907643229,-0.04563306268593837,-0.06341824620757455,-0.14617758188839955,-0.11271115033612863,-0.012266573066813545,2.516933770186503,0.06747322476495692,-0.057885052119428876,0.03136573448110227,-0.043929939107349394,-0.12493297193467734,0.14153666685170874,-0.1146951454144438,-0.10207631018172766,-0.11244858765265993,0.1417439676719825,-0.07042161292152717,0.04806698246665135,0.05358957424268017,0.07000263166799033,0.01739209274161952,-0.009739166870658435,-0.08684154685897007,-0.0590373344180727,-0.042825731172380976,0.06334612459777242
fpca256_30,12.376954479841515,0.08650078599333993,0.07025685633589977,0.12276649675204077,0.05572829551399122,0.06017367869984264,-0.054112050228233594,-0.06011027899214279,-0.07047909693833712,-0.08774145267293071,0.0786848348339515,2.569426465829588,0.06087709054192814,-0.09239706299788691,-0.01648917246092983,0.07813587454906862,-0.18965841617979792,-0.03553064687453165,-0.07367342906601336,-0.05325093323704735,-0.15747181917466918,0.16838949223430874,-0.06341473684617283,0.00849254945964907,-0.008357645759448737,0.03281556244595496,-0.08676547634509546,0.0001046504407052689,0.04858539000168639,-0.09216402589246737,0.043896210924589174,0.021216594063146438
fpca256_30,12.458985740551725,0.08836854712856007,0.06990905284466925,0.12341078941049959,0.03869800167399057,0.04821230826663346,-0.07431592318569873,-0.038517806157330796,-0.09819966958300415,-0.037789097742170805,0.011232190062974604,2.6180579637142927,0.02202888658714551,-0.1766113299141846,-0.051043896068735065,0.1635070657791181,-0.11363721591038577,-0.030310393238293556,0.043496003243029276,-0.03314537660886456,-0.10695843370916142,0.09754779978342352,-0.02704944160513676,-0.010506902611095506,-0.10469790518872212,-0.02620232979808908,-0.03523011244472228,-0.06145845143772097,-0.08559066289572959,-0.04761010985206096,0.12376903920943287,-0.07365612112075155
fpca256_30,12.541017001261935,0.0939274957956328,0.07474194104485687,0.11264758592645735,0.04218730409728459,0.06577257821277382,-0.06238644606871969,-0.02374611456844352,-0.07759943887310335,-0.08584182711410247,0.003523937025115355,2.6687549774411834,-0.00039126985908396144,-0.07602679184389984,-0.20304013142849836,0.11170734109901334,-0.05846703735644531,-0.11529596380106871,0.12625632378677268,-0.04765360669484023,-0.12026582843008123,-0.07145206348267873,-0.07723213596282756,0.0835071005574864,-0.11434263175178658,0.003081266741736492,0.01723891394399009,-0.005087032377604286,-0.04052726809716901,-0.09061954436672519,0.0448412425456961,-0.10663096697482083
fpca256_30,12.623048261972144,0.09772762633600394,0.08007928940268023,0.10332361612945769,0.04240248124840384,0.11963144964985768,-0.09796791827388915,-0.013118125650283769,-0.04376587211162633,0.007414381642326406,-0.010628440486686947,2.717923817504649,0.04170969198430362,0.0863729523400501,-0.23106913697387152,-0.11979731432222798,0.04033311974884679,-0.20748019213272065,0.03594092323800778,-0.028315139192295787,-0.07391334589726697,-0.11952925890432611,-0.07518304608849588,0.06826550361467743,-0.055383631994470855,-0.1101663662826079,-0.11434819329322705,0.03539291313328338,-0.05305227248394564,-0.1389432040042253,0.04969403109258978,-0.07914525186853061
fpca256_30,12.705079522682354,0.10001161371615289,0.08456950184111403,0.09821573772533962,0.03715376548017343,0.09031801017290599,-0.09044953527236113,-0.06109513158642838,-0.04022250808866512,0.11935751141146461,0.09372176340798805,2.7697813159253406,0.13603647209965175,0.09148293884051974,-0.15326960904781955,-0.1726645023777813,-0.04138249387324175,-0.01537409410194952,-0.1394260844866978,-0.059553920778403296,0.06878806407270914,-0.10737265472566529,0.04672513056095082,0.02940856136489769,0.05467193545450792,-0.058449925080685486,-0.0903959556031775,0.04928670316469471,0.04310258988907952,0.058092468900171765,0.07071881110923464,-0.15264345848585228
fpca256_30,12.787110783392563,0.10278864488802032,0.09175041444599613,0.08687936178674746,0.030608267460760095,0.10068366011882632,-0.04126178587522473,-0.016063450248817262,-0.0034816453269544126,0.09598437422524579,0.065934614799594,2.81368484997403,0.16719619234328564,-0.02205425068771312,-0.004513712233189924,-0.1196373113903999,-0.015079892715135046,-0.13613531673094334,-0.156415122583416,-0.007375178479503905,0.1355006655558687,-0.07665619054571707,0.07878142242394935,-0.03908019456954095,0.06194159995251282,0.047081657715567646,-0.038296745308436755,0.08860953575266528,-0.003602569047640735,0.1647873531645286,0.13284625707301068,-0.13984458331108002
fpca256_30,12.869142044102773,0.10540813896354309,0.09490946261641016,0.07732940541847665,0.03017776908056997,0.10246478096876452,-0.07502854897235464,-0.022506634198538704,0.015006507393139188,0.04791239804188359,0.007993128894494547,2.8569227997579083,0.02459967701940652,0.03894433823411553,0.01270261382249678,-0.0615612447185165,-0.04826043361688975,-0.15615702858190122,-0.0960558441004039,0.03217136847580603,0.10417452502037222,-0.061809359792377845,0.01575250516231416,-0.08078803237997179,-0.06233528383543271,0.07408853167310005,-0.026138667038147104,-0.016727071641006605,0.0678786279904786,0.1774205117002816,0.038931990175335454,0.06730488155004978
fpca256_30,12.951173304812983,0.10680449656853201,0.09814213510130182,0.06674494682807146,0.029495332813808898,0.11889528152219483,-0.02705298835262488,0.035737294946928844,0.00434449567185222,-0.10327827333007769,-0.011381913117748672,2.899556818522691,0.047225558629411905,-0.024506597840603765,-0.0029265583938139807,-0.05559290029970843,-0.07194500661540285,-0.12592537523757125,-0.008571700219782858,0.048172435256733,0.03773625573334538,-0.1108910801138034,-0.020373761960795326,-0.10270813459838532,0.044726111681279976,0.10053976043322706,0.08535624826302102,-0.08768214708424474,0.12778013344287675,0.20029676764934892,-0.006704380843574392,0.07353813368787876
fpca256_30,13.033204565523192,0.10992080613927847,0.10323398478695926,0.055272947693985185,0.005874562932852702,0.12422703508638741,-0.04170110539290756,-0.027064742826692086,0.09985742969745258,-0.15264981850931642,0.07278589071968584,2.934405443957103,0.12480553919529547,-0.07243945055802595,0.034188276715168164,-0.10293280838305567,0.031042084381526416,-0.08884862227343028,0.25073932688157285,0.043667837009555205,-0.07937056545298289,-0.007711550709007675,0.055759013280135744,-0.10793858013570332,-0.02284130214716401,0.06976792587302019,0.15630508712059535,-0.09994201268621983,0.0009137204818723127,0.16899085391401092,-0.02312056599505948,0.041460259976924985
fpca256_30,13.115235826233402,0.11314660365100855,0.1066677279096507,0.03866483939696353,0.012278206316656706,0.1463937616580188,-0.07084817880367943,-9.99687767279532e-05,0.11795758979010719,0.014995466847850083,0.09745424257989178,2.9700602820193875,-0.007198223360250012,-0.07736169195167333,0.06200112400971315,-0.09586518463150079,0.10647762413045739,0.08306727862992258,0.14423991608649583,-0.024372484058861284,0.05901253305466338,-0.04169670731450918,0.13697823279000015,-0.013999161689276302,-0.07739302479149507,0.12798314171313657,0.14511330920084944,0.018274633423562957,-0.07697777799873029,0.00871104524034319,-0.19136157048897778,-0.05457251742802876
fpca256_30,13.197267086943612,0.11435551316944759,0.1117134742214157,0.03335598504583383,0.016737254915758518,0.1460877505345554,-0.06567694732111337,-0.01408416570122798,0.03319340817766615,0.0669694756042051,0.06441360313885938,3.0016057422557547,-0.1562072984995249,-0.1712946031680294,0.006910442650363464,-0.06244597253790159,0.2750435784957162,0.11804863744852996,0.09291618361376011,-0.00018740741500695296,0.025177220491804486,0.09065422277515671,0.15084004851586252,0.081235117695234,-0.032452712598998776,0.08200586107612522,-0.0946555382536115,-0.028309007880669992,-0.06435867342010115,-0.08495832423000696,0.019550621388125227,-0.11310358132852952
fpca256_30,13.279298347653821,0.11641852400351294,0.11311632752112506,0.024152628609647734,0.0063167537799603555,0.14285744796293476,-0.04849221068255668,0.00775305831820415,0.04880355203392918,0.025316198906813633,-0.03234086812281803,3.0165608580928884,-0.20883915003992726,-0.13399375629040652,0.02276394617401497,-0.09135567465015296,0.214381147553101,-0.12864979148563496,0.03135589079416348,0.10349233167158375,-0.02002994993902585,0.08441151422526663,-0.03969590484824858,0.06232760843127711,0.05447599207565798,0.04104813256928533,0.024736044679754557,0.03698251884957652,-0.051182457075317454,-0.09168167373299495,0.09898164025858688,-0.025519046467798748
fpca256_30,13.36132960836403,0.11724928714566121,0.11745694898742638,0.010277250671632735,0.0028541218032054126,0.12016809013300897,-0.00653368435888258,0.02478226640161166,0.057531121068041854,0.07537077176393651,0.06713726102971966,3.040126394711546,-0.19363391043803896,-0.19489929609425896,0.09577648016914689,-0.067007320796625,0.029222254885460604,-0.0568473026949615,-0.07930208005444675,0.11098318107019854,-0.0547841557562061,-0.04687417670664207,-0.21194673054157023,0.046587832975397835,-0.04430612592058156,-0.07227354820889408,-0.01443819229982772,0.05510681981704082,0.06454528093637892,-0.003404235250021162,-0.1267601635435452,0.15990208910756804
fpca256_30,13.44336086907424,0.11714015105725116,0.12154493260404631,-0.001386159955662824,0.004379489100535894,0.12348682394456964,-0.0026379654548995633,0.005167955668081966,-0.020659212585865373,0.11924703486616166,0.1915093276094706,3.0545676605789267,-0.12335276673890475,-0.06350462747622485,0.21612416086003475,0.07579216076761806,-0.11627050109271869,0.009732159005920296,-0.17206238337648164,0.007414144268280385,-0.05290595577656428,-0.09030098830060042,-0.09891877740758068,-0.0368011502141548,0.03266044649800463,-0.08752251497480867,0.05035992289299577,-0.11371400031094858,-0.09439788613255212,0.03089901500638537,-0.14573377444230262,0.10404993516679223
fpca256_30,13.52539212978445,0.11684150905098711,0.11868871721427834,-0.003280305933862903,0.005045576826637051,0.13269848878675092,0.05488964272021416,0.03710330691723386,-0.14536003523344,0.2165144610978276,0.11268131174383875,3.0655803387065315,-0.050463763027053105,0.117291664467996,0.23922810295078184,0.16132858395255278,0.04158154188483202,0.06713663354832526,-0.019496894753210613,0.05039833506094265,-0.0006612637182165945,-0.15625836877918148,0.026600203992836524,0.10803376347167032,-0.03582540503424072,-0.1579251227039184,0.027642669586281435,-0.011873243586186563,-0.05434805535587463,-0.08922217607842244,-0.05012254346333485,-0.0788221204659427
fpca256_30,13.60742339049466,0.11700742816089514,0.12225988357769398,-0.014165337524372372,-0.007884742399997246,0.09799825620446369,-0.004022343976258879,0.08309431165251596,-0.0644973119139326,0.019828927056952213,0.06488570097795053,3.072422288518796,0.0020095465114294483,0.24566299777695574,0.16730040121642004,0.2200371659349684,0.06633441384073306,0.00748839461966979,0.05235593290822116,0.0026701598992542822,0.11267516110987855,-0.13087061842210027,-0.09289603405521725,0.17816240158214997,-0.002372217889302603,0.11021946715608624,-0.1625181246543249,0.06358213257320498,-0.11232577130809514,0.0633155957729366,0.02933059108790253,0.06058368843195832
fpca256_30,13.68945465120487,0.11705053000818533,0.12380738934018994,-0.023572987041670403,-0.003065497046433103,0.10013256276768633,0.02889044602391552,-0.0004422529639726948,0.12722186696667442,-0.11733999982425455,-0.08046801110171237,3.067845670025076,-0.04014408716582096,0.26590019121893693,-0.047870883728584,0.14872590503566624,-0.09033262307978204,0.0028512303371367037,-0.07829915018335411,0.028934932759918538,0.015256822338459763,-0.04360488872880053,-0.07915187513090007,0.12596800610377493,0.06715451144928829,0.37575230169236246,-0.07307272594551582,0.05226478088530623,-0.09194572112034112,0.024565053701455022,0.13159950942517348,0.021200240695870717
fpca256_30,13.771485911915079,0.11183225629272751,0.12359191370272876,-0.031150101145859144,-0.009782788189979403,0.0982371724321862,0.06261583686041296,0.03083621329017074,0.26007205841853054,0.01824832788064068,-0.09715142874648978,3.0610141328989924,-0.10392872209547264,0.08457579047921297,0.0006625222928943538,0.07695799429798995,-0.07148672933732217,-0.008978166825196632,-0.004295693753201501,0.03512766372882302,-0.13778647744283967,0.10387248169084418,0.18283970478888237,0.039958533811089235,0.046743238324043035,0.13685153823966992,0.059921157142916674,0.010470473822833067,-0.018288194903933706,-0.05236700683758458,0.050765549963841805,0.11957040321798143
fpca256_30,13.853517172625288,0.111474842183232,0.1264245468825398,-0.04000752459722436,-0.01669667556648198,0.09448507355780882,0.02568011208806667,0.11682310126963508,0.12347689728642504,0.07789917434315277,-0.12147742385621793,3.066188237575214,-0.13141382999156398,0.1020706020866453,0.02346481340113027,-0.0979656198269154,-0.17672142079025985,0.01673146602560049,-0.019620571340341102,-0.04485139476149661,-0.027081958945642526,0.07616975889024061,0.22303885141587076,-0.09034495746554191,0.07353152879508754,-0.034370688724292955,0.005160642255576912,0.062325238578616396,0.13268733070399566,-0.033869286580869996,0.06615386193908085,0.11593495030565433
fpca256_30,13.935548433335498,0.10979082656725725,0.12985907054999274,-0.046530837692685185,-0.013321214241681095,0.05489794194217766,0.03750095807422588,0.06906883430590192,0.024825733087824004,0.01256115568271241,0.04239530138680892,3.060041622060297,-0.09562051540570823,0.21135889331435026,-0.020923704030692002,-0.0829582834925395,-0.05372890216132396,0.013519232275968393,0.04104140859788517,-0.09015087959515265,-0.04653010866765725,0.1500529820566646,0.1905791514104456,-0.09408658405019371,0.10994517799638169,-0.18276023940191632,-0.1324371778586882,-0.08084358652177573,0.1620781487965099,0.014775109934385626,0.000929904308684739,0.007864072210070079
fpca256_30,14.017579694045708,0.10769154903835824,0.12737996143395672,-0.05696499396870597,-0.03646341265982319,0.07488273361900771,0.07667145698640332,0.07600853793744977,0.13148737754856935,0.06588449823984399,0.1053980524242783,3.042781456039029,-0.07040225893595145,0.04503646684208271,-0.20086899694300844,0.03125690070536738,-0.02379090548217628,-0.0262850806709079,0.11777294193931401,-0.07095512081188798,-0.0512241958779039,0.05232621962339075,0.0951240938754119,0.011279672538411778,0.0884390929608424,-0.19472622540354584,-0.14809559023097033,-0.14851758619650252,0.06497550992860363,0.04513746377762351,-0.20957613040089293,-0.10316791801782126
fpca256_30,14.099610954755917,0.10612700823260915,0.13066338638455322,-0.05682222431362523,-0.03732271702564559,0.05366367327663234,0.06205678645805785,0.07306804521746253,0.08570284145458848,0.08414219192887464,0.05596292750362957,3.0192502120852005,0.03598766805111431,-0.09861523814805354,-0.1972317018788002,0.2790235592717278,-0.10000640753629113,-0.020579266747975625,0.031520749197963695,0.024034882252475718,-0.02541000561910553,0.051427783296834756,-0.1448352639683746,-0.05413647339005204,-0.010014458505489071,-0.04245017294319005,0.08118418783333912,-0.0010944609951208314,0.09095526423776158,0.08321345025627605,-0.21254533439448733,-0.05269763374225321
fpca256_30,14.181642215466127,0.10070905320172151,0.12492427728555702,-0.07011085416849168,-0.04162620236355233,0.033001403348438006,0.07614865868060304,0.020896990712451845,0.12799140973132742,0.08276904867546608,-0.041591427433705884,2.9984750588932436,0.14221011509722548,-0.10353733431714643,-0.12103642495745752,0.09861587602959315,0.007180638825218362,0.0415287780108646,-0.013368863785073744,-0.05585851595834175,0.03755527497132466,0.11313092808960304,-0.05064238301114445,-0.10914237290430384,0.08892929693179448,0.011919007691220897,0.03490220117742032,0.09301771667554519,-0.07567279825717012,0.06584027204326481,-0.01903655794902191,-0.06901593757287267
fpca256_30,14.263673476176336,0.0987086351204255,0.12577493678432144,-0.06946896391167703,-0.05256503735973227,0.027545489788323,0.09892953922911162,0.0342666066779407,0.148019861158327,-0.04046437509817612,-0.10919539947436871,2.97108682455934,0.1766908363973848,-0.15096919700414424,0.016208055494281566,-0.06114158535141473,0.135071800844871,0.07807054943379152,0.0367797229892063,0.04682419972737437,0.01843046221858813,0.07949875598709047,-0.06638321539586722,-0.1250813483451698,0.032304689766364185,-0.03897556586890862,-0.11916328351401585,0.11718458055399483,-0.08669316519033735,-0.09725374410310193,0.014450901277521216,0.06831805628810271
fpca256_30,14.345704736886546,0.09526228600260897,0.125446010707454,-0.07878693768089592,-0.061874293260288274,-0.007899371247037146,0.11091710051158221,0.004082355574920817,0.11118972967819205,-0.17852306239703336,-0.080433340612148,2.9421005094817736,0.30390107157080753,-0.06305382903303194,0.15666635834434978,0.059916312168828666,0.05410172649722814,0.07670426885960999,0.08405168502628566,0.03184395058940335,0.032640711603561245,0.04104773512219528,-0.060420176658363876,-0.11926077202886362,0.07237214607644124,-0.08725388331299949,-0.10615695775741105,0.08812130030450202,-0.13185426156827204,-0.11267036149984808,-0.018397260689017418,-0.02642784195116216
fpca256_30,14.427735997596756,0.09187802876857629,0.12577403073531002,-0.07783985642936662,-0.06092802851225809,-0.01775457346881005,0.13342552998063215,-0.01532828594520202,0.09391163384336616,-0.11940700248130359,-0.19210459994933868,2.9067491754395784,0.08214102841476652,0.0073894022905132695,0.06392730104235127,0.015204021662400119,-0.009736998225517584,0.06884173653708907,-0.08134826793584908,-0.015162518809844802,-0.11660358459416952,-0.14224526897212048,-0.10671040429755671,-0.024943585501731327,0.06768126515038844,-0.2005701860109474,0.03272855042071529,0.06956761754945189,-0.04811934077518971,-0.06463198671542286,0.14486134387731125,-0.12489068402464788
fpca256_30,14.509767258306965,0.08610715372024702,0.1218855611177781,-0.07871739749771219,-0.06586897639284973,-0.03556942577907216,0.09407102033431419,0.07031047316483159,0.047300051944414674,0.05621234261131269,-0.06481241581783187,2.870293599432546,-0.09942126196987296,-0.08376839662856436,-0.019616223052073768,-0.06137242474447242,-0.044809835084103536,0.18061080914778938,-0.030411239239869138,-0.13618518852127912,0.016736241440065247,-0.1108140231584562,-0.19978657280014514,0.01362483960779662,-0.13723715070318912,-0.06860680502350361,0.19824845535468733,-0.12027389843631656,0.05980372156402425,-0.07870047391385204,0.2575598156770351,-0.13971524980139172
fpca256_30,14.591798519017175,0.08029427866606227,0.1175244463833056,-0.08357534574364128,-0.06814760338902574,-0.03957212531546409,0.03908811742151213,0.05369450775402265,-0.0731756821371693,0.0572179523349577,-0.05910826654852147,2.840932488576527,-0.04693893855458338,-0.043106560062069345,-0.04642771319180924,-0.0689468973348689,-0.055926732869978985,0.09096479661854145,0.14135800220740746,-0.13019508467502675,0.2562092165193824,-0.08293052899305577,-0.07529181022276846,0.11757509812830562,-0.03327504639653725,-0.020896872781699383,0.16908082763340185,-0.14152149655770402,0.011072611126157254,-0.02564251205756528,0.08952131807791186,0.05284616506128195
fpca256_30,14.673829779727384,0.07657621512866186,0.11754773236816395,-0.07411417721460008,-0.06467666086196198,-0.04651879077439179,0.012927902341576154,-0.022053749363143457,-0.10560968030471846,-0.04373674164125733,-0.11367505545551017,2.8037474534903732,0.05552558707308638,-0.03789247320209739,-0.03331696248598152,-0.22952982003823258,-0.12999238444074457,-0.015690152361984764,0.14531942411926174,-0.037736241679079456,0.167201965354483,0.1048570144047393,-0.09668763988251207,0.13803433214710464,-0.05743982787644272,-0.10754256553746888,0.15195327133287923,0.045987431385579036,-0.021709109352664877,0.030816555213037687,-0.11349359142018353,0.13870708767475642
fpca256_30,14.755861040437594,0.07394379225177854,0.11356911917726972,-0.07392953306290695,-0.0660216048102087,-0.06321463918483211,0.048430631349989525,-0.030547243908239215,-0.047274678777382645,-0.035637612783809294,-0.134764093967222,2.752518948510806,-0.08185230512643103,-0.008399078556041911,0.03507935744176726,-0.18806965249730248,0.019075740772666838,-0.09123673791480882,-0.035372200883841014,0.0360514225533349,0.07495173926443702,0.11927912583580397,-0.1075785954606262,0.0908498778439038,-0.1059610138732612,-0.14048501967327975,0.032122148361223825,0.04137001863613291,0.0030104139465275716,0.12133937314030557,0.025640296479366304,0.08832605932317897
fpca256_30,14.837892301147804,0.06996853543398063,0.11372500027562653,-0.07648551971790188,-0.07162599962430069,-0.09148519408280023,0.04530057538533678,-0.0011809877235279436,-0.07003055279790532,-0.03124122074689361,-0.07290138866424506,2.7177386063425977,-0.10094108836284954,0.19255513293607915,0.06937140025019072,-0.08117036693333518,0.05710730876529786,-0.13407435046125152,-0.08800211155799564,-0.008400402485281427,0.16761811270465865,0.08564614720806045,-0.06758935648700533,-0.05955073963265016,-0.1281060646810628,-0.03969872056183057,-0.04136447999708741,-0.001785101128546157,-0.0722250067929728,-0.028762266231455023,-0.07665126606943994,-0.05849711281958495
fpca256_30,14.919923561858013,0.06353059723987346,0.11420700417076146,-0.06908652008925238,-0.06696161090119837,-0.067817147920555,0.06728171030310483,0.033807391974978604,-0.11680698914969094,-0.013387513304987528,0.007532447099380139,2.674782684710251,-0.02809444228018504,0.19546421510825357,0.015919920219230818,-0.08765689136097782,0.013378053227213804,-0.08508225624748024,-0.024011104506434663,-0.23533998159897923,-0.00410745808147453,0.07465294361839782,-0.07574599418429759,-0.08013910283420544,-0.1139345833037902,0.07379526388501605,0.026598280353399097,0.016706047751649224,-0.0973126822249391,-0.08150205425905294,-0.10489841314045426,-0.13053769055903913
fpca256_30,15.001954822568223,0.05917119006510239,0.11111313895893957,-0.0675131834668498,-0.0719166106258216,-0.08180254999865148,0.0313069260802207,0.03938586476577533,-0.06731161725804449,-0.007136535447104363,-0.03401263843258136,2.6331764314907247,0.09737094782106134,0.16990404166124914,-0.07451399268851279,-0.016980524826366167,0.11183301496276424,-0.03526009026394978,-0.040126424897433816,-0.09047270570492018,-0.11102156872295443,0.0314743643731406,0.012974416652256241,-0.008489871244167883,-0.03517735924987478,0.06508294191314674,0.025910632790762684,-0.13327584241426566,-0.06229417248259585,0.012451196659307037,0.0018782282189735919,0.07668882933299102
fpca256_30,15.083986083278432,0.052911020555904825,0.10979004073615833,-0.0721748038774569,-0.07524442184043031,-0.07606273403466568,0.07820359370285475,0.0782481515591418,-0.09393915651924155,0.00391927911891403,0.05552382796142492,2.59505188532332,0.13590830544262125,0.008196603514975535,-0.07697092094487515,0.053249178222508964,0.29265979653546725,0.08611300210581514,-0.0943515936533035,-0.057636314691010826,-0.10345740363648448,-0.054153494849466806,0.12686528087153986,-0.0032029413107771618,0.02485937858690799,-0.02738773731202928,0.12674009199928238,-0.11411411793035156,-0.023573710629216336,0.146617956677665,-0.05059551900607684,0.11106013825252707
fpca256_30,15.166017343988642,0.051005140680725876,0.10792345585882371,-0.07038636730827563,-0.08278589814897926,-0.11430532550189718,0.06904212335655743,0.026690771055802948,-0.025194634237133,-0.04377255511279671,-0.006919182824107656,2.555091395914393,0.14645792513062564,-0.06008225389334944,-0.004924411730329089,0.12100135886135296,0.15718433134392235,0.10720333957827584,-0.1325898936790492,0.022157936582238427,-0.03568069283222791,0.0032041768605933912,0.09524808655243061,0.071011180599,-0.15433426580408394,-0.017815602596408388,-0.07183711445878108,-0.09330907467764439,0.14375740573437618,-0.02419993238329951,0.1264169859544388,-0.00883130194677818
fpca256_30,15.248048604698852,0.04598442158303828,0.10679451126323636,-0.06441599383447805,-0.0793135967945296,-0.09992932482485788,0.04400375896181285,-0.02581713874634369,0.0799948555296229,-0.06723230116564893,-0.05235831333629832,2.510279796909827,0.1121050765480137,-0.10077044594236093,-0.013601194725045356,0.08624910991728504,-0.02859236193017359,-0.04860289375168807,-0.045279958581192103,0.1351676801499861,0.02129882186304278,-0.08219795488328083,0.26867192349801294,0.15630355437707688,-0.21157544373115197,0.05478893335336626,-0.03619693011728194,0.16100503745980563,0.15967475808531528,0.01367015244514655,0.02872430834112865,-0.04303963055187031
fpca256_30,15.330079865409061,0.03990724810073103,0.10454670018335878,-0.05736486834771026,-0.08239005182258714,-0.11286056771869996,0.0520036775255168,0.005596768776411873,-0.025848855596959618,-0.13018436782320514,-0.0362315835109301,2.4663466539530456,0.009275666829930626,-0.15577962614012278,-0.03639637343189568,0.014682613283439602,0.0018484162882562273,-0.09066197120907743,-0.04562378416587003,0.006396846392765117,-0.04788036734772934,-0.1391260428074762,0.1639246944178839,0.230503322661644,0.013205286994953849,0.04395090586085253,-0.09493462703945518,0.1440365377912177,0.12540426405055072,0.09870653012743973,-0.028303783454027943,0.005237108635998626
fpca256_30,15.412111126119271,0.03494425603698269,0.10340473488279606,-0.05936718842564965,-0.07981514700398092,-0.11423929306610596,0.02786826383917274,-0.005836527585979254,-0.040953348103773,-0.14706362280419258,0.006369320400444953,2.4267456334007895,-0.039023878590446585,-0.06987828215400753,-0.05596536529876412,-0.09019798896715957,-0.04550326134608447,-0.09294384081677248,-0.12869852127814724,-0.020840850601657045,-0.0499097285875736,-0.13047094318753133,-0.0019202025487281907,0.08746410205607119,0.10498593943036352,-0.011426060906521679,-0.02616613365455138,0.008553051966281526,0.07674903962849702,-0.07656313114276667,-0.11474821935790809,0.08466588181504649
fpca256_30,15.49414238682948,0.03187605616108425,0.09990908277425835,-0.04736916349940671,-0.07307741516143335,-0.10767812567288794,-0.020106034347723005,0.0013057120046584849,-0.12735567350182253,-0.14588432296407028,0.07331129399383492,2.392192094892564,0.019150630092072442,0.0024160104310109107,0.015522206936832964,-0.004589173266180364,0.04157624521122688,-0.0728319375054599,-0.21132319177553296,-0.001160362084173909,-0.03909369314259099,0.07544955379722507,0.004039826527457706,-0.0805746855804107,0.05387842411183548,-0.02640402658425739,0.03177960113197203,0.00785600451248603,0.08723165080575233,-0.19829741942993107,-0.07545672934227982,0.06440071057210915
fpca256_30,15.57617364753969,0.025713959853404925,0.09715478929635515,-0.04509833316311639,-0.07768235604288314,-0.09154233931468217,-0.01992329929854414,-0.031682578461024576,-0.14630862159366065,-0.11185208004416576,0.05349045653463219,2.3524182481457387,-0.05940050234331727,-0.03666173474290382,0.12728900612250577,0.05554098481364726,0.03950359788670019,-0.11779773217907186,-0.008296800422486462,-0.08247259021280667,0.027771836803793262,0.07019157459096505,0.06494786617092108,-0.16253721208504407,0.010053938066116756,0.010816045862519682,0.06429077430573248,-0.04542976980697995,0.09203059164268369,-0.09564386468181531,0.0009432914319393217,-0.06116753135834771
fpca256_30,15.6582049082499,0.020738534911687943,0.09315199550406635,-0.0454241392092877,-0.08159773189154666,-0.12292584980219666,-0.06103380928580768,-0.009334640517875309,-0.11356815812942861,-0.04890905822132056,0.06506908912102405,2.3147631424140376,-0.03779976978165597,-0.025009167527789783,0.10797768412674585,0.12670352005868152,-0.07847080135260727,-0.14943500172579224,0.057453381282449964,0.01457736431898634,0.08448129865151366,0.05080095787523883,0.08514477077366882,-0.074809885191119,-0.022663581327755686,0.07882652010091473,0.05378736632638426,-0.11554339421688077,0.08927259084196283,0.10549689107460399,0.04213377907510826,-0.06310343847543108
fpca256_30,15.74023616896011,0.016090934489446002,0.09309671059781803,-0.0431484788765478,-0.07398172757025975,-0.10662061842279072,-0.02518896755992774,0.006261060984808594,-0.1466933127078952,0.006969294711924128,-0.002992016171990111,2.274639561090769,-0.033028686558663214,0.02895433246780656,0.10226600112891827,0.09080893824960501,-0.1339775136980402,-0.06430219164448851,0.1500690613879947,0.12058168325122792,0.11207121051066624,0.036264471590556346,0.060348192002700654,0.006838854922933898,0.023731040458432537,0.0093794631245285,0.015145315167370693,-0.14729258753360325,0.014034305262761185,0.02547600929562162,0.13287618198219292,-0.00338704831093585
fpca256_30,15.822267429670319,0.013405864495328514,0.09134284380808985,-0.042625589720917074,-0.08267525285381756,-0.12595904353316698,-0.02861011596655017,0.0038123111848926967,-0.13770167797141045,0.04849554257629172,-0.06202750821354339,2.226963254263866,-0.10137061309250728,0.007201621590900514,0.011167077166726172,0.027777508941832153,-0.11303067888610235,-0.007843868191693004,0.10870945901934234,0.14119017602564352,-0.00233739796612878,0.018049561649927895,0.16486956405236272,0.06362906656535772,0.03876874479233018,0.01646817648551181,-0.04578899568252888,-0.027576646256278703,-0.14114956621285807,0.004071977837737384,0.007482824848769165,0.06271238559008975
fpca256_30,15.904298690380529,0.010187636846241226,0.09169185057921149,-0.03721225636237854,-0.07080367747790037,-0.11907486602573356,-0.016858164498757464,-0.0014739628575967457,-0.06584412071574308,0.032626721828797826,-0.0009912733033986326,2.1980034833623106,0.004759541557984958,0.031819936221420465,0.039045742784142703,0.01738906019132008,-0.0864435572358449,0.07356587936978398,0.09739276342793367,0.03780070089030674,-0.03493447696795277,-0.006040916992762803,-0.04631684121285658,0.04177427525024444,0.042577351842165274,0.006305796107455601,-0.0503031795193764,0.03983987816649395,-0.18376093930626472,0.03922353670401866,0.05861508768698005,-0.05843222145223767
fpca256_30,15.986329951090738,0.005213596972664911,0.08611440499848273,-0.03920470735880999,-0.06480989071530711,-0.12738145718437074,-0.05328674093371451,-0.03906941664965105,-0.11629470854711382,0.017868556629387584,-0.05401699845999978,2.1608539231435313,-0.012906597162256166,0.00551496503838466,0.01660805019735129,0.0045065388999051366,-0.023685528242057757,0.009088560037208057,0.13006283682641032,-0.0002343096123072902,-0.09586344125106702,0.038060806428107954,0.009690788631529225,0.0720210517209609,0.050404330037742064,-0.04615691598663718,-0.07228294035409982,0.17065672856799502,-0.13834395069809782,0.08209465112420593,0.04758977282155871,-0.15138412600623974
fpca256_30,16.068361211800948,6.99031913470348e-05,0.08376606443500834,-0.034821093045627166,-0.06185547084523123,-0.10086831048989012,-0.06958907477566735,-0.043041534328187164,-0.0980332552554465,0.10889758918350806,-0.010074655973652522,2.127850899854484,0.020620533767409775,-0.042921117792632205,0.03614840626244933,-0.03543754171043267,0.005514482797961184,0.060726460856351756,0.16125273628908643,0.04227120444155061,-0.10082307581082728,0.15171745863799,-0.022803789808651654,-0.040011180550610724,0.10657853893338208,0.00014771685659541525,-0.04719492785461235,0.08860745116781588,0.0647074995561942,0.13586443991325264,0.05166251966576663,-0.012310862850514984
fpca256_30,16.150392472511157,-0.004376114198140146,0.08513063145539951,-0.031833034040458015,-0.05657018804343533,-0.11437845882825239,-0.06475465306504885,-0.03797222714089253,-0.04020763673682876,0.0737826856899766,0.03451389935519646,2.0974357361912457,-0.003184384396292924,-0.009195276462039877,0.01705173231592332,0.013693586655173364,0.058799085075904006,0.06705980818903892,0.11897526657436809,0.0900106216110216,-0.03306656827428418,-0.0243878167929622,-0.017417108348392357,0.05087987819433079,0.04109794335623713,0.09441712057503669,-0.05888918719457553,0.044029792402667696,0.023847787019198843,0.09154636960967508,-0.06051581020194245,0.12727384972097056
fpca256_30,16.232423733221367,-0.006581424699508894,0.08644690492553206,-0.031166703489916153,-0.06200218374648926,-0.11842820859586603,-0.07556216459128542,-0.05874691481522166,-0.024870838262720706,0.10804672255514158,0.10094156510309539,2.0691879536653923,0.06718584106969532,-0.07918712855483673,0.09894632713635171,-0.02569140695304575,-0.05586332211028907,-0.010242824423936855,-0.06678537432234023,0.09290073615704422,0.08147999081763374,-0.03630068058024376,-0.056779150438041465,0.03616386971495253,-0.030941411318024324,0.042249850611819906,-0.048126566155147515,0.019352711568095197,-0.03028829623472659,0.03780307121410509,-0.048411381537222145,0.07468753679809031
fpca256_30,16.314454993931577,-0.010971852435683988,0.08196120438049445,-0.02585809808075188,-0.059079962166693055,-0.09654832099791763,-0.054089155881378935,-0.05898244607695759,0.03800940262152944,0.09803415259717861,0.09180931570896228,2.0405017614503946,0.06628593463131652,-0.05385588632342579,0.12046253722222965,-0.003179514879835487,-0.07312714783809282,-0.05047691888003189,-0.0009898775379080325,0.06896015904581773,0.13083893243245598,-0.050632832913085485,-0.06025516085560141,-0.08348909935820359,0.04547157898143786,0.05469883332347599,-0.11048136231081726,-0.05978845731934733,0.03213988515881783,-0.07398734455499173,0.04994113826252371,-0.032412133361040485
fpca256_30,16.396486254641786,-0.015399663137311774,0.08076943181185423,-0.02106719864945771,-0.05082802202377338,-0.10856900878619936,-0.07012372867061364,-0.019577586637495224,0.07672720598430349,0.07551690089840049,0.05246157276271183,2.013960898800917,-0.052612873298899056,0.0038171610302290115,-0.04679839962703601,-0.021870881490006308,-0.059603210017916367,0.04394205194823632,-0.005859562496762085,0.07897662245653433,0.0821145996477009,-0.0324219422694372,-0.12474526213016326,-0.13462452524839072,-0.05520797508053786,0.12680213594890563,-0.03767045327228874,-0.021525402345117267,0.10173281902313265,-0.020091948016611107,0.015431256869441332,-0.06138980792612401
fpca256_30,16.478517515351996,-0.017211540823115507,0.0793496827742754,-0.015755125824803914,-0.04105442621334707,-0.10283177059785988,-0.03323244321221449,-0.03526221509919701,0.07984241513340232,0.10340911347926567,0.010607018180910473,1.9943036811759454,-0.039611815132345005,0.0242605921040829,-0.01991537518102798,-0.008271875688185177,-0.06775932907724959,0.10421173682303446,-0.012258550813247462,0.0629696737180096,0.029248623189123798,-0.022700505239629333,-0.1121176940585438,-0.0881997391795456,0.05216591230919918,0.12900980174615986,-0.08757412776179384,-0.006658444271235145,0.07488904557202375,-0.11573724958677675,-0.05506268046329649,-0.00597341116822607
fpca256_30,16.560548776062205,-0.020290623315064177,0.07893777149332921,-0.015430250798868997,-0.03902688393019755,-0.09332027298445933,-0.050964150829600575,0.0006519672389305062,0.03745056185394734,0.060846762289742506,0.03558239685763877,1.9670661081945546,-0.005949388650418586,-0.02207330033209124,-0.11177187412409144,0.011370371742319495,0.031620994021042195,0.03653416839179136,-0.03959243454639784,-0.005881598902831471,0.003825547044407327,0.031494326393544624,-0.07234050473095172,-0.06052384832420228,0.013632780936597484,0.18421108194314909,-0.044391366290652365,-0.10732158165070782,-0.013349388753324927,-0.09566494373148288,0.018376195883139244,0.14736492032476137
fpca256_30,16.642580036772415,-0.025969460128163615,0.07819109208758113,-0.0076276499563414455,-0.04025554133086868,-0.08232924495144177,-0.02973339498978956,-0.019176800904168848,0.01226266363666576,0.0663443441171442,0.03406791499790868,1.945971236264384,-0.014721985494947857,-0.036170362755874826,-0.035601503944268975,-0.10843225203402547,-0.002027013587322983,0.04362509184675434,-0.10111380810262267,0.00243500875817234,-0.024034570390531904,0.0393399712103633,5.767753878742343e-05,-0.04844510475248033,0.08437176741354008,0.16292639222325497,0.012334571510831144,-0.0017230983257504398,-0.10897174402937274,-0.08823190334268888,0.004425293586510058,0.06430019349068336
fpca256_30,16.724611297482625,-0.02848040140061969,0.07772162278759846,-0.009331214649131926,-0.030064621534715254,-0.09799569984268681,-0.037103219443249034,-0.03176766281653648,0.009562017337241309,0.03932117457610758,0.0007421395040725379,1.9194384661273196,0.01402236411346254,-0.033181000203960774,-0.027235654955212577,-0.09417222665302047,0.018398273360480256,0.05658196326514766,-0.057643021100561256,-0.021681085777206996,-0.02809145730914159,0.029002645557063396,0.08604412455733043,-0.08974946471638459,-0.023561988346547474,0.054128766520412014,0.030081293335224482,0.03581159853279543,-0.01868870899623697,-0.011752383332176285,0.004240690753982741,0.0037976025085830344
fpca256_30,16.806642558192834,-0.031229716067633573,0.07457284602159599,-0.010680139460922616,-0.03480790172012848,-0.08136051722939895,-0.06182626224905151,-0.04556889974466654,0.027314562934183557,0.06475572943513254,0.002584482348945687,1.8997426701091693,-0.035267173319246906,0.04835499594191563,-0.06575575326994064,-0.08376177517188137,-0.02873363667495245,0.01968771328555633,-0.031111765895204604,-0.10195423077877007,-0.04891942301733507,-0.040436942914027524,0.0965982064259055,-0.08518206676478038,0.0658603504923178,0.13779241149872587,0.020629049798193154,0.0663508697846971,0.04776374290396041,-0.04862546272414685,0.0472401542710314,-0.048665597388597964
fpca256_30,16.888673818903044,-0.03457140867281745,0.07516422440600017,-0.005297728218803105,-0.02886934247849643,-0.07000746222908015,-0.057864332912090255,-0.06034992332715957,0.03771519604061258,0.013195159758538105,0.005505287994991205,1.8816003184223746,0.020751596398622892,0.030108422990415627,-0.15434664812190751,0.022347121077102315,-0.0040930294984921,0.013093586142844935,0.0706803805490964,0.017485749196041844,-0.05484484999750656,-0.0806154640870113,0.01086511079276475,0.0017281747580253231,-0.011747339069548841,0.05578723224777763,0.030967599755741895,-0.09595530891845586,0.056883663645052894,-0.12853710727777407,-0.1088687395526477,-0.015966874826973787
fpca256_30,16.970705079613253,-0.03598954003686116,0.07742146362025551,-0.00308529421670506,-0.03343046511089394,-0.06815657410358243,-0.06660675357612872,-0.06302356632694744,0.01659152635185445,0.06767131163136919,0.03612137000360525,1.863106078948319,0.0011028208423979856,-0.014227914122890293,-0.06247907831186349,0.0002638941281249887,0.007027870281585039,-0.03210945439526404,0.040807497616854475,0.050532078983613365,-0.01117302574341053,-0.17690201952335047,-0.048105092533219214,0.10960866940555919,0.09100772319698477,0.018431960028316197,0.021847225917244716,0.034171310824777014,0.0921063866261697,-0.14445984359969366,-0.07843043631286432,0.02127895249128292
fpca256_30,17.052736340323463,-0.039373329647783895,0.07627772015585853,-0.006840330760211396,-0.02764914118152087,-0.0732107185729418,-0.06026824557804771,-0.04179085239631611,0.06537350708119612,0.05350224909625404,0.009742999292189301,1.8430040232461982,-0.022020756125516835,-0.004465484869345957,0.023652859233116705,-0.04939875126705191,0.03586255168626217,-0.0029913003193355976,0.021436136277920785,0.07827975789523438,-0.12782709661189368,-0.11896533849570888,0.02421269730654276,0.11480134628121402,0.09333401744274168,0.09288196830490257,0.13067467225866203,-0.060209469839615615,-0.024612686070663643,-0.11586010317272369,-0.06368141269842073,-0.12289637319889152
fpca256_30,17.134767601033673,-0.04175009001126172,0.07424554604320491,-0.005683627005015691,-0.029377860677390042,-0.05413877508719007,-0.05415042902836523,-0.02523231868057462,-0.10439208170468481,0.00850099168216472,0.02177025817101564,1.824355836796933,-0.04576272643600289,0.05847921416698901,-0.01819422675396682,0.005509499993077923,0.051587570880068684,0.022730478753722548,-0.025405587909190598,0.05599225780998105,-0.1462278011023757,-0.04127878254276681,0.01775134171884934,0.014563533658941068,-0.033873026057363614,0.06254716269064603,0.027654665222794687,-0.00935961367067448,0.017703700984865046,-0.016741262349252436,0.010484413678171808,-0.07752359539089597
fpca256_30,17.216798861743882,-0.04416979100668921,0.07126513147359216,-0.002403439545810751,-0.024945841664529827,-0.07313164153941598,-0.05411520199528178,-0.010435324979958378,-0.04133935680548662,0.04254560974869059,0.03025841947568936,1.8145077043427695,-0.07766597992234732,0.023090188694247872,0.04493173952319984,-6.915264134772434e-05,0.050328153876322446,-0.00817858518175435,-0.051855628580411345,0.09324116126281341,-0.08891918479887014,-0.022774793255402825,-0.0013577383811727633,-0.13119702601468197,-0.07629964325627485,-0.021954108080449446,0.0412642843651152,0.028041100801198707,-0.012135495353260632,0.042729721070208115,0.01717307136694992,-0.025857929936954495
fpca256_30,17.298830122454092,-0.0464872720111996,0.07210716521800987,0.004346498188516858,-0.02138964448082995,-0.06791773327060954,-0.051128783033002764,-0.006303570803942093,0.02468885495336008,0.062372275153735945,0.02075011167399579,1.7939792019747556,-0.1079342688239154,0.05928474549304953,-0.07059986412717491,0.036569522326294436,-0.037610630869576375,0.03867384693598844,-0.06472697632394031,0.10833144959142829,-0.09753804711517514,0.07045655110162069,-0.03715477076588714,-0.03704369393628808,-0.05699693355058935,-0.084877431269174,-0.041323297244077614,-0.018552539239809877,0.010319043476439686,0.112071557190974,0.035312331241714554,-0.06027038722966125
fpca256_30,17.3808613831643,-0.04964713537849686,0.07299998720986414,0.004292945369999378,-0.00854795345447998,-0.07087012463251495,-0.03502761688002447,-0.04582096702680103,0.03319201182299456,0.07633202156977008,-0.0037431344774214365,1.781172563961641,-0.016837260770243927,0.07942363477828597,-0.08286592232546662,0.06208880603213193,0.09375420037658538,0.012795665329458916,0.00824926359978435,-0.0033510953883289247,-0.04676822920888872,-0.023513138605715054,-0.05367072962346683,-0.05131687250074558,0.08509802333245142,-0.08895476048653526,-0.017585800194114397,0.056411953735990325,-0.03637674698073601,0.0033505514182550636,-0.06195219013327816,-0.024825818321206942
fpca256_30,17.46289264387451,-0.05125525603156184,0.06988488156213554,0.004782600416038118,-0.013671882855324329,-0.05561649341334262,-0.04029825026533198,-0.0906780430192116,-0.019119235914670997,0.025141999500352258,0.01110383217616584,1.7606709483439325,-0.10241647613830202,-0.03100726197550169,-0.063133474616307,0.07904165159326626,0.07722094518688766,0.0033552773121117464,0.037688865781024344,-0.12911072595928036,-0.0742602454385583,-0.06393748943084217,-0.00028096280758355824,-0.03546566858125678,0.05616946093065532,-0.04242402321705912,-0.042893566774176224,0.10349813363903464,-0.039168601703036904,-0.04392471514638101,0.012993969751790943,0.029474818675885618
fpca256_30,17.54492390458472,-0.05421213365604681,0.06850501558872044,0.006690282987625458,-0.0029292403039072093,-0.03872018364868835,-0.05259142535675229,-0.05433669412475271,-0.0009487098497686096,0.03282567349245742,0.15804407060760603,1.7509426886927077,-0.05227079691345864,-0.03141864932259748,-0.018418865537665356,0.13127594307295606,0.11829474682336866,0.06591058825004703,0.04423475724571202,-0.06969212596155266,-0.11461592081346976,-0.01634086975863231,-0.08062592717979544,-0.020108411560326243,0.050413822877873674,-0.02196896008218982,0.00851288031973333,0.03871649179203013,0.03968628131369238,0.08535508576544598,0.08076757514610829,0.08055967168833272
fpca256_30,17.62695516529493,-0.056292741258174434,0.06939419028289011,0.00890902523311084,-0.008808194688715644,-0.060870193526432394,-0.05127427186264122,-0.0010902477016380028,0.03215636512355338,-0.060370562387510686,0.13268750420415676,1.7413628536927703,-0.0445305196820356,0.011453349097568951,-0.12328825380863455,0.003736507993933918,0.0676260470607177,0.059223031334633414,-0.010942490757661433,0.0017198942284598544,-0.1457134666056184,0.06795018968390946,-0.12355844404402838,-0.04015901704570536,-0.03374226544024742,0.009206178807803174,0.01585866577424172,-0.05626567498132968,0.007063971353656898,0.13828655843160853,0.06937244059454446,0.09044428694454215
fpca256_30,17.70898642600514,-0.05981487134013639,0.07079404738931269,0.004256503177599217,-0.0075128048089019624,-0.06293066799486463,-0.017244086200012602,-0.011121508617804178,0.045968440253643696,-0.049682212662707524,0.12608124566756382,1.7274597054796759,0.04059814844728729,0.016169365504050872,-0.06692604003007208,0.014703577371568022,0.040513896751295325,-0.028173471808172933,0.028996224142058623,0.012731168322376057,-0.058002808256117165,0.01361995674025131,-0.08982503361571635,-0.07010306221297719,-0.011917692448286225,-0.00444589835395005,-0.10220314036176184,-0.1108808956793129,0.018075566993219064,0.07476674354522576,-0.02222449591343987,0.055734400876901964
fpca256_30,17.79101768671535,-0.061444339504615524,0.06931088534502182,0.007326372290528365,-0.0022095388694503473,-0.03739853796945934,-0.015213378017174066,-0.06491205071890989,0.03099725742960465,-0.0031571481225364582,0.10490712582231176,1.7234085940369912,0.09232322098469786,0.0019005827061839356,-0.043083783324683614,-0.06567378260455517,-0.00437345594360097,-0.051790438310347894,0.03663057024268704,0.0071234493592145925,0.047337383071455116,0.08385672943287871,0.02598282333147631,-0.14668993350062076,0.07256426029387303,0.03717709200463738,-0.06421833534365261,-0.06262252277760184,-0.11297841877373745,0.0499756924215861,-0.018741917490425676,0.015117674939924148
fpca256_30,17.87304894742556,-0.06522347299937853,0.07064308183029726,0.004947770938124977,0.005529656374019299,-0.03726397244358604,-0.014071748725901575,-0.07308344401426552,0.0022248826100712505,-0.009421839799251755,0.09247144180985784,1.7082021752752972,-0.00010874891004758296,-0.11172311278224178,-0.0650870364090763,-0.06458478110045124,0.006072966529187633,-0.07094949874096074,-0.10037755872642781,-0.0510146201360272,0.06816778042866097,0.02929846915842655,0.09716967363984944,-0.09146243630255835,0.008075767807306622,-0.013631676762828993,0.007678017794042445,0.0030231556855238387,-0.04730833037300998,0.05885637689962343,0.0910137311993591,-0.061979656143735073
fpca256_30,17.95508020813577,-0.0651350237674195,0.06896179455002642,0.00799743404478097,0.00400095086259643,-0.021450024125197562,-0.0033368187250182664,-0.09922693385379082,-0.010933012775135637,-0.061834112873061134,0.08890179185893798,1.6968257858399491,-0.04485596275078709,-0.016906923863369075,0.009701600184304061,-0.06470852235762495,0.009921576886048092,0.03190794517719041,-0.09931755481611526,-0.007185598474918391,0.022666708048321122,-0.034131789868528,0.0612929835097782,-0.0483136188369821,0.025333697584883887,-0.06526313217637218,-0.03267616266846869,-0.00546018103910912,-0.03682762993345292,0.07360768404990349,0.008499889395105119,-0.09442791306321276
fpca256_30,18.03711146884598,-0.06757421435992254,0.06865356194485103,0.006265559161556279,-0.003135089588172087,-0.008683352336767272,0.013384273341304036,-0.052734525170041346,-0.03659561088005562,0.04193930055625689,0.06812871779325373,1.6949125999866022,-0.040680585921981226,-0.015340814803567736,-0.10567200200035397,-0.10485898747872506,-0.02759855857128387,0.08702282240509909,0.06249372321615071,0.049398298781175215,-0.009741275387748091,-0.020415264551421668,0.0032549903434750393,-0.013259313062238074,0.048129474189817945,-0.07739737280776947,0.03444833917766946,0.17930268271363536,-0.06300122039304688,0.08492966778003046,0.044817232193663556,-0.05710457467660894
fpca256_30,18.119142729556188,-0.0701525251508548,0.07124646196415403,0.009446902870153687,-0.0006590736158405753,-0.0417673660717482,0.012972960955397728,-0.08535950278887955,0.05682400314144449,0.0730573480864253,0.03609598458886038,1.6869100789102045,0.027173871329713505,0.007646506757277682,-0.07310897226105413,7.421964722862523e-05,-0.09790526765216395,0.019959025381735336,0.14318638213042517,0.017229633121164024,0.03515603503647646,-0.03185132725230616,-0.0397378898038818,-0.03159179080107784,-0.03761777934641058,-0.08539685072680114,0.000178601137996285,0.09310613594293858,0.0003517399330242102,-0.041216371604197194,0.033679946748255814,0.045282404548172714
fpca256_30,18.201173990266398,-0.07155681196467613,0.07113431517460735,0.016856220878536488,-0.001090067682920459,-0.03237649761542588,-0.03159586296995077,-0.0953302457565111,0.02872596282851881,-0.04567450870006872,-0.019443071854622844,1.6811655353019546,-0.06918368867032731,-0.05296620208148847,-0.028150229011507624,0.037925017175613654,-0.03196823706869226,-0.015664802184467627,0.11204805848793606,-0.04053806736691807,0.04735200430967443,-0.08545584142446393,-0.042359310876385566,-0.013558677158568346,-0.003557493429692986,-0.008983410288745214,-0.03366818914273622,0.03761341648238686,-0.07681116293929227,-0.0314220336020165,-0.004723081013797332,0.1176405883445018
fpca256_30,18.283205250976607,-0.07328620134782055,0.06986776217378637,0.013696392294366951,0.004585677037043343,-0.04283998131301113,-0.0016699953697064545,-0.06066649741110679,0.05897559858586742,-0.02364818444970953,-0.011859516351815712,1.6751080535736298,-0.09046513054247884,-0.08405691075489041,0.03748500664467598,-0.030454050297874694,-0.04193291185432465,0.02877060266882667,-0.022131492599649062,-0.12934463174028302,0.05570458302355773,-0.08680795558138363,0.0014550129089562491,-0.03844525730050882,-0.043163740509492954,-0.0017113136037636804,-0.03820541024714757,0.04317885081289746,-0.0887718135214741,0.020960245223310713,-0.009732170124251895,-0.0031800963967870896
fpca256_30,18.365236511686817,-0.07644098822221701,0.06833156709883872,0.01312193290856913,0.004720598572127632,-0.023595911785655805,-0.00416727656981243,-0.0680985513812879,0.03897856954875652,-0.08566855145478589,0.04968436838622218,1.6685347816298968,-0.06929352482771278,-0.01956778689922343,0.03271597669792488,-0.020155452665707407,-0.055590999057603896,0.027347248793938427,-0.033180130533124255,-0.10236416986856811,-0.0077011690247882625,-0.033554006365222246,0.023103837836012598,0.03362421488510844,0.030369327625692204,0.005806127004916815,-0.08954544405653063,0.07821404729811272,-0.02042931779476887,0.06626950446652087,0.06074561542881413,-0.019810967083256685
fpca256_30,18.447267772397026,-0.075780627745902,0.06828279078570801,0.014282046494746087,0.008935741774552829,-0.015894893439945094,0.005966864060385963,-0.07939814846097148,0.11062477811671724,-0.08078937649138719,0.13020217311027954,1.6571844720766233,-0.0965935327980568,0.01280997533231152,-0.018591199554863047,0.017119760271686983,0.006757278325812369,-0.029456022152331195,-0.030650371600592627,-0.1134644023982419,-0.026223911227368665,-0.02567895687985712,-0.01521141792771133,0.06744238780994098,0.004695858147011768,-0.07835811233121702,-0.0012183052847872522,0.008340556288537197,-0.0011210494491112975,0.0275749105639381,0.06794832358467087,0.04262855446696321
fpca256_30,18.529299033107236,-0.0775204055885578,0.07043834510787843,0.01950505861007624,0.012210454354909995,-0.025259986133112585,0.004860699082621875,-0.06669026340822644,0.09565073109223902,-0.08048661356838403,0.06863111534492539,1.6529382027541568,-0.030402591823207523,0.09013771736440863,-0.01991450851275534,-0.003155813107638172,-0.01080491271321382,-0.08509927386648888,0.0035122276947245484,-0.015120039938453466,-0.05516349036049714,0.047910498285723434,-0.050022835708770724,0.04227921235622966,-0.026678153490473144,-0.051032084397094085,0.11597433888669648,0.04147584192688483,-0.10942701791066944,0.06775573643714686,0.07566391232885356,-0.02926700498029189
fpca256_30,18.611330293817446,-0.0797853787750843,0.07124362892541909,0.020649339276451528,0.0149902424528483,-0.009738965428771637,0.0021381423107119744,-0.08428383478076429,0.16692752885149606,0.021215297069069213,0.055461001934042055,1.6496494332247944,0.01930795532826614,0.08510649381919237,0.08120058907804943,0.02053420912653709,-0.039617100842608666,0.04111304067385032,0.054769167181116754,0.04374646632643563,0.021751824820103904,-0.033620993915246124,-0.01329152572855654,-0.06246138358994857,-0.09262792122639565,-0.07203165184575908,0.039288145463597615,0.02331613411489525,-0.03583413116725812,0.04300029274535273,-0.0264601574191915,-0.08496630821293881
fpca256_30,18.693361554527655,-0.08085851576521262,0.0704597042184888,0.023651849958030793,0.00809961085321095,-0.005482287081281669,-0.012979440984405661,-0.09502541136856876,0.03239933095023081,-0.0347441968667132,0.025685437419955465,1.6462792232388896,0.052775889551521314,0.02034249256973354,0.014693286545859476,-0.03288700791630632,-0.007815682353223023,0.016831129737297997,0.06762963197646318,0.0893149166092233,0.00579284410252294,0.008135523685330277,-0.005697273187932752,-0.0026762778247577217,-0.07262932284661222,-0.016339854104331517,0.06474730018173791,-0.011858838020525286,0.0066054823517481195,0.013987019590595857,-0.07434489574041694,-0.13361427203572432
fpca256_30,18.775392815237865,-0.08219032245587331,0.06963569332690211,0.014895257285754186,0.013648937436486083,-0.020037607125276212,-0.02078215369991894,-0.08632135373454748,0.04114658939783368,-0.05642336483687699,0.021934695604430603,1.6402219317365123,-0.013600641576495598,0.1281658628396086,-0.05030476408922446,-0.04944729956091655,-0.041291173611867384,0.007920874463072082,-0.0013958348210897295,0.08648324974875135,0.030585408066238794,0.03811981520578142,-0.04147233619709361,-0.00931780771234758,-0.08247548243441562,-0.0768331022473849,0.01569745478095226,-0.05135841619492934,0.05677143144782289,0.017842303789563554,-0.13845937738803646,-0.09355049308992962
fpca256_30,18.857424075948074,-0.08601797973323341,0.070299872537808,0.017827834948998113,0.021041758777824663,0.005652406588352111,-0.023777209548103726,-0.11119359909541579,0.04850156777362463,-0.10425193699006899,-0.013863933504989235,1.639552729256513,-0.04011315444780093,0.11132987340236164,-0.02933222054988799,-0.05147455885135544,-0.031421553663841265,0.03416654968312041,-0.020282239573520763,0.09409112611291293,0.007079033804394279,0.059210726073253256,-0.019947689978931146,0.022572757698659428,-0.000933695568828101,0.01053620069610002,0.03492851463481815,0.04689121376647618,-0.027707120365953408,-0.06305004195420119,-0.1917830414137116,-0.02795853830903793
fpca256_30,18.939455336658284,-0.08726916225469189,0.0693101034685972,0.013538449788108052,0.020772175060157747,0.0028275489889886506,-0.006174398567709473,-0.05727455888751403,0.07198888787153032,-0.10644286213448083,0.001975796911355008,1.6371800594183468,0.015810774583730546,0.06808555475320975,0.038922468131031264,-0.04617849446730158,0.05469654102022552,0.11011460616975852,0.06944127028127,0.02475559207715301,-0.06606537244845391,0.0526473660590005,0.045677613864399474,0.08497591179352398,-0.008713365382140084,0.08073730319892254,0.06149522999235269,-0.031122489027850406,-0.05444879673220224,0.03876974295179829,0.01116296573034896,0.0009419918308949671
fpca256_30,19.021486597368494,-0.08884829153783415,0.06904271071643887,0.019383669444757962,0.013371686522979624,0.012243059892317665,-0.004483699960732092,-0.09751394826629932,0.051512204060156476,-0.05397374660180038,0.050594310469898957,1.6346897243427718,0.03932197823307296,0.007134040685260298,0.04808768653067438,-0.032976946252834184,-0.04109581719645102,-0.010441619347022112,0.01701281531523476,0.08923710322917272,-0.04607956312218057,0.019618419421781965,-0.05480551499611984,0.07255609485910708,-0.016544354335277525,0.06779056955510715,0.14141619005408576,-0.010158583910563792,-0.07101073072709818,-0.06863656775036242,0.011730217997781013,-0.04869839588848723
fpca256_30,19.103517858078703,-0.08929646189058925,0.0690928263018935,0.014584687738074514,0.009678907706157718,0.019654285819052764,-0.0014280836354130357,-0.06770051235208827,0.0857925315042577,-0.13802173203659354,-0.028458735638631945,1.6350934728446018,0.024194889456363333,0.007770069930261345,0.12227096189124026,0.05631040972379975,-0.020168103100735125,-0.08014034309304212,-0.031228723535659766,0.02703573897513815,-0.030632716238662677,0.03227735127360795,0.04220329838786767,0.037439546654970846,0.055847250471617885,-0.017394282799180316,0.0635634116506662,0.025958288144280105,-0.04205056860745136,-0.06346878569422916,-0.03452596370481914,0.007849110629285675
fpca256_30,19.185549118788913,-0.08948996585410779,0.07002968211784606,0.0168258374547112,0.019943795644224556,0.024900303641423725,-0.0030889466950691047,-0.033220823299299845,0.046758495720282366,-0.031187569566571934,0.030046608643312277,1.6260213674355193,0.012665328083726002,-0.007065559250611732,0.07868607290311515,0.06116617240276995,-0.11674881152455736,-0.08226926171864801,-0.035135105786659945,0.0025594752899348733,-0.014333195057167585,0.05020084081383936,0.06379483843828253,0.05464562618890717,0.07036378967752019,0.0009185840270489951,0.05707484974543707,-0.028733729745660457,-0.062061329835771346,-0.02497272008886909,-0.004382241568809942,-0.030128893228204133
fpca256_30,19.267580379499123,-0.09116260698480763,0.07047175508610445,0.01719981345025977,0.024355937755338942,0.00893514611114934,0.03391238056360973,-0.05875522281063801,0.06628407334248007,-0.032231242381747495,0.0762205537524088,1.6203929373946158,-0.026270221011985524,0.03794612391389423,-0.030108986318124566,-0.020755958897447555,-0.18712894357505855,0.039141284626498095,-0.07251338499186333,-0.12834345674785066,0.07439032285581178,0.0004988433088825017,0.011536205822316691,0.07537071361055189,-0.008334143227716188,-0.013312840136947227,-0.0026819746717155965,-0.129544146326101,-0.05876137537719353,0.03513515646898634,0.055329945977186455,0.0313087467563975
fpca256_30,19.349611640209332,-0.09242763601380861,0.07025571240384629,0.01679680057639926,0.017728632596557683,0.020497833684315115,0.03302720243962729,-0.049773514148871274,-0.017105726272085408,-0.10075328313476038,0.030820997010559768,1.6182700129947156,0.004778386143104428,0.053685521504183986,-0.025707678742200556,-0.0037556146278757267,0.011770572847075458,0.04544108546881718,-0.04376400958610925,-0.06507061322170166,0.017142269953893643,-0.0051801007280738165,0.04561783041565057,0.012911888867188612,-0.020014355691853968,-0.017930669544045676,-0.0370314132371426,-0.004165017279226843,-0.1277054824589903,-0.01820812631861759,-0.09799549894344564,0.07835988696297412
fpca256_30,19.43164290091954,-0.09314484191098803,0.06858222019375104,0.01840193179945219,0.019473263414286398,0.01688831624418701,0.00813065336297533,-0.09112687524814064,0.015238110115779979,-0.09730704259479474,-0.005607254424952374,1.6126681655781352,-0.0339552424437543,0.055616129732957015,0.014130366365473646,0.026065103552887027,0.05969170694458145,-0.03378389155933137,-0.04586084694659218,0.05453950952821093,0.0003782508311954147,-0.0015656908456645816,0.08835410894612503,-0.012289966958283542,-0.033261468901311694,-0.03485377763315385,0.07457517546778963,-0.009000981589013336,-0.09008386859581302,-0.034743344577748664,-0.039113661024501443,0.029116870421571812
fpca256_30,19.51367416162975,-0.09385279877268511,0.06804127663386594,0.021948046467662585,0.018359635925932392,0.00947150409422928,0.014651814802436231,-0.06756370744474834,0.07826866159322873,-0.02033582695816318,0.04539166683131232,1.611495204826372,-0.005684984459022585,0.0611202851152,0.03516171930372188,-0.05508467040159585,0.062320800417291315,0.07211776358329247,0.020737813347258598,-0.013492311451910755,0.04094650252688324,-0.016205905108652323,0.034066073381824775,0.00620847559202313,-0.07869978747943232,-0.06887423111664799,-0.10638679113932058,-0.017237764368373567,-0.050059494790322255,-0.029217997526887408,0.04415335839778016,-0.007897492509712771
fpca256_30,19.59570542233996,-0.09518464253376804,0.06817154247803374,0.023485778692105323,0.026502014574666097,0.018932474915214367,0.017586215463651488,-0.024763831869081626,0.040139531974912615,-0.03302839140733822,0.058891503278411514,1.6108034516576553,-0.015510101191134173,0.0157590043857952,0.04715395124698112,-0.019341216105569325,0.05695384633583919,0.09504160311712966,0.013912420943685944,-0.07550011995417998,0.08518638606006448,-0.0699497942633626,0.0943973232791768,0.012846821705241731,-0.011195334267400353,-0.017089387183384177,-0.0693682726645215,0.03774099461865607,-0.018907598098339275,0.0030896198756602874,0.022318817638826854,-0.020100703483904442
fpca256_30,19.67773668305017,-0.09562798368164008,0.06831058221459727,0.022203968226093728,0.026970088696476085,0.014427428225887903,0.054752212215515225,-0.01445338246563929,0.063875598202958,-0.09308029819314179,0.08517132675607104,1.6022577093996953,0.006982608451721597,0.0018492648947480176,-0.01339390924388923,-0.020767646101163474,-0.002271735493968547,0.025834728521086824,0.01602856837427232,0.034708687106368284,0.08268765048321136,-0.112934112691988,-0.0033477167010819435,0.017699733246900676,0.039646989331833166,-0.014193365724951671,0.038845359737786314,0.03580363403262664,0.03532528597817121,0.022853895754272685,0.008712860372023696,0.022113049849704934
fpca256_30,19.75976794376038,-0.09635110006741748,0.07027612256442928,0.028174903933338335,0.02118877601932214,0.052636052280734126,-0.008855617383049075,-0.01367761380754898,0.029849160701996388,-0.07941774346127199,0.0037070988206354865,1.6000893059027452,-0.0213751613532779,0.05625053988933153,-0.026499914965615157,-0.01954465943284309,-0.02288412875295038,0.03406376554101491,0.07347265930462762,0.10436956793340399,0.12811069087990212,-0.1305894670939053,-0.017779281148656845,-0.0027085488637339714,-0.01163980051832085,-0.040095586084141384,-0.04862096926397482,0.028211208369206958,0.1490681801664596,-0.05629001562889807,0.033784821606621204,0.03688700610169052
fpca256_30,19.84179920447059,-0.09847931199305197,0.0697025367269558,0.024229668897817958,0.030163717283758818,0.049904322770471965,0.006714092625287344,-0.018242065905672615,-0.0034896513279476,-0.03791660293835822,-0.037601446526949474,1.6039882190042485,-0.012078088098409807,0.057201950643532964,-0.021714229131151532,-0.0987883033868619,0.05891625400424311,0.05300249348258818,0.04492149952176707,0.09120925687963652,0.03798244451199371,-0.025635685114930203,-0.006973613076779434,0.05143149663808145,0.02921561766919843,-0.018797671079877995,0.04550636800597599,-0.04974958736467752,0.08279368436345468,0.011291682774771316,0.05613154624973411,0.06228992812847455
fpca256_30,19.9238304651808,-0.09729199139377602,0.07086206682606266,0.01901011211068696,0.012646263061974887,0.047609998244780766,0.004515484128110011,0.013671651106223958,0.020060862371950584,0.04353650907914753,-0.0020094866378838655,1.6004555567984995,0.009043795466319463,0.046164292896713185,-0.024497257866380066,-0.08519297768618568,0.04089981656407054,-0.01219878263464283,-0.025835794172874238,0.0012087775553179386,-0.045771531290929174,0.06319779832271122,-0.06133866038160942,0.10019696408644849,0.006413852392791158,-0.08679554067065676,-0.0032576489020282526,0.03599711228864122,0.09497193641311293,0.03273045025506642,0.06879756447486501,0.09811287238914987
fpca256_30,20.00586172589101,-0.09841138635655286,0.0706957980866511,0.01692122662148233,0.013892802675476018,0.04068472658791791,0.008643930146851077,-0.03325121362370998,0.09941454861832698,0.01054973039284795,0.030531364221356744,1.5963799381367756,0.032168453058469465,-0.04724523596058981,0.018444166183184285,-0.057585285560041645,0.02373401037398718,-0.008921347542413765,-0.039088805463295434,-0.010571293118788183,-0.005312291504251363,-0.01196402070366695,-0.020757605814042672,0.05474485977719916,-0.03877513682101756,-0.05927386371921507,-0.04995825092080758,-0.04942621809230756,0.08091554306023636,-0.006714158794551561,0.0015228794133600662,0.01722944297355218
fpca256_30,20.08789298660122,-0.09933071725982619,0.07041578768650086,0.019711548484714136,0.009744647752234775,0.034260900375515595,0.0247718383310909,-0.012725913650706872,0.054423486441958296,-0.016500025369745114,0.04168048071967446,1.5870929457333904,0.04909359136852852,-0.08919547137173482,0.03398502182957325,-0.01237934800094343,-0.01634590442495951,-0.00865484332585767,-0.043920978281387704,-0.022762163905052542,0.05636348674357583,0.006501282717422126,-0.032978372029696515,0.059327262758672034,0.05337645353045469,-0.04064855715520674,-0.03746261532815992,-0.015231715408412304,0.02146897765808596,0.04043153915634773,-0.0009194707322640536,-0.022758079455049447
fpca256_30,20.169924247311428,-0.10009020616377633,0.07047247140920213,0.02203750833914263,0.02024848812470781,0.05069929858295036,0.04166971991391263,0.02041905891243682,0.0034610581570022596,-0.040273677762846946,-0.030542459196145472,1.5863754277006878,0.010139583369674719,-0.04836435644322517,0.03771973655856445,0.04096900196530411,-0.011735911813904005,-0.060694658278947086,-0.021238844139486117,-0.007594477353412516,0.05826809893967678,0.04971413943410825,-0.02208522422761892,0.04305902399095024,0.04084785066491612,-0.07249875263871947,-0.023433618570345753,-0.05031691237625773,0.04297322236056691,0.015961675576550385,0.03550607105210274,-0.0944147162647136
fpca256_30,20.251955508021638,-0.10150627640377834,0.07160844620869553,0.02666069476983697,0.02485414408304707,0.05253513745782038,0.04606383686624147,0.023538403988081436,-0.014764952994474466,-0.09907789950036502,-0.031274053836745246,1.5816635780780772,0.004089072354620313,-0.03383748132497304,0.045301828730145884,0.03532950715140587,-0.013875223344769762,-0.00621142698453483,0.004005879985392917,-0.014762396331955854,0.028114981002905465,0.0344204862031901,-0.01124870952476785,0.020737021732029626,0.08726661413497713,-0.006738224814749481,0.022674799226522574,-0.08511437198292952,-0.00475434608268897,0.03501764501247721,0.017994202978168707,-0.07327534661206549
fpca256_30,20.333986768731847,-0.10038747328377419,0.07058236429595514,0.025720712953862773,0.023480079116968488,0.03741373563376575,0.03535711053800382,0.009033379279343,0.017672201351430376,-0.107582565865314,0.004405015055630117,1.5810241007763788,0.0710348018448816,-0.0038727443945614157,0.07523588610456687,0.04298343231883954,0.04959800960226723,0.008036783211250943,-0.07788948726741049,0.013389903885342102,0.006862620961572516,0.06122689415076819,-0.04186300460581055,0.052758658065973865,0.0062250052996758315,-0.0034561748101323425,-0.0012221743009579455,-0.08193826245836455,-0.0034686887739542364,0.02215015835649902,-0.07848211294314766,-0.008950306211712682
fpca256_30,20.416018029442057,-0.10200077913166274,0.07054293911781433,0.02396854667804112,0.015997974616971573,0.035656093985521685,0.012987648658620328,0.054195436606199875,-0.010593358499590927,0.019126024238781517,-0.053871708758976275,1.5769171363486427,-0.011336845609503855,0.015835506587507327,0.06643856311878234,-0.002898003806993823,0.05517975100091263,0.0825864590617051,-0.04598069795992536,-0.0072097971790443735,0.039214216439257855,-0.021904205120402934,-0.041514198333259714,0.005638240161225947,0.01958908966797101,-0.0020646190172573416,-0.019469305433922654,-0.11836383968523542,0.06647389202135456,-0.019018269722316176,0.009895671673184428,0.00524293272792805
fpca256_30,20.498049290152267,-0.10276429329082656,0.07046223345851473,0.03371201747410249,0.01697949207682756,0.046633567776509066,-0.011192931672509218,0.03728876499383987,-0.018549195709389246,-0.0033750056430639818,-0.05468786450974783,1.5764357228116923,0.015390441611950427,0.10080312193910607,-0.0027130054842487853,-0.020763427708467792,0.0003198043005386538,0.01614941418687612,-0.010826089892062938,0.06368916568788463,-0.0383107569572799,0.0973737484305903,0.0015207808608876591,0.003208645102205778,0.005270454760558312,-0.042605463118518955,-0.0704094186674029,-0.010488975714875646,0.12440830900022166,0.025978142416481678,0.05531032388711516,0.058503626824270565
fpca256_30,20.580080550862476,-0.10202759193746422,0.07129342171326468,0.026410529163388912,0.0013659217417770577,0.044638348065404454,-0.002092197576544564,0.023640811785677677,-0.017420500822353403,-0.05338128164919802,0.007878933863333774,1.5729126775454934,-0.0008107608624291695,0.04257396328983943,0.015868050949877036,0.021316104105187687,0.05349978356819134,-0.08001074601490936,0.002907292898550018,-0.024848164889535167,-0.09496902660404358,0.031562755905549196,-0.04897350167997407,0.025703402492311365,-0.048574152336117546,0.026276399547258876,-0.07196406808232214,-0.060520204374546166,0.052887627197706184,0.007967409832588089,0.02390872958034266,0.09203050513460817
fpca256_30,20.662111811572686,-0.10151702465152367,0.06952941750578721,0.028593516509223742,0.006946859892714559,0.031054060533291055,0.022137785450506257,0.04691590865283003,0.030797229823509367,0.0036758976794946355,0.023470456193736118,1.5627311415920822,0.006153588680067292,-0.020498744715383623,-0.013974287233506539,0.05510768426911626,0.010102235750750598,0.0123295983280915,0.020789129986923314,-0.016151767813406777,0.029957112747832373,-0.059186839417066706,-0.0023926909695773223,0.10523407024834674,-0.028761015657015825,-0.003937289347140298,-0.003841561848051296,-0.05143025031028223,0.013521850644451503,0.03170262619823665,-0.011436172675362455,0.046803397154574176
fpca256_30,20.744143072282895,-0.10053361570338659,0.06724163869804047,0.02302798693930567,0.013782531529528184,0.05539609332583451,0.023442022116945845,0.05764103270434467,0.018865414317511077,-0.04138402445076845,-0.06542051908014014,1.556516286375022,-0.011113667561775942,-0.0019477920769520526,-0.04578689389209032,0.09682618619607514,-0.005531428863051677,0.019835128867999558,0.024225485749311656,0.034690652145877146,0.03782339016409582,0.07526620579968638,0.0028199513016635425,0.03275150806695282,-0.10429534392057321,-0.08142107462810305,-0.03581099564346096,-0.0053851676229166555,-0.014768623722565072,0.07600173792029294,-0.01790574161090996,-0.04113371362190769
fpca256_30,20.826174332993105,-0.10131777092445098,0.06872758167978937,0.027241385436985604,0.007364245540069487,0.021128308816905056,0.03049208108195334,0.04714687579151237,-0.010715590740651051,-0.005126020658694485,-0.04660551600276659,1.5510124159162963,-0.06334235847396175,-0.012284792638538461,0.035623673371974085,0.11772607241360299,-0.0021146306809426696,-0.011895407618220888,0.019325416619341944,-0.05689080130156452,0.024049695323971287,0.12995258260118348,0.021948965001391707,0.0035201248704110344,-0.08339024277729336,-0.07327259563931834,-0.0026490655072099467,0.01656992018594033,-0.032484859828562807,0.06275488725598508,-0.03849977989206457,-0.004553977354192912
fpca256_30,20.908205593703315,-0.10377601835204824,0.06786190041653048,0.02745051696849779,0.011180322058165175,0.021810765625988483,0.002839246225614101,0.05360295206456087,0.033455176707783384,0.02786725514240053,-0.06238964188737498,1.544513717116835,-0.05857398703201961,0.03478083238991738,0.0636341768266546,0.12264137335717283,-0.029606141702007465,0.01766045783633719,0.022718373519258536,-0.008946583332948553,0.06279557063408978,0.10352579088034525,0.034329797952989606,-0.025085573762420908,0.011331049685513996,0.005552229586534438,0.054365152226081355,-0.02337545080126556,0.01718880936971741,-0.06582096777018237,-0.024921826046424327,0.001204261617538992
fpca256_30,20.990236854413524,-0.10320524052110404,0.0656868921337104,0.022796697286042243,0.00625507845106248,0.06738168774225145,0.006358136124989061,0.041121002530767545,0.01188813875305442,0.034566381690917754,-0.008640980134564272,1.5462617518024397,-0.05028205799336726,-0.02961918315878101,-0.000498475418176706,0.04332069444144633,-0.11039566176442514,0.05385664109883108,0.005907969383759515,-0.041111987964264914,-0.01843030174183828,0.001715593491497528,0.05300673105765104,-0.010977337671898936,0.04229049091846585,-0.03984707817265443,-0.012669743976554486,0.045197130708556424,0.011167176840607241,0.00064089992429185,-0.02319434039106113,0.0021588162154213136
fpca256_30,21.072268115123734,-0.10310511504638373,0.06764171347614684,0.02631893642802595,0.003295267515832832,0.05366510864245363,0.0032445362720965563,0.05550485690298382,-0.035306743791311546,0.01423422279209101,-0.04609331220157633,1.5359371936229027,-0.03288343695482008,-0.022446405368690976,0.019212220092841754,-0.05340988291921554,-0.09145487683031914,0.08141152964674193,0.06975560457370253,-0.0669357571073027,-0.059784556374514665,-0.019842689616082862,0.07630895892615444,-0.03009255112906556,0.03731388491121096,-0.025398793553184938,-0.022023678352744994,0.028731348607315334,0.057083625891470216,-0.04457109540216539,0.03244493196556897,-0.03258968188127615
fpca256_30,21.154299375833943,-0.1007666507491773,0.06674301028944357,0.0257263508768131,-0.0013476980269201283,0.05347458497874732,-0.0011784168954548993,0.012304397643592912,0.005677727016079852,0.03259228649576604,-0.02067972249332624,1.5259287392507053,-0.0015935244199598644,-0.04657031978211829,0.1265866408982421,-0.03836960759561922,-0.07716699133505789,0.03663012318304646,0.04188685410345764,-0.0382761953597916,-0.05929214168545111,-0.04943574304917632,0.08503017073849577,-0.04678549736511823,-0.05371790069429372,-0.011811641210799008,0.003412447062350339,0.05204130913971072,0.0872737916662335,-0.07424573436961081,0.05995257109198031,0.0001523227078144146
fpca256_30,21.236330636544153,-0.10082884605717776,0.06916631289659267,0.02327919266533442,0.0033705944566123163,0.04613618470599303,0.010969895073839001,0.026904337710491506,-0.04054144100399298,0.016638354137775986,-0.03221461586737665,1.5185771295043486,-0.027853717325470123,-0.06699942744225378,0.08863932759408479,0.030921110066865008,-0.04452214102194194,0.036395822609292666,0.02970940654073855,-0.0119628263838812,-0.018562494651846062,-0.031903621156196896,-0.0512341168383489,-0.004199219031499432,-0.04567648691068611,-0.05863461942945739,-0.0001393030112615927,0.12230213899656901,0.02884313918141186,0.017870351123457105,0.0776615481280733,0.11715251880489243
fpca256_30,21.318361897254363,-0.10196317886646801,0.06745365464439847,0.025834128114846047,0.0011653409323836024,0.04534996950836343,0.009149462539633044,0.056325707129243535,-0.0720773426752999,0.03732770880791654,-0.05559767152585226,1.5153638281716937,0.07063958716876009,-0.04442129856283916,0.047649547615570435,0.036057892262162536,0.0529285126663397,-0.01027063885783067,0.03231331483547633,-0.04499958105821723,-0.04532096226312286,-0.07115719790425015,-0.07412943657274895,-0.08756507151894923,-0.018520687928758522,-0.012667775664542528,0.03960342002526116,0.1262405294383938,0.061149471010995674,0.097997011940018,-0.011755539308071928,0.15750669896061364
fpca256_30,21.400393157964572,-0.10146032339955362,0.06647017869329996,0.028328766810198868,0.002994025552992962,0.04510855826567081,-0.004795947024005593,0.03391322115006113,-0.03950910589797866,0.08020048794545144,-0.06404818503660364,1.50408184830225,0.06209157665076531,-0.07525722857394658,-0.0217710000518676,0.023584674178077643,0.03283347019004076,-0.04510868079268776,-0.03305506865973179,-0.08037483957634757,-0.11808582557203198,-0.07258754260069597,0.0006041491186542028,-0.029760170869687876,-0.01325679227608948,-0.008811273631434802,-0.005310731544169105,0.05067142793189019,0.030417036701562927,0.08131267646803701,-0.012820827725936783,-0.0032058637734138883
fpca256_30,21.482424418674782,-0.10072684781381684,0.06556313746689116,0.026391407168970853,0.0017796647074360282,0.03832912298203466,0.03174498359556693,0.09434594337603153,-0.08499383802001031,0.056704133340782135,-0.06578823255137549,1.5005383330274848,0.039580875992675,-0.017362491039387928,-0.07134228389139209,-0.00756637737419886,0.0036031777721319477,-0.06794382949810147,-0.029104655342030702,-0.025243760646938257,-0.03635657208452538,-0.07184900384537199,0.0084976329618001,0.04158758611845692,-0.02747962279662599,0.01140693029381556,0.07116703880346956,-0.017399318273753017,-0.08142034371228268,-0.014414180611009991,-0.012054401944861324,0.004056548985351143
fpca256_30,21.56445567938499,-0.10184382786760365,0.06590590528389312,0.03106000221366823,0.00034437985692126026,0.05756670542170446,0.002567169614846773,0.10333137434332504,-0.07261559064480592,0.019090016846626517,-0.022260779055726758,1.5031128302995995,-0.03974724012838796,-0.010541013802930533,-0.006001926263050193,-0.001993006399974807,-0.05796409037148312,0.0026136120470231106,0.023722733345901803,0.005796177513098348,-0.003621144658175205,-0.02865529704134995,0.042111923309968116,-0.06229914108519245,0.03500607372043147,-0.02419645364654639,0.1241302118261125,0.03244672636844099,-0.021780150293610672,-0.021389867072926283,-0.004746838802774864,0.0531213688286698
fpca256_30,21.6464869400952,-0.09980077495481768,0.0644760340683589,0.03299598971240461,0.006164490204182084,0.05238610714939849,0.025741652273957607,0.05979861944014614,-0.06837224548426955,-0.004695640755089332,-0.07361816943919168,1.4904385326961846,0.018015776550639608,-0.028812236424089976,-0.005757128564604887,-0.10437425243319311,-0.05047810549991356,0.0074556222906404426,-0.012654726368154227,0.004155355221505674,-0.010488966113559886,-0.05211795106095421,0.0663709372205182,-0.04522390143949569,0.0439022753424896,0.02663396262351519,0.0744636190201402,-0.03215380416326448,-0.033442890617891255,-0.03489292844376992,0.046430979033673554,0.029503782953158912
fpca256_30,21.72851820080541,-0.10083943713202771,0.06801931410937645,0.03408615048166437,0.0033874089975223618,0.04130716892341855,0.03086020496869488,0.12146007659027008,0.011636532516269813,-0.01688488819886143,-0.09661511160837832,1.483070617881991,-0.0013949979332944268,-0.04748565930696645,0.01020249266397089,-0.0157228162986378,0.05524296317649158,-0.06765292169828079,-0.027342880603163734,0.011125403301560907,0.005664380828518969,-0.04667409666898234,0.0016437234343328103,-0.0879832467109842,0.030724213830917696,0.06812676262951423,0.028336775871450684,-0.17764432070651826,-0.017145990812883295,-0.06482992837478829,0.03113695318307706,0.0367429276479724
fpca256_30,21.81054946151562,-0.10026336428076217,0.06612929056248815,0.030703476268765503,0.004870549792619979,0.03703967430600182,0.008756414702751231,0.0837025449507449,0.030245051663841355,0.02975872642835823,-0.13682884153422825,1.4718278979260988,-0.021127582809794054,-0.04425753936715117,-0.025449233986645985,0.02988977049722274,0.06660849317998192,-0.04470973350154322,-0.06238859240568671,0.11383889257343086,0.010747318305273618,-0.026360556209844288,-0.019783632336522975,-0.05134550861750638,-0.007133701230282445,0.07820782507026826,0.006527012319092515,-0.06086662579450124,0.02730516151270125,-0.0587829236335874,0.07650289155232651,-0.0051118748549382545
fpca256_30,21.89258072222583,-0.09693733032958797,0.06336365383770248,0.03296440668355921,0.004766940972042593,0.04364797791871666,-0.01183677017811589,0.04687607581920259,-0.08196131076234642,0.01108537013486876,-0.0703735962559023,1.464786418463205,-0.017181081540598563,-0.05382909641098455,0.03136758901655147,0.0027644642499892284,0.04015118477331058,-0.021891340626987547,-0.06817289012652224,0.04275874639115754,-0.05637594793494094,0.016077104231644573,0.0721630573420138,-0.001942590251169573,0.0880269150899054,-0.0203599865468938,0.045168473087417615,0.0018645171929084561,-0.06378814525407855,-0.04966678298311715,0.041552730585730835,-0.019402710645538716
fpca256_30,21.97461198293604,-0.0983903213455003,0.064701466214701,0.027656561368417803,-0.004881693544385312,0.04191751923337649,0.002355640539088313,0.08228676951034848,-0.09849139556674895,0.05472511199066342,-0.04912863609139364,1.4680656251175683,0.03513811593915669,-0.0810686006804473,-0.033096253068586066,0.03663572811343316,0.0025001016111741107,0.0013193327646971883,0.010656315326666364,0.012990741025949375,-0.010108847554071845,-0.009489626049863134,0.11990703313297582,0.022509314112721196,0.004283031181866355,-0.005697837958025361,0.027618869116209144,5.7731415275900574e-05,0.012614217095924928,0.020836019692645577,-0.024305863069659102,-0.09149748601736062
fpca256_30,22.05664324364625,-0.09774283428316499,0.06422482692982115,0.031974128057847113,-0.0028394022579049474,0.03889867344884735,0.004938051870353467,0.07469126241356012,-0.06974068347737895,0.05032232996339213,-0.03700368891143271,1.4599494659995396,0.08129801653543607,-0.08096140421801425,0.021817605679572798,0.04920971772160032,-0.08432953012471134,0.042927591907551625,-0.0005425350402889035,0.007568842083716432,-0.033187176422632386,-0.025271108573205744,0.015924812668618366,-0.047596461615629186,-0.01789724549933442,0.10858917564019177,0.015641091196735582,-0.06824677390927358,0.0586258744896703,0.06285462665510122,-0.09161416258904477,-0.07258819045429864
fpca256_30,22.13867450435646,-0.09611283363539232,0.06317227484048209,0.03332332944288947,-0.00123840041611501,0.06535309368125987,0.022835955945674766,0.03773310827890903,-0.0535349743649985,0.019257963590935137,-0.06506255191649461,1.4525161448451196,0.10017963214939166,-0.02337688198980511,0.04758077184044178,0.05779809578698207,-0.03470837651513143,0.007291701665795325,0.04951665589815174,0.04124992806713004,-0.0022031333756562166,-0.040265104325373634,-0.002176026821050921,0.021334243137156608,-0.02748622899730141,0.04851891890242556,-0.11444585405989688,-0.0852426727302992,0.026272170995079384,0.012400122381209822,-0.0301204847632947,0.0443232992803332
fpca256_30,22.22070576506667,-0.0966096144197917,0.0645624193219217,0.03777063395894891,0.0022381515152548304,0.06717509925615045,0.028827891558854183,0.054841481721493175,-0.10429737411461684,0.051682527769542214,-0.05538539335050817,1.439867459985317,0.10152209446495493,0.03308394969654475,0.04425215329842965,-0.044746710996634124,-0.0747873953388198,0.0361127971483816,0.028200930847136266,0.009876413571988957,0.019806412515890937,0.02878763678665832,-0.04265312901370307,-0.000999309105596322,0.03777704454306802,0.07185247805974726,-0.05289971918848893,0.07170259290021479,0.016968770885166934,-0.0333605154008097,-0.09613135093949247,0.03776376058909771
fpca256_30,22.302737025776878,-0.09508891074684832,0.06514295711759885,0.03515703100187125,0.0005928808054178579,0.0509501230975543,0.024541240105997363,0.08224912129403537,-0.0633080296596817,0.055938925814037574,-0.027066515226741566,1.437254180385709,0.04017732603726778,0.022969324555514432,-0.012908530364026786,-0.035069425572925896,-0.04605675520865464,-0.03181203617678508,-0.054362459676438914,0.014382750155509414,-0.008727260932464004,0.08183523129892316,-0.004296765842537119,-0.02829222079600643,0.05679280584924111,0.014959395261853838,0.059232939994877824,0.15466892174119537,-0.005856300703402845,-0.02081528028215243,-0.07058256471866618,-0.03714226166844937
fpca256_30,22.384768286487088,-0.0929736802902741,0.06302103397112424,0.03387489258800037,-0.0008635005547227266,0.015126816685752763,0.029497136305231913,0.01520617705739606,-0.07143312027218557,0.12148924521762469,-0.030291362785528995,1.4277270493928655,0.03812400574665489,-0.04625111985827069,-0.03306216613816333,0.0028839753387855417,-0.03097255342692171,-0.048722241855575145,-0.03557163486114684,-0.07585612435368463,0.04662459089501458,0.04660969388565532,0.03187901656875647,-0.0013311815771559418,0.012051281585638477,0.0582697872831116,0.03587149200286355,0.06962911505246198,0.015453322343355648,-0.031476240428739234,-0.03719848582765674,0.015355657339928667
fpca256_30,22.466799547197297,-0.09191441513157925,0.061110019800717,0.037377202841533445,0.006403998101925881,0.025445739204151618,0.04357070406071609,0.03400646301676428,-0.07624763854459467,0.06794230812550962,0.027687607313074614,1.4220370759869925,0.018284672597944692,0.00486354596544231,-0.046974054817484776,0.04136494685711915,0.07693118010098968,-0.06891724289771174,-0.009092177022541371,-0.10240391807799254,0.12367910246354963,0.08377639976750148,-0.011390008763910966,0.032818461280142264,-0.008959648458077049,0.011484193575879278,-0.016465173872780313,0.01802927053469525,0.027160115677642573,-0.09119377163415793,0.0004784528537166311,-0.007551791447402803
fpca256_30,22.548830807907507,-0.09343830236083515,0.06063991035935552,0.03989833434187815,0.0069062583481132355,0.0415652523015926,0.06873794904674659,0.0456895296285376,-0.10803306198653026,0.07317864571338185,-0.03102056648654631,1.4198156471869063,0.05743348762987202,-0.023738228752580783,-0.0676766839603675,0.04199393271430062,0.056373432659103176,-0.0699860741702636,0.006343132587265172,-0.07485719388037686,0.10782947286913824,0.014045958779478722,-0.04357814503266193,-0.01416188251694867,0.02457789002126521,0.040034687248761955,-0.07077448209214647,0.04603527876094079,0.018200904861163533,-0.13826693411006907,-0.027244495009581565,-0.0004956944767711552
fpca256_30,22.630862068617716,-0.09190803021622705,0.05903441526971686,0.03980629875292326,0.01037154767580838,0.055746285421819336,0.05673057493558208,0.039512222415960974,-0.11749149620515578,0.08858740555035895,-0.013447990779060177,1.4108940062121367,-0.01661777134594939,-0.01914770414611674,-0.03930396406967223,-0.015966346031643916,0.07151176321159106,-0.07940542868299637,0.00753393443847475,-0.006744014157604908,0.07397512942553006,0.06145330643383333,-0.046315853619351775,-0.009796693314546395,-0.021768949090831644,0.013623647469619731,-0.0449262296937073,0.020094813767388787,-0.010442243344580803,-0.02932207667949225,0.057131812237078416,-0.02383581010823157
fpca256_30,22.712893329327926,-0.08998823967688194,0.058993497855768184,0.04107020109599142,0.014864954596526267,0.04426024938671687,0.050973118602939536,0.09045517366899208,-0.0804306131807837,0.05290603986015012,0.02274120178002373,1.4046844190128265,-0.01788734554833257,-0.031016548524247498,-0.02949872543278203,-0.021998723191301806,0.12952625660414896,-0.092952770700421,0.012086496453835405,-0.016169827277989175,0.08119913958008326,0.028804787290601555,-0.04158402862702146,0.01647222193880592,0.060231916313449894,0.054644859380922145,-0.005991265135017548,-0.03991369389389287,-0.07503036723737376,-0.028055697225251114,0.042519386087364594,-0.02939979164828218
fpca256_30,22.794924590038136,-0.09079211704632355,0.05918361567222331,0.04021931505945767,0.0133309983147028,0.04293247362500845,0.03320296827109412,0.11049266819887904,0.05858703762207537,0.03911374612036443,-0.027423475897106253,1.402408507683002,0.01282195028413538,0.04867158154728894,-0.06880724237443245,-0.03304021121375278,0.09526815998637425,-0.027365381172761837,-0.009959656039734893,-0.0020524776967703884,0.03406884448900176,0.007581547334871491,-0.029614967587208482,0.033549578413022425,-0.006012972577746967,0.06731183915499289,0.0466639525333616,-0.04018470565284794,-0.0166740270941446,0.040695885785630014,0.005142816210100905,-0.05410238935486771
fpca256_30,22.876955850748345,-0.09224892880924393,0.05773344177620231,0.043191460426237706,0.010588723310020254,0.03573688021008524,0.02479626113818996,0.09154917259882435,0.021737201425344934,0.052982025033674274,-0.056555203905095844,1.4000661842570805,0.009520419538164793,0.09970169244150746,-0.026247866722688123,0.014938362532858159,0.05816293018047931,0.024506474703406535,0.016013045840458456,0.05646821688692962,0.00657291820173507,0.07541284389707475,-0.10739386135668325,0.014923351666406062,-0.06954864426907605,0.045864415694399044,0.0010573917138410795,0.007475701831799704,0.01135321418226572,0.07567199262771154,-0.008023645005146341,-0.10959069880761704
fpca256_30,22.958987111458555,-0.09142849023244061,0.06109174280254849,0.04116319786882014,0.016943971324247915,0.03288531145774315,0.0431821647834952,0.08577846300803108,0.006345483829073382,0.0006247423157154233,-0.03582823623087116,1.3999053970200392,-0.009499631416455892,0.027830027353221112,-0.051846997754221504,0.0023133719309351127,0.011130642000901537,-0.005425111764320575,-0.06261092101011989,0.031126544948192007,-0.025548666889358064,0.029500529786843987,-0.0209984642775145,0.032488291009486484,-0.061350459573191754,0.05243060506423064,-0.10989201312428011,0.04777060483731169,-0.04203369368396874,0.021709819791912763,-0.0443951757858968,-0.05085885301220042
