split_id,feature,full_roc_auc,lofo_roc_auc,lofo_delta_roc_auc,full_sensitivity,lofo_sensitivity,lofo_delta_sensitivity,full_specificity,lofo_specificity,lofo_delta_specificity,permutation_auc_drop
0,sk_meanrms1,0.6296296296296297,0.637037037037037,-0.007407407407407307,0.7333333333333333,0.7333333333333333,0.0,0.3888888888888889,0.3888888888888889,0.0,-0.017407407407407427
0,sk_weightedrms1,0.6296296296296297,0.6444444444444444,-0.014814814814814725,0.7333333333333333,0.7333333333333333,0.0,0.3888888888888889,0.3888888888888889,0.0,-0.012839506172839577
0,sk_sigma_target1,0.6296296296296297,0.6444444444444444,-0.014814814814814725,0.7333333333333333,0.7333333333333333,0.0,0.3888888888888889,0.4444444444444444,-0.055555555555555525,-0.017530864197530804
0,sk_sigma_contralateral1,0.6296296296296297,0.6296296296296297,0.0,0.7333333333333333,0.7333333333333333,0.0,0.3888888888888889,0.3888888888888889,0.0,-0.0013580246913579286
0,sk_mahalanobis1,0.6296296296296297,0.6296296296296297,0.0,0.7333333333333333,0.7333333333333333,0.0,0.3888888888888889,0.3888888888888889,0.0,0.0
0,sk_meanrms2,0.6296296296296297,0.6296296296296297,0.0,0.7333333333333333,0.7333333333333333,0.0,0.3888888888888889,0.3888888888888889,0.0,-0.004074074074074008
0,sk_weightedrms2,0.6296296296296297,0.625925925925926,0.0037037037037036535,0.7333333333333333,0.7333333333333333,0.0,0.3888888888888889,0.3888888888888889,0.0,0.005802469135802735
0,sk_sigma_target2,0.6296296296296297,0.6296296296296297,0.0,0.7333333333333333,0.7333333333333333,0.0,0.3888888888888889,0.3888888888888889,0.0,0.0
0,sk_sigma_contralateral2,0.6296296296296297,0.6296296296296297,0.0,0.7333333333333333,0.7333333333333333,0.0,0.3888888888888889,0.3888888888888889,0.0,-0.0009876543209875743
0,sk_mahalanobis2,0.6296296296296297,0.637037037037037,-0.007407407407407307,0.7333333333333333,0.7333333333333333,0.0,0.3888888888888889,0.3888888888888889,0.0,0.0
0,sk_peak14_intensity_abs_delta,0.6296296296296297,0.6296296296296297,0.0,0.7333333333333333,0.7333333333333333,0.0,0.3888888888888889,0.3888888888888889,0.0,-0.0033333333333332993
0,sk_mean_peak_value_abs_delta,0.6296296296296297,0.625925925925926,0.0037037037037036535,0.7333333333333333,0.7333333333333333,0.0,0.3888888888888889,0.3888888888888889,0.0,-0.013950617283950528
0,sk_wasserstein_distance_mu_tc,0.6296296296296297,0.625925925925926,0.0037037037037036535,0.7333333333333333,0.7333333333333333,0.0,0.3888888888888889,0.3888888888888889,0.0,-0.0024691358024691024
0,sk_cosine_distance_full_q2,0.6296296296296297,0.6333333333333333,-0.0037037037037036535,0.7333333333333333,0.7333333333333333,0.0,0.3888888888888889,0.3888888888888889,0.0,-0.002962962962963056
0,sk_wasserstein_distance_full_q2,0.6296296296296297,0.6370370370370371,-0.007407407407407418,0.7333333333333333,0.7333333333333333,0.0,0.3888888888888889,0.4444444444444444,-0.055555555555555525,-0.0034567901234567877
1,sk_meanrms1,0.7629629629629631,0.7629629629629631,0.0,0.8666666666666667,0.8666666666666667,0.0,0.4444444444444444,0.4444444444444444,0.0,1.1102230246251565e-16
1,sk_weightedrms1,0.7629629629629631,0.7629629629629631,0.0,0.8666666666666667,0.8666666666666667,0.0,0.4444444444444444,0.3333333333333333,0.1111111111111111,-0.0030864197530863224
1,sk_sigma_target1,0.7629629629629631,0.7740740740740741,-0.011111111111111072,0.8666666666666667,0.8,0.06666666666666665,0.4444444444444444,0.5,-0.05555555555555558,-0.011604938271604914
1,sk_sigma_contralateral1,0.7629629629629631,0.7814814814814814,-0.01851851851851838,0.8666666666666667,0.8666666666666667,0.0,0.4444444444444444,0.5,-0.05555555555555558,-0.01839506172839478
1,sk_mahalanobis1,0.7629629629629631,0.7629629629629631,0.0,0.8666666666666667,0.8666666666666667,0.0,0.4444444444444444,0.4444444444444444,0.0,1.1102230246251565e-16
1,sk_meanrms2,0.7629629629629631,0.7629629629629631,0.0,0.8666666666666667,0.8666666666666667,0.0,0.4444444444444444,0.4444444444444444,0.0,-0.005679012345678802
1,sk_weightedrms2,0.7629629629629631,0.7703703703703704,-0.007407407407407307,0.8666666666666667,0.8666666666666667,0.0,0.4444444444444444,0.4444444444444444,0.0,-0.0008641975308640859
1,sk_sigma_target2,0.7629629629629631,0.7814814814814814,-0.01851851851851838,0.8666666666666667,0.8666666666666667,0.0,0.4444444444444444,0.5,-0.05555555555555558,-0.012098765432098646
1,sk_sigma_contralateral2,0.7629629629629631,0.7629629629629631,0.0,0.8666666666666667,0.8666666666666667,0.0,0.4444444444444444,0.4444444444444444,0.0,-0.0022222222222220145
1,sk_mahalanobis2,0.7629629629629631,0.7629629629629631,0.0,0.8666666666666667,0.8666666666666667,0.0,0.4444444444444444,0.4444444444444444,0.0,1.1102230246251565e-16
1,sk_peak14_intensity_abs_delta,0.7629629629629631,0.7666666666666667,-0.0037037037037036535,0.8666666666666667,0.8666666666666667,0.0,0.4444444444444444,0.4444444444444444,0.0,-0.0028395061728394566
1,sk_mean_peak_value_abs_delta,0.7629629629629631,0.7629629629629631,0.0,0.8666666666666667,0.8666666666666667,0.0,0.4444444444444444,0.5,-0.05555555555555558,0.003827160493827142
1,sk_wasserstein_distance_mu_tc,0.7629629629629631,0.7666666666666667,-0.0037037037037036535,0.8666666666666667,0.8666666666666667,0.0,0.4444444444444444,0.3333333333333333,0.1111111111111111,-0.0024691358024691024
1,sk_cosine_distance_full_q2,0.7629629629629631,0.774074074074074,-0.01111111111111096,0.8666666666666667,0.8666666666666667,0.0,0.4444444444444444,0.5,-0.05555555555555558,-0.0012345679012344402
1,sk_wasserstein_distance_full_q2,0.7629629629629631,0.7518518518518519,0.011111111111111183,0.8666666666666667,0.9333333333333333,-0.06666666666666665,0.4444444444444444,0.3333333333333333,0.1111111111111111,0.004074074074074341
2,sk_meanrms1,0.625925925925926,0.625925925925926,0.0,0.8666666666666667,0.8666666666666667,0.0,0.3333333333333333,0.3333333333333333,0.0,-0.003580246913580165
2,sk_weightedrms1,0.625925925925926,0.625925925925926,0.0,0.8666666666666667,0.8666666666666667,0.0,0.3333333333333333,0.3333333333333333,0.0,-0.009135802469135701
2,sk_sigma_target1,0.625925925925926,0.6296296296296297,-0.0037037037037036535,0.8666666666666667,0.8666666666666667,0.0,0.3333333333333333,0.3333333333333333,0.0,0.0011111111111110628
2,sk_sigma_contralateral1,0.625925925925926,0.6333333333333333,-0.007407407407407307,0.8666666666666667,0.8666666666666667,0.0,0.3333333333333333,0.2777777777777778,0.055555555555555525,-0.016172839506172654
2,sk_mahalanobis1,0.625925925925926,0.6296296296296297,-0.0037037037037036535,0.8666666666666667,0.8666666666666667,0.0,0.3333333333333333,0.3333333333333333,0.0,-1.1102230246251565e-16
2,sk_meanrms2,0.625925925925926,0.6222222222222222,0.0037037037037037646,0.8666666666666667,0.8666666666666667,0.0,0.3333333333333333,0.3333333333333333,0.0,-0.006296296296296244
2,sk_weightedrms2,0.625925925925926,0.6185185185185185,0.007407407407407529,0.8666666666666667,0.8666666666666667,0.0,0.3333333333333333,0.3333333333333333,0.0,0.014567901234568081
2,sk_sigma_target2,0.625925925925926,0.6222222222222222,0.0037037037037037646,0.8666666666666667,0.8666666666666667,0.0,0.3333333333333333,0.3333333333333333,0.0,-0.0012345679012345512
2,sk_sigma_contralateral2,0.625925925925926,0.6370370370370371,-0.011111111111111072,0.8666666666666667,0.8666666666666667,0.0,0.3333333333333333,0.3333333333333333,0.0,-0.009135802469135812
2,sk_mahalanobis2,0.625925925925926,0.6333333333333333,-0.007407407407407307,0.8666666666666667,0.8666666666666667,0.0,0.3333333333333333,0.3333333333333333,0.0,-1.1102230246251565e-16
2,sk_peak14_intensity_abs_delta,0.625925925925926,0.6444444444444444,-0.01851851851851838,0.8666666666666667,0.8666666666666667,0.0,0.3333333333333333,0.3888888888888889,-0.05555555555555558,-0.02518518518518509
2,sk_mean_peak_value_abs_delta,0.625925925925926,0.6259259259259259,1.1102230246251565e-16,0.8666666666666667,0.8666666666666667,0.0,0.3333333333333333,0.3333333333333333,0.0,0.0012345679012346622
2,sk_wasserstein_distance_mu_tc,0.625925925925926,0.6222222222222222,0.0037037037037037646,0.8666666666666667,0.8666666666666667,0.0,0.3333333333333333,0.3333333333333333,0.0,-0.005308641975308559
2,sk_cosine_distance_full_q2,0.625925925925926,0.6296296296296297,-0.0037037037037036535,0.8666666666666667,0.8666666666666667,0.0,0.3333333333333333,0.3333333333333333,0.0,-0.009629629629629544
2,sk_wasserstein_distance_full_q2,0.625925925925926,0.6111111111111112,0.014814814814814836,0.8666666666666667,0.8666666666666667,0.0,0.3333333333333333,0.3333333333333333,0.0,-0.020864197530864215
3,sk_meanrms1,0.662962962962963,0.6592592592592592,0.0037037037037037646,0.9333333333333333,0.9333333333333333,0.0,0.3333333333333333,0.3333333333333333,0.0,0.0060493827160496005
3,sk_weightedrms1,0.662962962962963,0.6555555555555556,0.007407407407407418,0.9333333333333333,0.9333333333333333,0.0,0.3333333333333333,0.2777777777777778,0.055555555555555525,0.014567901234568081
3,sk_sigma_target1,0.662962962962963,0.6814814814814815,-0.01851851851851849,0.9333333333333333,0.9333333333333333,0.0,0.3333333333333333,0.3888888888888889,-0.05555555555555558,-0.00728395061728393
3,sk_sigma_contralateral1,0.662962962962963,0.662962962962963,0.0,0.9333333333333333,0.9333333333333333,0.0,0.3333333333333333,0.3888888888888889,-0.05555555555555558,0.004320987654320985
3,sk_mahalanobis1,0.662962962962963,0.662962962962963,0.0,0.9333333333333333,0.9333333333333333,0.0,0.3333333333333333,0.3333333333333333,0.0,-0.0004938271604938427
3,sk_meanrms2,0.662962962962963,0.662962962962963,0.0,0.9333333333333333,0.9333333333333333,0.0,0.3333333333333333,0.3333333333333333,0.0,0.0008641975308640859
3,sk_weightedrms2,0.662962962962963,0.6592592592592593,0.0037037037037036535,0.9333333333333333,0.9333333333333333,0.0,0.3333333333333333,0.3333333333333333,0.0,0.012716049382716088
3,sk_sigma_target2,0.662962962962963,0.6592592592592592,0.0037037037037037646,0.9333333333333333,0.9333333333333333,0.0,0.3333333333333333,0.3333333333333333,0.0,-0.002098765432098859
3,sk_sigma_contralateral2,0.662962962962963,0.662962962962963,0.0,0.9333333333333333,0.9333333333333333,0.0,0.3333333333333333,0.3333333333333333,0.0,0.007407407407407529
3,sk_mahalanobis2,0.662962962962963,0.662962962962963,0.0,0.9333333333333333,0.9333333333333333,0.0,0.3333333333333333,0.3333333333333333,0.0,-0.00024691358024708787
3,sk_peak14_intensity_abs_delta,0.662962962962963,0.6666666666666667,-0.0037037037037037646,0.9333333333333333,0.9333333333333333,0.0,0.3333333333333333,0.3333333333333333,0.0,-0.011358024691357937
3,sk_mean_peak_value_abs_delta,0.662962962962963,0.6518518518518519,0.011111111111111072,0.9333333333333333,0.9333333333333333,0.0,0.3333333333333333,0.3888888888888889,-0.05555555555555558,0.0309876543209876
3,sk_wasserstein_distance_mu_tc,0.662962962962963,0.662962962962963,0.0,0.9333333333333333,0.9333333333333333,0.0,0.3333333333333333,0.3888888888888889,-0.05555555555555558,0.003580246913580387
3,sk_cosine_distance_full_q2,0.662962962962963,0.6592592592592592,0.0037037037037037646,0.9333333333333333,0.9333333333333333,0.0,0.3333333333333333,0.3333333333333333,0.0,-0.00148148148148175
3,sk_wasserstein_distance_full_q2,0.662962962962963,0.6592592592592592,0.0037037037037037646,0.9333333333333333,0.9333333333333333,0.0,0.3333333333333333,0.3333333333333333,0.0,0.0011111111111111738
4,sk_meanrms1,0.6352941176470588,0.6274509803921569,0.007843137254901933,0.7333333333333333,0.7333333333333333,0.0,0.5294117647058824,0.5294117647058824,0.0,0.015686274509803755
4,sk_weightedrms1,0.6352941176470588,0.6274509803921569,0.007843137254901933,0.7333333333333333,0.7333333333333333,0.0,0.5294117647058824,0.47058823529411764,0.05882352941176472,0.01960784313725472
4,sk_sigma_target1,0.6352941176470588,0.6274509803921569,0.007843137254901933,0.7333333333333333,0.7333333333333333,0.0,0.5294117647058824,0.47058823529411764,0.05882352941176472,0.006928104575163241
4,sk_sigma_contralateral1,0.6352941176470588,0.6235294117647059,0.0117647058823529,0.7333333333333333,0.7333333333333333,0.0,0.5294117647058824,0.4117647058823529,0.11764705882352944,0.0103267973856207
4,sk_mahalanobis1,0.6352941176470588,0.6313725490196078,0.0039215686274509665,0.7333333333333333,0.7333333333333333,0.0,0.5294117647058824,0.47058823529411764,0.05882352941176472,0.0011764705882351123
4,sk_meanrms2,0.6352941176470588,0.6313725490196078,0.0039215686274509665,0.7333333333333333,0.7333333333333333,0.0,0.5294117647058824,0.5294117647058824,0.0,0.011633986928104356
4,sk_weightedrms2,0.6352941176470588,0.6274509803921569,0.007843137254901933,0.7333333333333333,0.7333333333333333,0.0,0.5294117647058824,0.4117647058823529,0.11764705882352944,0.013071895424836444
4,sk_sigma_target2,0.6352941176470588,0.6274509803921569,0.007843137254901933,0.7333333333333333,0.7333333333333333,0.0,0.5294117647058824,0.47058823529411764,0.05882352941176472,0.01019607843137238
4,sk_sigma_contralateral2,0.6352941176470588,0.6352941176470588,0.0,0.7333333333333333,0.7333333333333333,0.0,0.5294117647058824,0.5294117647058824,0.0,0.00431372549019593
4,sk_mahalanobis2,0.6352941176470588,0.6313725490196078,0.0039215686274509665,0.7333333333333333,0.7333333333333333,0.0,0.5294117647058824,0.4117647058823529,0.11764705882352944,0.0028758169934638422
4,sk_peak14_intensity_abs_delta,0.6352941176470588,0.6313725490196078,0.0039215686274509665,0.7333333333333333,0.7333333333333333,0.0,0.5294117647058824,0.47058823529411764,0.05882352941176472,0.01607843137254883
4,sk_mean_peak_value_abs_delta,0.6352941176470588,0.6352941176470588,0.0,0.7333333333333333,0.7333333333333333,0.0,0.5294117647058824,0.4117647058823529,0.11764705882352944,0.027450980392156654
4,sk_wasserstein_distance_mu_tc,0.6352941176470588,0.6392156862745099,-0.0039215686274510775,0.7333333333333333,0.7333333333333333,0.0,0.5294117647058824,0.4117647058823529,0.11764705882352944,-0.009803921568627638
4,sk_cosine_distance_full_q2,0.6352941176470588,0.6196078431372549,0.015686274509803866,0.7333333333333333,0.6666666666666666,0.06666666666666665,0.5294117647058824,0.4117647058823529,0.11764705882352944,-0.004313725490196374
4,sk_wasserstein_distance_full_q2,0.6352941176470588,0.6313725490196078,0.0039215686274509665,0.7333333333333333,0.7333333333333333,0.0,0.5294117647058824,0.47058823529411764,0.05882352941176472,0.0022222222222220145
5,sk_meanrms1,0.6740740740740742,0.6703703703703704,0.0037037037037037646,0.8,0.8,0.0,0.4444444444444444,0.4444444444444444,0.0,0.008271604938271504
5,sk_weightedrms1,0.6740740740740742,0.6814814814814816,-0.007407407407407418,0.8,0.8,0.0,0.4444444444444444,0.4444444444444444,0.0,0.004814814814814827
5,sk_sigma_target1,0.6740740740740742,0.6740740740740742,0.0,0.8,0.8,0.0,0.4444444444444444,0.4444444444444444,0.0,0.0006172839506173311
5,sk_sigma_contralateral1,0.6740740740740742,0.6703703703703704,0.0037037037037037646,0.8,0.8,0.0,0.4444444444444444,0.4444444444444444,0.0,0.0032098765432097
5,sk_mahalanobis1,0.6740740740740742,0.6740740740740742,0.0,0.8,0.8,0.0,0.4444444444444444,0.4444444444444444,0.0,0.0006172839506173311
5,sk_meanrms2,0.6740740740740742,0.6740740740740742,0.0,0.8,0.8,0.0,0.4444444444444444,0.4444444444444444,0.0,0.0008641975308641969
5,sk_weightedrms2,0.6740740740740742,0.6666666666666667,0.007407407407407418,0.8,0.8,0.0,0.4444444444444444,0.4444444444444444,0.0,0.022716049382716097
5,sk_sigma_target2,0.6740740740740742,0.6814814814814816,-0.007407407407407418,0.8,0.8,0.0,0.4444444444444444,0.4444444444444444,0.0,2.220446049250313e-16
5,sk_sigma_contralateral2,0.6740740740740742,0.6666666666666667,0.007407407407407418,0.8,0.8,0.0,0.4444444444444444,0.4444444444444444,0.0,0.007160493827160219
5,sk_mahalanobis2,0.6740740740740742,0.6740740740740742,0.0,0.8,0.8,0.0,0.4444444444444444,0.4444444444444444,0.0,0.0008641975308641969
5,sk_peak14_intensity_abs_delta,0.6740740740740742,0.6703703703703704,0.0037037037037037646,0.8,0.8,0.0,0.4444444444444444,0.4444444444444444,0.0,0.011728395061728292
5,sk_mean_peak_value_abs_delta,0.6740740740740742,0.6777777777777779,-0.0037037037037037646,0.8,0.8,0.0,0.4444444444444444,0.4444444444444444,0.0,0.01456790123456797
5,sk_wasserstein_distance_mu_tc,0.6740740740740742,0.6703703703703704,0.0037037037037037646,0.8,0.8,0.0,0.4444444444444444,0.4444444444444444,0.0,-0.005432098765432047
5,sk_cosine_distance_full_q2,0.6740740740740742,0.6740740740740742,0.0,0.8,0.8,0.0,0.4444444444444444,0.4444444444444444,0.0,-0.0075308641975307955
5,sk_wasserstein_distance_full_q2,0.6740740740740742,0.6703703703703704,0.0037037037037037646,0.8,0.8,0.0,0.4444444444444444,0.4444444444444444,0.0,0.0019753086419752597
6,sk_meanrms1,0.7148148148148148,0.7148148148148148,0.0,1.0,1.0,0.0,0.4444444444444444,0.5,-0.05555555555555558,0.008271604938271726
6,sk_weightedrms1,0.7148148148148148,0.7,0.014814814814814836,1.0,1.0,0.0,0.4444444444444444,0.4444444444444444,0.0,0.03160493827160482
6,sk_sigma_target1,0.7148148148148148,0.7185185185185186,-0.0037037037037037646,1.0,1.0,0.0,0.4444444444444444,0.4444444444444444,0.0,0.013333333333333308
6,sk_sigma_contralateral1,0.7148148148148148,0.7148148148148148,0.0,1.0,1.0,0.0,0.4444444444444444,0.4444444444444444,0.0,-0.00802469135802486
6,sk_mahalanobis1,0.7148148148148148,0.7185185185185186,-0.0037037037037037646,1.0,1.0,0.0,0.4444444444444444,0.5,-0.05555555555555558,-1.1102230246251565e-16
6,sk_meanrms2,0.7148148148148148,0.7148148148148148,0.0,1.0,1.0,0.0,0.4444444444444444,0.4444444444444444,0.0,0.0009876543209875743
6,sk_weightedrms2,0.7148148148148148,0.7074074074074074,0.007407407407407418,1.0,0.9333333333333333,0.06666666666666665,0.4444444444444444,0.5555555555555556,-0.11111111111111116,0.020617283950617238
6,sk_sigma_target2,0.7148148148148148,0.7074074074074074,0.007407407407407418,1.0,1.0,0.0,0.4444444444444444,0.5,-0.05555555555555558,0.011111111111111072
6,sk_sigma_contralateral2,0.7148148148148148,0.7111111111111111,0.0037037037037036535,1.0,1.0,0.0,0.4444444444444444,0.4444444444444444,0.0,-0.00024691358024697685
6,sk_mahalanobis2,0.7148148148148148,0.7148148148148148,0.0,1.0,1.0,0.0,0.4444444444444444,0.5,-0.05555555555555558,-1.1102230246251565e-16
6,sk_peak14_intensity_abs_delta,0.7148148148148148,0.7148148148148148,0.0,1.0,1.0,0.0,0.4444444444444444,0.4444444444444444,0.0,0.003950617283950408
6,sk_mean_peak_value_abs_delta,0.7148148148148148,0.7037037037037037,0.011111111111111072,1.0,1.0,0.0,0.4444444444444444,0.4444444444444444,0.0,0.015432098765431945
6,sk_wasserstein_distance_mu_tc,0.7148148148148148,0.7148148148148148,0.0,1.0,1.0,0.0,0.4444444444444444,0.4444444444444444,0.0,0.0008641975308640859
6,sk_cosine_distance_full_q2,0.7148148148148148,0.7111111111111111,0.0037037037037036535,1.0,1.0,0.0,0.4444444444444444,0.4444444444444444,0.0,0.0037037037037036535
6,sk_wasserstein_distance_full_q2,0.7148148148148148,0.7148148148148148,0.0,1.0,1.0,0.0,0.4444444444444444,0.5,-0.05555555555555558,-0.010123456790123497
7,sk_meanrms1,0.7518518518518519,0.7518518518518519,0.0,0.6666666666666666,0.6666666666666666,0.0,0.6666666666666666,0.6666666666666666,0.0,-0.0009876543209874633
7,sk_weightedrms1,0.7518518518518519,0.7555555555555556,-0.0037037037037037646,0.6666666666666666,0.6666666666666666,0.0,0.6666666666666666,0.7222222222222222,-0.05555555555555558,-0.0016049382716049054
7,sk_sigma_target1,0.7518518518518519,0.7888888888888889,-0.03703703703703698,0.6666666666666666,0.8,-0.13333333333333341,0.6666666666666666,0.6666666666666666,0.0,-0.029382716049382585
7,sk_sigma_contralateral1,0.7518518518518519,0.7518518518518519,0.0,0.6666666666666666,0.6666666666666666,0.0,0.6666666666666666,0.7222222222222222,-0.05555555555555558,-0.0011111111111113958
7,sk_mahalanobis1,0.7518518518518519,0.7518518518518519,0.0,0.6666666666666666,0.6666666666666666,0.0,0.6666666666666666,0.6666666666666666,0.0,-2.220446049250313e-16
7,sk_meanrms2,0.7518518518518519,0.7518518518518519,0.0,0.6666666666666666,0.6666666666666666,0.0,0.6666666666666666,0.6666666666666666,0.0,0.004074074074074008
7,sk_weightedrms2,0.7518518518518519,0.7481481481481481,0.0037037037037037646,0.6666666666666666,0.6666666666666666,0.0,0.6666666666666666,0.7222222222222222,-0.05555555555555558,0.008395061728394992
7,sk_sigma_target2,0.7518518518518519,0.7666666666666666,-0.014814814814814725,0.6666666666666666,0.6666666666666666,0.0,0.6666666666666666,0.7777777777777778,-0.11111111111111116,-0.011358024691358048
7,sk_sigma_contralateral2,0.7518518518518519,0.7518518518518519,0.0,0.6666666666666666,0.6666666666666666,0.0,0.6666666666666666,0.7777777777777778,-0.11111111111111116,0.0060493827160494895
7,sk_mahalanobis2,0.7518518518518519,0.7518518518518519,0.0,0.6666666666666666,0.6666666666666666,0.0,0.6666666666666666,0.7222222222222222,-0.05555555555555558,-2.220446049250313e-16
7,sk_peak14_intensity_abs_delta,0.7518518518518519,0.7555555555555555,-0.0037037037037036535,0.6666666666666666,0.6666666666666666,0.0,0.6666666666666666,0.6666666666666666,0.0,-0.0016049382716047944
7,sk_mean_peak_value_abs_delta,0.7518518518518519,0.7592592592592593,-0.007407407407407418,0.6666666666666666,0.6,0.06666666666666665,0.6666666666666666,0.7222222222222222,-0.05555555555555558,0.002098765432098859
7,sk_wasserstein_distance_mu_tc,0.7518518518518519,0.7481481481481481,0.0037037037037037646,0.6666666666666666,0.6666666666666666,0.0,0.6666666666666666,0.7222222222222222,-0.05555555555555558,-0.008148148148148127
7,sk_cosine_distance_full_q2,0.7518518518518519,0.7518518518518519,0.0,0.6666666666666666,0.6666666666666666,0.0,0.6666666666666666,0.7222222222222222,-0.05555555555555558,-0.013086419753086442
7,sk_wasserstein_distance_full_q2,0.7518518518518519,0.7703703703703704,-0.01851851851851849,0.6666666666666666,0.6,0.06666666666666665,0.6666666666666666,0.7222222222222222,-0.05555555555555558,-0.02432098765432089
8,sk_meanrms1,0.674074074074074,0.674074074074074,0.0,0.8666666666666667,0.8666666666666667,0.0,0.4444444444444444,0.4444444444444444,0.0,0.004444444444444362
8,sk_weightedrms1,0.674074074074074,0.6703703703703703,0.0037037037037037646,0.8666666666666667,0.9333333333333333,-0.06666666666666665,0.4444444444444444,0.3333333333333333,0.1111111111111111,0.01049382716049374
8,sk_sigma_target1,0.674074074074074,0.674074074074074,0.0,0.8666666666666667,0.8666666666666667,0.0,0.4444444444444444,0.4444444444444444,0.0,0.00654320987654311
8,sk_sigma_contralateral1,0.674074074074074,0.6814814814814815,-0.007407407407407418,0.8666666666666667,0.8666666666666667,0.0,0.4444444444444444,0.4444444444444444,0.0,-0.0019753086419754817
8,sk_mahalanobis1,0.674074074074074,0.674074074074074,0.0,0.8666666666666667,0.8666666666666667,0.0,0.4444444444444444,0.4444444444444444,0.0,-0.0003703703703704653
8,sk_meanrms2,0.674074074074074,0.6777777777777778,-0.0037037037037037646,0.8666666666666667,0.9333333333333333,-0.06666666666666665,0.4444444444444444,0.3888888888888889,0.055555555555555525,-0.00012345679012348842
8,sk_weightedrms2,0.674074074074074,0.6703703703703704,0.0037037037037036535,0.8666666666666667,0.8,0.06666666666666665,0.4444444444444444,0.4444444444444444,0.0,0.011728395061728403
8,sk_sigma_target2,0.674074074074074,0.6777777777777778,-0.0037037037037037646,0.8666666666666667,0.8,0.06666666666666665,0.4444444444444444,0.4444444444444444,0.0,0.0034567901234567877
8,sk_sigma_contralateral2,0.674074074074074,0.6703703703703704,0.0037037037037036535,0.8666666666666667,0.9333333333333333,-0.06666666666666665,0.4444444444444444,0.4444444444444444,0.0,0.005308641975308559
8,sk_mahalanobis2,0.674074074074074,0.674074074074074,0.0,0.8666666666666667,0.8666666666666667,0.0,0.4444444444444444,0.4444444444444444,0.0,0.0009876543209876854
8,sk_peak14_intensity_abs_delta,0.674074074074074,0.674074074074074,0.0,0.8666666666666667,0.8666666666666667,0.0,0.4444444444444444,0.4444444444444444,0.0,0.003580246913580165
8,sk_mean_peak_value_abs_delta,0.674074074074074,0.6703703703703703,0.0037037037037037646,0.8666666666666667,0.9333333333333333,-0.06666666666666665,0.4444444444444444,0.3888888888888889,0.055555555555555525,0.010987654320987583
8,sk_wasserstein_distance_mu_tc,0.674074074074074,0.674074074074074,0.0,0.8666666666666667,0.8666666666666667,0.0,0.4444444444444444,0.4444444444444444,0.0,0.0028395061728393456
8,sk_cosine_distance_full_q2,0.674074074074074,0.674074074074074,0.0,0.8666666666666667,0.9333333333333333,-0.06666666666666665,0.4444444444444444,0.4444444444444444,0.0,0.0024691358024691024
8,sk_wasserstein_distance_full_q2,0.674074074074074,0.6703703703703703,0.0037037037037037646,0.8666666666666667,0.8666666666666667,0.0,0.4444444444444444,0.3888888888888889,0.055555555555555525,0.005679012345679024
9,sk_meanrms1,0.6666666666666667,0.6705882352941177,-0.0039215686274509665,0.6666666666666666,0.7333333333333333,-0.06666666666666665,0.5882352941176471,0.5882352941176471,0.0,-0.01581699346405241
9,sk_weightedrms1,0.6666666666666667,0.6745098039215687,-0.007843137254901933,0.6666666666666666,0.6666666666666666,0.0,0.5882352941176471,0.5882352941176471,0.0,-0.004967320261438091
9,sk_sigma_target1,0.6666666666666667,0.6705882352941177,-0.0039215686274509665,0.6666666666666666,0.6666666666666666,0.0,0.5882352941176471,0.5882352941176471,0.0,-0.004444444444444584
9,sk_sigma_contralateral1,0.6666666666666667,0.6588235294117648,0.007843137254901933,0.6666666666666666,0.6666666666666666,0.0,0.5882352941176471,0.5882352941176471,0.0,-0.006405228758170067
9,sk_mahalanobis1,0.6666666666666667,0.6705882352941177,-0.0039215686274509665,0.6666666666666666,0.6666666666666666,0.0,0.5882352941176471,0.5882352941176471,0.0,0.010718954248365886
9,sk_meanrms2,0.6666666666666667,0.6745098039215687,-0.007843137254901933,0.6666666666666666,0.6666666666666666,0.0,0.5882352941176471,0.5882352941176471,0.0,-0.009281045751634132
9,sk_weightedrms2,0.6666666666666667,0.6666666666666666,1.1102230246251565e-16,0.6666666666666666,0.6666666666666666,0.0,0.5882352941176471,0.6470588235294118,-0.05882352941176472,-0.010326797385621034
9,sk_sigma_target2,0.6666666666666667,0.6705882352941177,-0.0039215686274509665,0.6666666666666666,0.6666666666666666,0.0,0.5882352941176471,0.6470588235294118,-0.05882352941176472,0.0015686274509801867
9,sk_sigma_contralateral2,0.6666666666666667,0.6705882352941177,-0.0039215686274509665,0.6666666666666666,0.6666666666666666,0.0,0.5882352941176471,0.5882352941176471,0.0,-0.004967320261438091
9,sk_mahalanobis2,0.6666666666666667,0.6705882352941177,-0.0039215686274509665,0.6666666666666666,0.6666666666666666,0.0,0.5882352941176471,0.5882352941176471,0.0,0.00026143790849653126
9,sk_peak14_intensity_abs_delta,0.6666666666666667,0.6666666666666667,0.0,0.6666666666666666,0.6666666666666666,0.0,0.5882352941176471,0.5882352941176471,0.0,-0.005882352941176561
9,sk_mean_peak_value_abs_delta,0.6666666666666667,0.6627450980392157,0.0039215686274510775,0.6666666666666666,0.7333333333333333,-0.06666666666666665,0.5882352941176471,0.5294117647058824,0.05882352941176472,-0.0030065359477126075
9,sk_wasserstein_distance_mu_tc,0.6666666666666667,0.6666666666666667,0.0,0.6666666666666666,0.6666666666666666,0.0,0.5882352941176471,0.5882352941176471,0.0,0.00862745098039197
9,sk_cosine_distance_full_q2,0.6666666666666667,0.6784313725490196,-0.0117647058823529,0.6666666666666666,0.6666666666666666,0.0,0.5882352941176471,0.7058823529411765,-0.11764705882352944,0.0010457516339867912
9,sk_wasserstein_distance_full_q2,0.6666666666666667,0.6509803921568628,0.015686274509803977,0.6666666666666666,0.6666666666666666,0.0,0.5882352941176471,0.5882352941176471,0.0,0.029019607843137174
10,sk_meanrms1,0.7703703703703704,0.7703703703703704,0.0,0.8,0.8,0.0,0.3333333333333333,0.3333333333333333,0.0,0.012716049382716088
10,sk_weightedrms1,0.7703703703703704,0.762962962962963,0.007407407407407418,0.8,0.8,0.0,0.3333333333333333,0.2777777777777778,0.055555555555555525,0.019506172839506064
10,sk_sigma_target1,0.7703703703703704,0.762962962962963,0.007407407407407418,0.8,0.8,0.0,0.3333333333333333,0.3333333333333333,0.0,0.007407407407407418
10,sk_sigma_contralateral1,0.7703703703703704,0.7666666666666667,0.0037037037037036535,0.8,0.8,0.0,0.3333333333333333,0.3333333333333333,0.0,0.0037037037037039866
10,sk_mahalanobis1,0.7703703703703704,0.7703703703703704,0.0,0.8,0.8,0.0,0.3333333333333333,0.3333333333333333,0.0,3.3306690738754696e-16
10,sk_meanrms2,0.7703703703703704,0.7703703703703704,0.0,0.8,0.8,0.0,0.3333333333333333,0.3333333333333333,0.0,0.0002469135802471989
10,sk_weightedrms2,0.7703703703703704,0.7592592592592593,0.011111111111111072,0.8,0.8,0.0,0.3333333333333333,0.3333333333333333,0.0,0.03222222222222204
10,sk_sigma_target2,0.7703703703703704,0.7703703703703704,0.0,0.8,0.8,0.0,0.3333333333333333,0.3333333333333333,0.0,0.000864197530864419
10,sk_sigma_contralateral2,0.7703703703703704,0.7666666666666667,0.0037037037037036535,0.8,0.8,0.0,0.3333333333333333,0.3333333333333333,0.0,-0.000864197530864419
10,sk_mahalanobis2,0.7703703703703704,0.7703703703703704,0.0,0.8,0.8,0.0,0.3333333333333333,0.3333333333333333,0.0,3.3306690738754696e-16
10,sk_peak14_intensity_abs_delta,0.7703703703703704,0.7666666666666667,0.0037037037037036535,0.8,0.8,0.0,0.3333333333333333,0.3333333333333333,0.0,0.006543209876543332
10,sk_mean_peak_value_abs_delta,0.7703703703703704,0.762962962962963,0.007407407407407418,0.8,0.8,0.0,0.3333333333333333,0.3333333333333333,0.0,0.018148148148148247
10,sk_wasserstein_distance_mu_tc,0.7703703703703704,0.7592592592592593,0.011111111111111072,0.8,0.8,0.0,0.3333333333333333,0.3333333333333333,0.0,0.014691358024691348
10,sk_cosine_distance_full_q2,0.7703703703703704,0.7666666666666667,0.0037037037037036535,0.8,0.8,0.0,0.3333333333333333,0.3333333333333333,0.0,0.019382716049382798
10,sk_wasserstein_distance_full_q2,0.7703703703703704,0.7481481481481481,0.022222222222222254,0.8,0.8,0.0,0.3333333333333333,0.5,-0.16666666666666669,0.037530864197531044
11,sk_meanrms1,0.5814814814814814,0.5814814814814815,-1.1102230246251565e-16,0.6,0.6,0.0,0.5,0.5,0.0,-0.00012345679012359945
11,sk_weightedrms1,0.5814814814814814,0.5851851851851851,-0.0037037037037037646,0.6,0.6,0.0,0.5,0.6111111111111112,-0.11111111111111116,-0.004320987654321207
11,sk_sigma_target1,0.5814814814814814,0.6148148148148148,-0.03333333333333344,0.6,0.7333333333333333,-0.1333333333333333,0.5,0.5,0.0,-0.044197530864197754
11,sk_sigma_contralateral1,0.5814814814814814,0.5888888888888889,-0.007407407407407529,0.6,0.6,0.0,0.5,0.4444444444444444,0.05555555555555558,0.010987654320987472
11,sk_mahalanobis1,0.5814814814814814,0.5814814814814814,0.0,0.6,0.6,0.0,0.5,0.5,0.0,1.1102230246251565e-16
11,sk_meanrms2,0.5814814814814814,0.5814814814814814,0.0,0.6,0.6,0.0,0.5,0.5,0.0,-0.0006172839506173311
11,sk_weightedrms2,0.5814814814814814,0.5777777777777777,0.0037037037037036535,0.6,0.6,0.0,0.5,0.5,0.0,0.008641975308641858
11,sk_sigma_target2,0.5814814814814814,0.6148148148148148,-0.03333333333333344,0.6,0.6,0.0,0.5,0.5555555555555556,-0.05555555555555558,-0.04716049382716059
11,sk_sigma_contralateral2,0.5814814814814814,0.5851851851851851,-0.0037037037037037646,0.6,0.6,0.0,0.5,0.5,0.0,0.002345679012345614
11,sk_mahalanobis2,0.5814814814814814,0.5814814814814814,0.0,0.6,0.6,0.0,0.5,0.5,0.0,1.1102230246251565e-16
11,sk_peak14_intensity_abs_delta,0.5814814814814814,0.5888888888888889,-0.007407407407407529,0.6,0.6666666666666666,-0.06666666666666665,0.5,0.5,0.0,0.0033333333333330772
11,sk_mean_peak_value_abs_delta,0.5814814814814814,0.5703703703703704,0.01111111111111096,0.6,0.6,0.0,0.5,0.5,0.0,-0.007037037037037286
11,sk_wasserstein_distance_mu_tc,0.5814814814814814,0.5851851851851851,-0.0037037037037037646,0.6,0.6,0.0,0.5,0.5555555555555556,-0.05555555555555558,-0.000864197530864308
11,sk_cosine_distance_full_q2,0.5814814814814814,0.5777777777777777,0.0037037037037036535,0.6,0.6,0.0,0.5,0.5,0.0,0.002345679012345503
11,sk_wasserstein_distance_full_q2,0.5814814814814814,0.5740740740740741,0.007407407407407307,0.6,0.6,0.0,0.5,0.5,0.0,0.0066666666666664876
12,sk_meanrms1,0.6740740740740742,0.6740740740740742,0.0,0.8,0.8,0.0,0.4444444444444444,0.4444444444444444,0.0,-0.0016049382716047944
12,sk_weightedrms1,0.6740740740740742,0.6703703703703704,0.0037037037037037646,0.8,0.8,0.0,0.4444444444444444,0.3888888888888889,0.055555555555555525,-0.0016049382716047944
12,sk_sigma_target1,0.6740740740740742,0.6703703703703703,0.0037037037037038756,0.8,0.8,0.0,0.4444444444444444,0.4444444444444444,0.0,-0.0022222222222222365
12,sk_sigma_contralateral1,0.6740740740740742,0.6962962962962962,-0.022222222222222032,0.8,0.8,0.0,0.4444444444444444,0.3888888888888889,0.055555555555555525,-0.03827160493827142
12,sk_mahalanobis1,0.6740740740740742,0.6703703703703703,0.0037037037037038756,0.8,0.8,0.0,0.4444444444444444,0.4444444444444444,0.0,-0.0009876543209875743
12,sk_meanrms2,0.6740740740740742,0.6740740740740742,0.0,0.8,0.8,0.0,0.4444444444444444,0.4444444444444444,0.0,0.0003703703703705763
12,sk_weightedrms2,0.6740740740740742,0.6740740740740742,0.0,0.8,0.8,0.0,0.4444444444444444,0.4444444444444444,0.0,-0.00851851851851837
12,sk_sigma_target2,0.6740740740740742,0.6851851851851851,-0.01111111111111096,0.8,0.8,0.0,0.4444444444444444,0.4444444444444444,0.0,-0.010370370370370474
12,sk_sigma_contralateral2,0.6740740740740742,0.6740740740740742,0.0,0.8,0.8,0.0,0.4444444444444444,0.5,-0.05555555555555558,-0.006296296296296133
12,sk_mahalanobis2,0.6740740740740742,0.6703703703703704,0.0037037037037037646,0.8,0.8,0.0,0.4444444444444444,0.5,-0.05555555555555558,-0.0022222222222222365
12,sk_peak14_intensity_abs_delta,0.6740740740740742,0.6740740740740742,0.0,0.8,0.8,0.0,0.4444444444444444,0.4444444444444444,0.0,-0.007037037037036842
12,sk_mean_peak_value_abs_delta,0.6740740740740742,0.6851851851851851,-0.01111111111111096,0.8,0.8,0.0,0.4444444444444444,0.4444444444444444,0.0,-0.018765432098765356
12,sk_wasserstein_distance_mu_tc,0.6740740740740742,0.6703703703703704,0.0037037037037037646,0.8,0.8,0.0,0.4444444444444444,0.5,-0.05555555555555558,-0.024197530864197625
12,sk_cosine_distance_full_q2,0.6740740740740742,0.6777777777777778,-0.0037037037037036535,0.8,0.8,0.0,0.4444444444444444,0.4444444444444444,0.0,-0.026666666666666616
12,sk_wasserstein_distance_full_q2,0.6740740740740742,0.6666666666666666,0.007407407407407529,0.8,0.8,0.0,0.4444444444444444,0.5,-0.05555555555555558,-0.016543209876542897
13,sk_meanrms1,0.674074074074074,0.674074074074074,0.0,0.8,0.8,0.0,0.5,0.5,0.0,0.006790123456790087
13,sk_weightedrms1,0.674074074074074,0.6703703703703704,0.0037037037037036535,0.8,0.8,0.0,0.5,0.5,0.0,0.023209876543209718
13,sk_sigma_target1,0.674074074074074,0.6666666666666667,0.007407407407407307,0.8,0.8,0.0,0.5,0.5,0.0,0.009506172839506055
13,sk_sigma_contralateral1,0.674074074074074,0.674074074074074,0.0,0.8,0.8,0.0,0.5,0.5,0.0,0.0
13,sk_mahalanobis1,0.674074074074074,0.674074074074074,0.0,0.8,0.8,0.0,0.5,0.5,0.0,0.0
13,sk_meanrms2,0.674074074074074,0.674074074074074,0.0,0.8,0.8,0.0,0.5,0.5,0.0,0.00012345679012348842
13,sk_weightedrms2,0.674074074074074,0.6703703703703704,0.0037037037037036535,0.8,0.8,0.0,0.5,0.5,0.0,0.013333333333333308
13,sk_sigma_target2,0.674074074074074,0.6703703703703704,0.0037037037037036535,0.8,0.8,0.0,0.5,0.5,0.0,0.0033333333333331883
13,sk_sigma_contralateral2,0.674074074074074,0.6777777777777778,-0.0037037037037037646,0.8,0.8,0.0,0.5,0.4444444444444444,0.05555555555555558,0.00654320987654311
13,sk_mahalanobis2,0.674074074074074,0.674074074074074,0.0,0.8,0.8,0.0,0.5,0.5,0.0,0.0
13,sk_peak14_intensity_abs_delta,0.674074074074074,0.674074074074074,0.0,0.8,0.8,0.0,0.5,0.5,0.0,0.0008641975308640859
13,sk_mean_peak_value_abs_delta,0.674074074074074,0.6666666666666666,0.007407407407407418,0.8,0.8,0.0,0.5,0.5,0.0,0.04370370370370369
13,sk_wasserstein_distance_mu_tc,0.674074074074074,0.662962962962963,0.011111111111111072,0.8,0.8,0.0,0.5,0.5,0.0,-0.006419753086419733
13,sk_cosine_distance_full_q2,0.674074074074074,0.6777777777777778,-0.0037037037037037646,0.8,0.7333333333333333,0.06666666666666676,0.5,0.5555555555555556,-0.05555555555555558,-0.008148148148148127
13,sk_wasserstein_distance_full_q2,0.674074074074074,0.6592592592592593,0.014814814814814725,0.8,0.8,0.0,0.5,0.4444444444444444,0.05555555555555558,-0.009012345679012435
14,sk_meanrms1,0.7019607843137254,0.7058823529411764,-0.0039215686274509665,0.9333333333333333,0.9333333333333333,0.0,0.35294117647058826,0.35294117647058826,0.0,-0.007320261437908648
14,sk_weightedrms1,0.7019607843137254,0.6980392156862745,0.0039215686274509665,0.9333333333333333,0.9333333333333333,0.0,0.35294117647058826,0.35294117647058826,0.0,0.02784313725490173
14,sk_sigma_target1,0.7019607843137254,0.7098039215686274,-0.007843137254901933,0.9333333333333333,0.9333333333333333,0.0,0.35294117647058826,0.35294117647058826,0.0,-0.007058823529411895
14,sk_sigma_contralateral1,0.7019607843137254,0.7019607843137254,0.0,0.9333333333333333,0.9333333333333333,0.0,0.35294117647058826,0.35294117647058826,0.0,-0.012418300653594838
14,sk_mahalanobis1,0.7019607843137254,0.7098039215686274,-0.007843137254901933,0.9333333333333333,0.9333333333333333,0.0,0.35294117647058826,0.35294117647058826,0.0,0.023529411764705688
14,sk_meanrms2,0.7019607843137254,0.7058823529411764,-0.0039215686274509665,0.9333333333333333,0.9333333333333333,0.0,0.35294117647058826,0.35294117647058826,0.0,-0.0022222222222223476
14,sk_weightedrms2,0.7019607843137254,0.7058823529411764,-0.0039215686274509665,0.9333333333333333,0.9333333333333333,0.0,0.35294117647058826,0.35294117647058826,0.0,-0.015947712418300952
14,sk_sigma_target2,0.7019607843137254,0.7019607843137254,0.0,0.9333333333333333,0.9333333333333333,0.0,0.35294117647058826,0.35294117647058826,0.0,0.0011764705882351123
14,sk_sigma_contralateral2,0.7019607843137254,0.6941176470588235,0.007843137254901933,0.9333333333333333,0.9333333333333333,0.0,0.35294117647058826,0.4117647058823529,-0.05882352941176466,-0.013464052287581851
14,sk_mahalanobis2,0.7019607843137254,0.7019607843137254,0.0,0.9333333333333333,0.9333333333333333,0.0,0.35294117647058826,0.35294117647058826,0.0,0.01777777777777756
14,sk_peak14_intensity_abs_delta,0.7019607843137254,0.7058823529411764,-0.0039215686274509665,0.9333333333333333,0.9333333333333333,0.0,0.35294117647058826,0.35294117647058826,0.0,-0.010326797385621256
14,sk_mean_peak_value_abs_delta,0.7019607843137254,0.6980392156862745,0.0039215686274509665,0.9333333333333333,0.9333333333333333,0.0,0.35294117647058826,0.35294117647058826,0.0,-0.01006535947712428
14,sk_wasserstein_distance_mu_tc,0.7019607843137254,0.7058823529411764,-0.0039215686274509665,0.9333333333333333,0.9333333333333333,0.0,0.35294117647058826,0.35294117647058826,0.0,-0.008496732026143872
14,sk_cosine_distance_full_q2,0.7019607843137254,0.7019607843137254,0.0,0.9333333333333333,0.9333333333333333,0.0,0.35294117647058826,0.35294117647058826,0.0,-0.004183006535947831
14,sk_wasserstein_distance_full_q2,0.7019607843137254,0.7098039215686275,-0.007843137254902044,0.9333333333333333,0.9333333333333333,0.0,0.35294117647058826,0.35294117647058826,0.0,0.021699346405228526
15,sk_meanrms1,0.6518518518518519,0.6555555555555556,-0.0037037037037036535,0.8,0.8,0.0,0.5555555555555556,0.5555555555555556,0.0,-0.0069135802469136864
15,sk_weightedrms1,0.6518518518518519,0.6481481481481483,0.0037037037037036535,0.8,0.8,0.0,0.5555555555555556,0.5555555555555556,0.0,0.007283950617283819
15,sk_sigma_target1,0.6518518518518519,0.6481481481481481,0.0037037037037037646,0.8,0.8,0.0,0.5555555555555556,0.5555555555555556,0.0,0.005308641975308559
15,sk_sigma_contralateral1,0.6518518518518519,0.6555555555555556,-0.0037037037037036535,0.8,0.8,0.0,0.5555555555555556,0.5555555555555556,0.0,-0.00395061728395063
15,sk_mahalanobis1,0.6518518518518519,0.6518518518518519,0.0,0.8,0.8,0.0,0.5555555555555556,0.5555555555555556,0.0,0.023456790123456916
15,sk_meanrms2,0.6518518518518519,0.6518518518518519,0.0,0.8,0.8,0.0,0.5555555555555556,0.5555555555555556,0.0,0.0
15,sk_weightedrms2,0.6518518518518519,0.6481481481481481,0.0037037037037037646,0.8,0.8,0.0,0.5555555555555556,0.5555555555555556,0.0,0.011234567901234782
15,sk_sigma_target2,0.6518518518518519,0.6629629629629631,-0.011111111111111183,0.8,0.8,0.0,0.5555555555555556,0.5555555555555556,0.0,-0.0013580246913579286
15,sk_sigma_contralateral2,0.6518518518518519,0.6518518518518519,0.0,0.8,0.8,0.0,0.5555555555555556,0.5555555555555556,0.0,-0.00037037037037035425
15,sk_mahalanobis2,0.6518518518518519,0.6555555555555556,-0.0037037037037036535,0.8,0.8,0.0,0.5555555555555556,0.5555555555555556,0.0,0.0075308641975307955
15,sk_peak14_intensity_abs_delta,0.6518518518518519,0.6518518518518519,0.0,0.8,0.8,0.0,0.5555555555555556,0.5555555555555556,0.0,-0.0017283950617282828
15,sk_mean_peak_value_abs_delta,0.6518518518518519,0.6481481481481481,0.0037037037037037646,0.8,0.8,0.0,0.5555555555555556,0.5555555555555556,0.0,0.012222222222222245
15,sk_wasserstein_distance_mu_tc,0.6518518518518519,0.6518518518518519,0.0,0.8,0.8,0.0,0.5555555555555556,0.5555555555555556,0.0,-0.0018518518518518823
15,sk_cosine_distance_full_q2,0.6518518518518519,0.6481481481481481,0.0037037037037037646,0.8,0.8,0.0,0.5555555555555556,0.5555555555555556,0.0,0.002345679012345614
15,sk_wasserstein_distance_full_q2,0.6518518518518519,0.662962962962963,-0.011111111111111072,0.8,0.7333333333333333,0.06666666666666676,0.5555555555555556,0.5555555555555556,0.0,-0.014074074074074017
16,sk_meanrms1,0.7222222222222222,0.7296296296296296,-0.007407407407407418,0.8666666666666667,0.8666666666666667,0.0,0.5,0.5,0.0,-0.008148148148148238
16,sk_weightedrms1,0.7222222222222222,0.7185185185185186,0.0037037037037036535,0.8666666666666667,0.8666666666666667,0.0,0.5,0.5,0.0,0.005061728395061693
16,sk_sigma_target1,0.7222222222222222,0.725925925925926,-0.0037037037037037646,0.8666666666666667,0.8666666666666667,0.0,0.5,0.5,0.0,-0.005679012345678913
16,sk_sigma_contralateral1,0.7222222222222222,0.7185185185185186,0.0037037037037036535,0.8666666666666667,0.8666666666666667,0.0,0.5,0.5,0.0,-0.0037037037037037646
16,sk_mahalanobis1,0.7222222222222222,0.7222222222222222,0.0,0.8666666666666667,0.8666666666666667,0.0,0.5,0.5,0.0,2.220446049250313e-16
16,sk_meanrms2,0.7222222222222222,0.7222222222222222,0.0,0.8666666666666667,0.8666666666666667,0.0,0.5,0.5,0.0,0.0037037037037037646
16,sk_weightedrms2,0.7222222222222222,0.7222222222222222,0.0,0.8666666666666667,0.8666666666666667,0.0,0.5,0.5,0.0,-0.005432098765431936
16,sk_sigma_target2,0.7222222222222222,0.7296296296296296,-0.007407407407407418,0.8666666666666667,0.8666666666666667,0.0,0.5,0.4444444444444444,0.05555555555555558,0.0016049382716049054
16,sk_sigma_contralateral2,0.7222222222222222,0.7296296296296296,-0.007407407407407418,0.8666666666666667,0.8666666666666667,0.0,0.5,0.5,0.0,-0.012098765432098868
16,sk_mahalanobis2,0.7222222222222222,0.7222222222222222,0.0,0.8666666666666667,0.8666666666666667,0.0,0.5,0.5,0.0,-0.0012345679012345512
16,sk_peak14_intensity_abs_delta,0.7222222222222222,0.7185185185185186,0.0037037037037036535,0.8666666666666667,0.8666666666666667,0.0,0.5,0.5,0.0,-0.0019753086419752597
16,sk_mean_peak_value_abs_delta,0.7222222222222222,0.725925925925926,-0.0037037037037037646,0.8666666666666667,0.8666666666666667,0.0,0.5,0.5,0.0,-0.004938271604938316
16,sk_wasserstein_distance_mu_tc,0.7222222222222222,0.7148148148148148,0.007407407407407418,0.8666666666666667,0.8666666666666667,0.0,0.5,0.5,0.0,0.014444444444444371
16,sk_cosine_distance_full_q2,0.7222222222222222,0.7222222222222222,0.0,0.8666666666666667,0.8666666666666667,0.0,0.5,0.5,0.0,0.011851851851851669
16,sk_wasserstein_distance_full_q2,0.7222222222222222,0.7074074074074075,0.014814814814814725,0.8666666666666667,0.8666666666666667,0.0,0.5,0.5,0.0,0.038518518518518285
17,sk_meanrms1,0.6814814814814815,0.6777777777777778,0.0037037037037036535,0.6666666666666666,0.6666666666666666,0.0,0.4444444444444444,0.4444444444444444,0.0,0.0030864197530866555
17,sk_weightedrms1,0.6814814814814815,0.6777777777777778,0.0037037037037036535,0.6666666666666666,0.6666666666666666,0.0,0.4444444444444444,0.4444444444444444,0.0,0.005061728395061804
17,sk_sigma_target1,0.6814814814814815,0.6703703703703703,0.011111111111111183,0.6666666666666666,0.6666666666666666,0.0,0.4444444444444444,0.4444444444444444,0.0,0.013456790123456797
17,sk_sigma_contralateral1,0.6814814814814815,0.6703703703703704,0.011111111111111072,0.6666666666666666,0.6666666666666666,0.0,0.4444444444444444,0.4444444444444444,0.0,0.011604938271604692
17,sk_mahalanobis1,0.6814814814814815,0.6814814814814815,0.0,0.6666666666666666,0.6666666666666666,0.0,0.4444444444444444,0.4444444444444444,0.0,2.220446049250313e-16
17,sk_meanrms2,0.6814814814814815,0.6814814814814815,0.0,0.6666666666666666,0.6666666666666666,0.0,0.4444444444444444,0.4444444444444444,0.0,-0.0007407407407405975
17,sk_weightedrms2,0.6814814814814815,0.6703703703703703,0.011111111111111183,0.6666666666666666,0.6666666666666666,0.0,0.4444444444444444,0.4444444444444444,0.0,0.01518518518518519
17,sk_sigma_target2,0.6814814814814815,0.6851851851851851,-0.0037037037037036535,0.6666666666666666,0.6666666666666666,0.0,0.4444444444444444,0.4444444444444444,0.0,0.006913580246913464
17,sk_sigma_contralateral2,0.6814814814814815,0.6703703703703704,0.011111111111111072,0.6666666666666666,0.6666666666666666,0.0,0.4444444444444444,0.3888888888888889,0.055555555555555525,0.011728395061728403
17,sk_mahalanobis2,0.6814814814814815,0.6814814814814815,0.0,0.6666666666666666,0.6666666666666666,0.0,0.4444444444444444,0.4444444444444444,0.0,2.220446049250313e-16
17,sk_peak14_intensity_abs_delta,0.6814814814814815,0.6777777777777778,0.0037037037037036535,0.6666666666666666,0.6666666666666666,0.0,0.4444444444444444,0.4444444444444444,0.0,0.0028395061728394566
17,sk_mean_peak_value_abs_delta,0.6814814814814815,0.6814814814814815,0.0,0.6666666666666666,0.6666666666666666,0.0,0.4444444444444444,0.4444444444444444,0.0,0.002962962962962834
17,sk_wasserstein_distance_mu_tc,0.6814814814814815,0.6814814814814815,0.0,0.6666666666666666,0.6666666666666666,0.0,0.4444444444444444,0.4444444444444444,0.0,0.006666666666666599
17,sk_cosine_distance_full_q2,0.6814814814814815,0.6888888888888889,-0.007407407407407418,0.6666666666666666,0.6666666666666666,0.0,0.4444444444444444,0.4444444444444444,0.0,-0.00012345679012359945
17,sk_wasserstein_distance_full_q2,0.6814814814814815,0.6814814814814815,0.0,0.6666666666666666,0.6666666666666666,0.0,0.4444444444444444,0.4444444444444444,0.0,0.008765432098765236
18,sk_meanrms1,0.674074074074074,0.674074074074074,0.0,0.9333333333333333,0.9333333333333333,0.0,0.2777777777777778,0.2777777777777778,0.0,0.0016049382716049054
18,sk_weightedrms1,0.674074074074074,0.6888888888888889,-0.014814814814814836,0.9333333333333333,0.9333333333333333,0.0,0.2777777777777778,0.2777777777777778,0.0,0.002592592592592813
18,sk_sigma_target1,0.674074074074074,0.6925925925925926,-0.0185185185185186,0.9333333333333333,0.9333333333333333,0.0,0.2777777777777778,0.3333333333333333,-0.055555555555555525,-0.010864197530864206
18,sk_sigma_contralateral1,0.674074074074074,0.6777777777777778,-0.0037037037037037646,0.9333333333333333,0.9333333333333333,0.0,0.2777777777777778,0.2777777777777778,0.0,0.0024691358024689913
18,sk_mahalanobis1,0.674074074074074,0.674074074074074,0.0,0.9333333333333333,0.9333333333333333,0.0,0.2777777777777778,0.2777777777777778,0.0,0.0
18,sk_meanrms2,0.674074074074074,0.6777777777777778,-0.0037037037037037646,0.9333333333333333,0.9333333333333333,0.0,0.2777777777777778,0.2777777777777778,0.0,-0.017654320987654404
18,sk_weightedrms2,0.674074074074074,0.662962962962963,0.011111111111111072,0.9333333333333333,0.9333333333333333,0.0,0.2777777777777778,0.2777777777777778,0.0,0.062469135802469045
18,sk_sigma_target2,0.674074074074074,0.6777777777777778,-0.0037037037037037646,0.9333333333333333,0.9333333333333333,0.0,0.2777777777777778,0.2777777777777778,0.0,-0.006296296296296244
18,sk_sigma_contralateral2,0.674074074074074,0.6777777777777778,-0.0037037037037037646,0.9333333333333333,0.9333333333333333,0.0,0.2777777777777778,0.2777777777777778,0.0,0.002345679012345614
18,sk_mahalanobis2,0.674074074074074,0.674074074074074,0.0,0.9333333333333333,0.9333333333333333,0.0,0.2777777777777778,0.2777777777777778,0.0,0.0
18,sk_peak14_intensity_abs_delta,0.674074074074074,0.674074074074074,0.0,0.9333333333333333,0.9333333333333333,0.0,0.2777777777777778,0.2777777777777778,0.0,-0.0011111111111110628
18,sk_mean_peak_value_abs_delta,0.674074074074074,0.6666666666666667,0.007407407407407307,0.9333333333333333,0.9333333333333333,0.0,0.2777777777777778,0.2777777777777778,0.0,0.025679012345679042
18,sk_wasserstein_distance_mu_tc,0.674074074074074,0.6777777777777778,-0.0037037037037037646,0.9333333333333333,0.9333333333333333,0.0,0.2777777777777778,0.2777777777777778,0.0,-0.035432098765432074
18,sk_cosine_distance_full_q2,0.674074074074074,0.6925925925925926,-0.0185185185185186,0.9333333333333333,0.9333333333333333,0.0,0.2777777777777778,0.2777777777777778,0.0,-0.0377777777777778
18,sk_wasserstein_distance_full_q2,0.674074074074074,0.674074074074074,0.0,0.9333333333333333,0.9333333333333333,0.0,0.2777777777777778,0.2777777777777778,0.0,-0.03370370370370368
19,sk_meanrms1,0.6784313725490196,0.6784313725490196,0.0,0.7333333333333333,0.7333333333333333,0.0,0.6470588235294118,0.6470588235294118,0.0,0.0023529411764704466
19,sk_weightedrms1,0.6784313725490196,0.6823529411764706,-0.0039215686274509665,0.7333333333333333,0.7333333333333333,0.0,0.6470588235294118,0.6470588235294118,0.0,-0.0013071895424837665
19,sk_sigma_target1,0.6784313725490196,0.6705882352941177,0.007843137254901933,0.7333333333333333,0.7333333333333333,0.0,0.6470588235294118,0.6470588235294118,0.0,0.011503267973856035
19,sk_sigma_contralateral1,0.6784313725490196,0.6784313725490196,0.0,0.7333333333333333,0.7333333333333333,0.0,0.6470588235294118,0.6470588235294118,0.0,-1.1102230246251565e-16
19,sk_mahalanobis1,0.6784313725490196,0.6784313725490196,0.0,0.7333333333333333,0.7333333333333333,0.0,0.6470588235294118,0.6470588235294118,0.0,-1.1102230246251565e-16
19,sk_meanrms2,0.6784313725490196,0.6784313725490196,0.0,0.7333333333333333,0.7333333333333333,0.0,0.6470588235294118,0.6470588235294118,0.0,0.00026143790849653126
19,sk_weightedrms2,0.6784313725490196,0.6784313725490196,0.0,0.7333333333333333,0.7333333333333333,0.0,0.6470588235294118,0.6470588235294118,0.0,-0.004705882352941337
19,sk_sigma_target2,0.6784313725490196,0.6823529411764706,-0.0039215686274509665,0.7333333333333333,0.7333333333333333,0.0,0.6470588235294118,0.6470588235294118,0.0,-0.0028758169934641753
19,sk_sigma_contralateral2,0.6784313725490196,0.6705882352941176,0.007843137254902044,0.7333333333333333,0.7333333333333333,0.0,0.6470588235294118,0.6470588235294118,0.0,0.0039215686274508554
19,sk_mahalanobis2,0.6784313725490196,0.6823529411764706,-0.0039215686274509665,0.7333333333333333,0.7333333333333333,0.0,0.6470588235294118,0.6470588235294118,0.0,-1.1102230246251565e-16
19,sk_peak14_intensity_abs_delta,0.6784313725490196,0.6784313725490196,0.0,0.7333333333333333,0.7333333333333333,0.0,0.6470588235294118,0.6470588235294118,0.0,0.000915032679738359
19,sk_mean_peak_value_abs_delta,0.6784313725490196,0.6784313725490196,0.0,0.7333333333333333,0.7333333333333333,0.0,0.6470588235294118,0.6470588235294118,0.0,-0.0013071895424837665
19,sk_wasserstein_distance_mu_tc,0.6784313725490196,0.6823529411764706,-0.0039215686274509665,0.7333333333333333,0.7333333333333333,0.0,0.6470588235294118,0.6470588235294118,0.0,0.000915032679738359
19,sk_cosine_distance_full_q2,0.6784313725490196,0.6745098039215686,0.0039215686274510775,0.7333333333333333,0.7333333333333333,0.0,0.6470588235294118,0.6470588235294118,0.0,0.00013071895424821012
19,sk_wasserstein_distance_full_q2,0.6784313725490196,0.6941176470588235,-0.015686274509803866,0.7333333333333333,0.7333333333333333,0.0,0.6470588235294118,0.5882352941176471,0.05882352941176472,-0.01908496732026166
20,sk_meanrms1,0.7592592592592593,0.7592592592592593,0.0,0.8,0.8,0.0,0.5555555555555556,0.5555555555555556,0.0,-0.015061728395061702
20,sk_weightedrms1,0.7592592592592593,0.7592592592592593,0.0,0.8,0.8,0.0,0.5555555555555556,0.3888888888888889,0.16666666666666669,-0.007407407407407418
20,sk_sigma_target1,0.7592592592592593,0.7592592592592593,0.0,0.8,0.8,0.0,0.5555555555555556,0.5555555555555556,0.0,0.0018518518518517713
20,sk_sigma_contralateral1,0.7592592592592593,0.7592592592592593,0.0,0.8,0.8,0.0,0.5555555555555556,0.5555555555555556,0.0,0.0
20,sk_mahalanobis1,0.7592592592592593,0.7592592592592593,0.0,0.8,0.8,0.0,0.5555555555555556,0.5555555555555556,0.0,-0.0002469135802468658
20,sk_meanrms2,0.7592592592592593,0.7592592592592593,0.0,0.8,0.8,0.0,0.5555555555555556,0.5555555555555556,0.0,-0.0012345679012345512
20,sk_weightedrms2,0.7592592592592593,0.7592592592592593,0.0,0.8,0.8,0.0,0.5555555555555556,0.5,0.05555555555555558,-0.0007407407407405975
20,sk_sigma_target2,0.7592592592592593,0.7592592592592593,0.0,0.8,0.8,0.0,0.5555555555555556,0.5555555555555556,0.0,-0.0001234567901233774
20,sk_sigma_contralateral2,0.7592592592592593,0.762962962962963,-0.0037037037037036535,0.8,0.8,0.0,0.5555555555555556,0.5,0.05555555555555558,-0.007407407407407418
20,sk_mahalanobis2,0.7592592592592593,0.7592592592592593,0.0,0.8,0.8,0.0,0.5555555555555556,0.5555555555555556,0.0,0.0030864197530864335
20,sk_peak14_intensity_abs_delta,0.7592592592592593,0.7592592592592593,0.0,0.8,0.8,0.0,0.5555555555555556,0.5555555555555556,0.0,-0.012222222222222134
20,sk_mean_peak_value_abs_delta,0.7592592592592593,0.7518518518518519,0.007407407407407418,0.8,0.8,0.0,0.5555555555555556,0.5555555555555556,0.0,-0.004691358024691339
20,sk_wasserstein_distance_mu_tc,0.7592592592592593,0.762962962962963,-0.0037037037037036535,0.8,0.8,0.0,0.5555555555555556,0.5555555555555556,0.0,0.012839506172839465
20,sk_cosine_distance_full_q2,0.7592592592592593,0.7592592592592593,0.0,0.8,0.8,0.0,0.5555555555555556,0.5555555555555556,0.0,-0.0002469135802468658
20,sk_wasserstein_distance_full_q2,0.7592592592592593,0.7703703703703704,-0.011111111111111072,0.8,0.8,0.0,0.5555555555555556,0.6111111111111112,-0.05555555555555558,0.04753086419753094
21,sk_meanrms1,0.6481481481481481,0.6407407407407407,0.007407407407407418,0.7333333333333333,0.7333333333333333,0.0,0.6111111111111112,0.6111111111111112,0.0,0.002098765432098748
21,sk_weightedrms1,0.6481481481481481,0.6555555555555554,-0.007407407407407307,0.7333333333333333,0.6666666666666666,0.06666666666666665,0.6111111111111112,0.5,0.11111111111111116,0.0012345679012345512
21,sk_sigma_target1,0.6481481481481481,0.6481481481481481,0.0,0.7333333333333333,0.7333333333333333,0.0,0.6111111111111112,0.5555555555555556,0.05555555555555558,0.005925925925926112
21,sk_sigma_contralateral1,0.6481481481481481,0.6481481481481481,0.0,0.7333333333333333,0.7333333333333333,0.0,0.6111111111111112,0.6111111111111112,0.0,-0.00037037037037035425
21,sk_mahalanobis1,0.6481481481481481,0.6444444444444444,0.0037037037037037646,0.7333333333333333,0.7333333333333333,0.0,0.6111111111111112,0.6111111111111112,0.0,0.01135802469135816
21,sk_meanrms2,0.6481481481481481,0.6444444444444445,0.0037037037037036535,0.7333333333333333,0.7333333333333333,0.0,0.6111111111111112,0.6111111111111112,0.0,-0.0004938271604937317
21,sk_weightedrms2,0.6481481481481481,0.6407407407407407,0.007407407407407418,0.7333333333333333,0.7333333333333333,0.0,0.6111111111111112,0.6111111111111112,0.0,-0.0013580246913580396
21,sk_sigma_target2,0.6481481481481481,0.6518518518518519,-0.0037037037037037646,0.7333333333333333,0.7333333333333333,0.0,0.6111111111111112,0.5555555555555556,0.05555555555555558,0.004197530864197496
21,sk_sigma_contralateral2,0.6481481481481481,0.6518518518518519,-0.0037037037037037646,0.7333333333333333,0.6666666666666666,0.06666666666666665,0.6111111111111112,0.6111111111111112,0.0,0.0069135802469136864
21,sk_mahalanobis2,0.6481481481481481,0.6518518518518519,-0.0037037037037037646,0.7333333333333333,0.7333333333333333,0.0,0.6111111111111112,0.6111111111111112,0.0,0.0051851851851850705
21,sk_peak14_intensity_abs_delta,0.6481481481481481,0.6481481481481481,0.0,0.7333333333333333,0.7333333333333333,0.0,0.6111111111111112,0.6111111111111112,0.0,-1.1102230246251565e-16
21,sk_mean_peak_value_abs_delta,0.6481481481481481,0.6481481481481481,0.0,0.7333333333333333,0.7333333333333333,0.0,0.6111111111111112,0.5555555555555556,0.05555555555555558,0.006296296296296244
21,sk_wasserstein_distance_mu_tc,0.6481481481481481,0.6481481481481481,0.0,0.7333333333333333,0.6666666666666666,0.06666666666666665,0.6111111111111112,0.6111111111111112,0.0,0.0125925925925926
21,sk_cosine_distance_full_q2,0.6481481481481481,0.6370370370370371,0.011111111111111072,0.7333333333333333,0.6666666666666666,0.06666666666666665,0.6111111111111112,0.6111111111111112,0.0,0.007160493827160441
21,sk_wasserstein_distance_full_q2,0.6481481481481481,0.6444444444444444,0.0037037037037037646,0.7333333333333333,0.6666666666666666,0.06666666666666665,0.6111111111111112,0.5555555555555556,0.05555555555555558,0.02641975308641964
22,sk_meanrms1,0.6370370370370371,0.6259259259259259,0.011111111111111183,0.6666666666666666,0.6666666666666666,0.0,0.5555555555555556,0.5555555555555556,0.0,0.014320987654321105
22,sk_weightedrms1,0.6370370370370371,0.6296296296296297,0.007407407407407418,0.6666666666666666,0.6666666666666666,0.0,0.5555555555555556,0.5,0.05555555555555558,0.01987654320987664
22,sk_sigma_target1,0.6370370370370371,0.6444444444444445,-0.007407407407407418,0.6666666666666666,0.6666666666666666,0.0,0.5555555555555556,0.5555555555555556,0.0,-0.0054320987654322694
22,sk_sigma_contralateral1,0.6370370370370371,0.6333333333333333,0.0037037037037037646,0.6666666666666666,0.6666666666666666,0.0,0.5555555555555556,0.5555555555555556,0.0,0.0009876543209876854
22,sk_mahalanobis1,0.6370370370370371,0.6333333333333333,0.0037037037037037646,0.6666666666666666,0.6666666666666666,0.0,0.5555555555555556,0.5555555555555556,0.0,1.1102230246251565e-16
22,sk_meanrms2,0.6370370370370371,0.6407407407407407,-0.0037037037037036535,0.6666666666666666,0.6666666666666666,0.0,0.5555555555555556,0.5555555555555556,0.0,0.0009876543209877964
22,sk_weightedrms2,0.6370370370370371,0.6222222222222222,0.014814814814814836,0.6666666666666666,0.6666666666666666,0.0,0.5555555555555556,0.5555555555555556,0.0,0.014197530864197727
22,sk_sigma_target2,0.6370370370370371,0.625925925925926,0.011111111111111072,0.6666666666666666,0.6666666666666666,0.0,0.5555555555555556,0.5555555555555556,0.0,0.018888888888888955
22,sk_sigma_contralateral2,0.6370370370370371,0.6296296296296297,0.007407407407407418,0.6666666666666666,0.6666666666666666,0.0,0.5555555555555556,0.5555555555555556,0.0,0.007160493827160441
22,sk_mahalanobis2,0.6370370370370371,0.6296296296296297,0.007407407407407418,0.6666666666666666,0.6666666666666666,0.0,0.5555555555555556,0.5555555555555556,0.0,1.1102230246251565e-16
22,sk_peak14_intensity_abs_delta,0.6370370370370371,0.6370370370370371,0.0,0.6666666666666666,0.6666666666666666,0.0,0.5555555555555556,0.5555555555555556,0.0,0.01259259259259271
22,sk_mean_peak_value_abs_delta,0.6370370370370371,0.625925925925926,0.011111111111111072,0.6666666666666666,0.6666666666666666,0.0,0.5555555555555556,0.4444444444444444,0.11111111111111116,0.027530864197531035
22,sk_wasserstein_distance_mu_tc,0.6370370370370371,0.6370370370370371,0.0,0.6666666666666666,0.6666666666666666,0.0,0.5555555555555556,0.5555555555555556,0.0,0.0028395061728395676
22,sk_cosine_distance_full_q2,0.6370370370370371,0.6296296296296297,0.007407407407407418,0.6666666666666666,0.6666666666666666,0.0,0.5555555555555556,0.6111111111111112,-0.05555555555555558,0.0016049382716049054
22,sk_wasserstein_distance_full_q2,0.6370370370370371,0.6185185185185185,0.0185185185185186,0.6666666666666666,0.6666666666666666,0.0,0.5555555555555556,0.5,0.05555555555555558,0.016419753086419853
23,sk_meanrms1,0.6851851851851851,0.6851851851851851,0.0,0.8,0.8,0.0,0.3333333333333333,0.3333333333333333,0.0,0.002592592592592813
23,sk_weightedrms1,0.6851851851851851,0.6703703703703703,0.014814814814814836,0.8,0.8,0.0,0.3333333333333333,0.3333333333333333,0.0,0.016790123456790096
23,sk_sigma_target1,0.6851851851851851,0.6851851851851851,0.0,0.8,0.8666666666666667,-0.06666666666666665,0.3333333333333333,0.3333333333333333,0.0,-0.002716049382716079
23,sk_sigma_contralateral1,0.6851851851851851,0.6814814814814815,0.0037037037037036535,0.8,0.8,0.0,0.3333333333333333,0.3333333333333333,0.0,0.004444444444444362
23,sk_mahalanobis1,0.6851851851851851,0.6851851851851851,0.0,0.8,0.8,0.0,0.3333333333333333,0.3333333333333333,0.0,3.3306690738754696e-16
23,sk_meanrms2,0.6851851851851851,0.6851851851851851,0.0,0.8,0.8,0.0,0.3333333333333333,0.3333333333333333,0.0,-0.004197530864197607
23,sk_weightedrms2,0.6851851851851851,0.6851851851851852,-1.1102230246251565e-16,0.8,0.8,0.0,0.3333333333333333,0.3333333333333333,0.0,0.01395061728395064
23,sk_sigma_target2,0.6851851851851851,0.6814814814814815,0.0037037037037036535,0.8,0.8,0.0,0.3333333333333333,0.3333333333333333,0.0,0.00469135802469145
23,sk_sigma_contralateral2,0.6851851851851851,0.6851851851851851,0.0,0.8,0.8,0.0,0.3333333333333333,0.3333333333333333,0.0,0.001481481481481528
23,sk_mahalanobis2,0.6851851851851851,0.6888888888888889,-0.0037037037037037646,0.8,0.8,0.0,0.3333333333333333,0.3333333333333333,0.0,3.3306690738754696e-16
23,sk_peak14_intensity_abs_delta,0.6851851851851851,0.6851851851851851,0.0,0.8,0.8,0.0,0.3333333333333333,0.3333333333333333,0.0,0.0012345679012347732
23,sk_mean_peak_value_abs_delta,0.6851851851851851,0.674074074074074,0.011111111111111072,0.8,0.8,0.0,0.3333333333333333,0.3333333333333333,0.0,0.021481481481481435
23,sk_wasserstein_distance_mu_tc,0.6851851851851851,0.6888888888888889,-0.0037037037037037646,0.8,0.8,0.0,0.3333333333333333,0.3333333333333333,0.0,-0.008148148148148238
23,sk_cosine_distance_full_q2,0.6851851851851851,0.6851851851851851,0.0,0.8,0.8,0.0,0.3333333333333333,0.3333333333333333,0.0,-0.003580246913580276
23,sk_wasserstein_distance_full_q2,0.6851851851851851,0.6888888888888889,-0.0037037037037037646,0.8,0.8,0.0,0.3333333333333333,0.3333333333333333,0.0,-0.007283950617284041
24,sk_meanrms1,0.6705882352941176,0.6705882352941176,0.0,1.0,1.0,0.0,0.47058823529411764,0.47058823529411764,0.0,-0.002614379084967533
24,sk_weightedrms1,0.6705882352941176,0.6745098039215686,-0.0039215686274509665,1.0,1.0,0.0,0.47058823529411764,0.4117647058823529,0.05882352941176472,0.0015686274509800757
24,sk_sigma_target1,0.6705882352941176,0.6823529411764706,-0.01176470588235301,1.0,1.0,0.0,0.47058823529411764,0.4117647058823529,0.05882352941176472,-0.01150326797385648
24,sk_sigma_contralateral1,0.6705882352941176,0.6705882352941176,0.0,1.0,1.0,0.0,0.47058823529411764,0.47058823529411764,0.0,-0.002614379084967533
24,sk_mahalanobis1,0.6705882352941176,0.6705882352941176,0.0,1.0,1.0,0.0,0.47058823529411764,0.47058823529411764,0.0,-0.0003921568627454075
24,sk_meanrms2,0.6705882352941176,0.6705882352941176,0.0,1.0,1.0,0.0,0.47058823529411764,0.47058823529411764,0.0,-0.0011764705882355564
24,sk_weightedrms2,0.6705882352941176,0.6745098039215686,-0.0039215686274509665,1.0,1.0,0.0,0.47058823529411764,0.47058823529411764,0.0,0.007712418300653279
24,sk_sigma_target2,0.6705882352941176,0.6745098039215687,-0.0039215686274510775,1.0,1.0,0.0,0.47058823529411764,0.47058823529411764,0.0,-0.009281045751634243
24,sk_sigma_contralateral2,0.6705882352941176,0.6745098039215686,-0.0039215686274509665,1.0,1.0,0.0,0.47058823529411764,0.47058823529411764,0.0,-0.0037908496732028674
24,sk_mahalanobis2,0.6705882352941176,0.6705882352941176,0.0,1.0,1.0,0.0,0.47058823529411764,0.47058823529411764,0.0,-0.0001307189542486542
24,sk_peak14_intensity_abs_delta,0.6705882352941176,0.6705882352941176,0.0,1.0,1.0,0.0,0.47058823529411764,0.47058823529411764,0.0,-0.0011764705882355564
24,sk_mean_peak_value_abs_delta,0.6705882352941176,0.6705882352941176,0.0,1.0,1.0,0.0,0.47058823529411764,0.47058823529411764,0.0,0.004705882352940893
24,sk_wasserstein_distance_mu_tc,0.6705882352941176,0.6745098039215686,-0.0039215686274509665,1.0,1.0,0.0,0.47058823529411764,0.4117647058823529,0.05882352941176472,-0.012679738562091702
24,sk_cosine_distance_full_q2,0.6705882352941176,0.6705882352941176,0.0,1.0,1.0,0.0,0.47058823529411764,0.47058823529411764,0.0,-0.007973856209150587
24,sk_wasserstein_distance_full_q2,0.6705882352941176,0.6784313725490196,-0.007843137254902044,1.0,1.0,0.0,0.47058823529411764,0.4117647058823529,0.05882352941176472,-0.030588235294117805
25,sk_meanrms1,0.7222222222222223,0.7185185185185186,0.0037037037037037646,0.8,0.8,0.0,0.5,0.5,0.0,0.0002469135802471989
25,sk_weightedrms1,0.7222222222222223,0.737037037037037,-0.014814814814814725,0.8,0.8,0.0,0.5,0.3888888888888889,0.1111111111111111,-0.023333333333333206
25,sk_sigma_target1,0.7222222222222223,0.7296296296296296,-0.007407407407407307,0.8,0.8,0.0,0.5,0.4444444444444444,0.05555555555555558,-0.010246913580246764
25,sk_sigma_contralateral1,0.7222222222222223,0.7222222222222223,0.0,0.8,0.8,0.0,0.5,0.5,0.0,-0.00012345679012326638
25,sk_mahalanobis1,0.7222222222222223,0.7222222222222223,0.0,0.8,0.8,0.0,0.5,0.5,0.0,-0.00012345679012326638
25,sk_meanrms2,0.7222222222222223,0.7222222222222223,0.0,0.8,0.8,0.0,0.5,0.4444444444444444,0.05555555555555558,-0.002345679012345614
25,sk_weightedrms2,0.7222222222222223,0.7296296296296296,-0.007407407407407307,0.8,0.7333333333333333,0.06666666666666676,0.5,0.5555555555555556,-0.05555555555555558,0.025679012345679042
25,sk_sigma_target2,0.7222222222222223,0.7296296296296296,-0.007407407407407307,0.8,0.8,0.0,0.5,0.5,0.0,-0.00913580246913559
25,sk_sigma_contralateral2,0.7222222222222223,0.7185185185185186,0.0037037037037037646,0.8,0.8,0.0,0.5,0.3888888888888889,0.1111111111111111,0.00530864197530867
25,sk_mahalanobis2,0.7222222222222223,0.7222222222222223,0.0,0.8,0.8,0.0,0.5,0.5,0.0,-0.00012345679012326638
25,sk_peak14_intensity_abs_delta,0.7222222222222223,0.7185185185185186,0.0037037037037037646,0.8,0.8,0.0,0.5,0.4444444444444444,0.05555555555555558,0.004197530864197607
25,sk_mean_peak_value_abs_delta,0.7222222222222223,0.7222222222222222,1.1102230246251565e-16,0.8,0.8,0.0,0.5,0.4444444444444444,0.05555555555555558,-0.0016049382716049054
25,sk_wasserstein_distance_mu_tc,0.7222222222222223,0.7222222222222223,0.0,0.8,0.8,0.0,0.5,0.5,0.0,0.0019753086419752597
25,sk_cosine_distance_full_q2,0.7222222222222223,0.725925925925926,-0.0037037037037036535,0.8,0.7333333333333333,0.06666666666666676,0.5,0.5555555555555556,-0.05555555555555558,-0.0028395061728393456
25,sk_wasserstein_distance_full_q2,0.7222222222222223,0.7111111111111111,0.011111111111111183,0.8,0.8,0.0,0.5,0.3888888888888889,0.1111111111111111,0.008395061728395214
26,sk_meanrms1,0.7185185185185186,0.7185185185185186,0.0,0.8666666666666667,0.8666666666666667,0.0,0.5555555555555556,0.5555555555555556,0.0,0.004074074074074008
26,sk_weightedrms1,0.7185185185185186,0.7037037037037037,0.014814814814814836,0.8666666666666667,0.8666666666666667,0.0,0.5555555555555556,0.3888888888888889,0.16666666666666669,0.02259259259259261
26,sk_sigma_target1,0.7185185185185186,0.7148148148148148,0.0037037037037037646,0.8666666666666667,0.8666666666666667,0.0,0.5555555555555556,0.5555555555555556,0.0,0.005432098765432047
26,sk_sigma_contralateral1,0.7185185185185186,0.7148148148148148,0.0037037037037037646,0.8666666666666667,0.8666666666666667,0.0,0.5555555555555556,0.5555555555555556,0.0,0.004691358024691339
26,sk_mahalanobis1,0.7185185185185186,0.7185185185185186,0.0,0.8666666666666667,0.8666666666666667,0.0,0.5555555555555556,0.5555555555555556,0.0,0.013827160493827262
26,sk_meanrms2,0.7185185185185186,0.7185185185185186,0.0,0.8666666666666667,0.8666666666666667,0.0,0.5555555555555556,0.5555555555555556,0.0,0.002962962962962834
26,sk_weightedrms2,0.7185185185185186,0.7148148148148148,0.0037037037037037646,0.8666666666666667,0.8666666666666667,0.0,0.5555555555555556,0.5,0.05555555555555558,-0.002716049382715968
26,sk_sigma_target2,0.7185185185185186,0.7111111111111111,0.007407407407407418,0.8666666666666667,0.8666666666666667,0.0,0.5555555555555556,0.5555555555555556,0.0,0.012592592592592489
26,sk_sigma_contralateral2,0.7185185185185186,0.7222222222222222,-0.0037037037037036535,0.8666666666666667,0.8666666666666667,0.0,0.5555555555555556,0.5555555555555556,0.0,-0.001481481481481528
26,sk_mahalanobis2,0.7185185185185186,0.7185185185185186,0.0,0.8666666666666667,0.8666666666666667,0.0,0.5555555555555556,0.5555555555555556,0.0,0.014074074074074128
26,sk_peak14_intensity_abs_delta,0.7185185185185186,0.7148148148148148,0.0037037037037037646,0.8666666666666667,0.8666666666666667,0.0,0.5555555555555556,0.5555555555555556,0.0,0.004197530864197385
26,sk_mean_peak_value_abs_delta,0.7185185185185186,0.7111111111111111,0.007407407407407418,0.8666666666666667,0.8666666666666667,0.0,0.5555555555555556,0.5555555555555556,0.0,0.015061728395061813
26,sk_wasserstein_distance_mu_tc,0.7185185185185186,0.7148148148148148,0.0037037037037037646,0.8666666666666667,0.8666666666666667,0.0,0.5555555555555556,0.5555555555555556,0.0,0.014074074074074128
26,sk_cosine_distance_full_q2,0.7185185185185186,0.7185185185185186,0.0,0.8666666666666667,0.8666666666666667,0.0,0.5555555555555556,0.5555555555555556,0.0,-0.004074074074074119
26,sk_wasserstein_distance_full_q2,0.7185185185185186,0.7111111111111111,0.007407407407407418,0.8666666666666667,0.8666666666666667,0.0,0.5555555555555556,0.5,0.05555555555555558,0.04765432098765432
27,sk_meanrms1,0.788888888888889,0.788888888888889,0.0,0.9333333333333333,0.9333333333333333,0.0,0.6111111111111112,0.6111111111111112,0.0,0.0012345679012347732
27,sk_weightedrms1,0.788888888888889,0.762962962962963,0.02592592592592602,0.9333333333333333,0.9333333333333333,0.0,0.6111111111111112,0.6111111111111112,0.0,0.030246913580247003
27,sk_sigma_target1,0.788888888888889,0.7851851851851852,0.0037037037037037646,0.9333333333333333,0.9333333333333333,0.0,0.6111111111111112,0.6111111111111112,0.0,0.005061728395061915
27,sk_sigma_contralateral1,0.788888888888889,0.788888888888889,0.0,0.9333333333333333,0.9333333333333333,0.0,0.6111111111111112,0.6111111111111112,0.0,-0.0022222222222219035
27,sk_mahalanobis1,0.788888888888889,0.788888888888889,0.0,0.9333333333333333,0.9333333333333333,0.0,0.6111111111111112,0.6111111111111112,0.0,0.00012345679012359945
27,sk_meanrms2,0.788888888888889,0.788888888888889,0.0,0.9333333333333333,0.9333333333333333,0.0,0.6111111111111112,0.6111111111111112,0.0,0.0022222222222223476
27,sk_weightedrms2,0.788888888888889,0.7925925925925925,-0.0037037037037035425,0.9333333333333333,0.9333333333333333,0.0,0.6111111111111112,0.6666666666666666,-0.05555555555555547,0.017777777777777892
27,sk_sigma_target2,0.788888888888889,0.788888888888889,0.0,0.9333333333333333,0.9333333333333333,0.0,0.6111111111111112,0.6111111111111112,0.0,-0.002098765432098637
27,sk_sigma_contralateral2,0.788888888888889,0.7962962962962963,-0.007407407407407307,0.9333333333333333,0.9333333333333333,0.0,0.6111111111111112,0.6111111111111112,0.0,-0.005555555555555536
27,sk_mahalanobis2,0.788888888888889,0.7814814814814814,0.007407407407407529,0.9333333333333333,0.9333333333333333,0.0,0.6111111111111112,0.6111111111111112,0.0,0.002592592592592702
27,sk_peak14_intensity_abs_delta,0.788888888888889,0.7925925925925925,-0.0037037037037035425,0.9333333333333333,0.9333333333333333,0.0,0.6111111111111112,0.6111111111111112,0.0,0.0027160493827161902
27,sk_mean_peak_value_abs_delta,0.788888888888889,0.7851851851851852,0.0037037037037037646,0.9333333333333333,0.9333333333333333,0.0,0.6111111111111112,0.6111111111111112,0.0,0.010246913580246986
27,sk_wasserstein_distance_mu_tc,0.788888888888889,0.8,-0.011111111111111072,0.9333333333333333,0.9333333333333333,0.0,0.6111111111111112,0.6111111111111112,0.0,-0.026790123456790105
27,sk_cosine_distance_full_q2,0.788888888888889,0.788888888888889,0.0,0.9333333333333333,0.9333333333333333,0.0,0.6111111111111112,0.6666666666666666,-0.05555555555555547,-0.018765432098765245
27,sk_wasserstein_distance_full_q2,0.788888888888889,0.8148148148148149,-0.025925925925925908,0.9333333333333333,0.9333333333333333,0.0,0.6111111111111112,0.6111111111111112,0.0,-0.06074074074074076
28,sk_meanrms1,0.6962962962962963,0.6888888888888889,0.007407407407407418,0.8,0.8,0.0,0.2777777777777778,0.2777777777777778,0.0,0.015679012345678922
28,sk_weightedrms1,0.6962962962962963,0.6814814814814815,0.014814814814814836,0.8,0.8,0.0,0.2777777777777778,0.2777777777777778,0.0,0.016666666666666607
28,sk_sigma_target1,0.6962962962962963,0.7074074074074074,-0.011111111111111072,0.8,0.8,0.0,0.2777777777777778,0.2777777777777778,0.0,-0.001481481481481528
28,sk_sigma_contralateral1,0.6962962962962963,0.6814814814814815,0.014814814814814836,0.8,0.8,0.0,0.2777777777777778,0.2222222222222222,0.05555555555555558,0.01716049382716045
28,sk_mahalanobis1,0.6962962962962963,0.6962962962962963,0.0,0.8,0.8,0.0,0.2777777777777778,0.2777777777777778,0.0,0.0
28,sk_meanrms2,0.6962962962962963,0.6962962962962963,0.0,0.8,0.8,0.0,0.2777777777777778,0.2777777777777778,0.0,0.00851851851851837
28,sk_weightedrms2,0.6962962962962963,0.6888888888888889,0.007407407407407418,0.8,0.8,0.0,0.2777777777777778,0.3333333333333333,-0.055555555555555525,0.004691358024691339
28,sk_sigma_target2,0.6962962962962963,0.7,-0.0037037037037036535,0.8,0.8,0.0,0.2777777777777778,0.2777777777777778,0.0,0.006419753086419622
28,sk_sigma_contralateral2,0.6962962962962963,0.6925925925925926,0.0037037037037036535,0.8,0.8666666666666667,-0.06666666666666665,0.2777777777777778,0.3333333333333333,-0.055555555555555525,0.010864197530864095
28,sk_mahalanobis2,0.6962962962962963,0.6962962962962963,0.0,0.8,0.8,0.0,0.2777777777777778,0.2777777777777778,0.0,0.0
28,sk_peak14_intensity_abs_delta,0.6962962962962963,0.7,-0.0037037037037036535,0.8,0.8,0.0,0.2777777777777778,0.2777777777777778,0.0,-0.0012345679012343291
28,sk_mean_peak_value_abs_delta,0.6962962962962963,0.6740740740740742,0.022222222222222143,0.8,0.8,0.0,0.2777777777777778,0.2777777777777778,0.0,0.050000000000000155
28,sk_wasserstein_distance_mu_tc,0.6962962962962963,0.6888888888888889,0.007407407407407418,0.8,0.8,0.0,0.2777777777777778,0.2777777777777778,0.0,0.006419753086419733
28,sk_cosine_distance_full_q2,0.6962962962962963,0.6851851851851851,0.011111111111111183,0.8,0.8,0.0,0.2777777777777778,0.2777777777777778,0.0,0.006913580246913464
28,sk_wasserstein_distance_full_q2,0.6962962962962963,0.6888888888888889,0.007407407407407418,0.8,0.8,0.0,0.2777777777777778,0.16666666666666666,0.11111111111111113,0.018271604938271735
29,sk_meanrms1,0.6039215686274509,0.6039215686274509,0.0,0.7333333333333333,0.7333333333333333,0.0,0.35294117647058826,0.35294117647058826,0.0,0.00026143790849642023
29,sk_weightedrms1,0.6039215686274509,0.6117647058823529,-0.007843137254901933,0.7333333333333333,0.7333333333333333,0.0,0.35294117647058826,0.4117647058823529,-0.05882352941176466,-0.005098039215686523
29,sk_sigma_target1,0.6039215686274509,0.6,0.0039215686274509665,0.7333333333333333,0.7333333333333333,0.0,0.35294117647058826,0.35294117647058826,0.0,0.00614379084967287
29,sk_sigma_contralateral1,0.6039215686274509,0.6039215686274509,0.0,0.7333333333333333,0.7333333333333333,0.0,0.35294117647058826,0.35294117647058826,0.0,-0.0005228758169937286
29,sk_mahalanobis1,0.6039215686274509,0.6039215686274509,0.0,0.7333333333333333,0.7333333333333333,0.0,0.35294117647058826,0.35294117647058826,0.0,-1.1102230246251565e-16
29,sk_meanrms2,0.6039215686274509,0.6039215686274509,0.0,0.7333333333333333,0.7333333333333333,0.0,0.35294117647058826,0.35294117647058826,0.0,-0.006143790849673425
29,sk_weightedrms2,0.6039215686274509,0.5803921568627451,0.0235294117647058,0.7333333333333333,0.7333333333333333,0.0,0.35294117647058826,0.35294117647058826,0.0,0.01267973856209148
29,sk_sigma_target2,0.6039215686274509,0.6196078431372549,-0.015686274509803977,0.7333333333333333,0.8,-0.06666666666666676,0.35294117647058826,0.4117647058823529,-0.05882352941176466,-0.0022222222222224586
29,sk_sigma_contralateral2,0.6039215686274509,0.6039215686274509,0.0,0.7333333333333333,0.7333333333333333,0.0,0.35294117647058826,0.35294117647058826,0.0,-1.1102230246251565e-16
29,sk_mahalanobis2,0.6039215686274509,0.6039215686274509,0.0,0.7333333333333333,0.7333333333333333,0.0,0.35294117647058826,0.35294117647058826,0.0,-1.1102230246251565e-16
29,sk_peak14_intensity_abs_delta,0.6039215686274509,0.6039215686274509,0.0,0.7333333333333333,0.7333333333333333,0.0,0.35294117647058826,0.35294117647058826,0.0,0.0003921568627449634
29,sk_mean_peak_value_abs_delta,0.6039215686274509,0.607843137254902,-0.0039215686274510775,0.7333333333333333,0.7333333333333333,0.0,0.35294117647058826,0.35294117647058826,0.0,-0.0039215686274511885
29,sk_wasserstein_distance_mu_tc,0.6039215686274509,0.6039215686274509,0.0,0.7333333333333333,0.7333333333333333,0.0,0.35294117647058826,0.4117647058823529,-0.05882352941176466,0.001699346405228619
29,sk_cosine_distance_full_q2,0.6039215686274509,0.6039215686274509,0.0,0.7333333333333333,0.7333333333333333,0.0,0.35294117647058826,0.35294117647058826,0.0,0.0006535947712416057
29,sk_wasserstein_distance_full_q2,0.6039215686274509,0.592156862745098,0.0117647058823529,0.7333333333333333,0.7333333333333333,0.0,0.35294117647058826,0.4117647058823529,-0.05882352941176466,0.00849673202614365
30,sk_meanrms1,0.662962962962963,0.6592592592592592,0.0037037037037037646,0.8666666666666667,0.8666666666666667,0.0,0.4444444444444444,0.4444444444444444,0.0,0.005185185185185182
30,sk_weightedrms1,0.662962962962963,0.6592592592592592,0.0037037037037037646,0.8666666666666667,0.8666666666666667,0.0,0.4444444444444444,0.4444444444444444,0.0,0.0060493827160493785
30,sk_sigma_target1,0.662962962962963,0.662962962962963,0.0,0.8666666666666667,0.8666666666666667,0.0,0.4444444444444444,0.4444444444444444,0.0,-3.3306690738754696e-16
30,sk_sigma_contralateral1,0.662962962962963,0.662962962962963,0.0,0.8666666666666667,0.8666666666666667,0.0,0.4444444444444444,0.4444444444444444,0.0,-0.002962962962963056
30,sk_mahalanobis1,0.662962962962963,0.662962962962963,0.0,0.8666666666666667,0.8666666666666667,0.0,0.4444444444444444,0.4444444444444444,0.0,-3.3306690738754696e-16
30,sk_meanrms2,0.662962962962963,0.662962962962963,0.0,0.8666666666666667,0.8666666666666667,0.0,0.4444444444444444,0.4444444444444444,0.0,-0.004938271604938427
30,sk_weightedrms2,0.662962962962963,0.6555555555555557,0.007407407407407307,0.8666666666666667,0.8666666666666667,0.0,0.4444444444444444,0.3888888888888889,0.055555555555555525,0.011358024691357937
30,sk_sigma_target2,0.662962962962963,0.674074074074074,-0.011111111111111072,0.8666666666666667,0.8666666666666667,0.0,0.4444444444444444,0.3888888888888889,0.055555555555555525,-0.014074074074074017
30,sk_sigma_contralateral2,0.662962962962963,0.662962962962963,0.0,0.8666666666666667,0.8666666666666667,0.0,0.4444444444444444,0.4444444444444444,0.0,-0.0007407407407409305
30,sk_mahalanobis2,0.662962962962963,0.6703703703703705,-0.007407407407407529,0.8666666666666667,0.8666666666666667,0.0,0.4444444444444444,0.4444444444444444,0.0,-3.3306690738754696e-16
30,sk_peak14_intensity_abs_delta,0.662962962962963,0.6666666666666667,-0.0037037037037037646,0.8666666666666667,0.8666666666666667,0.0,0.4444444444444444,0.4444444444444444,0.0,0.0006172839506174421
30,sk_mean_peak_value_abs_delta,0.662962962962963,0.674074074074074,-0.011111111111111072,0.8666666666666667,0.8666666666666667,0.0,0.4444444444444444,0.4444444444444444,0.0,0.007160493827160219
30,sk_wasserstein_distance_mu_tc,0.662962962962963,0.6666666666666667,-0.0037037037037037646,0.8666666666666667,0.8666666666666667,0.0,0.4444444444444444,0.4444444444444444,0.0,-0.008024691358024971
30,sk_cosine_distance_full_q2,0.662962962962963,0.6555555555555557,0.007407407407407307,0.8666666666666667,0.8666666666666667,0.0,0.4444444444444444,0.3888888888888889,0.055555555555555525,-0.00790123456790126
30,sk_wasserstein_distance_full_q2,0.662962962962963,0.6814814814814816,-0.0185185185185186,0.8666666666666667,0.8666666666666667,0.0,0.4444444444444444,0.3888888888888889,0.055555555555555525,-0.010864197530864095
31,sk_meanrms1,0.6296296296296297,0.6296296296296297,0.0,0.6666666666666666,0.6666666666666666,0.0,0.3333333333333333,0.3333333333333333,0.0,0.0012345679012344402
31,sk_weightedrms1,0.6296296296296297,0.6444444444444444,-0.014814814814814725,0.6666666666666666,0.6666666666666666,0.0,0.3333333333333333,0.3333333333333333,0.0,0.007654320987654284
31,sk_sigma_target1,0.6296296296296297,0.6444444444444444,-0.014814814814814725,0.6666666666666666,0.6666666666666666,0.0,0.3333333333333333,0.3333333333333333,0.0,-0.010987654320987583
31,sk_sigma_contralateral1,0.6296296296296297,0.6296296296296297,0.0,0.6666666666666666,0.7333333333333333,-0.06666666666666665,0.3333333333333333,0.3333333333333333,0.0,0.01654320987654334
31,sk_mahalanobis1,0.6296296296296297,0.6296296296296297,0.0,0.6666666666666666,0.6666666666666666,0.0,0.3333333333333333,0.3333333333333333,0.0,0.0
31,sk_meanrms2,0.6296296296296297,0.6296296296296297,0.0,0.6666666666666666,0.6666666666666666,0.0,0.3333333333333333,0.3333333333333333,0.0,-0.0075308641975307955
31,sk_weightedrms2,0.6296296296296297,0.625925925925926,0.0037037037037036535,0.6666666666666666,0.6666666666666666,0.0,0.3333333333333333,0.3333333333333333,0.0,0.016790123456790096
31,sk_sigma_target2,0.6296296296296297,0.6296296296296297,0.0,0.6666666666666666,0.6666666666666666,0.0,0.3333333333333333,0.3333333333333333,0.0,-0.010246913580246875
31,sk_sigma_contralateral2,0.6296296296296297,0.6296296296296297,0.0,0.6666666666666666,0.6666666666666666,0.0,0.3333333333333333,0.3333333333333333,0.0,0.0
31,sk_mahalanobis2,0.6296296296296297,0.6296296296296297,0.0,0.6666666666666666,0.6666666666666666,0.0,0.3333333333333333,0.3333333333333333,0.0,0.0
31,sk_peak14_intensity_abs_delta,0.6296296296296297,0.6333333333333333,-0.0037037037037036535,0.6666666666666666,0.6666666666666666,0.0,0.3333333333333333,0.3333333333333333,0.0,0.003827160493827142
31,sk_mean_peak_value_abs_delta,0.6296296296296297,0.6185185185185185,0.011111111111111183,0.6666666666666666,0.6666666666666666,0.0,0.3333333333333333,0.3333333333333333,0.0,0.030617283950617247
31,sk_wasserstein_distance_mu_tc,0.6296296296296297,0.6333333333333333,-0.0037037037037036535,0.6666666666666666,0.6666666666666666,0.0,0.3333333333333333,0.3333333333333333,0.0,0.0028395061728395676
31,sk_cosine_distance_full_q2,0.6296296296296297,0.6333333333333333,-0.0037037037037036535,0.6666666666666666,0.6666666666666666,0.0,0.3333333333333333,0.3333333333333333,0.0,-0.0011111111111110628
31,sk_wasserstein_distance_full_q2,0.6296296296296297,0.6185185185185185,0.011111111111111183,0.6666666666666666,0.6666666666666666,0.0,0.3333333333333333,0.3333333333333333,0.0,0.010246913580246986
32,sk_meanrms1,0.7185185185185186,0.7185185185185186,0.0,0.6,0.6,0.0,0.6111111111111112,0.6666666666666666,-0.05555555555555547,0.0022222222222222365
32,sk_weightedrms1,0.7185185185185186,0.7148148148148148,0.0037037037037037646,0.6,0.6,0.0,0.6111111111111112,0.6666666666666666,-0.05555555555555547,-0.002345679012345503
32,sk_sigma_target1,0.7185185185185186,0.7185185185185186,0.0,0.6,0.6,0.0,0.6111111111111112,0.6111111111111112,0.0,0.0022222222222223476
32,sk_sigma_contralateral1,0.7185185185185186,0.7259259259259259,-0.007407407407407307,0.6,0.6,0.0,0.6111111111111112,0.6111111111111112,0.0,-0.00012345679012348842
32,sk_mahalanobis1,0.7185185185185186,0.7148148148148148,0.0037037037037037646,0.6,0.6,0.0,0.6111111111111112,0.6111111111111112,0.0,0.0403086419753087
32,sk_meanrms2,0.7185185185185186,0.7185185185185186,0.0,0.6,0.6,0.0,0.6111111111111112,0.6111111111111112,0.0,0.0022222222222222365
32,sk_weightedrms2,0.7185185185185186,0.711111111111111,0.007407407407407529,0.6,0.6,0.0,0.6111111111111112,0.6111111111111112,0.0,0.006790123456790087
32,sk_sigma_target2,0.7185185185185186,0.7185185185185186,0.0,0.6,0.6,0.0,0.6111111111111112,0.6111111111111112,0.0,0.0017283950617285049
32,sk_sigma_contralateral2,0.7185185185185186,0.7148148148148148,0.0037037037037037646,0.6,0.6,0.0,0.6111111111111112,0.6666666666666666,-0.05555555555555547,0.0066666666666664876
32,sk_mahalanobis2,0.7185185185185186,0.7185185185185184,1.1102230246251565e-16,0.6,0.6,0.0,0.6111111111111112,0.6666666666666666,-0.05555555555555547,0.03487654320987643
32,sk_peak14_intensity_abs_delta,0.7185185185185186,0.7185185185185186,0.0,0.6,0.6,0.0,0.6111111111111112,0.6111111111111112,0.0,-0.0006172839506173311
32,sk_mean_peak_value_abs_delta,0.7185185185185186,0.7148148148148148,0.0037037037037037646,0.6,0.6,0.0,0.6111111111111112,0.6666666666666666,-0.05555555555555547,-0.0013580246913579286
32,sk_wasserstein_distance_mu_tc,0.7185185185185186,0.7148148148148148,0.0037037037037037646,0.6,0.6,0.0,0.6111111111111112,0.6666666666666666,-0.05555555555555547,-0.01728395061728394
32,sk_cosine_distance_full_q2,0.7185185185185186,0.7222222222222222,-0.0037037037037036535,0.6,0.6,0.0,0.6111111111111112,0.6666666666666666,-0.05555555555555547,-0.01790123456790127
32,sk_wasserstein_distance_full_q2,0.7185185185185186,0.7037037037037036,0.014814814814814947,0.6,0.5333333333333333,0.06666666666666665,0.6111111111111112,0.6666666666666666,-0.05555555555555547,-0.011975308641975158
33,sk_meanrms1,0.7962962962962963,0.7962962962962963,0.0,0.9333333333333333,0.9333333333333333,0.0,0.6666666666666666,0.6666666666666666,0.0,-0.00469135802469145
33,sk_weightedrms1,0.7962962962962963,0.8,-0.0037037037037037646,0.9333333333333333,0.9333333333333333,0.0,0.6666666666666666,0.6111111111111112,0.05555555555555547,-0.009876543209876631
33,sk_sigma_target1,0.7962962962962963,0.8074074074074075,-0.011111111111111183,0.9333333333333333,0.9333333333333333,0.0,0.6666666666666666,0.6111111111111112,0.05555555555555547,-0.003580246913580276
33,sk_sigma_contralateral1,0.7962962962962963,0.7962962962962963,0.0,0.9333333333333333,0.9333333333333333,0.0,0.6666666666666666,0.6666666666666666,0.0,-2.220446049250313e-16
33,sk_mahalanobis1,0.7962962962962963,0.7962962962962963,0.0,0.9333333333333333,0.9333333333333333,0.0,0.6666666666666666,0.6666666666666666,0.0,-2.220446049250313e-16
33,sk_meanrms2,0.7962962962962963,0.7962962962962963,0.0,0.9333333333333333,0.9333333333333333,0.0,0.6666666666666666,0.6666666666666666,0.0,-2.220446049250313e-16
33,sk_weightedrms2,0.7962962962962963,0.7962962962962963,0.0,0.9333333333333333,0.9333333333333333,0.0,0.6666666666666666,0.6666666666666666,0.0,-0.0033333333333334103
33,sk_sigma_target2,0.7962962962962963,0.7962962962962963,0.0,0.9333333333333333,0.9333333333333333,0.0,0.6666666666666666,0.6666666666666666,0.0,-0.00148148148148175
33,sk_sigma_contralateral2,0.7962962962962963,0.7925925925925926,0.0037037037037036535,0.9333333333333333,0.9333333333333333,0.0,0.6666666666666666,0.6666666666666666,0.0,-0.0007407407407410416
33,sk_mahalanobis2,0.7962962962962963,0.7962962962962963,0.0,0.9333333333333333,0.9333333333333333,0.0,0.6666666666666666,0.6666666666666666,0.0,-2.220446049250313e-16
33,sk_peak14_intensity_abs_delta,0.7962962962962963,0.7962962962962963,0.0,0.9333333333333333,0.9333333333333333,0.0,0.6666666666666666,0.6666666666666666,0.0,0.0011111111111110628
33,sk_mean_peak_value_abs_delta,0.7962962962962963,0.7962962962962963,0.0,0.9333333333333333,0.9333333333333333,0.0,0.6666666666666666,0.6111111111111112,0.05555555555555547,-0.007037037037036953
33,sk_wasserstein_distance_mu_tc,0.7962962962962963,0.7962962962962963,0.0,0.9333333333333333,0.9333333333333333,0.0,0.6666666666666666,0.6666666666666666,0.0,0.002345679012345725
33,sk_cosine_distance_full_q2,0.7962962962962963,0.7962962962962963,0.0,0.9333333333333333,0.9333333333333333,0.0,0.6666666666666666,0.6666666666666666,0.0,-0.0013580246913580396
33,sk_wasserstein_distance_full_q2,0.7962962962962963,0.8,-0.0037037037037037646,0.9333333333333333,0.9333333333333333,0.0,0.6666666666666666,0.6111111111111112,0.05555555555555547,0.01333333333333353
34,sk_meanrms1,0.6627450980392157,0.6627450980392157,0.0,0.8666666666666667,0.8666666666666667,0.0,0.17647058823529413,0.17647058823529413,0.0,0.0015686274509800757
34,sk_weightedrms1,0.6627450980392157,0.6431372549019607,0.019607843137254943,0.8666666666666667,0.8666666666666667,0.0,0.17647058823529413,0.17647058823529413,0.0,0.03111111111111098
34,sk_sigma_target1,0.6627450980392157,0.6627450980392157,0.0,0.8666666666666667,0.8666666666666667,0.0,0.17647058823529413,0.17647058823529413,0.0,0.0057516339869279065
34,sk_sigma_contralateral1,0.6627450980392157,0.6627450980392157,0.0,0.8666666666666667,0.8666666666666667,0.0,0.17647058823529413,0.17647058823529413,0.0,0.0010457516339866801
34,sk_mahalanobis1,0.6627450980392157,0.6627450980392157,0.0,0.8666666666666667,0.8666666666666667,0.0,0.17647058823529413,0.17647058823529413,0.0,-2.220446049250313e-16
34,sk_meanrms2,0.6627450980392157,0.6588235294117647,0.0039215686274509665,0.8666666666666667,0.8666666666666667,0.0,0.17647058823529413,0.17647058823529413,0.0,0.00954248366013044
34,sk_weightedrms2,0.6627450980392157,0.6470588235294118,0.015686274509803866,0.8666666666666667,0.8666666666666667,0.0,0.17647058823529413,0.17647058823529413,0.0,0.022483660130718786
34,sk_sigma_target2,0.6627450980392157,0.6470588235294118,0.015686274509803866,0.8666666666666667,0.8666666666666667,0.0,0.17647058823529413,0.17647058823529413,0.0,0.02444444444444427
34,sk_sigma_contralateral2,0.6627450980392157,0.6549019607843137,0.007843137254901933,0.8666666666666667,0.8666666666666667,0.0,0.17647058823529413,0.17647058823529413,0.0,0.010718954248365775
34,sk_mahalanobis2,0.6627450980392157,0.6627450980392157,0.0,0.8666666666666667,0.8666666666666667,0.0,0.17647058823529413,0.17647058823529413,0.0,-2.220446049250313e-16
34,sk_peak14_intensity_abs_delta,0.6627450980392157,0.6627450980392157,0.0,0.8666666666666667,0.8666666666666667,0.0,0.17647058823529413,0.17647058823529413,0.0,-0.001699346405229063
34,sk_mean_peak_value_abs_delta,0.6627450980392157,0.6627450980392157,0.0,0.8666666666666667,0.8666666666666667,0.0,0.17647058823529413,0.17647058823529413,0.0,0.023921568627450873
34,sk_wasserstein_distance_mu_tc,0.6627450980392157,0.6588235294117647,0.0039215686274509665,0.8666666666666667,0.8666666666666667,0.0,0.17647058823529413,0.17647058823529413,0.0,0.01202614379084932
34,sk_cosine_distance_full_q2,0.6627450980392157,0.6509803921568627,0.01176470588235301,0.8666666666666667,0.8666666666666667,0.0,0.17647058823529413,0.17647058823529413,0.0,0.008496732026143539
34,sk_wasserstein_distance_full_q2,0.6627450980392157,0.6509803921568628,0.0117647058823529,0.8666666666666667,0.8666666666666667,0.0,0.17647058823529413,0.17647058823529413,0.0,0.016862745098038867
35,sk_meanrms1,0.5333333333333333,0.5333333333333333,0.0,0.8666666666666667,0.8666666666666667,0.0,0.2777777777777778,0.2777777777777778,0.0,0.002345679012345614
35,sk_weightedrms1,0.5333333333333333,0.5555555555555556,-0.022222222222222254,0.8666666666666667,1.0,-0.1333333333333333,0.2777777777777778,0.2222222222222222,0.05555555555555558,-0.006419753086419622
35,sk_sigma_target1,0.5333333333333333,0.5333333333333333,0.0,0.8666666666666667,1.0,-0.1333333333333333,0.2777777777777778,0.2777777777777778,0.0,-0.0022222222222222365
35,sk_sigma_contralateral1,0.5333333333333333,0.537037037037037,-0.0037037037037036535,0.8666666666666667,0.9333333333333333,-0.06666666666666665,0.2777777777777778,0.2777777777777778,0.0,0.005185185185185182
35,sk_mahalanobis1,0.5333333333333333,0.5296296296296297,0.0037037037037036535,0.8666666666666667,0.8666666666666667,0.0,0.2777777777777778,0.2777777777777778,0.0,-0.002962962962962945
35,sk_meanrms2,0.5333333333333333,0.5407407407407407,-0.007407407407407418,0.8666666666666667,0.8666666666666667,0.0,0.2777777777777778,0.2777777777777778,0.0,-0.01395061728395064
35,sk_weightedrms2,0.5333333333333333,0.5333333333333333,0.0,0.8666666666666667,0.8666666666666667,0.0,0.2777777777777778,0.2777777777777778,0.0,0.0024691358024691024
35,sk_sigma_target2,0.5333333333333333,0.5333333333333333,0.0,0.8666666666666667,0.9333333333333333,-0.06666666666666665,0.2777777777777778,0.2777777777777778,0.0,0.004320987654321096
35,sk_sigma_contralateral2,0.5333333333333333,0.5333333333333333,0.0,0.8666666666666667,1.0,-0.1333333333333333,0.2777777777777778,0.2777777777777778,0.0,0.014320987654320994
35,sk_mahalanobis2,0.5333333333333333,0.5296296296296297,0.0037037037037036535,0.8666666666666667,1.0,-0.1333333333333333,0.2777777777777778,0.2777777777777778,0.0,0.005061728395061693
35,sk_peak14_intensity_abs_delta,0.5333333333333333,0.5333333333333333,0.0,0.8666666666666667,0.9333333333333333,-0.06666666666666665,0.2777777777777778,0.2777777777777778,0.0,-0.003950617283950519
35,sk_mean_peak_value_abs_delta,0.5333333333333333,0.5333333333333333,0.0,0.8666666666666667,0.8666666666666667,0.0,0.2777777777777778,0.2777777777777778,0.0,0.02037037037037026
35,sk_wasserstein_distance_mu_tc,0.5333333333333333,0.5333333333333333,0.0,0.8666666666666667,0.8666666666666667,0.0,0.2777777777777778,0.2777777777777778,0.0,-0.018641975308641978
35,sk_cosine_distance_full_q2,0.5333333333333333,0.5333333333333333,0.0,0.8666666666666667,0.8666666666666667,0.0,0.2777777777777778,0.2777777777777778,0.0,-0.010987654320987694
35,sk_wasserstein_distance_full_q2,0.5333333333333333,0.5259259259259259,0.007407407407407418,0.8666666666666667,0.9333333333333333,-0.06666666666666665,0.2777777777777778,0.2777777777777778,0.0,-0.0370370370370372
36,sk_meanrms1,0.662962962962963,0.6666666666666667,-0.0037037037037037646,0.8,0.8,0.0,0.4444444444444444,0.4444444444444444,0.0,-0.005308641975308892
36,sk_weightedrms1,0.662962962962963,0.6666666666666667,-0.0037037037037037646,0.8,0.8,0.0,0.4444444444444444,0.3888888888888889,0.055555555555555525,-0.005802469135802624
36,sk_sigma_target1,0.662962962962963,0.6592592592592593,0.0037037037037036535,0.8,0.8,0.0,0.4444444444444444,0.4444444444444444,0.0,-0.0019753086419753707
36,sk_sigma_contralateral1,0.662962962962963,0.6814814814814816,-0.0185185185185186,0.8,0.8,0.0,0.4444444444444444,0.3888888888888889,0.055555555555555525,-0.02432098765432089
36,sk_mahalanobis1,0.662962962962963,0.662962962962963,0.0,0.8,0.8,0.0,0.4444444444444444,0.4444444444444444,0.0,-3.3306690738754696e-16
36,sk_meanrms2,0.662962962962963,0.662962962962963,0.0,0.8,0.8,0.0,0.4444444444444444,0.4444444444444444,0.0,0.00666666666666671
36,sk_weightedrms2,0.662962962962963,0.6703703703703704,-0.007407407407407418,0.8,0.8,0.0,0.4444444444444444,0.3888888888888889,0.055555555555555525,-0.009382716049382678
36,sk_sigma_target2,0.662962962962963,0.6814814814814815,-0.01851851851851849,0.8,0.8,0.0,0.4444444444444444,0.3888888888888889,0.055555555555555525,-0.002345679012345614
36,sk_sigma_contralateral2,0.662962962962963,0.662962962962963,0.0,0.8,0.8,0.0,0.4444444444444444,0.4444444444444444,0.0,-0.002962962962963056
36,sk_mahalanobis2,0.662962962962963,0.662962962962963,0.0,0.8,0.8,0.0,0.4444444444444444,0.4444444444444444,0.0,-3.3306690738754696e-16
36,sk_peak14_intensity_abs_delta,0.662962962962963,0.6592592592592593,0.0037037037037036535,0.8,0.8,0.0,0.4444444444444444,0.4444444444444444,0.0,0.0019753086419753707
36,sk_mean_peak_value_abs_delta,0.662962962962963,0.662962962962963,0.0,0.8,0.8,0.0,0.4444444444444444,0.4444444444444444,0.0,-0.0022222222222222365
36,sk_wasserstein_distance_mu_tc,0.662962962962963,0.662962962962963,0.0,0.8,0.8,0.0,0.4444444444444444,0.4444444444444444,0.0,0.0075308641975307955
36,sk_cosine_distance_full_q2,0.662962962962963,0.662962962962963,0.0,0.8,0.8,0.0,0.4444444444444444,0.4444444444444444,0.0,0.0069135802469137975
36,sk_wasserstein_distance_full_q2,0.662962962962963,0.6481481481481481,0.014814814814814836,0.8,0.8,0.0,0.4444444444444444,0.4444444444444444,0.0,0.023580246913580294
37,sk_meanrms1,0.7666666666666667,0.762962962962963,0.0037037037037037646,0.8,0.8,0.0,0.6111111111111112,0.6111111111111112,0.0,0.002716049382715968
37,sk_weightedrms1,0.7666666666666667,0.762962962962963,0.0037037037037037646,0.8,0.8,0.0,0.6111111111111112,0.6111111111111112,0.0,0.012592592592592489
37,sk_sigma_target1,0.7666666666666667,0.7777777777777778,-0.011111111111111072,0.8,0.8,0.0,0.6111111111111112,0.6111111111111112,0.0,-0.011234567901234671
37,sk_sigma_contralateral1,0.7666666666666667,0.762962962962963,0.0037037037037037646,0.8,0.8,0.0,0.6111111111111112,0.6111111111111112,0.0,0.002345679012345614
37,sk_mahalanobis1,0.7666666666666667,0.762962962962963,0.0037037037037037646,0.8,0.8,0.0,0.6111111111111112,0.6111111111111112,0.0,0.00012345679012359945
37,sk_meanrms2,0.7666666666666667,0.7666666666666667,0.0,0.8,0.8,0.0,0.6111111111111112,0.6111111111111112,0.0,0.00209876543209897
37,sk_weightedrms2,0.7666666666666667,0.762962962962963,0.0037037037037037646,0.8,0.8,0.0,0.6111111111111112,0.6666666666666666,-0.05555555555555547,-0.0028395061728395676
37,sk_sigma_target2,0.7666666666666667,0.7666666666666666,1.1102230246251565e-16,0.8,0.8,0.0,0.6111111111111112,0.6111111111111112,0.0,-0.005432098765431825
37,sk_sigma_contralateral2,0.7666666666666667,0.7703703703703704,-0.0037037037037036535,0.8,0.8,0.0,0.6111111111111112,0.6111111111111112,0.0,-0.008765432098765347
37,sk_mahalanobis2,0.7666666666666667,0.762962962962963,0.0037037037037037646,0.8,0.8,0.0,0.6111111111111112,0.6111111111111112,0.0,2.220446049250313e-16
37,sk_peak14_intensity_abs_delta,0.7666666666666667,0.7592592592592593,0.007407407407407418,0.8,0.8,0.0,0.6111111111111112,0.6111111111111112,0.0,0.00012345679012348842
37,sk_mean_peak_value_abs_delta,0.7666666666666667,0.7592592592592593,0.007407407407407418,0.8,0.8,0.0,0.6111111111111112,0.6111111111111112,0.0,0.0019753086419751487
37,sk_wasserstein_distance_mu_tc,0.7666666666666667,0.762962962962963,0.0037037037037037646,0.8,0.8,0.0,0.6111111111111112,0.6111111111111112,0.0,0.022222222222222143
37,sk_cosine_distance_full_q2,0.7666666666666667,0.7703703703703704,-0.0037037037037036535,0.8,0.8,0.0,0.6111111111111112,0.6111111111111112,0.0,0.01320987654320993
37,sk_wasserstein_distance_full_q2,0.7666666666666667,0.7481481481481482,0.01851851851851849,0.8,0.8,0.0,0.6111111111111112,0.6666666666666666,-0.05555555555555547,0.052098765432098904
38,sk_meanrms1,0.6333333333333334,0.6333333333333334,0.0,0.6,0.6,0.0,0.5,0.5,0.0,-0.0012345679012344402
38,sk_weightedrms1,0.6333333333333334,0.6296296296296297,0.0037037037037037646,0.6,0.6,0.0,0.5,0.5,0.0,0.001481481481481528
38,sk_sigma_target1,0.6333333333333334,0.6407407407407408,-0.007407407407407418,0.6,0.8,-0.20000000000000007,0.5,0.3888888888888889,0.1111111111111111,0.002345679012345836
38,sk_sigma_contralateral1,0.6333333333333334,0.6370370370370371,-0.0037037037037036535,0.6,0.6666666666666666,-0.06666666666666665,0.5,0.5,0.0,-0.007160493827160441
38,sk_mahalanobis1,0.6333333333333334,0.6333333333333334,0.0,0.6,0.6,0.0,0.5,0.5,0.0,1.1102230246251565e-16
38,sk_meanrms2,0.6333333333333334,0.6370370370370371,-0.0037037037037036535,0.6,0.6,0.0,0.5,0.5,0.0,-0.005679012345678802
38,sk_weightedrms2,0.6333333333333334,0.6407407407407407,-0.007407407407407307,0.6,0.6,0.0,0.5,0.5,0.0,0.005679012345679246
38,sk_sigma_target2,0.6333333333333334,0.6333333333333334,0.0,0.6,0.6,0.0,0.5,0.5,0.0,-0.0013580246913578176
38,sk_sigma_contralateral2,0.6333333333333334,0.6333333333333334,0.0,0.6,0.6,0.0,0.5,0.5,0.0,-0.0016049382716047944
38,sk_mahalanobis2,0.6333333333333334,0.6370370370370371,-0.0037037037037036535,0.6,0.6,0.0,0.5,0.5,0.0,1.1102230246251565e-16
38,sk_peak14_intensity_abs_delta,0.6333333333333334,0.6333333333333334,0.0,0.6,0.6,0.0,0.5,0.5,0.0,-0.0002469135802467548
38,sk_mean_peak_value_abs_delta,0.6333333333333334,0.6444444444444445,-0.011111111111111072,0.6,0.6666666666666666,-0.06666666666666665,0.5,0.5,0.0,0.0054320987654322694
38,sk_wasserstein_distance_mu_tc,0.6333333333333334,0.6333333333333334,0.0,0.6,0.6,0.0,0.5,0.5,0.0,-0.009753086419753032
38,sk_cosine_distance_full_q2,0.6333333333333334,0.6444444444444445,-0.011111111111111072,0.6,0.6,0.0,0.5,0.5555555555555556,-0.05555555555555558,-0.01456790123456786
38,sk_wasserstein_distance_full_q2,0.6333333333333334,0.6518518518518519,-0.01851851851851849,0.6,0.6,0.0,0.5,0.5,0.0,-0.019506172839506064
39,sk_meanrms1,0.6823529411764706,0.6823529411764706,0.0,0.8,0.8,0.0,0.35294117647058826,0.29411764705882354,0.05882352941176472,0.004967320261437758
39,sk_weightedrms1,0.6823529411764706,0.6862745098039216,-0.0039215686274509665,0.8,0.8,0.0,0.35294117647058826,0.29411764705882354,0.05882352941176472,0.0039215686274508554
39,sk_sigma_target1,0.6823529411764706,0.6823529411764706,0.0,0.8,0.8,0.0,0.35294117647058826,0.35294117647058826,0.0,0.0010457516339867912
39,sk_sigma_contralateral1,0.6823529411764706,0.6745098039215687,0.007843137254901933,0.8,0.8,0.0,0.35294117647058826,0.35294117647058826,0.0,0.0015686274509801867
39,sk_mahalanobis1,0.6823529411764706,0.6823529411764706,0.0,0.8,0.8,0.0,0.35294117647058826,0.35294117647058826,0.0,0.00013071895424821012
39,sk_meanrms2,0.6823529411764706,0.6823529411764706,0.0,0.8,0.8,0.0,0.35294117647058826,0.35294117647058826,0.0,-0.0003921568627452965
39,sk_weightedrms2,0.6823529411764706,0.6745098039215687,0.007843137254901933,0.8,0.8,0.0,0.35294117647058826,0.35294117647058826,0.0,0.01019607843137238
39,sk_sigma_target2,0.6823529411764706,0.6823529411764706,0.0,0.8,0.8,0.0,0.35294117647058826,0.35294117647058826,0.0,-0.0028758169934641753
39,sk_sigma_contralateral2,0.6823529411764706,0.6823529411764706,0.0,0.8,0.8,0.0,0.35294117647058826,0.35294117647058826,0.0,0.0031372549019605955
39,sk_mahalanobis2,0.6823529411764706,0.6823529411764706,0.0,0.8,0.8,0.0,0.35294117647058826,0.35294117647058826,0.0,0.0010457516339867912
39,sk_peak14_intensity_abs_delta,0.6823529411764706,0.6823529411764706,0.0,0.8,0.8,0.0,0.35294117647058826,0.35294117647058826,0.0,0.00431372549019593
39,sk_mean_peak_value_abs_delta,0.6823529411764706,0.6666666666666665,0.015686274509804088,0.8,0.8,0.0,0.35294117647058826,0.29411764705882354,0.05882352941176472,0.009542483660130552
39,sk_wasserstein_distance_mu_tc,0.6823529411764706,0.6862745098039216,-0.0039215686274509665,0.8,0.8,0.0,0.35294117647058826,0.35294117647058826,0.0,-0.011241830065359615
39,sk_cosine_distance_full_q2,0.6823529411764706,0.6823529411764706,0.0,0.8,0.8,0.0,0.35294117647058826,0.35294117647058826,0.0,-0.0020915032679740264
39,sk_wasserstein_distance_full_q2,0.6823529411764706,0.6784313725490196,0.0039215686274509665,0.8,0.8,0.0,0.35294117647058826,0.35294117647058826,0.0,-0.0020915032679740264
40,sk_meanrms1,0.737037037037037,0.7296296296296296,0.007407407407407418,0.8,0.8,0.0,0.5555555555555556,0.5555555555555556,0.0,0.010370370370370474
40,sk_weightedrms1,0.737037037037037,0.7333333333333333,0.0037037037037037646,0.8,0.8,0.0,0.5555555555555556,0.5555555555555556,0.0,0.0075308641975309065
40,sk_sigma_target1,0.737037037037037,0.7333333333333334,0.0037037037037036535,0.8,0.8,0.0,0.5555555555555556,0.5555555555555556,0.0,0.013209876543210042
40,sk_sigma_contralateral1,0.737037037037037,0.737037037037037,0.0,0.8,0.8,0.0,0.5555555555555556,0.5555555555555556,0.0,0.0002469135802467548
40,sk_mahalanobis1,0.737037037037037,0.7333333333333333,0.0037037037037037646,0.8,0.8,0.0,0.5555555555555556,0.5555555555555556,0.0,0.0011111111111110628
40,sk_meanrms2,0.737037037037037,0.737037037037037,0.0,0.8,0.8,0.0,0.5555555555555556,0.5555555555555556,0.0,-0.006543209876543332
40,sk_weightedrms2,0.737037037037037,0.7407407407407408,-0.0037037037037037646,0.8,0.8,0.0,0.5555555555555556,0.5555555555555556,0.0,-0.012222222222222356
40,sk_sigma_target2,0.737037037037037,0.737037037037037,0.0,0.8,0.8,0.0,0.5555555555555556,0.5555555555555556,0.0,-0.002592592592592591
40,sk_sigma_contralateral2,0.737037037037037,0.7555555555555555,-0.01851851851851849,0.8,0.8,0.0,0.5555555555555556,0.5555555555555556,0.0,-0.008888888888888835
40,sk_mahalanobis2,0.737037037037037,0.7296296296296296,0.007407407407407418,0.8,0.8,0.0,0.5555555555555556,0.5555555555555556,0.0,0.0037037037037035425
40,sk_peak14_intensity_abs_delta,0.737037037037037,0.7333333333333333,0.0037037037037037646,0.8,0.8,0.0,0.5555555555555556,0.5555555555555556,0.0,0.005432098765432047
40,sk_mean_peak_value_abs_delta,0.737037037037037,0.7259259259259259,0.011111111111111183,0.8,0.8,0.0,0.5555555555555556,0.5555555555555556,0.0,0.01049382716049363
40,sk_wasserstein_distance_mu_tc,0.737037037037037,0.7407407407407407,-0.0037037037037036535,0.8,0.8,0.0,0.5555555555555556,0.5555555555555556,0.0,0.010864197530864095
40,sk_cosine_distance_full_q2,0.737037037037037,0.7370370370370372,-1.1102230246251565e-16,0.8,0.8,0.0,0.5555555555555556,0.5555555555555556,0.0,0.00987654320987641
40,sk_wasserstein_distance_full_q2,0.737037037037037,0.7148148148148149,0.022222222222222143,0.8,0.8,0.0,0.5555555555555556,0.5555555555555556,0.0,0.03567901234567894
41,sk_meanrms1,0.7555555555555555,0.7518518518518519,0.0037037037037036535,0.9333333333333333,0.9333333333333333,0.0,0.5,0.5,0.0,0.005802469135802513
41,sk_weightedrms1,0.7555555555555555,0.7333333333333334,0.022222222222222143,0.9333333333333333,0.9333333333333333,0.0,0.5,0.4444444444444444,0.05555555555555558,0.02925925925925943
41,sk_sigma_target1,0.7555555555555555,0.7555555555555555,0.0,0.9333333333333333,0.8666666666666667,0.06666666666666665,0.5,0.4444444444444444,0.05555555555555558,0.0024691358024691024
41,sk_sigma_contralateral1,0.7555555555555555,0.737037037037037,0.01851851851851849,0.9333333333333333,0.9333333333333333,0.0,0.5,0.3333333333333333,0.16666666666666669,0.02259259259259261
41,sk_mahalanobis1,0.7555555555555555,0.7555555555555555,0.0,0.9333333333333333,0.9333333333333333,0.0,0.5,0.5,0.0,0.01580246913580252
41,sk_meanrms2,0.7555555555555555,0.7555555555555555,0.0,0.9333333333333333,0.9333333333333333,0.0,0.5,0.5,0.0,0.004444444444444473
41,sk_weightedrms2,0.7555555555555555,0.7518518518518519,0.0037037037037036535,0.9333333333333333,0.9333333333333333,0.0,0.5,0.5,0.0,0.022839506172839474
41,sk_sigma_target2,0.7555555555555555,0.7518518518518518,0.0037037037037037646,0.9333333333333333,0.9333333333333333,0.0,0.5,0.5,0.0,0.00407407407407423
41,sk_sigma_contralateral2,0.7555555555555555,0.7444444444444445,0.011111111111111072,0.9333333333333333,0.9333333333333333,0.0,0.5,0.5,0.0,0.014197530864197505
41,sk_mahalanobis2,0.7555555555555555,0.7555555555555555,0.0,0.9333333333333333,0.9333333333333333,0.0,0.5,0.5,0.0,0.006419753086419844
41,sk_peak14_intensity_abs_delta,0.7555555555555555,0.7555555555555555,0.0,0.9333333333333333,0.9333333333333333,0.0,0.5,0.5,0.0,0.006913580246913575
41,sk_mean_peak_value_abs_delta,0.7555555555555555,0.7481481481481482,0.007407407407407307,0.9333333333333333,0.9333333333333333,0.0,0.5,0.4444444444444444,0.05555555555555558,0.025308641975308577
41,sk_wasserstein_distance_mu_tc,0.7555555555555555,0.7518518518518518,0.0037037037037037646,0.9333333333333333,0.9333333333333333,0.0,0.5,0.4444444444444444,0.05555555555555558,0.004320987654320985
41,sk_cosine_distance_full_q2,0.7555555555555555,0.7518518518518518,0.0037037037037037646,0.9333333333333333,0.9333333333333333,0.0,0.5,0.5,0.0,0.0019753086419752597
41,sk_wasserstein_distance_full_q2,0.7555555555555555,0.7222222222222222,0.033333333333333326,0.9333333333333333,0.8666666666666667,0.06666666666666665,0.5,0.4444444444444444,0.05555555555555558,0.023580246913580294
42,sk_meanrms1,0.674074074074074,0.6666666666666666,0.007407407407407418,0.6,0.6,0.0,0.6111111111111112,0.6111111111111112,0.0,0.007407407407407307
42,sk_weightedrms1,0.674074074074074,0.662962962962963,0.011111111111111072,0.6,0.6,0.0,0.6111111111111112,0.6111111111111112,0.0,0.007407407407407418
42,sk_sigma_target1,0.674074074074074,0.6703703703703704,0.0037037037037036535,0.6,0.6,0.0,0.6111111111111112,0.6111111111111112,0.0,0.005925925925925668
42,sk_sigma_contralateral1,0.674074074074074,0.6703703703703704,0.0037037037037036535,0.6,0.6,0.0,0.6111111111111112,0.6111111111111112,0.0,0.00913580246913559
42,sk_mahalanobis1,0.674074074074074,0.674074074074074,0.0,0.6,0.6,0.0,0.6111111111111112,0.6111111111111112,0.0,0.0
42,sk_meanrms2,0.674074074074074,0.6703703703703704,0.0037037037037036535,0.6,0.6,0.0,0.6111111111111112,0.6111111111111112,0.0,0.006419753086419622
42,sk_weightedrms2,0.674074074074074,0.6555555555555556,0.01851851851851849,0.6,0.6,0.0,0.6111111111111112,0.6111111111111112,0.0,0.018765432098765356
42,sk_sigma_target2,0.674074074074074,0.6703703703703704,0.0037037037037036535,0.6,0.6,0.0,0.6111111111111112,0.6111111111111112,0.0,0.006790123456790087
42,sk_sigma_contralateral2,0.674074074074074,0.6703703703703704,0.0037037037037036535,0.6,0.6,0.0,0.6111111111111112,0.6111111111111112,0.0,0.0032098765432097
42,sk_mahalanobis2,0.674074074074074,0.6703703703703704,0.0037037037037036535,0.6,0.6,0.0,0.6111111111111112,0.6111111111111112,0.0,0.0
42,sk_peak14_intensity_abs_delta,0.674074074074074,0.6703703703703704,0.0037037037037036535,0.6,0.6,0.0,0.6111111111111112,0.6111111111111112,0.0,0.002962962962962834
42,sk_mean_peak_value_abs_delta,0.674074074074074,0.6703703703703704,0.0037037037037036535,0.6,0.6,0.0,0.6111111111111112,0.6111111111111112,0.0,0.01123456790123456
42,sk_wasserstein_distance_mu_tc,0.674074074074074,0.6666666666666666,0.007407407407407418,0.6,0.6,0.0,0.6111111111111112,0.6111111111111112,0.0,0.001481481481481639
42,sk_cosine_distance_full_q2,0.674074074074074,0.662962962962963,0.011111111111111072,0.6,0.6,0.0,0.6111111111111112,0.6666666666666666,-0.05555555555555547,-0.0003703703703704653
42,sk_wasserstein_distance_full_q2,0.674074074074074,0.6555555555555556,0.01851851851851849,0.6,0.6,0.0,0.6111111111111112,0.5,0.11111111111111116,-0.01975308641975304
43,sk_meanrms1,0.6888888888888889,0.6888888888888889,0.0,0.8666666666666667,0.8666666666666667,0.0,0.3333333333333333,0.3333333333333333,0.0,-0.01135802469135827
43,sk_weightedrms1,0.6888888888888889,0.6888888888888889,0.0,0.8666666666666667,0.8666666666666667,0.0,0.3333333333333333,0.3333333333333333,0.0,0.010864197530864206
43,sk_sigma_target1,0.6888888888888889,0.7000000000000001,-0.011111111111111183,0.8666666666666667,0.8666666666666667,0.0,0.3333333333333333,0.3333333333333333,0.0,0.00012345679012326638
43,sk_sigma_contralateral1,0.6888888888888889,0.6888888888888889,0.0,0.8666666666666667,0.8666666666666667,0.0,0.3333333333333333,0.3333333333333333,0.0,-0.0019753086419754817
43,sk_mahalanobis1,0.6888888888888889,0.6888888888888889,0.0,0.8666666666666667,0.8666666666666667,0.0,0.3333333333333333,0.3333333333333333,0.0,-1.1102230246251565e-16
43,sk_meanrms2,0.6888888888888889,0.6925925925925926,-0.0037037037037037646,0.8666666666666667,0.8666666666666667,0.0,0.3333333333333333,0.3333333333333333,0.0,-0.0022222222222221255
43,sk_weightedrms2,0.6888888888888889,0.6777777777777778,0.011111111111111072,0.8666666666666667,0.8666666666666667,0.0,0.3333333333333333,0.3333333333333333,0.0,0.003827160493827031
43,sk_sigma_target2,0.6888888888888889,0.6962962962962963,-0.007407407407407418,0.8666666666666667,0.8666666666666667,0.0,0.3333333333333333,0.3333333333333333,0.0,-0.0028395061728396787
43,sk_sigma_contralateral2,0.6888888888888889,0.6925925925925926,-0.0037037037037037646,0.8666666666666667,0.8666666666666667,0.0,0.3333333333333333,0.3333333333333333,0.0,-0.006913580246913464
43,sk_mahalanobis2,0.6888888888888889,0.6962962962962963,-0.007407407407407418,0.8666666666666667,0.8666666666666667,0.0,0.3333333333333333,0.3333333333333333,0.0,-1.1102230246251565e-16
43,sk_peak14_intensity_abs_delta,0.6888888888888889,0.6888888888888889,0.0,0.8666666666666667,0.8666666666666667,0.0,0.3333333333333333,0.3333333333333333,0.0,-1.1102230246251565e-16
43,sk_mean_peak_value_abs_delta,0.6888888888888889,0.7000000000000001,-0.011111111111111183,0.8666666666666667,0.8666666666666667,0.0,0.3333333333333333,0.3333333333333333,0.0,-0.003827160493827031
43,sk_wasserstein_distance_mu_tc,0.6888888888888889,0.6962962962962963,-0.007407407407407418,0.8666666666666667,0.8666666666666667,0.0,0.3333333333333333,0.3333333333333333,0.0,0.006913580246913464
43,sk_cosine_distance_full_q2,0.6888888888888889,0.6888888888888889,0.0,0.8666666666666667,0.8666666666666667,0.0,0.3333333333333333,0.3333333333333333,0.0,-0.005432098765432047
43,sk_wasserstein_distance_full_q2,0.6888888888888889,0.674074074074074,0.014814814814814836,0.8666666666666667,0.8666666666666667,0.0,0.3333333333333333,0.3333333333333333,0.0,0.02000000000000013
44,sk_meanrms1,0.5490196078431373,0.5529411764705883,-0.0039215686274509665,0.7333333333333333,0.7333333333333333,0.0,0.47058823529411764,0.47058823529411764,0.0,-0.0011764705882353343
44,sk_weightedrms1,0.5490196078431373,0.5568627450980392,-0.007843137254901933,0.7333333333333333,0.7333333333333333,0.0,0.47058823529411764,0.47058823529411764,0.0,0.004575163398692905
44,sk_sigma_target1,0.5490196078431373,0.5490196078431373,0.0,0.7333333333333333,0.7333333333333333,0.0,0.47058823529411764,0.47058823529411764,0.0,-0.005098039215686301
44,sk_sigma_contralateral1,0.5490196078431373,0.5490196078431373,0.0,0.7333333333333333,0.7333333333333333,0.0,0.47058823529411764,0.47058823529411764,0.0,0.0
44,sk_mahalanobis1,0.5490196078431373,0.5490196078431373,0.0,0.7333333333333333,0.7333333333333333,0.0,0.47058823529411764,0.47058823529411764,0.0,0.0
44,sk_meanrms2,0.5490196078431373,0.5568627450980392,-0.007843137254901933,0.7333333333333333,0.8,-0.06666666666666676,0.47058823529411764,0.47058823529411764,0.0,-0.01346405228758174
44,sk_weightedrms2,0.5490196078431373,0.5450980392156862,0.0039215686274510775,0.7333333333333333,0.7333333333333333,0.0,0.47058823529411764,0.47058823529411764,0.0,0.00039215686274518546
44,sk_sigma_target2,0.5490196078431373,0.5607843137254902,-0.0117647058823529,0.7333333333333333,0.7333333333333333,0.0,0.47058823529411764,0.47058823529411764,0.0,-0.014117647058823568
44,sk_sigma_contralateral2,0.5490196078431373,0.5490196078431373,0.0,0.7333333333333333,0.8,-0.06666666666666676,0.47058823529411764,0.47058823529411764,0.0,-0.00836601307189544
44,sk_mahalanobis2,0.5490196078431373,0.5529411764705883,-0.0039215686274509665,0.7333333333333333,0.7333333333333333,0.0,0.47058823529411764,0.47058823529411764,0.0,0.0
44,sk_peak14_intensity_abs_delta,0.5490196078431373,0.5490196078431373,0.0,0.7333333333333333,0.7333333333333333,0.0,0.47058823529411764,0.47058823529411764,0.0,-0.0002614379084966423
44,sk_mean_peak_value_abs_delta,0.5490196078431373,0.5529411764705883,-0.0039215686274509665,0.7333333333333333,0.8,-0.06666666666666676,0.47058823529411764,0.47058823529411764,0.0,-0.020000000000000018
44,sk_wasserstein_distance_mu_tc,0.5490196078431373,0.5686274509803921,-0.019607843137254832,0.7333333333333333,0.8,-0.06666666666666676,0.47058823529411764,0.47058823529411764,0.0,-0.02013071895424845
44,sk_cosine_distance_full_q2,0.5490196078431373,0.5490196078431373,0.0,0.7333333333333333,0.7333333333333333,0.0,0.47058823529411764,0.47058823529411764,0.0,-0.001830065359477162
44,sk_wasserstein_distance_full_q2,0.5490196078431373,0.5529411764705883,-0.0039215686274509665,0.7333333333333333,0.6666666666666666,0.06666666666666665,0.47058823529411764,0.47058823529411764,0.0,-0.009542483660130774
45,sk_meanrms1,0.6407407407407408,0.6407407407407408,0.0,0.8,0.8,0.0,0.3333333333333333,0.3333333333333333,0.0,0.0011111111111113958
45,sk_weightedrms1,0.6407407407407408,0.6370370370370371,0.0037037037037037646,0.8,0.8,0.0,0.3333333333333333,0.3333333333333333,0.0,0.005061728395061693
45,sk_sigma_target1,0.6407407407407408,0.6518518518518519,-0.011111111111111072,0.8,0.8,0.0,0.3333333333333333,0.3333333333333333,0.0,-0.0004938271604938427
45,sk_sigma_contralateral1,0.6407407407407408,0.6407407407407407,1.1102230246251565e-16,0.8,0.8,0.0,0.3333333333333333,0.3333333333333333,0.0,0.004938271604938427
45,sk_mahalanobis1,0.6407407407407408,0.6407407407407408,0.0,0.8,0.8,0.0,0.3333333333333333,0.3333333333333333,0.0,0.00037037037037079834
45,sk_meanrms2,0.6407407407407408,0.6407407407407408,0.0,0.8,0.8,0.0,0.3333333333333333,0.3333333333333333,0.0,-0.0006172839506172201
45,sk_weightedrms2,0.6407407407407408,0.6444444444444445,-0.0037037037037036535,0.8,0.8,0.0,0.3333333333333333,0.3333333333333333,0.0,-0.0012345679012343291
45,sk_sigma_target2,0.6407407407407408,0.6407407407407407,1.1102230246251565e-16,0.8,0.8,0.0,0.3333333333333333,0.3333333333333333,0.0,0.000864197530864308
45,sk_sigma_contralateral2,0.6407407407407408,0.6481481481481481,-0.007407407407407307,0.8,0.8,0.0,0.3333333333333333,0.3333333333333333,0.0,-0.0045679012345678505
45,sk_mahalanobis2,0.6407407407407408,0.6444444444444445,-0.0037037037037036535,0.8,0.8,0.0,0.3333333333333333,0.3333333333333333,0.0,0.0007407407407407085
45,sk_peak14_intensity_abs_delta,0.6407407407407408,0.6407407407407408,0.0,0.8,0.8,0.0,0.3333333333333333,0.3333333333333333,0.0,3.3306690738754696e-16
45,sk_mean_peak_value_abs_delta,0.6407407407407408,0.6333333333333334,0.007407407407407418,0.8,0.8,0.0,0.3333333333333333,0.3333333333333333,0.0,0.0075308641975309065
45,sk_wasserstein_distance_mu_tc,0.6407407407407408,0.6407407407407408,0.0,0.8,0.8,0.0,0.3333333333333333,0.3333333333333333,0.0,0.011481481481481537
45,sk_cosine_distance_full_q2,0.6407407407407408,0.625925925925926,0.014814814814814836,0.8,0.8,0.0,0.3333333333333333,0.3333333333333333,0.0,0.02246913580246923
45,sk_wasserstein_distance_full_q2,0.6407407407407408,0.6407407407407408,0.0,0.8,0.8,0.0,0.3333333333333333,0.3333333333333333,0.0,0.04222222222222227
46,sk_meanrms1,0.6962962962962963,0.6925925925925926,0.0037037037037036535,0.9333333333333333,0.9333333333333333,0.0,0.3888888888888889,0.3888888888888889,0.0,0.011358024691358048
46,sk_weightedrms1,0.6962962962962963,0.6962962962962963,0.0,0.9333333333333333,0.9333333333333333,0.0,0.3888888888888889,0.3888888888888889,0.0,0.04703703703703721
46,sk_sigma_target1,0.6962962962962963,0.6814814814814816,0.014814814814814725,0.9333333333333333,0.9333333333333333,0.0,0.3888888888888889,0.3333333333333333,0.05555555555555558,0.016172839506172765
46,sk_sigma_contralateral1,0.6962962962962963,0.7148148148148148,-0.01851851851851849,0.9333333333333333,0.9333333333333333,0.0,0.3888888888888889,0.4444444444444444,-0.055555555555555525,-0.006543209876543332
46,sk_mahalanobis1,0.6962962962962963,0.6925925925925926,0.0037037037037036535,0.9333333333333333,0.9333333333333333,0.0,0.3888888888888889,0.3888888888888889,0.0,0.020740740740740615
46,sk_meanrms2,0.6962962962962963,0.6888888888888889,0.007407407407407418,0.9333333333333333,0.9333333333333333,0.0,0.3888888888888889,0.3888888888888889,0.0,0.006296296296296022
46,sk_weightedrms2,0.6962962962962963,0.6777777777777778,0.01851851851851849,0.9333333333333333,0.9333333333333333,0.0,0.3888888888888889,0.3333333333333333,0.05555555555555558,0.02382716049382716
46,sk_sigma_target2,0.6962962962962963,0.6888888888888889,0.007407407407407418,0.9333333333333333,0.9333333333333333,0.0,0.3888888888888889,0.3888888888888889,0.0,0.012592592592592489
46,sk_sigma_contralateral2,0.6962962962962963,0.6777777777777778,0.01851851851851849,0.9333333333333333,0.9333333333333333,0.0,0.3888888888888889,0.3888888888888889,0.0,0.006666666666666599
46,sk_mahalanobis2,0.6962962962962963,0.6888888888888889,0.007407407407407418,0.9333333333333333,0.9333333333333333,0.0,0.3888888888888889,0.3888888888888889,0.0,0.029259259259259318
46,sk_peak14_intensity_abs_delta,0.6962962962962963,0.6962962962962963,0.0,0.9333333333333333,0.9333333333333333,0.0,0.3888888888888889,0.3888888888888889,0.0,0.0
46,sk_mean_peak_value_abs_delta,0.6962962962962963,0.6851851851851852,0.011111111111111072,0.9333333333333333,0.9333333333333333,0.0,0.3888888888888889,0.3888888888888889,0.0,0.014444444444444482
46,sk_wasserstein_distance_mu_tc,0.6962962962962963,0.6777777777777778,0.01851851851851849,0.9333333333333333,0.9333333333333333,0.0,0.3888888888888889,0.3888888888888889,0.0,0.0033333333333334103
46,sk_cosine_distance_full_q2,0.6962962962962963,0.6814814814814815,0.014814814814814836,0.9333333333333333,0.9333333333333333,0.0,0.3888888888888889,0.3333333333333333,0.05555555555555558,-0.000864197530864308
46,sk_wasserstein_distance_full_q2,0.6962962962962963,0.6777777777777778,0.01851851851851849,0.9333333333333333,0.9333333333333333,0.0,0.3888888888888889,0.3888888888888889,0.0,0.005185185185185182
47,sk_meanrms1,0.5814814814814815,0.5777777777777777,0.0037037037037037646,0.5333333333333333,0.5333333333333333,0.0,0.6111111111111112,0.6666666666666666,-0.05555555555555547,0.004320987654321096
47,sk_weightedrms1,0.5814814814814815,0.5777777777777777,0.0037037037037037646,0.5333333333333333,0.5333333333333333,0.0,0.6111111111111112,0.6111111111111112,0.0,0.0045679012345678505
47,sk_sigma_target1,0.5814814814814815,0.5740740740740741,0.007407407407407418,0.5333333333333333,0.5333333333333333,0.0,0.6111111111111112,0.6666666666666666,-0.05555555555555547,0.00024691358024697685
47,sk_sigma_contralateral1,0.5814814814814815,0.5814814814814815,0.0,0.5333333333333333,0.5333333333333333,0.0,0.6111111111111112,0.6111111111111112,0.0,0.00012345679012326638
47,sk_mahalanobis1,0.5814814814814815,0.5814814814814815,0.0,0.5333333333333333,0.5333333333333333,0.0,0.6111111111111112,0.6111111111111112,0.0,-2.220446049250313e-16
47,sk_meanrms2,0.5814814814814815,0.5814814814814815,0.0,0.5333333333333333,0.5333333333333333,0.0,0.6111111111111112,0.6111111111111112,0.0,0.0012345679012345512
47,sk_weightedrms2,0.5814814814814815,0.5777777777777777,0.0037037037037037646,0.5333333333333333,0.5333333333333333,0.0,0.6111111111111112,0.6666666666666666,-0.05555555555555547,0.006666666666666599
47,sk_sigma_target2,0.5814814814814815,0.5851851851851853,-0.0037037037037037646,0.5333333333333333,0.5333333333333333,0.0,0.6111111111111112,0.6666666666666666,-0.05555555555555547,-0.00469135802469145
47,sk_sigma_contralateral2,0.5814814814814815,0.5814814814814815,0.0,0.5333333333333333,0.5333333333333333,0.0,0.6111111111111112,0.6111111111111112,0.0,-0.0012345679012346622
47,sk_mahalanobis2,0.5814814814814815,0.5851851851851851,-0.0037037037037036535,0.5333333333333333,0.5333333333333333,0.0,0.6111111111111112,0.6111111111111112,0.0,-2.220446049250313e-16
47,sk_peak14_intensity_abs_delta,0.5814814814814815,0.6,-0.01851851851851849,0.5333333333333333,0.5333333333333333,0.0,0.6111111111111112,0.6666666666666666,-0.05555555555555547,0.0009876543209875743
47,sk_mean_peak_value_abs_delta,0.5814814814814815,0.5666666666666667,0.014814814814814836,0.5333333333333333,0.5333333333333333,0.0,0.6111111111111112,0.6111111111111112,0.0,-0.00037037037037035425
47,sk_wasserstein_distance_mu_tc,0.5814814814814815,0.5888888888888889,-0.007407407407407418,0.5333333333333333,0.5333333333333333,0.0,0.6111111111111112,0.6666666666666666,-0.05555555555555547,-0.03888888888888886
47,sk_cosine_distance_full_q2,0.5814814814814815,0.6000000000000001,-0.0185185185185186,0.5333333333333333,0.5333333333333333,0.0,0.6111111111111112,0.6666666666666666,-0.05555555555555547,-0.042592592592592626
47,sk_wasserstein_distance_full_q2,0.5814814814814815,0.5925925925925927,-0.011111111111111183,0.5333333333333333,0.5333333333333333,0.0,0.6111111111111112,0.6111111111111112,0.0,-0.056049382716049534
48,sk_meanrms1,0.5962962962962963,0.5962962962962963,0.0,0.8666666666666667,0.8666666666666667,0.0,0.4444444444444444,0.4444444444444444,0.0,0.005185185185185293
48,sk_weightedrms1,0.5962962962962963,0.5851851851851853,0.011111111111111072,0.8666666666666667,0.8666666666666667,0.0,0.4444444444444444,0.3888888888888889,0.055555555555555525,0.018888888888888733
48,sk_sigma_target1,0.5962962962962963,0.5962962962962963,0.0,0.8666666666666667,0.8666666666666667,0.0,0.4444444444444444,0.4444444444444444,0.0,0.004938271604938316
48,sk_sigma_contralateral1,0.5962962962962963,0.6000000000000001,-0.0037037037037037646,0.8666666666666667,0.8666666666666667,0.0,0.4444444444444444,0.4444444444444444,0.0,-0.0034567901234567877
48,sk_mahalanobis1,0.5962962962962963,0.5962962962962963,0.0,0.8666666666666667,0.8666666666666667,0.0,0.4444444444444444,0.4444444444444444,0.0,1.1102230246251565e-16
48,sk_meanrms2,0.5962962962962963,0.5962962962962963,0.0,0.8666666666666667,0.8666666666666667,0.0,0.4444444444444444,0.4444444444444444,0.0,-0.001481481481481306
48,sk_weightedrms2,0.5962962962962963,0.5962962962962963,0.0,0.8666666666666667,0.8666666666666667,0.0,0.4444444444444444,0.4444444444444444,0.0,0.0006172839506172201
48,sk_sigma_target2,0.5962962962962963,0.5962962962962963,0.0,0.8666666666666667,0.8666666666666667,0.0,0.4444444444444444,0.4444444444444444,0.0,0.0012345679012347732
48,sk_sigma_contralateral2,0.5962962962962963,0.6000000000000001,-0.0037037037037037646,0.8666666666666667,0.8666666666666667,0.0,0.4444444444444444,0.4444444444444444,0.0,-0.0030864197530863224
48,sk_mahalanobis2,0.5962962962962963,0.5962962962962963,0.0,0.8666666666666667,0.8666666666666667,0.0,0.4444444444444444,0.4444444444444444,0.0,1.1102230246251565e-16
48,sk_peak14_intensity_abs_delta,0.5962962962962963,0.5962962962962963,0.0,0.8666666666666667,0.8666666666666667,0.0,0.4444444444444444,0.4444444444444444,0.0,0.005925925925926001
48,sk_mean_peak_value_abs_delta,0.5962962962962963,0.5851851851851853,0.011111111111111072,0.8666666666666667,0.8666666666666667,0.0,0.4444444444444444,0.4444444444444444,0.0,0.013456790123456686
48,sk_wasserstein_distance_mu_tc,0.5962962962962963,0.5962962962962963,0.0,0.8666666666666667,0.8,0.06666666666666665,0.4444444444444444,0.4444444444444444,0.0,-0.020370370370370372
48,sk_cosine_distance_full_q2,0.5962962962962963,0.5962962962962963,0.0,0.8666666666666667,0.8,0.06666666666666665,0.4444444444444444,0.4444444444444444,0.0,-0.0006172839506173311
48,sk_wasserstein_distance_full_q2,0.5962962962962963,0.6037037037037037,-0.007407407407407418,0.8666666666666667,0.8666666666666667,0.0,0.4444444444444444,0.3333333333333333,0.1111111111111111,-0.022839506172839474
49,sk_meanrms1,0.7411764705882353,0.7411764705882353,0.0,0.9333333333333333,0.9333333333333333,0.0,0.35294117647058826,0.35294117647058826,0.0,0.0037908496732024233
49,sk_weightedrms1,0.7411764705882353,0.7450980392156863,-0.0039215686274509665,0.9333333333333333,0.9333333333333333,0.0,0.35294117647058826,0.29411764705882354,0.05882352941176472,-0.0022222222222223476
49,sk_sigma_target1,0.7411764705882353,0.7450980392156863,-0.0039215686274509665,0.9333333333333333,0.9333333333333333,0.0,0.35294117647058826,0.35294117647058826,0.0,-0.0019607843137257053
49,sk_sigma_contralateral1,0.7411764705882353,0.7411764705882353,0.0,0.9333333333333333,0.9333333333333333,0.0,0.35294117647058826,0.23529411764705882,0.11764705882352944,0.008235294117646896
49,sk_mahalanobis1,0.7411764705882353,0.7411764705882353,0.0,0.9333333333333333,0.9333333333333333,0.0,0.35294117647058826,0.35294117647058826,0.0,-2.220446049250313e-16
49,sk_meanrms2,0.7411764705882353,0.7411764705882353,0.0,0.9333333333333333,0.9333333333333333,0.0,0.35294117647058826,0.35294117647058826,0.0,0.0031372549019605955
49,sk_weightedrms2,0.7411764705882353,0.7450980392156863,-0.0039215686274509665,0.9333333333333333,0.9333333333333333,0.0,0.35294117647058826,0.35294117647058826,0.0,0.006405228758169734
49,sk_sigma_target2,0.7411764705882353,0.7450980392156863,-0.0039215686274509665,0.9333333333333333,0.9333333333333333,0.0,0.35294117647058826,0.35294117647058826,0.0,0.0048366013071893255
49,sk_sigma_contralateral2,0.7411764705882353,0.7333333333333333,0.007843137254902044,0.9333333333333333,0.9333333333333333,0.0,0.35294117647058826,0.35294117647058826,0.0,0.012418300653594616
49,sk_mahalanobis2,0.7411764705882353,0.7372549019607842,0.0039215686274510775,0.9333333333333333,0.9333333333333333,0.0,0.35294117647058826,0.35294117647058826,0.0,-2.220446049250313e-16
49,sk_peak14_intensity_abs_delta,0.7411764705882353,0.7411764705882353,0.0,0.9333333333333333,0.9333333333333333,0.0,0.35294117647058826,0.35294117647058826,0.0,0.0028758169934638422
49,sk_mean_peak_value_abs_delta,0.7411764705882353,0.7411764705882353,0.0,0.9333333333333333,0.9333333333333333,0.0,0.35294117647058826,0.35294117647058826,0.0,0.011764705882352677
49,sk_wasserstein_distance_mu_tc,0.7411764705882353,0.7411764705882353,0.0,0.9333333333333333,0.9333333333333333,0.0,0.35294117647058826,0.35294117647058826,0.0,0.0028758169934638422
49,sk_cosine_distance_full_q2,0.7411764705882353,0.7372549019607842,0.0039215686274510775,0.9333333333333333,0.9333333333333333,0.0,0.35294117647058826,0.35294117647058826,0.0,0.0032679738562089167
49,sk_wasserstein_distance_full_q2,0.7411764705882353,0.7294117647058823,0.01176470588235301,0.9333333333333333,0.9333333333333333,0.0,0.35294117647058826,0.35294117647058826,0.0,0.017254901960784053
50,sk_meanrms1,0.5703703703703704,0.5703703703703704,0.0,0.8666666666666667,0.8666666666666667,0.0,0.4444444444444444,0.4444444444444444,0.0,0.0018518518518518823
50,sk_weightedrms1,0.5703703703703704,0.5888888888888889,-0.01851851851851849,0.8666666666666667,0.8666666666666667,0.0,0.4444444444444444,0.3888888888888889,0.055555555555555525,0.01061728395061734
50,sk_sigma_target1,0.5703703703703704,0.5703703703703704,0.0,0.8666666666666667,0.8666666666666667,0.0,0.4444444444444444,0.4444444444444444,0.0,-0.0016049382716046834
50,sk_sigma_contralateral1,0.5703703703703704,0.5703703703703704,0.0,0.8666666666666667,0.8666666666666667,0.0,0.4444444444444444,0.4444444444444444,0.0,-0.0018518518518518823
50,sk_mahalanobis1,0.5703703703703704,0.5703703703703704,0.0,0.8666666666666667,0.8666666666666667,0.0,0.4444444444444444,0.4444444444444444,0.0,-0.0002469135802466438
50,sk_meanrms2,0.5703703703703704,0.5740740740740741,-0.0037037037037036535,0.8666666666666667,0.8666666666666667,0.0,0.4444444444444444,0.4444444444444444,0.0,-0.0011111111111108407
50,sk_weightedrms2,0.5703703703703704,0.5814814814814815,-0.011111111111111072,0.8666666666666667,0.8666666666666667,0.0,0.4444444444444444,0.4444444444444444,0.0,0.008148148148148349
50,sk_sigma_target2,0.5703703703703704,0.5740740740740741,-0.0037037037037036535,0.8666666666666667,0.8666666666666667,0.0,0.4444444444444444,0.4444444444444444,0.0,-0.009012345679012213
50,sk_sigma_contralateral2,0.5703703703703704,0.5703703703703704,0.0,0.8666666666666667,0.8666666666666667,0.0,0.4444444444444444,0.4444444444444444,0.0,0.00864197530864208
50,sk_mahalanobis2,0.5703703703703704,0.5703703703703704,0.0,0.8666666666666667,0.8666666666666667,0.0,0.4444444444444444,0.4444444444444444,0.0,0.00024691358024708787
50,sk_peak14_intensity_abs_delta,0.5703703703703704,0.5740740740740741,-0.0037037037037036535,0.8666666666666667,0.8666666666666667,0.0,0.4444444444444444,0.4444444444444444,0.0,-0.0006172839506172201
50,sk_mean_peak_value_abs_delta,0.5703703703703704,0.5666666666666667,0.0037037037037037646,0.8666666666666667,0.8666666666666667,0.0,0.4444444444444444,0.4444444444444444,0.0,0.010370370370370363
50,sk_wasserstein_distance_mu_tc,0.5703703703703704,0.5666666666666667,0.0037037037037037646,0.8666666666666667,0.8666666666666667,0.0,0.4444444444444444,0.4444444444444444,0.0,0.0012345679012345512
50,sk_cosine_distance_full_q2,0.5703703703703704,0.5703703703703704,0.0,0.8666666666666667,0.8666666666666667,0.0,0.4444444444444444,0.4444444444444444,0.0,-0.0016049382716049054
50,sk_wasserstein_distance_full_q2,0.5703703703703704,0.5666666666666668,0.0037037037037036535,0.8666666666666667,0.8666666666666667,0.0,0.4444444444444444,0.4444444444444444,0.0,0.012222222222222134
51,sk_meanrms1,0.5740740740740741,0.5814814814814815,-0.007407407407407418,0.6666666666666666,0.6666666666666666,0.0,0.5,0.5,0.0,-0.010987654320987583
51,sk_weightedrms1,0.5740740740740741,0.5666666666666667,0.007407407407407418,0.6666666666666666,0.7333333333333333,-0.06666666666666665,0.5,0.4444444444444444,0.05555555555555558,0.018148148148148135
51,sk_sigma_target1,0.5740740740740741,0.5740740740740742,-1.1102230246251565e-16,0.6666666666666666,0.6666666666666666,0.0,0.5,0.4444444444444444,0.05555555555555558,0.01456790123456786
51,sk_sigma_contralateral1,0.5740740740740741,0.5814814814814815,-0.007407407407407418,0.6666666666666666,0.6666666666666666,0.0,0.5,0.5,0.0,-0.004938271604938427
51,sk_mahalanobis1,0.5740740740740741,0.5740740740740741,0.0,0.6666666666666666,0.6666666666666666,0.0,0.5,0.5,0.0,0.0
51,sk_meanrms2,0.5740740740740741,0.5740740740740741,0.0,0.6666666666666666,0.6666666666666666,0.0,0.5,0.5,0.0,0.0
51,sk_weightedrms2,0.5740740740740741,0.5777777777777777,-0.0037037037037036535,0.6666666666666666,0.6666666666666666,0.0,0.5,0.5,0.0,-0.005185185185185293
51,sk_sigma_target2,0.5740740740740741,0.5962962962962963,-0.022222222222222254,0.6666666666666666,0.6666666666666666,0.0,0.5,0.4444444444444444,0.05555555555555558,-0.01987654320987642
51,sk_sigma_contralateral2,0.5740740740740741,0.5814814814814815,-0.007407407407407418,0.6666666666666666,0.6666666666666666,0.0,0.5,0.5,0.0,-0.004938271604938316
51,sk_mahalanobis2,0.5740740740740741,0.5777777777777777,-0.0037037037037036535,0.6666666666666666,0.6666666666666666,0.0,0.5,0.4444444444444444,0.05555555555555558,0.0
51,sk_peak14_intensity_abs_delta,0.5740740740740741,0.5851851851851851,-0.011111111111111072,0.6666666666666666,0.6666666666666666,0.0,0.5,0.4444444444444444,0.05555555555555558,-0.01851851851851838
51,sk_mean_peak_value_abs_delta,0.5740740740740741,0.5777777777777777,-0.0037037037037036535,0.6666666666666666,0.6666666666666666,0.0,0.5,0.4444444444444444,0.05555555555555558,0.019506172839506064
51,sk_wasserstein_distance_mu_tc,0.5740740740740741,0.5740740740740741,0.0,0.6666666666666666,0.6666666666666666,0.0,0.5,0.5,0.0,-0.0019753086419751487
51,sk_cosine_distance_full_q2,0.5740740740740741,0.5740740740740741,0.0,0.6666666666666666,0.6666666666666666,0.0,0.5,0.5,0.0,-0.006296296296296466
51,sk_wasserstein_distance_full_q2,0.5740740740740741,0.5592592592592592,0.014814814814814836,0.6666666666666666,0.6666666666666666,0.0,0.5,0.4444444444444444,0.05555555555555558,-0.001481481481481417
52,sk_meanrms1,0.7481481481481481,0.7481481481481481,0.0,0.9333333333333333,0.9333333333333333,0.0,0.4444444444444444,0.4444444444444444,0.0,0.00851851851851837
52,sk_weightedrms1,0.7481481481481481,0.737037037037037,0.011111111111111072,0.9333333333333333,0.8666666666666667,0.06666666666666665,0.4444444444444444,0.4444444444444444,0.0,0.013703703703703773
52,sk_sigma_target1,0.7481481481481481,0.7481481481481481,0.0,0.9333333333333333,0.9333333333333333,0.0,0.4444444444444444,0.4444444444444444,0.0,0.008765432098765569
52,sk_sigma_contralateral1,0.7481481481481481,0.7481481481481481,0.0,0.9333333333333333,0.9333333333333333,0.0,0.4444444444444444,0.4444444444444444,0.0,0.0003703703703705763
52,sk_mahalanobis1,0.7481481481481481,0.7481481481481481,0.0,0.9333333333333333,0.9333333333333333,0.0,0.4444444444444444,0.4444444444444444,0.0,0.000864197530864419
52,sk_meanrms2,0.7481481481481481,0.7481481481481481,0.0,0.9333333333333333,0.9333333333333333,0.0,0.4444444444444444,0.4444444444444444,0.0,0.004320987654321096
52,sk_weightedrms2,0.7481481481481481,0.7370370370370369,0.011111111111111183,0.9333333333333333,0.8666666666666667,0.06666666666666665,0.4444444444444444,0.4444444444444444,0.0,0.014197530864197616
52,sk_sigma_target2,0.7481481481481481,0.7555555555555555,-0.007407407407407418,0.9333333333333333,0.8666666666666667,0.06666666666666665,0.4444444444444444,0.4444444444444444,0.0,0.008888888888888724
52,sk_sigma_contralateral2,0.7481481481481481,0.7407407407407407,0.007407407407407418,0.9333333333333333,0.9333333333333333,0.0,0.4444444444444444,0.4444444444444444,0.0,0.00987654320987652
52,sk_mahalanobis2,0.7481481481481481,0.7481481481481481,0.0,0.9333333333333333,0.9333333333333333,0.0,0.4444444444444444,0.4444444444444444,0.0,0.004691358024691339
52,sk_peak14_intensity_abs_delta,0.7481481481481481,0.7481481481481481,0.0,0.9333333333333333,0.9333333333333333,0.0,0.4444444444444444,0.4444444444444444,0.0,0.006419753086419955
52,sk_mean_peak_value_abs_delta,0.7481481481481481,0.737037037037037,0.011111111111111072,0.9333333333333333,0.9333333333333333,0.0,0.4444444444444444,0.4444444444444444,0.0,0.01197530864197538
52,sk_wasserstein_distance_mu_tc,0.7481481481481481,0.7481481481481481,0.0,0.9333333333333333,0.8666666666666667,0.06666666666666665,0.4444444444444444,0.4444444444444444,0.0,0.01049382716049374
52,sk_cosine_distance_full_q2,0.7481481481481481,0.7444444444444445,0.0037037037037036535,0.9333333333333333,0.8666666666666667,0.06666666666666665,0.4444444444444444,0.4444444444444444,0.0,0.004938271604938316
52,sk_wasserstein_distance_full_q2,0.7481481481481481,0.7407407407407408,0.007407407407407307,0.9333333333333333,0.9333333333333333,0.0,0.4444444444444444,0.4444444444444444,0.0,0.019012345679012332
53,sk_meanrms1,0.6925925925925925,0.6925925925925925,0.0,0.6666666666666666,0.6666666666666666,0.0,0.3888888888888889,0.3888888888888889,0.0,-0.0027160493827161902
53,sk_weightedrms1,0.6925925925925925,0.6925925925925925,0.0,0.6666666666666666,0.7333333333333333,-0.06666666666666665,0.3888888888888889,0.3888888888888889,0.0,-0.004320987654321207
53,sk_sigma_target1,0.6925925925925925,0.7074074074074074,-0.014814814814814836,0.6666666666666666,0.6666666666666666,0.0,0.3888888888888889,0.4444444444444444,-0.055555555555555525,-0.0060493827160492675
53,sk_sigma_contralateral1,0.6925925925925925,0.7000000000000001,-0.007407407407407529,0.6666666666666666,0.6666666666666666,0.0,0.3888888888888889,0.3888888888888889,0.0,-0.0016049382716050165
53,sk_mahalanobis1,0.6925925925925925,0.6925925925925925,0.0,0.6666666666666666,0.6666666666666666,0.0,0.3888888888888889,0.3888888888888889,0.0,-1.1102230246251565e-16
53,sk_meanrms2,0.6925925925925925,0.7000000000000001,-0.007407407407407529,0.6666666666666666,0.6666666666666666,0.0,0.3888888888888889,0.3888888888888889,0.0,-0.002098765432098859
53,sk_weightedrms2,0.6925925925925925,0.6851851851851852,0.007407407407407307,0.6666666666666666,0.6666666666666666,0.0,0.3888888888888889,0.4444444444444444,-0.055555555555555525,0.012098765432098868
53,sk_sigma_target2,0.6925925925925925,0.6925925925925925,0.0,0.6666666666666666,0.6666666666666666,0.0,0.3888888888888889,0.4444444444444444,-0.055555555555555525,0.005061728395061582
53,sk_sigma_contralateral2,0.6925925925925925,0.6925925925925925,0.0,0.6666666666666666,0.6666666666666666,0.0,0.3888888888888889,0.3888888888888889,0.0,0.004074074074073786
53,sk_mahalanobis2,0.6925925925925925,0.6851851851851852,0.007407407407407307,0.6666666666666666,0.6666666666666666,0.0,0.3888888888888889,0.3888888888888889,0.0,-1.1102230246251565e-16
53,sk_peak14_intensity_abs_delta,0.6925925925925925,0.6962962962962963,-0.0037037037037037646,0.6666666666666666,0.6666666666666666,0.0,0.3888888888888889,0.4444444444444444,-0.055555555555555525,-0.004814814814814938
53,sk_mean_peak_value_abs_delta,0.6925925925925925,0.711111111111111,-0.01851851851851849,0.6666666666666666,0.7333333333333333,-0.06666666666666665,0.3888888888888889,0.3333333333333333,0.05555555555555558,-0.01654320987654334
53,sk_wasserstein_distance_mu_tc,0.6925925925925925,0.7037037037037037,-0.011111111111111183,0.6666666666666666,0.6666666666666666,0.0,0.3888888888888889,0.3888888888888889,0.0,0.0013580246913580396
53,sk_cosine_distance_full_q2,0.6925925925925925,0.6925925925925925,0.0,0.6666666666666666,0.6666666666666666,0.0,0.3888888888888889,0.3888888888888889,0.0,-0.0006172839506175531
53,sk_wasserstein_distance_full_q2,0.6925925925925925,0.6814814814814815,0.011111111111111072,0.6666666666666666,0.7333333333333333,-0.06666666666666665,0.3888888888888889,0.3333333333333333,0.05555555555555558,0.015061728395061702
54,sk_meanrms1,0.6745098039215687,0.6745098039215687,0.0,0.8,0.8,0.0,0.47058823529411764,0.47058823529411764,0.0,-0.002745098039215854
54,sk_weightedrms1,0.6745098039215687,0.6745098039215687,0.0,0.8,0.7333333333333333,0.06666666666666676,0.47058823529411764,0.47058823529411764,0.0,-0.0013071895424837665
54,sk_sigma_target1,0.6745098039215687,0.6862745098039216,-0.0117647058823529,0.8,0.8,0.0,0.47058823529411764,0.47058823529411764,0.0,-0.0011764705882354454
54,sk_sigma_contralateral1,0.6745098039215687,0.6862745098039216,-0.0117647058823529,0.8,0.8,0.0,0.47058823529411764,0.4117647058823529,0.05882352941176472,-0.012156862745098196
54,sk_mahalanobis1,0.6745098039215687,0.6745098039215687,0.0,0.8,0.8,0.0,0.47058823529411764,0.47058823529411764,0.0,0.009803921568627305
54,sk_meanrms2,0.6745098039215687,0.6745098039215687,0.0,0.8,0.8,0.0,0.47058823529411764,0.47058823529411764,0.0,-1.1102230246251565e-16
54,sk_weightedrms2,0.6745098039215687,0.6745098039215687,0.0,0.8,0.8,0.0,0.47058823529411764,0.47058823529411764,0.0,0.0074509803921566364
54,sk_sigma_target2,0.6745098039215687,0.6745098039215687,0.0,0.8,0.8,0.0,0.47058823529411764,0.47058823529411764,0.0,-0.001699346405228952
54,sk_sigma_contralateral2,0.6745098039215687,0.6745098039215687,0.0,0.8,0.8,0.0,0.47058823529411764,0.47058823529411764,0.0,-0.0015686274509805198
54,sk_mahalanobis2,0.6745098039215687,0.6745098039215687,0.0,0.8,0.8,0.0,0.47058823529411764,0.47058823529411764,0.0,0.005490196078431153
54,sk_peak14_intensity_abs_delta,0.6745098039215687,0.6823529411764706,-0.007843137254901933,0.8,0.8,0.0,0.47058823529411764,0.47058823529411764,0.0,-0.0022222222222223476
54,sk_mean_peak_value_abs_delta,0.6745098039215687,0.6862745098039216,-0.0117647058823529,0.8,0.8,0.0,0.47058823529411764,0.47058823529411764,0.0,-0.005359477124183165
54,sk_wasserstein_distance_mu_tc,0.6745098039215687,0.6745098039215687,0.0,0.8,0.8,0.0,0.47058823529411764,0.47058823529411764,0.0,0.00862745098039197
54,sk_cosine_distance_full_q2,0.6745098039215687,0.6745098039215687,0.0,0.8,0.8,0.0,0.47058823529411764,0.47058823529411764,0.0,0.010457516339869133
54,sk_wasserstein_distance_full_q2,0.6745098039215687,0.6627450980392157,0.01176470588235301,0.8,0.7333333333333333,0.06666666666666676,0.47058823529411764,0.5294117647058824,-0.05882352941176472,0.006405228758169734
55,sk_meanrms1,0.7518518518518519,0.7518518518518519,0.0,0.9333333333333333,0.9333333333333333,0.0,0.3333333333333333,0.3333333333333333,0.0,0.011975308641975269
55,sk_weightedrms1,0.7518518518518519,0.7481481481481481,0.0037037037037037646,0.9333333333333333,0.9333333333333333,0.0,0.3333333333333333,0.3333333333333333,0.0,0.033209876543209726
55,sk_sigma_target1,0.7518518518518519,0.7518518518518519,0.0,0.9333333333333333,0.9333333333333333,0.0,0.3333333333333333,0.3333333333333333,0.0,0.0016049382716049054
55,sk_sigma_contralateral1,0.7518518518518519,0.7592592592592593,-0.007407407407407418,0.9333333333333333,0.9333333333333333,0.0,0.3333333333333333,0.3333333333333333,0.0,-0.00666666666666671
55,sk_mahalanobis1,0.7518518518518519,0.7518518518518519,0.0,0.9333333333333333,0.9333333333333333,0.0,0.3333333333333333,0.3333333333333333,0.0,0.0007407407407404865
55,sk_meanrms2,0.7518518518518519,0.7518518518518519,0.0,0.9333333333333333,0.9333333333333333,0.0,0.3333333333333333,0.3333333333333333,0.0,0.0004938271604939537
55,sk_weightedrms2,0.7518518518518519,0.7407407407407407,0.011111111111111183,0.9333333333333333,0.9333333333333333,0.0,0.3333333333333333,0.3333333333333333,0.0,0.031234567901234578
55,sk_sigma_target2,0.7518518518518519,0.7444444444444445,0.007407407407407418,0.9333333333333333,0.9333333333333333,0.0,0.3333333333333333,0.3333333333333333,0.0,0.010246913580246875
55,sk_sigma_contralateral2,0.7518518518518519,0.7518518518518519,0.0,0.9333333333333333,0.9333333333333333,0.0,0.3333333333333333,0.3333333333333333,0.0,-0.011358024691357937
55,sk_mahalanobis2,0.7518518518518519,0.7518518518518519,0.0,0.9333333333333333,0.9333333333333333,0.0,0.3333333333333333,0.3333333333333333,0.0,-0.0009876543209876854
55,sk_peak14_intensity_abs_delta,0.7518518518518519,0.7518518518518519,0.0,0.9333333333333333,0.9333333333333333,0.0,0.3333333333333333,0.3333333333333333,0.0,0.014320987654321105
55,sk_mean_peak_value_abs_delta,0.7518518518518519,0.7518518518518519,0.0,0.9333333333333333,0.9333333333333333,0.0,0.3333333333333333,0.3333333333333333,0.0,0.012962962962962954
55,sk_wasserstein_distance_mu_tc,0.7518518518518519,0.7444444444444445,0.007407407407407418,0.9333333333333333,0.9333333333333333,0.0,0.3333333333333333,0.3333333333333333,0.0,-0.009999999999999898
55,sk_cosine_distance_full_q2,0.7518518518518519,0.7518518518518519,0.0,0.9333333333333333,0.9333333333333333,0.0,0.3333333333333333,0.3333333333333333,0.0,-0.0012345679012345512
55,sk_wasserstein_distance_full_q2,0.7518518518518519,0.7407407407407407,0.011111111111111183,0.9333333333333333,0.9333333333333333,0.0,0.3333333333333333,0.3333333333333333,0.0,-0.0030864197530863224
56,sk_meanrms1,0.7481481481481481,0.7481481481481481,0.0,0.6666666666666666,0.6666666666666666,0.0,0.6111111111111112,0.6111111111111112,0.0,-0.004814814814814938
56,sk_weightedrms1,0.7481481481481481,0.7592592592592593,-0.011111111111111183,0.6666666666666666,0.7333333333333333,-0.06666666666666665,0.6111111111111112,0.6111111111111112,0.0,-0.007283950617284041
56,sk_sigma_target1,0.7481481481481481,0.7481481481481481,0.0,0.6666666666666666,0.6666666666666666,0.0,0.6111111111111112,0.6111111111111112,0.0,-0.0011111111111109517
56,sk_sigma_contralateral1,0.7481481481481481,0.7481481481481481,0.0,0.6666666666666666,0.6666666666666666,0.0,0.6111111111111112,0.6111111111111112,0.0,-0.0011111111111111738
56,sk_mahalanobis1,0.7481481481481481,0.7481481481481481,0.0,0.6666666666666666,0.6666666666666666,0.0,0.6111111111111112,0.6111111111111112,0.0,2.220446049250313e-16
56,sk_meanrms2,0.7481481481481481,0.7481481481481481,0.0,0.6666666666666666,0.6666666666666666,0.0,0.6111111111111112,0.6111111111111112,0.0,-0.0009876543209874633
56,sk_weightedrms2,0.7481481481481481,0.7481481481481481,0.0,0.6666666666666666,0.6666666666666666,0.0,0.6111111111111112,0.6111111111111112,0.0,0.016172839506172987
56,sk_sigma_target2,0.7481481481481481,0.7518518518518518,-0.0037037037037036535,0.6666666666666666,0.6666666666666666,0.0,0.6111111111111112,0.6111111111111112,0.0,-0.00037037037037024323
56,sk_sigma_contralateral2,0.7481481481481481,0.7481481481481481,0.0,0.6666666666666666,0.6666666666666666,0.0,0.6111111111111112,0.6111111111111112,0.0,0.00037037037037035425
56,sk_mahalanobis2,0.7481481481481481,0.7481481481481481,0.0,0.6666666666666666,0.6666666666666666,0.0,0.6111111111111112,0.6111111111111112,0.0,2.220446049250313e-16
56,sk_peak14_intensity_abs_delta,0.7481481481481481,0.7518518518518518,-0.0037037037037036535,0.6666666666666666,0.6666666666666666,0.0,0.6111111111111112,0.6111111111111112,0.0,-0.0017283950617283939
56,sk_mean_peak_value_abs_delta,0.7481481481481481,0.7407407407407407,0.007407407407407418,0.6666666666666666,0.7333333333333333,-0.06666666666666665,0.6111111111111112,0.5,0.11111111111111116,0.009382716049382789
56,sk_wasserstein_distance_mu_tc,0.7481481481481481,0.7481481481481481,0.0,0.6666666666666666,0.6666666666666666,0.0,0.6111111111111112,0.6111111111111112,0.0,-0.005679012345679024
56,sk_cosine_distance_full_q2,0.7481481481481481,0.7518518518518518,-0.0037037037037036535,0.6666666666666666,0.6666666666666666,0.0,0.6111111111111112,0.6666666666666666,-0.05555555555555547,-0.0033333333333331883
56,sk_wasserstein_distance_full_q2,0.7481481481481481,0.7518518518518518,-0.0037037037037036535,0.6666666666666666,0.7333333333333333,-0.06666666666666665,0.6111111111111112,0.5,0.11111111111111116,-0.006543209876543332
57,sk_meanrms1,0.6777777777777778,0.6777777777777778,0.0,0.6,0.6,0.0,0.5555555555555556,0.5555555555555556,0.0,0.0027160493827161902
57,sk_weightedrms1,0.6777777777777778,0.6814814814814816,-0.0037037037037037646,0.6,0.6,0.0,0.5555555555555556,0.5555555555555556,0.0,-0.0033333333333332993
57,sk_sigma_target1,0.6777777777777778,0.6777777777777778,0.0,0.6,0.6666666666666666,-0.06666666666666665,0.5555555555555556,0.5555555555555556,0.0,-0.0024691358024689913
57,sk_sigma_contralateral1,0.6777777777777778,0.6777777777777778,0.0,0.6,0.6666666666666666,-0.06666666666666665,0.5555555555555556,0.5555555555555556,0.0,-0.0013580246913580396
57,sk_mahalanobis1,0.6777777777777778,0.6777777777777778,0.0,0.6,0.6,0.0,0.5555555555555556,0.5555555555555556,0.0,2.220446049250313e-16
57,sk_meanrms2,0.6777777777777778,0.674074074074074,0.0037037037037037646,0.6,0.6,0.0,0.5555555555555556,0.5555555555555556,0.0,-0.0009876543209875743
57,sk_weightedrms2,0.6777777777777778,0.6777777777777778,0.0,0.6,0.6666666666666666,-0.06666666666666665,0.5555555555555556,0.5555555555555556,0.0,-0.004444444444444473
57,sk_sigma_target2,0.6777777777777778,0.6777777777777778,0.0,0.6,0.6666666666666666,-0.06666666666666665,0.5555555555555556,0.5555555555555556,0.0,-0.0009876543209876854
57,sk_sigma_contralateral2,0.6777777777777778,0.6888888888888889,-0.011111111111111072,0.6,0.6666666666666666,-0.06666666666666665,0.5555555555555556,0.5555555555555556,0.0,-0.01172839506172818
57,sk_mahalanobis2,0.6777777777777778,0.674074074074074,0.0037037037037037646,0.6,0.6,0.0,0.5555555555555556,0.5555555555555556,0.0,-0.0006172839506172201
57,sk_peak14_intensity_abs_delta,0.6777777777777778,0.674074074074074,0.0037037037037037646,0.6,0.6,0.0,0.5555555555555556,0.5555555555555556,0.0,0.0013580246913581506
57,sk_mean_peak_value_abs_delta,0.6777777777777778,0.674074074074074,0.0037037037037037646,0.6,0.6,0.0,0.5555555555555556,0.5555555555555556,0.0,0.0013580246913581506
57,sk_wasserstein_distance_mu_tc,0.6777777777777778,0.6777777777777778,0.0,0.6,0.6666666666666666,-0.06666666666666665,0.5555555555555556,0.5555555555555556,0.0,-0.002098765432098637
57,sk_cosine_distance_full_q2,0.6777777777777778,0.6777777777777778,0.0,0.6,0.6,0.0,0.5555555555555556,0.5555555555555556,0.0,-0.0009876543209874633
57,sk_wasserstein_distance_full_q2,0.6777777777777778,0.674074074074074,0.0037037037037037646,0.6,0.6666666666666666,-0.06666666666666665,0.5555555555555556,0.5555555555555556,0.0,0.008518518518518592
58,sk_meanrms1,0.5703703703703704,0.5703703703703704,0.0,0.7333333333333333,0.7333333333333333,0.0,0.5555555555555556,0.5555555555555556,0.0,-0.014074074074074017
58,sk_weightedrms1,0.5703703703703704,0.5888888888888888,-0.01851851851851838,0.7333333333333333,0.6666666666666666,0.06666666666666665,0.5555555555555556,0.5555555555555556,0.0,-0.021975308641975277
58,sk_sigma_target1,0.5703703703703704,0.5592592592592593,0.011111111111111072,0.7333333333333333,0.7333333333333333,0.0,0.5555555555555556,0.5555555555555556,0.0,0.010000000000000009
58,sk_sigma_contralateral1,0.5703703703703704,0.5740740740740742,-0.0037037037037037646,0.7333333333333333,0.7333333333333333,0.0,0.5555555555555556,0.5555555555555556,0.0,0.00024691358024708787
58,sk_mahalanobis1,0.5703703703703704,0.5703703703703704,0.0,0.7333333333333333,0.7333333333333333,0.0,0.5555555555555556,0.5555555555555556,0.0,2.220446049250313e-16
58,sk_meanrms2,0.5703703703703704,0.5703703703703704,0.0,0.7333333333333333,0.7333333333333333,0.0,0.5555555555555556,0.5555555555555556,0.0,0.00024691358024708787
58,sk_weightedrms2,0.5703703703703704,0.5592592592592593,0.011111111111111072,0.7333333333333333,0.7333333333333333,0.0,0.5555555555555556,0.5555555555555556,0.0,0.00851851851851848
58,sk_sigma_target2,0.5703703703703704,0.5740740740740741,-0.0037037037037036535,0.7333333333333333,0.6666666666666666,0.06666666666666665,0.5555555555555556,0.5555555555555556,0.0,0.00654320987654311
58,sk_sigma_contralateral2,0.5703703703703704,0.5592592592592593,0.011111111111111072,0.7333333333333333,0.7333333333333333,0.0,0.5555555555555556,0.5555555555555556,0.0,0.004814814814814827
58,sk_mahalanobis2,0.5703703703703704,0.5703703703703704,0.0,0.7333333333333333,0.7333333333333333,0.0,0.5555555555555556,0.5555555555555556,0.0,2.220446049250313e-16
58,sk_peak14_intensity_abs_delta,0.5703703703703704,0.5703703703703704,0.0,0.7333333333333333,0.7333333333333333,0.0,0.5555555555555556,0.5555555555555556,0.0,-0.011481481481481426
58,sk_mean_peak_value_abs_delta,0.5703703703703704,0.5777777777777778,-0.007407407407407418,0.7333333333333333,0.7333333333333333,0.0,0.5555555555555556,0.5555555555555556,0.0,-0.016419753086419853
58,sk_wasserstein_distance_mu_tc,0.5703703703703704,0.5666666666666668,0.0037037037037036535,0.7333333333333333,0.7333333333333333,0.0,0.5555555555555556,0.5555555555555556,0.0,0.002716049382715968
58,sk_cosine_distance_full_q2,0.5703703703703704,0.5740740740740742,-0.0037037037037037646,0.7333333333333333,0.7333333333333333,0.0,0.5555555555555556,0.5555555555555556,0.0,0.0028395061728395676
58,sk_wasserstein_distance_full_q2,0.5703703703703704,0.5518518518518519,0.01851851851851849,0.7333333333333333,0.6666666666666666,0.06666666666666665,0.5555555555555556,0.5555555555555556,0.0,0.024074074074074026
59,sk_meanrms1,0.5686274509803921,0.5647058823529412,0.0039215686274509665,0.8,0.8,0.0,0.35294117647058826,0.35294117647058826,0.0,0.0037908496732025343
59,sk_weightedrms1,0.5686274509803921,0.5450980392156863,0.0235294117647058,0.8,0.8,0.0,0.35294117647058826,0.35294117647058826,0.0,0.02026143790849677
59,sk_sigma_target1,0.5686274509803921,0.592156862745098,-0.02352941176470591,0.8,0.7333333333333333,0.06666666666666676,0.35294117647058826,0.47058823529411764,-0.11764705882352938,-0.030065359477124298
59,sk_sigma_contralateral1,0.5686274509803921,0.5607843137254902,0.007843137254901933,0.8,0.8,0.0,0.35294117647058826,0.35294117647058826,0.0,0.007973856209150254
59,sk_mahalanobis1,0.5686274509803921,0.5686274509803921,0.0,0.8,0.8,0.0,0.35294117647058826,0.35294117647058826,0.0,-0.0018300653594772731
59,sk_meanrms2,0.5686274509803921,0.5647058823529412,0.0039215686274509665,0.8,0.8,0.0,0.35294117647058826,0.4117647058823529,-0.05882352941176466,0.0039215686274509665
59,sk_weightedrms2,0.5686274509803921,0.5647058823529412,0.0039215686274509665,0.8,0.7333333333333333,0.06666666666666676,0.35294117647058826,0.47058823529411764,-0.11764705882352938,0.02614379084967322
59,sk_sigma_target2,0.5686274509803921,0.5647058823529412,0.0039215686274509665,0.8,0.8,0.0,0.35294117647058826,0.35294117647058826,0.0,-0.001699346405228841
59,sk_sigma_contralateral2,0.5686274509803921,0.5686274509803921,0.0,0.8,0.8,0.0,0.35294117647058826,0.35294117647058826,0.0,0.01189542483660122
59,sk_mahalanobis2,0.5686274509803921,0.5686274509803921,0.0,0.8,0.8,0.0,0.35294117647058826,0.4117647058823529,-0.05882352941176466,0.004575163398692794
59,sk_peak14_intensity_abs_delta,0.5686274509803921,0.5647058823529412,0.0039215686274509665,0.8,0.8,0.0,0.35294117647058826,0.35294117647058826,0.0,-0.0023529411764705577
59,sk_mean_peak_value_abs_delta,0.5686274509803921,0.5686274509803921,0.0,0.8,0.8,0.0,0.35294117647058826,0.35294117647058826,0.0,0.024575163398692812
59,sk_wasserstein_distance_mu_tc,0.5686274509803921,0.5607843137254902,0.007843137254901933,0.8,0.8,0.0,0.35294117647058826,0.35294117647058826,0.0,-0.002745098039215854
59,sk_cosine_distance_full_q2,0.5686274509803921,0.5686274509803921,0.0,0.8,0.8,0.0,0.35294117647058826,0.4117647058823529,-0.05882352941176466,-0.00405228758169951
59,sk_wasserstein_distance_full_q2,0.5686274509803921,0.5647058823529412,0.0039215686274509665,0.8,0.8,0.0,0.35294117647058826,0.29411764705882354,0.05882352941176472,-0.030849673202614558
60,sk_meanrms1,0.6481481481481481,0.6481481481481481,0.0,0.7333333333333333,0.7333333333333333,0.0,0.5,0.5,0.0,-0.00037037037037035425
60,sk_weightedrms1,0.6481481481481481,0.6444444444444445,0.0037037037037036535,0.7333333333333333,0.7333333333333333,0.0,0.5,0.5,0.0,0.0011111111111111738
60,sk_sigma_target1,0.6481481481481481,0.6444444444444444,0.0037037037037037646,0.7333333333333333,0.7333333333333333,0.0,0.5,0.5,0.0,0.0045679012345679615
60,sk_sigma_contralateral1,0.6481481481481481,0.6444444444444444,0.0037037037037037646,0.7333333333333333,0.7333333333333333,0.0,0.5,0.5,0.0,0.0045679012345680725
60,sk_mahalanobis1,0.6481481481481481,0.6481481481481481,0.0,0.7333333333333333,0.7333333333333333,0.0,0.5,0.5,0.0,0.0001234567901233774
60,sk_meanrms2,0.6481481481481481,0.6444444444444444,0.0037037037037037646,0.7333333333333333,0.7333333333333333,0.0,0.5,0.5,0.0,-0.0037037037037036535
60,sk_weightedrms2,0.6481481481481481,0.6555555555555556,-0.007407407407407418,0.7333333333333333,0.7333333333333333,0.0,0.5,0.5,0.0,-0.008888888888888835
60,sk_sigma_target2,0.6481481481481481,0.6481481481481481,0.0,0.7333333333333333,0.7333333333333333,0.0,0.5,0.5,0.0,0.0024691358024692134
60,sk_sigma_contralateral2,0.6481481481481481,0.6518518518518519,-0.0037037037037037646,0.7333333333333333,0.7333333333333333,0.0,0.5,0.5,0.0,0.0012345679012345512
60,sk_mahalanobis2,0.6481481481481481,0.6481481481481481,0.0,0.7333333333333333,0.7333333333333333,0.0,0.5,0.5,0.0,0.0002469135802467548
60,sk_peak14_intensity_abs_delta,0.6481481481481481,0.6481481481481481,0.0,0.7333333333333333,0.7333333333333333,0.0,0.5,0.5,0.0,0.0016049382716046834
60,sk_mean_peak_value_abs_delta,0.6481481481481481,0.6481481481481481,0.0,0.7333333333333333,0.7333333333333333,0.0,0.5,0.5,0.0,0.0001234567901233774
60,sk_wasserstein_distance_mu_tc,0.6481481481481481,0.6481481481481481,0.0,0.7333333333333333,0.7333333333333333,0.0,0.5,0.5,0.0,0.004938271604938316
60,sk_cosine_distance_full_q2,0.6481481481481481,0.6444444444444444,0.0037037037037037646,0.7333333333333333,0.6666666666666666,0.06666666666666665,0.5,0.5,0.0,0.005802469135802513
60,sk_wasserstein_distance_full_q2,0.6481481481481481,0.6259259259259259,0.022222222222222254,0.7333333333333333,0.7333333333333333,0.0,0.5,0.5,0.0,0.020740740740740726
61,sk_meanrms1,0.5111111111111111,0.5074074074074074,0.0037037037037036535,0.8666666666666667,0.8666666666666667,0.0,0.2777777777777778,0.2777777777777778,0.0,0.0034567901234567877
61,sk_weightedrms1,0.5111111111111111,0.48518518518518516,0.025925925925925908,0.8666666666666667,0.8666666666666667,0.0,0.2777777777777778,0.2777777777777778,0.0,0.007654320987654395
61,sk_sigma_target1,0.5111111111111111,0.48888888888888893,0.022222222222222143,0.8666666666666667,0.8666666666666667,0.0,0.2777777777777778,0.2777777777777778,0.0,0.01740740740740737
61,sk_sigma_contralateral1,0.5111111111111111,0.5222222222222221,-0.011111111111111072,0.8666666666666667,0.8666666666666667,0.0,0.2777777777777778,0.2777777777777778,0.0,-0.00024691358024697685
61,sk_mahalanobis1,0.5111111111111111,0.5111111111111111,0.0,0.8666666666666667,0.8666666666666667,0.0,0.2777777777777778,0.2777777777777778,0.0,0.0
61,sk_meanrms2,0.5111111111111111,0.5111111111111111,0.0,0.8666666666666667,0.8666666666666667,0.0,0.2777777777777778,0.2777777777777778,0.0,0.019753086419752985
61,sk_weightedrms2,0.5111111111111111,0.49629629629629635,0.014814814814814725,0.8666666666666667,0.8666666666666667,0.0,0.2777777777777778,0.2777777777777778,0.0,-0.009135802469135812
61,sk_sigma_target2,0.5111111111111111,0.5037037037037038,0.007407407407407307,0.8666666666666667,0.8666666666666667,0.0,0.2777777777777778,0.2777777777777778,0.0,0.01975308641975304
61,sk_sigma_contralateral2,0.5111111111111111,0.5,0.011111111111111072,0.8666666666666667,0.8666666666666667,0.0,0.2777777777777778,0.2777777777777778,0.0,-0.0004938271604938427
61,sk_mahalanobis2,0.5111111111111111,0.5148148148148148,-0.0037037037037037646,0.8666666666666667,0.8666666666666667,0.0,0.2777777777777778,0.2777777777777778,0.0,0.0
61,sk_peak14_intensity_abs_delta,0.5111111111111111,0.5074074074074074,0.0037037037037036535,0.8666666666666667,0.8666666666666667,0.0,0.2777777777777778,0.2777777777777778,0.0,0.0037037037037037646
61,sk_mean_peak_value_abs_delta,0.5111111111111111,0.48888888888888893,0.022222222222222143,0.8666666666666667,0.8666666666666667,0.0,0.2777777777777778,0.2777777777777778,0.0,-0.00864197530864208
61,sk_wasserstein_distance_mu_tc,0.5111111111111111,0.5074074074074074,0.0037037037037036535,0.8666666666666667,0.8666666666666667,0.0,0.2777777777777778,0.2777777777777778,0.0,0.021358024691358002
61,sk_cosine_distance_full_q2,0.5111111111111111,0.5111111111111111,0.0,0.8666666666666667,0.8666666666666667,0.0,0.2777777777777778,0.2777777777777778,0.0,0.02234567901234563
61,sk_wasserstein_distance_full_q2,0.5111111111111111,0.4777777777777778,0.03333333333333327,0.8666666666666667,0.8666666666666667,0.0,0.2777777777777778,0.2777777777777778,0.0,0.034938271604938176
62,sk_meanrms1,0.8111111111111111,0.8148148148148148,-0.0037037037037036535,0.9333333333333333,0.9333333333333333,0.0,0.4444444444444444,0.4444444444444444,0.0,-0.003827160493827364
62,sk_weightedrms1,0.8111111111111111,0.8,0.011111111111111072,0.9333333333333333,0.9333333333333333,0.0,0.4444444444444444,0.4444444444444444,0.0,0.002345679012345836
62,sk_sigma_target1,0.8111111111111111,0.8074074074074075,0.0037037037037036535,0.9333333333333333,0.9333333333333333,0.0,0.4444444444444444,0.4444444444444444,0.0,0.00012345679012348842
62,sk_sigma_contralateral1,0.8111111111111111,0.8111111111111111,0.0,0.9333333333333333,0.9333333333333333,0.0,0.4444444444444444,0.4444444444444444,0.0,0.0007407407407405975
62,sk_mahalanobis1,0.8111111111111111,0.8111111111111111,0.0,0.9333333333333333,0.9333333333333333,0.0,0.4444444444444444,0.4444444444444444,0.0,-0.00037037037037035425
62,sk_meanrms2,0.8111111111111111,0.8074074074074075,0.0037037037037036535,0.9333333333333333,0.9333333333333333,0.0,0.4444444444444444,0.4444444444444444,0.0,0.0004938271604939537
62,sk_weightedrms2,0.8111111111111111,0.8074074074074075,0.0037037037037036535,0.9333333333333333,0.9333333333333333,0.0,0.4444444444444444,0.4444444444444444,0.0,0.013333333333333308
62,sk_sigma_target2,0.8111111111111111,0.8148148148148148,-0.0037037037037036535,0.9333333333333333,0.9333333333333333,0.0,0.4444444444444444,0.4444444444444444,0.0,-0.0045679012345678505
62,sk_sigma_contralateral2,0.8111111111111111,0.8111111111111111,0.0,0.9333333333333333,0.9333333333333333,0.0,0.4444444444444444,0.4444444444444444,0.0,0.0022222222222223476
62,sk_mahalanobis2,0.8111111111111111,0.8111111111111111,0.0,0.9333333333333333,0.9333333333333333,0.0,0.4444444444444444,0.4444444444444444,0.0,0.0004938271604940647
62,sk_peak14_intensity_abs_delta,0.8111111111111111,0.8148148148148148,-0.0037037037037036535,0.9333333333333333,0.9333333333333333,0.0,0.4444444444444444,0.4444444444444444,0.0,-0.007160493827160663
62,sk_mean_peak_value_abs_delta,0.8111111111111111,0.7962962962962964,0.014814814814814725,0.9333333333333333,0.9333333333333333,0.0,0.4444444444444444,0.3888888888888889,0.055555555555555525,0.004197530864197496
62,sk_wasserstein_distance_mu_tc,0.8111111111111111,0.8037037037037037,0.007407407407407418,0.9333333333333333,0.9333333333333333,0.0,0.4444444444444444,0.4444444444444444,0.0,-0.003827160493827364
62,sk_cosine_distance_full_q2,0.8111111111111111,0.8148148148148148,-0.0037037037037036535,0.9333333333333333,0.9333333333333333,0.0,0.4444444444444444,0.4444444444444444,0.0,-0.007160493827160552
62,sk_wasserstein_distance_full_q2,0.8111111111111111,0.788888888888889,0.022222222222222143,0.9333333333333333,0.9333333333333333,0.0,0.4444444444444444,0.4444444444444444,0.0,0.0027160493827161902
63,sk_meanrms1,0.6703703703703703,0.674074074074074,-0.0037037037037037646,0.6666666666666666,0.6666666666666666,0.0,0.5555555555555556,0.5555555555555556,0.0,-0.005308641975308781
63,sk_weightedrms1,0.6703703703703703,0.662962962962963,0.007407407407407307,0.6666666666666666,0.6666666666666666,0.0,0.5555555555555556,0.5555555555555556,0.0,0.014320987654320994
63,sk_sigma_target1,0.6703703703703703,0.6814814814814816,-0.011111111111111294,0.6666666666666666,0.7333333333333333,-0.06666666666666665,0.5555555555555556,0.5,0.05555555555555558,0.003209876543209589
63,sk_sigma_contralateral1,0.6703703703703703,0.6666666666666667,0.0037037037037035425,0.6666666666666666,0.6666666666666666,0.0,0.5555555555555556,0.5555555555555556,0.0,0.0004938271604936206
63,sk_mahalanobis1,0.6703703703703703,0.6703703703703704,-1.1102230246251565e-16,0.6666666666666666,0.6666666666666666,0.0,0.5555555555555556,0.5555555555555556,0.0,-2.220446049250313e-16
63,sk_meanrms2,0.6703703703703703,0.6814814814814815,-0.011111111111111183,0.6666666666666666,0.7333333333333333,-0.06666666666666665,0.5555555555555556,0.5,0.05555555555555558,-0.012098765432098868
63,sk_weightedrms2,0.6703703703703703,0.6666666666666667,0.0037037037037035425,0.6666666666666666,0.6666666666666666,0.0,0.5555555555555556,0.5555555555555556,0.0,0.010740740740740717
63,sk_sigma_target2,0.6703703703703703,0.6814814814814815,-0.011111111111111183,0.6666666666666666,0.6666666666666666,0.0,0.5555555555555556,0.5,0.05555555555555558,-0.0037037037037038756
63,sk_sigma_contralateral2,0.6703703703703703,0.6814814814814815,-0.011111111111111183,0.6666666666666666,0.7333333333333333,-0.06666666666666665,0.5555555555555556,0.5,0.05555555555555558,0.0011111111111109517
63,sk_mahalanobis2,0.6703703703703703,0.674074074074074,-0.0037037037037037646,0.6666666666666666,0.6666666666666666,0.0,0.5555555555555556,0.5,0.05555555555555558,-2.220446049250313e-16
63,sk_peak14_intensity_abs_delta,0.6703703703703703,0.6777777777777778,-0.007407407407407529,0.6666666666666666,0.6666666666666666,0.0,0.5555555555555556,0.5555555555555556,0.0,-0.008395061728395325
63,sk_mean_peak_value_abs_delta,0.6703703703703703,0.6851851851851852,-0.014814814814814947,0.6666666666666666,0.6666666666666666,0.0,0.5555555555555556,0.5,0.05555555555555558,0.019506172839506064
63,sk_wasserstein_distance_mu_tc,0.6703703703703703,0.662962962962963,0.007407407407407307,0.6666666666666666,0.6666666666666666,0.0,0.5555555555555556,0.5555555555555556,0.0,-0.0030864197530865445
63,sk_cosine_distance_full_q2,0.6703703703703703,0.6703703703703704,-1.1102230246251565e-16,0.6666666666666666,0.6666666666666666,0.0,0.5555555555555556,0.5555555555555556,0.0,-0.0011111111111113958
63,sk_wasserstein_distance_full_q2,0.6703703703703703,0.6555555555555556,0.014814814814814725,0.6666666666666666,0.7333333333333333,-0.06666666666666665,0.5555555555555556,0.5,0.05555555555555558,-0.006666666666666821
64,sk_meanrms1,0.7215686274509804,0.7137254901960783,0.007843137254902044,0.8,0.8,0.0,0.4117647058823529,0.4117647058823529,0.0,0.007973856209150254
64,sk_weightedrms1,0.7215686274509804,0.7372549019607844,-0.015686274509803977,0.8,0.8,0.0,0.4117647058823529,0.4117647058823529,0.0,0.004575163398692572
64,sk_sigma_target1,0.7215686274509804,0.7254901960784313,-0.0039215686274509665,0.8,0.8,0.0,0.4117647058823529,0.4117647058823529,0.0,0.0001307189542480991
64,sk_sigma_contralateral1,0.7215686274509804,0.7137254901960784,0.007843137254901933,0.8,0.8,0.0,0.4117647058823529,0.4117647058823529,0.0,0.0048366013071892144
64,sk_mahalanobis1,0.7215686274509804,0.7215686274509804,0.0,0.8,0.8,0.0,0.4117647058823529,0.4117647058823529,0.0,0.016862745098038978
64,sk_meanrms2,0.7215686274509804,0.7176470588235294,0.0039215686274509665,0.8,0.8,0.0,0.4117647058823529,0.4117647058823529,0.0,0.010588235294117565
64,sk_weightedrms2,0.7215686274509804,0.7058823529411764,0.015686274509803977,0.8,0.8,0.0,0.4117647058823529,0.4117647058823529,0.0,0.014901960784313606
64,sk_sigma_target2,0.7215686274509804,0.7176470588235293,0.0039215686274510775,0.8,0.8,0.0,0.4117647058823529,0.4117647058823529,0.0,0.00026143790849642023
64,sk_sigma_contralateral2,0.7215686274509804,0.7215686274509804,0.0,0.8,0.8,0.0,0.4117647058823529,0.4117647058823529,0.0,0.0023529411764703356
64,sk_mahalanobis2,0.7215686274509804,0.7215686274509804,0.0,0.8,0.8,0.0,0.4117647058823529,0.4117647058823529,0.0,0.02366013071895412
64,sk_peak14_intensity_abs_delta,0.7215686274509804,0.7176470588235294,0.0039215686274509665,0.8,0.8,0.0,0.4117647058823529,0.4117647058823529,0.0,0.004967320261437758
64,sk_mean_peak_value_abs_delta,0.7215686274509804,0.7058823529411764,0.015686274509803977,0.8,0.8,0.0,0.4117647058823529,0.4117647058823529,0.0,0.014117647058823346
64,sk_wasserstein_distance_mu_tc,0.7215686274509804,0.7137254901960783,0.007843137254902044,0.8,0.8,0.0,0.4117647058823529,0.4117647058823529,0.0,-0.0013071895424839886
64,sk_cosine_distance_full_q2,0.7215686274509804,0.7254901960784315,-0.0039215686274510775,0.8,0.8,0.0,0.4117647058823529,0.4117647058823529,0.0,-0.0009150326797388031
64,sk_wasserstein_distance_full_q2,0.7215686274509804,0.7058823529411764,0.015686274509803977,0.8,0.8,0.0,0.4117647058823529,0.4117647058823529,0.0,-0.0010457516339872353
65,sk_meanrms1,0.7074074074074074,0.7111111111111111,-0.0037037037037037646,0.9333333333333333,0.9333333333333333,0.0,0.3333333333333333,0.3333333333333333,0.0,-0.002716049382716079
65,sk_weightedrms1,0.7074074074074074,0.7296296296296296,-0.022222222222222254,0.9333333333333333,0.9333333333333333,0.0,0.3333333333333333,0.3333333333333333,0.0,-0.0004938271604938427
65,sk_sigma_target1,0.7074074074074074,0.7148148148148148,-0.007407407407407418,0.9333333333333333,0.9333333333333333,0.0,0.3333333333333333,0.3333333333333333,0.0,-0.008271604938271837
65,sk_sigma_contralateral1,0.7074074074074074,0.711111111111111,-0.0037037037037036535,0.9333333333333333,0.9333333333333333,0.0,0.3333333333333333,0.3333333333333333,0.0,-0.005185185185185293
65,sk_mahalanobis1,0.7074074074074074,0.7074074074074074,0.0,0.9333333333333333,0.9333333333333333,0.0,0.3333333333333333,0.3333333333333333,0.0,-3.3306690738754696e-16
65,sk_meanrms2,0.7074074074074074,0.7074074074074074,0.0,0.9333333333333333,0.9333333333333333,0.0,0.3333333333333333,0.3333333333333333,0.0,-0.0069135802469137975
65,sk_weightedrms2,0.7074074074074074,0.6962962962962963,0.011111111111111072,0.9333333333333333,0.9333333333333333,0.0,0.3333333333333333,0.3333333333333333,0.0,0.015555555555555545
65,sk_sigma_target2,0.7074074074074074,0.7222222222222222,-0.014814814814814836,0.9333333333333333,0.9333333333333333,0.0,0.3333333333333333,0.3333333333333333,0.0,-0.010493827160493963
65,sk_sigma_contralateral2,0.7074074074074074,0.7259259259259261,-0.018518518518518712,0.9333333333333333,0.9333333333333333,0.0,0.3333333333333333,0.3333333333333333,0.0,-0.012222222222222245
65,sk_mahalanobis2,0.7074074074074074,0.7111111111111112,-0.0037037037037038756,0.9333333333333333,0.9333333333333333,0.0,0.3333333333333333,0.3333333333333333,0.0,-3.3306690738754696e-16
65,sk_peak14_intensity_abs_delta,0.7074074074074074,0.7148148148148149,-0.007407407407407529,0.9333333333333333,0.9333333333333333,0.0,0.3333333333333333,0.3333333333333333,0.0,-0.008765432098765458
65,sk_mean_peak_value_abs_delta,0.7074074074074074,0.7,0.007407407407407418,0.9333333333333333,0.9333333333333333,0.0,0.3333333333333333,0.3333333333333333,0.0,0.01382716049382715
65,sk_wasserstein_distance_mu_tc,0.7074074074074074,0.7037037037037037,0.0037037037037036535,0.9333333333333333,0.9333333333333333,0.0,0.3333333333333333,0.3333333333333333,0.0,-0.0024691358024693244
65,sk_cosine_distance_full_q2,0.7074074074074074,0.7111111111111112,-0.0037037037037038756,0.9333333333333333,0.9333333333333333,0.0,0.3333333333333333,0.3333333333333333,0.0,0.0002469135802468658
65,sk_wasserstein_distance_full_q2,0.7074074074074074,0.7,0.007407407407407418,0.9333333333333333,0.9333333333333333,0.0,0.3333333333333333,0.3888888888888889,-0.05555555555555558,-0.004444444444444362
66,sk_meanrms1,0.7814814814814816,0.7814814814814816,0.0,0.8,0.8,0.0,0.5555555555555556,0.5555555555555556,0.0,0.005679012345679024
66,sk_weightedrms1,0.7814814814814816,0.7703703703703704,0.011111111111111183,0.8,0.8,0.0,0.5555555555555556,0.5555555555555556,0.0,0.01395061728395075
66,sk_sigma_target1,0.7814814814814816,0.7851851851851852,-0.0037037037037036535,0.8,0.8,0.0,0.5555555555555556,0.5555555555555556,0.0,-0.0007407407407405975
66,sk_sigma_contralateral1,0.7814814814814816,0.7851851851851852,-0.0037037037037036535,0.8,0.8,0.0,0.5555555555555556,0.5555555555555556,0.0,-0.0033333333333332993
66,sk_mahalanobis1,0.7814814814814816,0.7814814814814816,0.0,0.8,0.8,0.0,0.5555555555555556,0.5555555555555556,0.0,0.0
66,sk_meanrms2,0.7814814814814816,0.7814814814814816,0.0,0.8,0.8,0.0,0.5555555555555556,0.5555555555555556,0.0,-0.0009876543209876854
66,sk_weightedrms2,0.7814814814814816,0.7814814814814814,1.1102230246251565e-16,0.8,0.8,0.0,0.5555555555555556,0.5,0.05555555555555558,0.00864197530864208
66,sk_sigma_target2,0.7814814814814816,0.7814814814814816,0.0,0.8,0.8,0.0,0.5555555555555556,0.5555555555555556,0.0,0.0011111111111111738
66,sk_sigma_contralateral2,0.7814814814814816,0.7851851851851852,-0.0037037037037036535,0.8,0.8,0.0,0.5555555555555556,0.5555555555555556,0.0,-0.002716049382715968
66,sk_mahalanobis2,0.7814814814814816,0.7814814814814816,0.0,0.8,0.8,0.0,0.5555555555555556,0.5555555555555556,0.0,0.0
66,sk_peak14_intensity_abs_delta,0.7814814814814816,0.7814814814814816,0.0,0.8,0.8,0.0,0.5555555555555556,0.5555555555555556,0.0,-0.0008641975308641969
66,sk_mean_peak_value_abs_delta,0.7814814814814816,0.7814814814814816,0.0,0.8,0.8,0.0,0.5555555555555556,0.5555555555555556,0.0,0.009753086419753143
66,sk_wasserstein_distance_mu_tc,0.7814814814814816,0.7814814814814816,0.0,0.8,0.8,0.0,0.5555555555555556,0.5555555555555556,0.0,0.004074074074074119
66,sk_cosine_distance_full_q2,0.7814814814814816,0.788888888888889,-0.007407407407407418,0.8,0.8,0.0,0.5555555555555556,0.5555555555555556,0.0,0.005308641975308559
66,sk_wasserstein_distance_full_q2,0.7814814814814816,0.7777777777777778,0.0037037037037037646,0.8,0.8,0.0,0.5555555555555556,0.5555555555555556,0.0,0.0030864197530865445
67,sk_meanrms1,0.7703703703703704,0.7703703703703704,0.0,0.8666666666666667,0.8666666666666667,0.0,0.6111111111111112,0.6111111111111112,0.0,3.3306690738754696e-16
67,sk_weightedrms1,0.7703703703703704,0.7666666666666667,0.0037037037037036535,0.8666666666666667,0.8666666666666667,0.0,0.6111111111111112,0.5555555555555556,0.05555555555555558,0.01197530864197538
67,sk_sigma_target1,0.7703703703703704,0.7703703703703704,0.0,0.8666666666666667,0.8666666666666667,0.0,0.6111111111111112,0.6111111111111112,0.0,-0.008395061728394992
67,sk_sigma_contralateral1,0.7703703703703704,0.7703703703703704,0.0,0.8666666666666667,0.8666666666666667,0.0,0.6111111111111112,0.6111111111111112,0.0,-0.0006172839506173311
67,sk_mahalanobis1,0.7703703703703704,0.7703703703703704,0.0,0.8666666666666667,0.8666666666666667,0.0,0.6111111111111112,0.6111111111111112,0.0,3.3306690738754696e-16
67,sk_meanrms2,0.7703703703703704,0.7703703703703704,0.0,0.8666666666666667,0.8666666666666667,0.0,0.6111111111111112,0.6111111111111112,0.0,0.002345679012345503
67,sk_weightedrms2,0.7703703703703704,0.7703703703703704,0.0,0.8666666666666667,0.8666666666666667,0.0,0.6111111111111112,0.6111111111111112,0.0,-0.0017283950617280608
67,sk_sigma_target2,0.7703703703703704,0.7740740740740741,-0.0037037037037037646,0.8666666666666667,0.8666666666666667,0.0,0.6111111111111112,0.6666666666666666,-0.05555555555555547,-0.008148148148148127
67,sk_sigma_contralateral2,0.7703703703703704,0.7814814814814816,-0.011111111111111183,0.8666666666666667,0.8666666666666667,0.0,0.6111111111111112,0.6111111111111112,0.0,-0.00802469135802475
67,sk_mahalanobis2,0.7703703703703704,0.7740740740740741,-0.0037037037037037646,0.8666666666666667,0.8666666666666667,0.0,0.6111111111111112,0.6111111111111112,0.0,3.3306690738754696e-16
67,sk_peak14_intensity_abs_delta,0.7703703703703704,0.7740740740740741,-0.0037037037037037646,0.8666666666666667,0.8666666666666667,0.0,0.6111111111111112,0.6111111111111112,0.0,-0.004938271604938427
67,sk_mean_peak_value_abs_delta,0.7703703703703704,0.7814814814814816,-0.011111111111111183,0.8666666666666667,0.8666666666666667,0.0,0.6111111111111112,0.6111111111111112,0.0,0.012716049382715977
67,sk_wasserstein_distance_mu_tc,0.7703703703703704,0.7740740740740741,-0.0037037037037037646,0.8666666666666667,0.8666666666666667,0.0,0.6111111111111112,0.6111111111111112,0.0,-0.0001234567901233774
67,sk_cosine_distance_full_q2,0.7703703703703704,0.7703703703703704,0.0,0.8666666666666667,0.8666666666666667,0.0,0.6111111111111112,0.6111111111111112,0.0,-0.0007407407407404865
67,sk_wasserstein_distance_full_q2,0.7703703703703704,0.7555555555555556,0.014814814814814725,0.8666666666666667,0.8666666666666667,0.0,0.6111111111111112,0.6666666666666666,-0.05555555555555547,0.010123456790123497
68,sk_meanrms1,0.5888888888888889,0.588888888888889,-1.1102230246251565e-16,0.6,0.6,0.0,0.5,0.5,0.0,-0.014320987654320771
68,sk_weightedrms1,0.5888888888888889,0.5814814814814815,0.007407407407407418,0.6,0.5333333333333333,0.06666666666666665,0.5,0.5,0.0,-0.006172839506172756
68,sk_sigma_target1,0.5888888888888889,0.5925925925925926,-0.0037037037037036535,0.6,0.5333333333333333,0.06666666666666665,0.5,0.5,0.0,0.004691358024691228
68,sk_sigma_contralateral1,0.5888888888888889,0.5925925925925927,-0.0037037037037037646,0.6,0.6,0.0,0.5,0.5,0.0,-0.001481481481481639
68,sk_mahalanobis1,0.5888888888888889,0.5888888888888889,0.0,0.6,0.6,0.0,0.5,0.5,0.0,0.013703703703703773
68,sk_meanrms2,0.5888888888888889,0.5888888888888889,0.0,0.6,0.6,0.0,0.5,0.5,0.0,0.00012345679012348842
68,sk_weightedrms2,0.5888888888888889,0.5814814814814815,0.007407407407407418,0.6,0.6,0.0,0.5,0.5,0.0,-0.004320987654320874
68,sk_sigma_target2,0.5888888888888889,0.5888888888888889,0.0,0.6,0.6,0.0,0.5,0.5,0.0,-0.005185185185185182
68,sk_sigma_contralateral2,0.5888888888888889,0.5814814814814815,0.007407407407407418,0.6,0.6,0.0,0.5,0.5,0.0,0.005185185185185182
68,sk_mahalanobis2,0.5888888888888889,0.5888888888888889,0.0,0.6,0.6,0.0,0.5,0.5,0.0,0.015308641975308679
68,sk_peak14_intensity_abs_delta,0.5888888888888889,0.5925925925925927,-0.0037037037037037646,0.6,0.5333333333333333,0.06666666666666665,0.5,0.5,0.0,-0.012469135802469111
68,sk_mean_peak_value_abs_delta,0.5888888888888889,0.5962962962962963,-0.007407407407407418,0.6,0.6,0.0,0.5,0.5,0.0,-0.03111111111111098
68,sk_wasserstein_distance_mu_tc,0.5888888888888889,0.5814814814814815,0.007407407407407418,0.6,0.6,0.0,0.5,0.5,0.0,0.003209876543209922
68,sk_cosine_distance_full_q2,0.5888888888888889,0.5814814814814815,0.007407407407407418,0.6,0.6666666666666666,-0.06666666666666665,0.5,0.5,0.0,0.007037037037037175
68,sk_wasserstein_distance_full_q2,0.5888888888888889,0.5962962962962963,-0.007407407407407418,0.6,0.6,0.0,0.5,0.5,0.0,-0.004938271604938205
69,sk_meanrms1,0.7372549019607844,0.7411764705882353,-0.0039215686274509665,0.8666666666666667,0.8666666666666667,0.0,0.4117647058823529,0.4117647058823529,0.0,0.004705882352941004
69,sk_weightedrms1,0.7372549019607844,0.7450980392156863,-0.007843137254901933,0.8666666666666667,0.9333333333333333,-0.06666666666666665,0.4117647058823529,0.29411764705882354,0.11764705882352938,0.005359477124182832
69,sk_sigma_target1,0.7372549019607844,0.7333333333333334,0.0039215686274509665,0.8666666666666667,0.8666666666666667,0.0,0.4117647058823529,0.4117647058823529,0.0,-0.0019607843137257053
69,sk_sigma_contralateral1,0.7372549019607844,0.7372549019607844,0.0,0.8666666666666667,0.9333333333333333,-0.06666666666666665,0.4117647058823529,0.35294117647058826,0.05882352941176466,-0.006274509803921746
69,sk_mahalanobis1,0.7372549019607844,0.7372549019607844,0.0,0.8666666666666667,0.8666666666666667,0.0,0.4117647058823529,0.4117647058823529,0.0,-0.00013071895424854318
69,sk_meanrms2,0.7372549019607844,0.7372549019607844,0.0,0.8666666666666667,0.8666666666666667,0.0,0.4117647058823529,0.4117647058823529,0.0,-0.01764705882352957
69,sk_weightedrms2,0.7372549019607844,0.7372549019607844,0.0,0.8666666666666667,0.8666666666666667,0.0,0.4117647058823529,0.4117647058823529,0.0,0.00431372549019593
69,sk_sigma_target2,0.7372549019607844,0.7411764705882353,-0.0039215686274509665,0.8666666666666667,0.8666666666666667,0.0,0.4117647058823529,0.4117647058823529,0.0,-0.009803921568627638
69,sk_sigma_contralateral2,0.7372549019607844,0.7372549019607844,0.0,0.8666666666666667,0.8666666666666667,0.0,0.4117647058823529,0.35294117647058826,0.05882352941176466,-0.006405228758170067
69,sk_mahalanobis2,0.7372549019607844,0.7372549019607844,0.0,0.8666666666666667,0.8666666666666667,0.0,0.4117647058823529,0.4117647058823529,0.0,-0.0003921568627452965
69,sk_peak14_intensity_abs_delta,0.7372549019607844,0.7372549019607844,0.0,0.8666666666666667,0.8666666666666667,0.0,0.4117647058823529,0.4117647058823529,0.0,0.00352941176470567
69,sk_mean_peak_value_abs_delta,0.7372549019607844,0.7372549019607844,0.0,0.8666666666666667,0.8666666666666667,0.0,0.4117647058823529,0.4117647058823529,0.0,0.01372549019607816
69,sk_wasserstein_distance_mu_tc,0.7372549019607844,0.7490196078431373,-0.0117647058823529,0.8666666666666667,0.8666666666666667,0.0,0.4117647058823529,0.4117647058823529,0.0,-0.02679738562091516
69,sk_cosine_distance_full_q2,0.7372549019607844,0.7372549019607844,0.0,0.8666666666666667,0.8666666666666667,0.0,0.4117647058823529,0.4117647058823529,0.0,-0.022483660130719008
69,sk_wasserstein_distance_full_q2,0.7372549019607844,0.7254901960784313,0.01176470588235301,0.8666666666666667,0.8666666666666667,0.0,0.4117647058823529,0.4117647058823529,0.0,-0.02509803921568632
70,sk_meanrms1,0.688888888888889,0.688888888888889,0.0,0.8,0.8,0.0,0.5,0.5,0.0,0.005679012345679246
70,sk_weightedrms1,0.688888888888889,0.6777777777777779,0.011111111111111072,0.8,0.8,0.0,0.5,0.5,0.0,0.013209876543210042
70,sk_sigma_target1,0.688888888888889,0.6925925925925926,-0.0037037037037036535,0.8,0.8,0.0,0.5,0.5,0.0,0.0075308641975310175
70,sk_sigma_contralateral1,0.688888888888889,0.6962962962962963,-0.007407407407407307,0.8,0.8,0.0,0.5,0.5,0.0,-0.009135802469135701
70,sk_mahalanobis1,0.688888888888889,0.688888888888889,0.0,0.8,0.8,0.0,0.5,0.5,0.0,0.0004938271604937317
70,sk_meanrms2,0.688888888888889,0.688888888888889,0.0,0.8,0.8,0.0,0.5,0.5,0.0,0.0069135802469137975
70,sk_weightedrms2,0.688888888888889,0.6777777777777778,0.011111111111111183,0.8,0.8,0.0,0.5,0.5,0.0,0.009629629629629655
70,sk_sigma_target2,0.688888888888889,0.6851851851851852,0.0037037037037037646,0.8,0.7333333333333333,0.06666666666666676,0.5,0.5,0.0,0.006543209876543221
70,sk_sigma_contralateral2,0.688888888888889,0.688888888888889,0.0,0.8,0.7333333333333333,0.06666666666666676,0.5,0.5,0.0,0.0007407407407407085
70,sk_mahalanobis2,0.688888888888889,0.688888888888889,0.0,0.8,0.8,0.0,0.5,0.4444444444444444,0.05555555555555558,0.0018518518518519933
70,sk_peak14_intensity_abs_delta,0.688888888888889,0.688888888888889,0.0,0.8,0.8,0.0,0.5,0.5,0.0,0.00666666666666671
70,sk_mean_peak_value_abs_delta,0.688888888888889,0.6962962962962963,-0.007407407407407307,0.8,0.8,0.0,0.5,0.5555555555555556,-0.05555555555555558,0.008518518518518703
70,sk_wasserstein_distance_mu_tc,0.688888888888889,0.6925925925925928,-0.0037037037037037646,0.8,0.8,0.0,0.5,0.5,0.0,0.0004938271604940647
70,sk_cosine_distance_full_q2,0.688888888888889,0.6925925925925926,-0.0037037037037036535,0.8,0.8,0.0,0.5,0.5,0.0,-0.004938271604938094
70,sk_wasserstein_distance_full_q2,0.688888888888889,0.6888888888888889,1.1102230246251565e-16,0.8,0.8,0.0,0.5,0.6111111111111112,-0.11111111111111116,0.025308641975308688
71,sk_meanrms1,0.6481481481481481,0.6555555555555556,-0.007407407407407418,0.8666666666666667,0.8666666666666667,0.0,0.3888888888888889,0.3888888888888889,0.0,0.0025925925925924798
71,sk_weightedrms1,0.6481481481481481,0.6555555555555556,-0.007407407407407418,0.8666666666666667,0.9333333333333333,-0.06666666666666665,0.3888888888888889,0.3888888888888889,0.0,0.005555555555555536
71,sk_sigma_target1,0.6481481481481481,0.6555555555555556,-0.007407407407407418,0.8666666666666667,0.8666666666666667,0.0,0.3888888888888889,0.3888888888888889,0.0,-0.00530864197530867
71,sk_sigma_contralateral1,0.6481481481481481,0.6814814814814816,-0.03333333333333344,0.8666666666666667,0.8666666666666667,0.0,0.3888888888888889,0.3888888888888889,0.0,-0.029506172839506184
71,sk_mahalanobis1,0.6481481481481481,0.6481481481481481,0.0,0.8666666666666667,0.8666666666666667,0.0,0.3888888888888889,0.3888888888888889,0.0,-1.1102230246251565e-16
71,sk_meanrms2,0.6481481481481481,0.6481481481481481,0.0,0.8666666666666667,0.8666666666666667,0.0,0.3888888888888889,0.3888888888888889,0.0,0.0011111111111109517
71,sk_weightedrms2,0.6481481481481481,0.6296296296296295,0.0185185185185186,0.8666666666666667,0.8666666666666667,0.0,0.3888888888888889,0.3888888888888889,0.0,0.024197530864197625
71,sk_sigma_target2,0.6481481481481481,0.6481481481481481,0.0,0.8666666666666667,0.8666666666666667,0.0,0.3888888888888889,0.3888888888888889,0.0,-0.0033333333333332993
71,sk_sigma_contralateral2,0.6481481481481481,0.6555555555555556,-0.007407407407407418,0.8666666666666667,0.8666666666666667,0.0,0.3888888888888889,0.3888888888888889,0.0,-1.1102230246251565e-16
71,sk_mahalanobis2,0.6481481481481481,0.6481481481481481,0.0,0.8666666666666667,0.8666666666666667,0.0,0.3888888888888889,0.3888888888888889,0.0,-1.1102230246251565e-16
71,sk_peak14_intensity_abs_delta,0.6481481481481481,0.6518518518518519,-0.0037037037037037646,0.8666666666666667,0.8666666666666667,0.0,0.3888888888888889,0.3888888888888889,0.0,-0.0019753086419753707
71,sk_mean_peak_value_abs_delta,0.6481481481481481,0.6518518518518519,-0.0037037037037037646,0.8666666666666667,0.8666666666666667,0.0,0.3888888888888889,0.3888888888888889,0.0,0.019259259259259087
71,sk_wasserstein_distance_mu_tc,0.6481481481481481,0.6518518518518519,-0.0037037037037037646,0.8666666666666667,0.8666666666666667,0.0,0.3888888888888889,0.3888888888888889,0.0,-0.030864197530864224
71,sk_cosine_distance_full_q2,0.6481481481481481,0.6555555555555556,-0.007407407407407418,0.8666666666666667,0.8666666666666667,0.0,0.3888888888888889,0.3888888888888889,0.0,-0.024691358024691468
71,sk_wasserstein_distance_full_q2,0.6481481481481481,0.6407407407407407,0.007407407407407418,0.8666666666666667,0.8666666666666667,0.0,0.3888888888888889,0.3888888888888889,0.0,-0.01728395061728394
72,sk_meanrms1,0.662962962962963,0.6592592592592592,0.0037037037037037646,0.6666666666666666,0.6666666666666666,0.0,0.5,0.5555555555555556,-0.05555555555555558,0.010370370370370363
72,sk_weightedrms1,0.662962962962963,0.662962962962963,0.0,0.6666666666666666,0.6666666666666666,0.0,0.5,0.6111111111111112,-0.11111111111111116,0.008024691358024638
72,sk_sigma_target1,0.662962962962963,0.662962962962963,0.0,0.6666666666666666,0.6666666666666666,0.0,0.5,0.4444444444444444,0.05555555555555558,0.012222222222222134
72,sk_sigma_contralateral1,0.662962962962963,0.6592592592592593,0.0037037037037036535,0.6666666666666666,0.6666666666666666,0.0,0.5,0.4444444444444444,0.05555555555555558,0.00864197530864197
72,sk_mahalanobis1,0.662962962962963,0.662962962962963,0.0,0.6666666666666666,0.6666666666666666,0.0,0.5,0.5,0.0,-3.3306690738754696e-16
72,sk_meanrms2,0.662962962962963,0.662962962962963,0.0,0.6666666666666666,0.6666666666666666,0.0,0.5,0.5,0.0,0.0004938271604936206
72,sk_weightedrms2,0.662962962962963,0.662962962962963,0.0,0.6666666666666666,0.6666666666666666,0.0,0.5,0.5555555555555556,-0.05555555555555558,0.025432098765432065
72,sk_sigma_target2,0.662962962962963,0.662962962962963,0.0,0.6666666666666666,0.6666666666666666,0.0,0.5,0.5,0.0,0.00530864197530867
72,sk_sigma_contralateral2,0.662962962962963,0.662962962962963,0.0,0.6666666666666666,0.6666666666666666,0.0,0.5,0.5,0.0,0.0013580246913579286
72,sk_mahalanobis2,0.662962962962963,0.662962962962963,0.0,0.6666666666666666,0.6666666666666666,0.0,0.5,0.5,0.0,-3.3306690738754696e-16
72,sk_peak14_intensity_abs_delta,0.662962962962963,0.6555555555555557,0.007407407407407307,0.6666666666666666,0.6666666666666666,0.0,0.5,0.5555555555555556,-0.05555555555555558,0.010864197530864206
72,sk_mean_peak_value_abs_delta,0.662962962962963,0.6555555555555556,0.007407407407407418,0.6666666666666666,0.6666666666666666,0.0,0.5,0.5,0.0,0.016296296296296364
72,sk_wasserstein_distance_mu_tc,0.662962962962963,0.6666666666666667,-0.0037037037037037646,0.6666666666666666,0.6666666666666666,0.0,0.5,0.5,0.0,-0.00395061728395063
72,sk_cosine_distance_full_q2,0.662962962962963,0.662962962962963,0.0,0.6666666666666666,0.6666666666666666,0.0,0.5,0.5,0.0,-0.005555555555555758
72,sk_wasserstein_distance_full_q2,0.662962962962963,0.6592592592592593,0.0037037037037036535,0.6666666666666666,0.6666666666666666,0.0,0.5,0.6111111111111112,-0.11111111111111116,0.005555555555555647
73,sk_meanrms1,0.6888888888888889,0.6851851851851851,0.0037037037037037646,0.8666666666666667,0.8666666666666667,0.0,0.3333333333333333,0.3333333333333333,0.0,-0.000864197530864308
73,sk_weightedrms1,0.6888888888888889,0.6962962962962963,-0.007407407407407418,0.8666666666666667,0.9333333333333333,-0.06666666666666665,0.3333333333333333,0.2777777777777778,0.055555555555555525,-0.018024691358024758
73,sk_sigma_target1,0.6888888888888889,0.6925925925925926,-0.0037037037037037646,0.8666666666666667,0.8666666666666667,0.0,0.3333333333333333,0.3333333333333333,0.0,-0.008395061728395103
73,sk_sigma_contralateral1,0.6888888888888889,0.6814814814814815,0.007407407407407418,0.8666666666666667,0.8666666666666667,0.0,0.3333333333333333,0.3333333333333333,0.0,0.009506172839505944
73,sk_mahalanobis1,0.6888888888888889,0.6888888888888889,0.0,0.8666666666666667,0.8666666666666667,0.0,0.3333333333333333,0.3333333333333333,0.0,0.008888888888888946
73,sk_meanrms2,0.6888888888888889,0.6888888888888889,0.0,0.8666666666666667,0.8666666666666667,0.0,0.3333333333333333,0.3333333333333333,0.0,-0.0019753086419752597
73,sk_weightedrms2,0.6888888888888889,0.6851851851851851,0.0037037037037037646,0.8666666666666667,0.8666666666666667,0.0,0.3333333333333333,0.3333333333333333,0.0,-0.006172839506172978
73,sk_sigma_target2,0.6888888888888889,0.6925925925925926,-0.0037037037037037646,0.8666666666666667,0.8666666666666667,0.0,0.3333333333333333,0.3333333333333333,0.0,-0.01333333333333342
73,sk_sigma_contralateral2,0.6888888888888889,0.6851851851851851,0.0037037037037037646,0.8666666666666667,0.8666666666666667,0.0,0.3333333333333333,0.3333333333333333,0.0,0.0045679012345680725
73,sk_mahalanobis2,0.6888888888888889,0.6851851851851851,0.0037037037037037646,0.8666666666666667,0.8666666666666667,0.0,0.3333333333333333,0.3333333333333333,0.0,0.007654320987654173
73,sk_peak14_intensity_abs_delta,0.6888888888888889,0.6925925925925925,-0.0037037037037036535,0.8666666666666667,0.8666666666666667,0.0,0.3333333333333333,0.3333333333333333,0.0,-0.0009876543209877964
73,sk_mean_peak_value_abs_delta,0.6888888888888889,0.6888888888888889,0.0,0.8666666666666667,0.9333333333333333,-0.06666666666666665,0.3333333333333333,0.2777777777777778,0.055555555555555525,-0.0022222222222222365
73,sk_wasserstein_distance_mu_tc,0.6888888888888889,0.6851851851851851,0.0037037037037037646,0.8666666666666667,0.8666666666666667,0.0,0.3333333333333333,0.3333333333333333,0.0,0.0028395061728394566
73,sk_cosine_distance_full_q2,0.6888888888888889,0.6962962962962963,-0.007407407407407418,0.8666666666666667,0.8666666666666667,0.0,0.3333333333333333,0.3333333333333333,0.0,-0.019382716049382798
73,sk_wasserstein_distance_full_q2,0.6888888888888889,0.6814814814814815,0.007407407407407418,0.8666666666666667,0.8,0.06666666666666665,0.3333333333333333,0.3333333333333333,0.0,0.005308641975308559
74,sk_meanrms1,0.7294117647058823,0.7294117647058823,0.0,0.8666666666666667,0.8666666666666667,0.0,0.35294117647058826,0.35294117647058826,0.0,0.004052287581699177
74,sk_weightedrms1,0.7294117647058823,0.7176470588235294,0.0117647058823529,0.8666666666666667,0.8666666666666667,0.0,0.35294117647058826,0.35294117647058826,0.0,0.01633986928104547
74,sk_sigma_target1,0.7294117647058823,0.7215686274509804,0.007843137254901933,0.8666666666666667,0.8666666666666667,0.0,0.35294117647058826,0.47058823529411764,-0.11764705882352938,0.010849673202614207
74,sk_sigma_contralateral1,0.7294117647058823,0.7294117647058823,0.0,0.8666666666666667,0.8666666666666667,0.0,0.35294117647058826,0.35294117647058826,0.0,0.004444444444444251
74,sk_mahalanobis1,0.7294117647058823,0.7294117647058823,0.0,0.8666666666666667,0.8666666666666667,0.0,0.35294117647058826,0.35294117647058826,0.0,-2.220446049250313e-16
74,sk_meanrms2,0.7294117647058823,0.7294117647058823,0.0,0.8666666666666667,0.8666666666666667,0.0,0.35294117647058826,0.35294117647058826,0.0,0.00013071895424821012
74,sk_weightedrms2,0.7294117647058823,0.7098039215686275,0.019607843137254832,0.8666666666666667,0.8666666666666667,0.0,0.35294117647058826,0.47058823529411764,-0.11764705882352938,0.01542483660130689
74,sk_sigma_target2,0.7294117647058823,0.7215686274509804,0.007843137254901933,0.8666666666666667,0.8666666666666667,0.0,0.35294117647058826,0.35294117647058826,0.0,0.005359477124182721
74,sk_sigma_contralateral2,0.7294117647058823,0.7254901960784313,0.0039215686274509665,0.8666666666666667,0.8666666666666667,0.0,0.35294117647058826,0.4117647058823529,-0.05882352941176466,0.00601307189542466
74,sk_mahalanobis2,0.7294117647058823,0.7254901960784313,0.0039215686274509665,0.8666666666666667,0.8666666666666667,0.0,0.35294117647058826,0.35294117647058826,0.0,-2.220446049250313e-16
74,sk_peak14_intensity_abs_delta,0.7294117647058823,0.7294117647058823,0.0,0.8666666666666667,0.8666666666666667,0.0,0.35294117647058826,0.35294117647058826,0.0,0.0015686274509801867
74,sk_mean_peak_value_abs_delta,0.7294117647058823,0.7215686274509804,0.007843137254901933,0.8666666666666667,0.8666666666666667,0.0,0.35294117647058826,0.29411764705882354,0.05882352941176472,0.025882352941176356
74,sk_wasserstein_distance_mu_tc,0.7294117647058823,0.7254901960784313,0.0039215686274509665,0.8666666666666667,0.8666666666666667,0.0,0.35294117647058826,0.35294117647058826,0.0,0.00601307189542466
74,sk_cosine_distance_full_q2,0.7294117647058823,0.7254901960784313,0.0039215686274509665,0.8666666666666667,0.8666666666666667,0.0,0.35294117647058826,0.4117647058823529,-0.05882352941176466,0.007320261437908315
74,sk_wasserstein_distance_full_q2,0.7294117647058823,0.7137254901960784,0.015686274509803866,0.8666666666666667,0.8666666666666667,0.0,0.35294117647058826,0.29411764705882354,0.05882352941176472,0.016470588235294015
75,sk_meanrms1,0.5407407407407407,0.5407407407407407,0.0,0.5333333333333333,0.5333333333333333,0.0,0.6111111111111112,0.6111111111111112,0.0,0.003827160493827253
75,sk_weightedrms1,0.5407407407407407,0.5333333333333333,0.007407407407407418,0.5333333333333333,0.6,-0.06666666666666665,0.6111111111111112,0.6111111111111112,0.0,0.005679012345678913
75,sk_sigma_target1,0.5407407407407407,0.5407407407407407,0.0,0.5333333333333333,0.6,-0.06666666666666665,0.6111111111111112,0.6111111111111112,0.0,0.009629629629629655
75,sk_sigma_contralateral1,0.5407407407407407,0.5407407407407407,0.0,0.5333333333333333,0.5333333333333333,0.0,0.6111111111111112,0.6111111111111112,0.0,0.005061728395061804
75,sk_mahalanobis1,0.5407407407407407,0.5407407407407407,0.0,0.5333333333333333,0.5333333333333333,0.0,0.6111111111111112,0.6111111111111112,0.0,-1.1102230246251565e-16
75,sk_meanrms2,0.5407407407407407,0.537037037037037,0.0037037037037037646,0.5333333333333333,0.5333333333333333,0.0,0.6111111111111112,0.6111111111111112,0.0,-0.0028395061728393456
75,sk_weightedrms2,0.5407407407407407,0.5444444444444445,-0.0037037037037037646,0.5333333333333333,0.5333333333333333,0.0,0.6111111111111112,0.6111111111111112,0.0,-0.012716049382716088
75,sk_sigma_target2,0.5407407407407407,0.5444444444444445,-0.0037037037037037646,0.5333333333333333,0.5333333333333333,0.0,0.6111111111111112,0.6111111111111112,0.0,-0.005555555555555425
75,sk_sigma_contralateral2,0.5407407407407407,0.5407407407407407,0.0,0.5333333333333333,0.5333333333333333,0.0,0.6111111111111112,0.6111111111111112,0.0,-1.1102230246251565e-16
75,sk_mahalanobis2,0.5407407407407407,0.5407407407407407,0.0,0.5333333333333333,0.5333333333333333,0.0,0.6111111111111112,0.6111111111111112,0.0,-1.1102230246251565e-16
75,sk_peak14_intensity_abs_delta,0.5407407407407407,0.5407407407407407,0.0,0.5333333333333333,0.5333333333333333,0.0,0.6111111111111112,0.6111111111111112,0.0,0.0028395061728395676
75,sk_mean_peak_value_abs_delta,0.5407407407407407,0.5407407407407407,0.0,0.5333333333333333,0.5333333333333333,0.0,0.6111111111111112,0.6111111111111112,0.0,0.0001234567901233774
75,sk_wasserstein_distance_mu_tc,0.5407407407407407,0.537037037037037,0.0037037037037037646,0.5333333333333333,0.5333333333333333,0.0,0.6111111111111112,0.6111111111111112,0.0,-0.0007407407407408195
75,sk_cosine_distance_full_q2,0.5407407407407407,0.5444444444444445,-0.0037037037037037646,0.5333333333333333,0.5333333333333333,0.0,0.6111111111111112,0.6111111111111112,0.0,-0.004691358024691228
75,sk_wasserstein_distance_full_q2,0.5407407407407407,0.5333333333333333,0.007407407407407418,0.5333333333333333,0.5333333333333333,0.0,0.6111111111111112,0.6111111111111112,0.0,0.003827160493827253
76,sk_meanrms1,0.6962962962962964,0.6925925925925926,0.0037037037037037646,0.8,0.8,0.0,0.3888888888888889,0.3888888888888889,0.0,0.001728395061728616
76,sk_weightedrms1,0.6962962962962964,0.7,-0.0037037037037035425,0.8,0.8,0.0,0.3888888888888889,0.3888888888888889,0.0,-0.009012345679012435
76,sk_sigma_target1,0.6962962962962964,0.7037037037037037,-0.007407407407407307,0.8,0.8,0.0,0.3888888888888889,0.4444444444444444,-0.055555555555555525,-0.004814814814814827
76,sk_sigma_contralateral1,0.6962962962962964,0.6962962962962964,0.0,0.8,0.8,0.0,0.3888888888888889,0.3888888888888889,0.0,0.0007407407407407085
76,sk_mahalanobis1,0.6962962962962964,0.7000000000000001,-0.0037037037037036535,0.8,0.8,0.0,0.3888888888888889,0.3888888888888889,0.0,0.0
76,sk_meanrms2,0.6962962962962964,0.7000000000000001,-0.0037037037037036535,0.8,0.8,0.0,0.3888888888888889,0.3888888888888889,0.0,-0.0018518518518516602
76,sk_weightedrms2,0.6962962962962964,0.6888888888888889,0.007407407407407529,0.8,0.7333333333333333,0.06666666666666676,0.3888888888888889,0.4444444444444444,-0.055555555555555525,0.009012345679012435
76,sk_sigma_target2,0.6962962962962964,0.6962962962962963,1.1102230246251565e-16,0.8,0.8,0.0,0.3888888888888889,0.3888888888888889,0.0,-0.0012345679012345512
76,sk_sigma_contralateral2,0.6962962962962964,0.7074074074074075,-0.011111111111111072,0.8,0.8,0.0,0.3888888888888889,0.3888888888888889,0.0,-0.008395061728395103
76,sk_mahalanobis2,0.6962962962962964,0.7000000000000001,-0.0037037037037036535,0.8,0.8,0.0,0.3888888888888889,0.3888888888888889,0.0,0.0
76,sk_peak14_intensity_abs_delta,0.6962962962962964,0.6925925925925926,0.0037037037037037646,0.8,0.8,0.0,0.3888888888888889,0.3888888888888889,0.0,0.0028395061728394566
76,sk_mean_peak_value_abs_delta,0.6962962962962964,0.7000000000000001,-0.0037037037037036535,0.8,0.8,0.0,0.3888888888888889,0.3888888888888889,0.0,0.009012345679012546
76,sk_wasserstein_distance_mu_tc,0.6962962962962964,0.6962962962962964,0.0,0.8,0.8,0.0,0.3888888888888889,0.3888888888888889,0.0,0.0033333333333335213
76,sk_cosine_distance_full_q2,0.6962962962962964,0.6925925925925926,0.0037037037037037646,0.8,0.8,0.0,0.3888888888888889,0.3888888888888889,0.0,0.0017283950617285049
76,sk_wasserstein_distance_full_q2,0.6962962962962964,0.7,-0.0037037037037035425,0.8,0.8,0.0,0.3888888888888889,0.3888888888888889,0.0,0.009753086419753254
77,sk_meanrms1,0.8518518518518519,0.8481481481481482,0.0037037037037036535,0.9333333333333333,0.9333333333333333,0.0,0.5,0.5,0.0,0.002098765432098859
77,sk_weightedrms1,0.8518518518518519,0.8481481481481482,0.0037037037037036535,0.9333333333333333,0.9333333333333333,0.0,0.5,0.5,0.0,0.017407407407407205
77,sk_sigma_target1,0.8518518518518519,0.8444444444444444,0.007407407407407418,0.9333333333333333,0.9333333333333333,0.0,0.5,0.5,0.0,0.011234567901234671
77,sk_sigma_contralateral1,0.8518518518518519,0.8518518518518519,0.0,0.9333333333333333,0.9333333333333333,0.0,0.5,0.5,0.0,-0.0002469135802467548
77,sk_mahalanobis1,0.8518518518518519,0.8518518518518519,0.0,0.9333333333333333,0.9333333333333333,0.0,0.5,0.5,0.0,2.220446049250313e-16
77,sk_meanrms2,0.8518518518518519,0.8481481481481482,0.0037037037037036535,0.9333333333333333,0.9333333333333333,0.0,0.5,0.5,0.0,0.00012345679012359945
77,sk_weightedrms2,0.8518518518518519,0.8444444444444444,0.007407407407407418,0.9333333333333333,0.9333333333333333,0.0,0.5,0.5,0.0,0.008024691358024638
77,sk_sigma_target2,0.8518518518518519,0.8481481481481482,0.0037037037037036535,0.9333333333333333,0.9333333333333333,0.0,0.5,0.5,0.0,0.008888888888888835
77,sk_sigma_contralateral2,0.8518518518518519,0.8518518518518519,0.0,0.9333333333333333,0.9333333333333333,0.0,0.5,0.5,0.0,-0.001481481481481639
77,sk_mahalanobis2,0.8518518518518519,0.8518518518518519,0.0,0.9333333333333333,0.9333333333333333,0.0,0.5,0.5,0.0,0.0045679012345678505
77,sk_peak14_intensity_abs_delta,0.8518518518518519,0.8481481481481482,0.0037037037037036535,0.9333333333333333,0.9333333333333333,0.0,0.5,0.5,0.0,0.00037037037037035425
77,sk_mean_peak_value_abs_delta,0.8518518518518519,0.8555555555555556,-0.0037037037037037646,0.9333333333333333,0.9333333333333333,0.0,0.5,0.5,0.0,0.012839506172839465
77,sk_wasserstein_distance_mu_tc,0.8518518518518519,0.8518518518518519,0.0,0.9333333333333333,0.9333333333333333,0.0,0.5,0.5,0.0,-0.0024691358024691024
77,sk_cosine_distance_full_q2,0.8518518518518519,0.8444444444444444,0.007407407407407418,0.9333333333333333,0.9333333333333333,0.0,0.5,0.5,0.0,-0.0018518518518516602
77,sk_wasserstein_distance_full_q2,0.8518518518518519,0.8444444444444444,0.007407407407407418,0.9333333333333333,0.9333333333333333,0.0,0.5,0.5555555555555556,-0.05555555555555558,0.006419753086419622
78,sk_meanrms1,0.7481481481481482,0.7555555555555555,-0.007407407407407307,0.9333333333333333,0.9333333333333333,0.0,0.3333333333333333,0.3333333333333333,0.0,-0.006790123456790198
78,sk_weightedrms1,0.7481481481481482,0.7444444444444445,0.0037037037037037646,0.9333333333333333,1.0,-0.06666666666666665,0.3333333333333333,0.2777777777777778,0.055555555555555525,0.02456790123456809
78,sk_sigma_target1,0.7481481481481482,0.7518518518518519,-0.0037037037037036535,0.9333333333333333,0.9333333333333333,0.0,0.3333333333333333,0.2777777777777778,0.055555555555555525,0.011111111111111072
78,sk_sigma_contralateral1,0.7481481481481482,0.7555555555555555,-0.007407407407407307,0.9333333333333333,0.9333333333333333,0.0,0.3333333333333333,0.3333333333333333,0.0,-0.004444444444444251
78,sk_mahalanobis1,0.7481481481481482,0.7444444444444445,0.0037037037037037646,0.9333333333333333,0.9333333333333333,0.0,0.3333333333333333,0.3333333333333333,0.0,0.03111111111111109
78,sk_meanrms2,0.7481481481481482,0.7518518518518519,-0.0037037037037036535,0.9333333333333333,0.9333333333333333,0.0,0.3333333333333333,0.3333333333333333,0.0,0.0019753086419754817
78,sk_weightedrms2,0.7481481481481482,0.7444444444444445,0.0037037037037037646,0.9333333333333333,0.9333333333333333,0.0,0.3333333333333333,0.3888888888888889,-0.05555555555555558,0.020123456790123617
78,sk_sigma_target2,0.7481481481481482,0.7481481481481481,1.1102230246251565e-16,0.9333333333333333,0.9333333333333333,0.0,0.3333333333333333,0.3333333333333333,0.0,0.010246913580246764
78,sk_sigma_contralateral2,0.7481481481481482,0.7555555555555556,-0.007407407407407418,0.9333333333333333,0.9333333333333333,0.0,0.3333333333333333,0.3333333333333333,0.0,-0.00530864197530867
78,sk_mahalanobis2,0.7481481481481482,0.7296296296296296,0.0185185185185186,0.9333333333333333,0.9333333333333333,0.0,0.3333333333333333,0.3333333333333333,0.0,0.035308641975308586
78,sk_peak14_intensity_abs_delta,0.7481481481481482,0.7481481481481482,0.0,0.9333333333333333,0.9333333333333333,0.0,0.3333333333333333,0.3333333333333333,0.0,0.0017283950617285049
78,sk_mean_peak_value_abs_delta,0.7481481481481482,0.7481481481481481,1.1102230246251565e-16,0.9333333333333333,0.9333333333333333,0.0,0.3333333333333333,0.3333333333333333,0.0,-0.0024691358024691024
78,sk_wasserstein_distance_mu_tc,0.7481481481481482,0.7555555555555556,-0.007407407407407418,0.9333333333333333,0.9333333333333333,0.0,0.3333333333333333,0.3333333333333333,0.0,0.009629629629629766
78,sk_cosine_distance_full_q2,0.7481481481481482,0.7481481481481482,0.0,0.9333333333333333,0.9333333333333333,0.0,0.3333333333333333,0.3333333333333333,0.0,-0.0002469135802467548
78,sk_wasserstein_distance_full_q2,0.7481481481481482,0.725925925925926,0.022222222222222254,0.9333333333333333,0.9333333333333333,0.0,0.3333333333333333,0.2777777777777778,0.055555555555555525,0.02197530864197539
79,sk_meanrms1,0.5333333333333333,0.5333333333333333,0.0,0.5333333333333333,0.5333333333333333,0.0,0.5294117647058824,0.5294117647058824,0.0,0.002745098039215632
79,sk_weightedrms1,0.5333333333333333,0.5372549019607843,-0.0039215686274509665,0.5333333333333333,0.5333333333333333,0.0,0.5294117647058824,0.5294117647058824,0.0,-0.00169934640522873
79,sk_sigma_target1,0.5333333333333333,0.5294117647058824,0.0039215686274509665,0.5333333333333333,0.6,-0.06666666666666665,0.5294117647058824,0.5294117647058824,0.0,-0.008888888888888835
79,sk_sigma_contralateral1,0.5333333333333333,0.5372549019607843,-0.0039215686274509665,0.5333333333333333,0.6,-0.06666666666666665,0.5294117647058824,0.5294117647058824,0.0,-0.005359477124182943
79,sk_mahalanobis1,0.5333333333333333,0.5333333333333333,0.0,0.5333333333333333,0.5333333333333333,0.0,0.5294117647058824,0.5294117647058824,0.0,0.0
79,sk_meanrms2,0.5333333333333333,0.5333333333333333,0.0,0.5333333333333333,0.5333333333333333,0.0,0.5294117647058824,0.5294117647058824,0.0,-0.002745098039215632
79,sk_weightedrms2,0.5333333333333333,0.5333333333333333,0.0,0.5333333333333333,0.5333333333333333,0.0,0.5294117647058824,0.5294117647058824,0.0,0.0048366013071895475
79,sk_sigma_target2,0.5333333333333333,0.5372549019607843,-0.0039215686274509665,0.5333333333333333,0.5333333333333333,0.0,0.5294117647058824,0.5294117647058824,0.0,-0.0048366013071895475
79,sk_sigma_contralateral2,0.5333333333333333,0.5372549019607843,-0.0039215686274509665,0.5333333333333333,0.5333333333333333,0.0,0.5294117647058824,0.5294117647058824,0.0,-0.0031372549019608176
79,sk_mahalanobis2,0.5333333333333333,0.5333333333333333,0.0,0.5333333333333333,0.5333333333333333,0.0,0.5294117647058824,0.5294117647058824,0.0,0.0
79,sk_peak14_intensity_abs_delta,0.5333333333333333,0.5372549019607843,-0.0039215686274509665,0.5333333333333333,0.5333333333333333,0.0,0.5294117647058824,0.5294117647058824,0.0,0.0039215686274509665
79,sk_mean_peak_value_abs_delta,0.5333333333333333,0.5372549019607843,-0.0039215686274509665,0.5333333333333333,0.6,-0.06666666666666665,0.5294117647058824,0.5294117647058824,0.0,0.011372549019607825
79,sk_wasserstein_distance_mu_tc,0.5333333333333333,0.5333333333333333,0.0,0.5333333333333333,0.5333333333333333,0.0,0.5294117647058824,0.5294117647058824,0.0,-0.009411764705882342
79,sk_cosine_distance_full_q2,0.5333333333333333,0.5372549019607843,-0.0039215686274509665,0.5333333333333333,0.5333333333333333,0.0,0.5294117647058824,0.5294117647058824,0.0,-0.008758169934640514
79,sk_wasserstein_distance_full_q2,0.5333333333333333,0.5333333333333333,0.0,0.5333333333333333,0.6,-0.06666666666666665,0.5294117647058824,0.5294117647058824,0.0,-0.006013071895424771
80,sk_meanrms1,0.7148148148148148,0.7148148148148148,0.0,0.9333333333333333,0.9333333333333333,0.0,0.6111111111111112,0.6111111111111112,0.0,0.002962962962962834
80,sk_weightedrms1,0.7148148148148148,0.7037037037037037,0.011111111111111072,0.9333333333333333,0.9333333333333333,0.0,0.6111111111111112,0.5,0.11111111111111116,0.028765432098765475
80,sk_sigma_target1,0.7148148148148148,0.7148148148148148,0.0,0.9333333333333333,0.9333333333333333,0.0,0.6111111111111112,0.6111111111111112,0.0,-1.1102230246251565e-16
80,sk_sigma_contralateral1,0.7148148148148148,0.7111111111111111,0.0037037037037036535,0.9333333333333333,0.9333333333333333,0.0,0.6111111111111112,0.5555555555555556,0.05555555555555558,0.004197530864197385
80,sk_mahalanobis1,0.7148148148148148,0.7148148148148148,0.0,0.9333333333333333,0.9333333333333333,0.0,0.6111111111111112,0.6111111111111112,0.0,0.013950617283950528
80,sk_meanrms2,0.7148148148148148,0.7148148148148148,0.0,0.9333333333333333,0.9333333333333333,0.0,0.6111111111111112,0.6111111111111112,0.0,0.0018518518518516602
80,sk_weightedrms2,0.7148148148148148,0.7074074074074075,0.007407407407407307,0.9333333333333333,0.9333333333333333,0.0,0.6111111111111112,0.6111111111111112,0.0,0.005925925925925557
80,sk_sigma_target2,0.7148148148148148,0.7111111111111111,0.0037037037037036535,0.9333333333333333,0.9333333333333333,0.0,0.6111111111111112,0.6111111111111112,0.0,0.012222222222222245
80,sk_sigma_contralateral2,0.7148148148148148,0.7148148148148148,0.0,0.9333333333333333,0.9333333333333333,0.0,0.6111111111111112,0.6111111111111112,0.0,0.0007407407407404865
80,sk_mahalanobis2,0.7148148148148148,0.7148148148148148,0.0,0.9333333333333333,0.9333333333333333,0.0,0.6111111111111112,0.6111111111111112,0.0,0.004938271604938205
80,sk_peak14_intensity_abs_delta,0.7148148148148148,0.7148148148148148,0.0,0.9333333333333333,0.9333333333333333,0.0,0.6111111111111112,0.6111111111111112,0.0,0.0045679012345677394
80,sk_mean_peak_value_abs_delta,0.7148148148148148,0.6962962962962963,0.01851851851851849,0.9333333333333333,0.9333333333333333,0.0,0.6111111111111112,0.6111111111111112,0.0,0.01382716049382704
80,sk_wasserstein_distance_mu_tc,0.7148148148148148,0.7074074074074075,0.007407407407407307,0.9333333333333333,0.9333333333333333,0.0,0.6111111111111112,0.6111111111111112,0.0,0.012962962962963176
80,sk_cosine_distance_full_q2,0.7148148148148148,0.7148148148148148,0.0,0.9333333333333333,0.9333333333333333,0.0,0.6111111111111112,0.6111111111111112,0.0,0.009753086419753032
80,sk_wasserstein_distance_full_q2,0.7148148148148148,0.7,0.014814814814814836,0.9333333333333333,0.9333333333333333,0.0,0.6111111111111112,0.6111111111111112,0.0,0.04086419753086401
81,sk_meanrms1,0.662962962962963,0.662962962962963,0.0,0.6666666666666666,0.6666666666666666,0.0,0.5555555555555556,0.5555555555555556,0.0,-0.0002469135802467548
81,sk_weightedrms1,0.662962962962963,0.6555555555555556,0.007407407407407418,0.6666666666666666,0.6666666666666666,0.0,0.5555555555555556,0.6666666666666666,-0.11111111111111105,0.009382716049382678
81,sk_sigma_target1,0.662962962962963,0.662962962962963,0.0,0.6666666666666666,0.6666666666666666,0.0,0.5555555555555556,0.5555555555555556,0.0,0.0002469135802467548
81,sk_sigma_contralateral1,0.662962962962963,0.662962962962963,0.0,0.6666666666666666,0.6666666666666666,0.0,0.5555555555555556,0.5555555555555556,0.0,-3.3306690738754696e-16
81,sk_mahalanobis1,0.662962962962963,0.662962962962963,0.0,0.6666666666666666,0.6666666666666666,0.0,0.5555555555555556,0.5555555555555556,0.0,-3.3306690738754696e-16
81,sk_meanrms2,0.662962962962963,0.662962962962963,0.0,0.6666666666666666,0.6666666666666666,0.0,0.5555555555555556,0.5555555555555556,0.0,0.0012345679012344402
81,sk_weightedrms2,0.662962962962963,0.662962962962963,0.0,0.6666666666666666,0.6666666666666666,0.0,0.5555555555555556,0.5555555555555556,0.0,-0.003580246913580387
81,sk_sigma_target2,0.662962962962963,0.6666666666666666,-0.0037037037037036535,0.6666666666666666,0.6666666666666666,0.0,0.5555555555555556,0.5555555555555556,0.0,0.006172839506172867
81,sk_sigma_contralateral2,0.662962962962963,0.662962962962963,0.0,0.6666666666666666,0.6666666666666666,0.0,0.5555555555555556,0.5555555555555556,0.0,-0.0024691358024692134
81,sk_mahalanobis2,0.662962962962963,0.662962962962963,0.0,0.6666666666666666,0.6666666666666666,0.0,0.5555555555555556,0.5555555555555556,0.0,-3.3306690738754696e-16
81,sk_peak14_intensity_abs_delta,0.662962962962963,0.662962962962963,0.0,0.6666666666666666,0.6666666666666666,0.0,0.5555555555555556,0.5555555555555556,0.0,0.0016049382716050165
81,sk_mean_peak_value_abs_delta,0.662962962962963,0.6592592592592592,0.0037037037037037646,0.6666666666666666,0.6666666666666666,0.0,0.5555555555555556,0.5555555555555556,0.0,0.005802469135802513
81,sk_wasserstein_distance_mu_tc,0.662962962962963,0.662962962962963,0.0,0.6666666666666666,0.6666666666666666,0.0,0.5555555555555556,0.5555555555555556,0.0,0.014567901234567748
81,sk_cosine_distance_full_q2,0.662962962962963,0.6555555555555554,0.007407407407407529,0.6666666666666666,0.6666666666666666,0.0,0.5555555555555556,0.5555555555555556,0.0,0.021975308641975277
81,sk_wasserstein_distance_full_q2,0.662962962962963,0.6407407407407407,0.022222222222222254,0.6666666666666666,0.7333333333333333,-0.06666666666666665,0.5555555555555556,0.5555555555555556,0.0,0.040740740740740744
82,sk_meanrms1,0.7,0.711111111111111,-0.011111111111111072,0.8,0.8,0.0,0.4444444444444444,0.4444444444444444,0.0,-0.032839506172839594
82,sk_weightedrms1,0.7,0.7074074074074074,-0.007407407407407418,0.8,0.8,0.0,0.4444444444444444,0.4444444444444444,0.0,-0.020246913580246995
82,sk_sigma_target1,0.7,0.7,0.0,0.8,0.8,0.0,0.4444444444444444,0.4444444444444444,0.0,0.0045679012345677394
82,sk_sigma_contralateral1,0.7,0.711111111111111,-0.011111111111111072,0.8,0.8,0.0,0.4444444444444444,0.4444444444444444,0.0,-0.011481481481481648
82,sk_mahalanobis1,0.7,0.7,0.0,0.8,0.8,0.0,0.4444444444444444,0.4444444444444444,0.0,2.220446049250313e-16
82,sk_meanrms2,0.7,0.7,0.0,0.8,0.8,0.0,0.4444444444444444,0.4444444444444444,0.0,-0.0007407407407405975
82,sk_weightedrms2,0.7,0.7,0.0,0.8,0.8,0.0,0.4444444444444444,0.4444444444444444,0.0,-0.012222222222222356
82,sk_sigma_target2,0.7,0.7000000000000001,-1.1102230246251565e-16,0.8,0.8,0.0,0.4444444444444444,0.4444444444444444,0.0,-0.008765432098765458
82,sk_sigma_contralateral2,0.7,0.7074074074074074,-0.007407407407407418,0.8,0.8,0.0,0.4444444444444444,0.4444444444444444,0.0,-0.010617283950617451
82,sk_mahalanobis2,0.7,0.7037037037037037,-0.0037037037037037646,0.8,0.8,0.0,0.4444444444444444,0.4444444444444444,0.0,-0.0008641975308640859
82,sk_peak14_intensity_abs_delta,0.7,0.7111111111111111,-0.011111111111111183,0.8,0.8,0.0,0.4444444444444444,0.4444444444444444,0.0,-0.023950617283950648
82,sk_mean_peak_value_abs_delta,0.7,0.7296296296296296,-0.029629629629629672,0.8,0.8,0.0,0.4444444444444444,0.4444444444444444,0.0,-0.04580246913580277
82,sk_wasserstein_distance_mu_tc,0.7,0.7,0.0,0.8,0.8,0.0,0.4444444444444444,0.4444444444444444,0.0,-0.0024691358024692134
82,sk_cosine_distance_full_q2,0.7,0.7074074074074074,-0.007407407407407418,0.8,0.8,0.0,0.4444444444444444,0.4444444444444444,0.0,-0.007530864197531129
82,sk_wasserstein_distance_full_q2,0.7,0.7,0.0,0.8,0.8,0.0,0.4444444444444444,0.4444444444444444,0.0,-0.005308641975308781
83,sk_meanrms1,0.6666666666666666,0.6666666666666666,0.0,0.7333333333333333,0.7333333333333333,0.0,0.3888888888888889,0.3888888888888889,0.0,-0.0033333333333334103
83,sk_weightedrms1,0.6666666666666666,0.6777777777777778,-0.011111111111111183,0.7333333333333333,0.9333333333333333,-0.20000000000000007,0.3888888888888889,0.3888888888888889,0.0,0.03333333333333355
83,sk_sigma_target1,0.6666666666666666,0.6962962962962962,-0.02962962962962956,0.7333333333333333,0.8666666666666667,-0.13333333333333341,0.3888888888888889,0.3888888888888889,0.0,-0.030123456790123626
83,sk_sigma_contralateral1,0.6666666666666666,0.662962962962963,0.0037037037037036535,0.7333333333333333,0.8,-0.06666666666666676,0.3888888888888889,0.3888888888888889,0.0,0.01320987654320982
83,sk_mahalanobis1,0.6666666666666666,0.6666666666666666,0.0,0.7333333333333333,0.7333333333333333,0.0,0.3888888888888889,0.3888888888888889,0.0,-2.220446049250313e-16
83,sk_meanrms2,0.6666666666666666,0.6777777777777778,-0.011111111111111183,0.7333333333333333,0.7333333333333333,0.0,0.3888888888888889,0.3888888888888889,0.0,-0.03703703703703698
83,sk_weightedrms2,0.6666666666666666,0.6592592592592592,0.007407407407407418,0.7333333333333333,0.7333333333333333,0.0,0.3888888888888889,0.3888888888888889,0.0,0.029259259259259318
83,sk_sigma_target2,0.6666666666666666,0.6703703703703704,-0.0037037037037037646,0.7333333333333333,0.7333333333333333,0.0,0.3888888888888889,0.3888888888888889,0.0,-0.0024691358024692134
83,sk_sigma_contralateral2,0.6666666666666666,0.6703703703703704,-0.0037037037037037646,0.7333333333333333,0.7333333333333333,0.0,0.3888888888888889,0.3888888888888889,0.0,0.004320987654320985
83,sk_mahalanobis2,0.6666666666666666,0.6703703703703703,-0.0037037037037036535,0.7333333333333333,0.7333333333333333,0.0,0.3888888888888889,0.3888888888888889,0.0,-2.220446049250313e-16
83,sk_peak14_intensity_abs_delta,0.6666666666666666,0.674074074074074,-0.007407407407407418,0.7333333333333333,0.7333333333333333,0.0,0.3888888888888889,0.3888888888888889,0.0,-0.02851851851851872
83,sk_mean_peak_value_abs_delta,0.6666666666666666,0.6592592592592593,0.007407407407407307,0.7333333333333333,0.7333333333333333,0.0,0.3888888888888889,0.3888888888888889,0.0,0.060493827160493896
83,sk_wasserstein_distance_mu_tc,0.6666666666666666,0.674074074074074,-0.007407407407407418,0.7333333333333333,0.7333333333333333,0.0,0.3888888888888889,0.3888888888888889,0.0,-0.04518518518518533
83,sk_cosine_distance_full_q2,0.6666666666666666,0.662962962962963,0.0037037037037036535,0.7333333333333333,0.7333333333333333,0.0,0.3888888888888889,0.3888888888888889,0.0,-0.016666666666666607
83,sk_wasserstein_distance_full_q2,0.6666666666666666,0.6666666666666666,0.0,0.7333333333333333,0.8666666666666667,-0.13333333333333341,0.3888888888888889,0.3888888888888889,0.0,-0.06419753086419755
84,sk_meanrms1,0.5490196078431372,0.5490196078431372,0.0,0.7333333333333333,0.7333333333333333,0.0,0.23529411764705882,0.23529411764705882,0.0,-0.005228758169934733
84,sk_weightedrms1,0.5490196078431372,0.5607843137254902,-0.01176470588235301,0.7333333333333333,0.8,-0.06666666666666676,0.23529411764705882,0.23529411764705882,0.0,-0.010718954248366108
84,sk_sigma_target1,0.5490196078431372,0.5607843137254902,-0.01176470588235301,0.7333333333333333,0.7333333333333333,0.0,0.23529411764705882,0.23529411764705882,0.0,-0.013071895424836666
84,sk_sigma_contralateral1,0.5490196078431372,0.5529411764705883,-0.0039215686274510775,0.7333333333333333,0.7333333333333333,0.0,0.23529411764705882,0.23529411764705882,0.0,0.0007843137254901489
84,sk_mahalanobis1,0.5490196078431372,0.5490196078431372,0.0,0.7333333333333333,0.7333333333333333,0.0,0.23529411764705882,0.23529411764705882,0.0,0.0
84,sk_meanrms2,0.5490196078431372,0.5490196078431372,0.0,0.7333333333333333,0.8,-0.06666666666666676,0.23529411764705882,0.23529411764705882,0.0,0.004575163398692794
84,sk_weightedrms2,0.5490196078431372,0.5490196078431372,0.0,0.7333333333333333,0.7333333333333333,0.0,0.23529411764705882,0.23529411764705882,0.0,-0.006013071895424993
84,sk_sigma_target2,0.5490196078431372,0.5529411764705882,-0.0039215686274509665,0.7333333333333333,0.8,-0.06666666666666676,0.23529411764705882,0.23529411764705882,0.0,-0.0011764705882353343
84,sk_sigma_contralateral2,0.5490196078431372,0.5450980392156862,0.0039215686274509665,0.7333333333333333,0.7333333333333333,0.0,0.23529411764705882,0.23529411764705882,0.0,-0.0002614379084967533
84,sk_mahalanobis2,0.5490196078431372,0.5490196078431372,0.0,0.7333333333333333,0.7333333333333333,0.0,0.23529411764705882,0.23529411764705882,0.0,-0.00039215686274507444
84,sk_peak14_intensity_abs_delta,0.5490196078431372,0.5490196078431372,0.0,0.7333333333333333,0.7333333333333333,0.0,0.23529411764705882,0.23529411764705882,0.0,-0.008758169934640625
84,sk_mean_peak_value_abs_delta,0.5490196078431372,0.5411764705882353,0.007843137254901933,0.7333333333333333,0.7333333333333333,0.0,0.23529411764705882,0.23529411764705882,0.0,0.000915032679738581
84,sk_wasserstein_distance_mu_tc,0.5490196078431372,0.5529411764705882,-0.0039215686274509665,0.7333333333333333,0.7333333333333333,0.0,0.23529411764705882,0.23529411764705882,0.0,-0.005620915032679807
84,sk_cosine_distance_full_q2,0.5490196078431372,0.5450980392156862,0.0039215686274509665,0.7333333333333333,0.7333333333333333,0.0,0.23529411764705882,0.23529411764705882,0.0,-0.003529411764706003
84,sk_wasserstein_distance_full_q2,0.5490196078431372,0.5333333333333333,0.015686274509803866,0.7333333333333333,0.7333333333333333,0.0,0.23529411764705882,0.23529411764705882,0.0,-0.0031372549019609286
85,sk_meanrms1,0.7925925925925926,0.7925925925925926,0.0,0.8,0.8,0.0,0.4444444444444444,0.4444444444444444,0.0,0.013456790123456797
85,sk_weightedrms1,0.7925925925925926,0.7851851851851852,0.007407407407407418,0.8,0.8,0.0,0.4444444444444444,0.4444444444444444,0.0,0.008395061728394992
85,sk_sigma_target1,0.7925925925925926,0.7925925925925926,0.0,0.8,0.8,0.0,0.4444444444444444,0.4444444444444444,0.0,0.00851851851851848
85,sk_sigma_contralateral1,0.7925925925925926,0.7851851851851852,0.007407407407407418,0.8,0.8,0.0,0.4444444444444444,0.4444444444444444,0.0,0.002592592592592813
85,sk_mahalanobis1,0.7925925925925926,0.7925925925925926,0.0,0.8,0.8,0.0,0.4444444444444444,0.4444444444444444,0.0,3.3306690738754696e-16
85,sk_meanrms2,0.7925925925925926,0.7925925925925926,0.0,0.8,0.8,0.0,0.4444444444444444,0.4444444444444444,0.0,0.002592592592592813
85,sk_weightedrms2,0.7925925925925926,0.7851851851851852,0.007407407407407418,0.8,0.8,0.0,0.4444444444444444,0.4444444444444444,0.0,0.016913580246913473
85,sk_sigma_target2,0.7925925925925926,0.7925925925925926,0.0,0.8,0.8,0.0,0.4444444444444444,0.4444444444444444,0.0,0.00037037037037079834
85,sk_sigma_contralateral2,0.7925925925925926,0.7925925925925926,0.0,0.8,0.8,0.0,0.4444444444444444,0.3888888888888889,0.055555555555555525,0.0004938271604939537
85,sk_mahalanobis2,0.7925925925925926,0.7925925925925926,0.0,0.8,0.8,0.0,0.4444444444444444,0.4444444444444444,0.0,3.3306690738754696e-16
85,sk_peak14_intensity_abs_delta,0.7925925925925926,0.7925925925925926,0.0,0.8,0.8,0.0,0.4444444444444444,0.3333333333333333,0.1111111111111111,0.009753086419753143
85,sk_mean_peak_value_abs_delta,0.7925925925925926,0.7814814814814814,0.011111111111111183,0.8,0.8,0.0,0.4444444444444444,0.4444444444444444,0.0,0.013580246913580285
85,sk_wasserstein_distance_mu_tc,0.7925925925925926,0.7888888888888889,0.0037037037037037646,0.8,0.8,0.0,0.4444444444444444,0.4444444444444444,0.0,0.006790123456790087
85,sk_cosine_distance_full_q2,0.7925925925925926,0.7888888888888889,0.0037037037037037646,0.8,0.8,0.0,0.4444444444444444,0.4444444444444444,0.0,-0.00037037037037035425
85,sk_wasserstein_distance_full_q2,0.7925925925925926,0.7925925925925925,1.1102230246251565e-16,0.8,0.8,0.0,0.4444444444444444,0.4444444444444444,0.0,-0.013456790123456797
86,sk_meanrms1,0.6037037037037036,0.6074074074074074,-0.0037037037037037646,0.7333333333333333,0.7333333333333333,0.0,0.4444444444444444,0.4444444444444444,0.0,-0.0027160493827163013
86,sk_weightedrms1,0.6037037037037036,0.6074074074074074,-0.0037037037037037646,0.7333333333333333,0.7333333333333333,0.0,0.4444444444444444,0.3888888888888889,0.055555555555555525,-0.003580246913580387
86,sk_sigma_target1,0.6037037037037036,0.6037037037037036,0.0,0.7333333333333333,0.7333333333333333,0.0,0.4444444444444444,0.4444444444444444,0.0,-2.220446049250313e-16
86,sk_sigma_contralateral1,0.6037037037037036,0.6,0.0037037037037036535,0.7333333333333333,0.7333333333333333,0.0,0.4444444444444444,0.4444444444444444,0.0,-0.00592592592592589
86,sk_mahalanobis1,0.6037037037037036,0.6037037037037036,0.0,0.7333333333333333,0.7333333333333333,0.0,0.4444444444444444,0.4444444444444444,0.0,0.010493827160493852
86,sk_meanrms2,0.6037037037037036,0.6074074074074074,-0.0037037037037037646,0.7333333333333333,0.7333333333333333,0.0,0.4444444444444444,0.4444444444444444,0.0,-0.0185185185185186
86,sk_weightedrms2,0.6037037037037036,0.6037037037037036,0.0,0.7333333333333333,0.7333333333333333,0.0,0.4444444444444444,0.3888888888888889,0.055555555555555525,0.012962962962962954
86,sk_sigma_target2,0.6037037037037036,0.6037037037037036,0.0,0.7333333333333333,0.7333333333333333,0.0,0.4444444444444444,0.4444444444444444,0.0,-0.004691358024691339
86,sk_sigma_contralateral2,0.6037037037037036,0.6148148148148147,-0.011111111111111072,0.7333333333333333,0.7333333333333333,0.0,0.4444444444444444,0.5,-0.05555555555555558,-0.013456790123456908
86,sk_mahalanobis2,0.6037037037037036,0.6037037037037036,0.0,0.7333333333333333,0.7333333333333333,0.0,0.4444444444444444,0.4444444444444444,0.0,0.00395061728395063
86,sk_peak14_intensity_abs_delta,0.6037037037037036,0.611111111111111,-0.007407407407407418,0.7333333333333333,0.7333333333333333,0.0,0.4444444444444444,0.4444444444444444,0.0,-0.009506172839506166
86,sk_mean_peak_value_abs_delta,0.6037037037037036,0.6074074074074074,-0.0037037037037037646,0.7333333333333333,0.7333333333333333,0.0,0.4444444444444444,0.5,-0.05555555555555558,-0.03308641975308668
86,sk_wasserstein_distance_mu_tc,0.6037037037037036,0.6111111111111112,-0.007407407407407529,0.7333333333333333,0.7333333333333333,0.0,0.4444444444444444,0.5,-0.05555555555555558,-0.03259259259259262
86,sk_cosine_distance_full_q2,0.6037037037037036,0.6074074074074074,-0.0037037037037037646,0.7333333333333333,0.7333333333333333,0.0,0.4444444444444444,0.4444444444444444,0.0,-0.0045679012345680725
86,sk_wasserstein_distance_full_q2,0.6037037037037036,0.6148148148148148,-0.011111111111111183,0.7333333333333333,0.7333333333333333,0.0,0.4444444444444444,0.5,-0.05555555555555558,-0.028271604938271522
87,sk_meanrms1,0.6407407407407407,0.6407407407407407,0.0,0.7333333333333333,0.7333333333333333,0.0,0.4444444444444444,0.4444444444444444,0.0,0.0004938271604939537
87,sk_weightedrms1,0.6407407407407407,0.6481481481481481,-0.007407407407407418,0.7333333333333333,0.7333333333333333,0.0,0.4444444444444444,0.3333333333333333,0.1111111111111111,-0.0011111111111109517
87,sk_sigma_target1,0.6407407407407407,0.6444444444444445,-0.0037037037037037646,0.7333333333333333,0.7333333333333333,0.0,0.4444444444444444,0.4444444444444444,0.0,-0.0028395061728394566
87,sk_sigma_contralateral1,0.6407407407407407,0.6518518518518519,-0.011111111111111183,0.7333333333333333,0.7333333333333333,0.0,0.4444444444444444,0.4444444444444444,0.0,-0.008765432098765569
87,sk_mahalanobis1,0.6407407407407407,0.6407407407407407,0.0,0.7333333333333333,0.7333333333333333,0.0,0.4444444444444444,0.4444444444444444,0.0,3.3306690738754696e-16
87,sk_meanrms2,0.6407407407407407,0.6407407407407407,0.0,0.7333333333333333,0.7333333333333333,0.0,0.4444444444444444,0.4444444444444444,0.0,0.001481481481481528
87,sk_weightedrms2,0.6407407407407407,0.6407407407407407,0.0,0.7333333333333333,0.7333333333333333,0.0,0.4444444444444444,0.3888888888888889,0.055555555555555525,-0.007901234567901372
87,sk_sigma_target2,0.6407407407407407,0.6370370370370371,0.0037037037037036535,0.7333333333333333,0.7333333333333333,0.0,0.4444444444444444,0.4444444444444444,0.0,0.006296296296296355
87,sk_sigma_contralateral2,0.6407407407407407,0.6444444444444445,-0.0037037037037037646,0.7333333333333333,0.7333333333333333,0.0,0.4444444444444444,0.4444444444444444,0.0,-0.004320987654321096
87,sk_mahalanobis2,0.6407407407407407,0.6407407407407407,0.0,0.7333333333333333,0.7333333333333333,0.0,0.4444444444444444,0.4444444444444444,0.0,3.3306690738754696e-16
87,sk_peak14_intensity_abs_delta,0.6407407407407407,0.6370370370370371,0.0037037037037036535,0.7333333333333333,0.7333333333333333,0.0,0.4444444444444444,0.4444444444444444,0.0,-0.0002469135802468658
87,sk_mean_peak_value_abs_delta,0.6407407407407407,0.6407407407407407,0.0,0.7333333333333333,0.7333333333333333,0.0,0.4444444444444444,0.4444444444444444,0.0,0.004074074074074008
87,sk_wasserstein_distance_mu_tc,0.6407407407407407,0.6407407407407407,0.0,0.7333333333333333,0.7333333333333333,0.0,0.4444444444444444,0.4444444444444444,0.0,0.0001234567901238215
87,sk_cosine_distance_full_q2,0.6407407407407407,0.6407407407407407,0.0,0.7333333333333333,0.7333333333333333,0.0,0.4444444444444444,0.4444444444444444,0.0,0.015185185185184968
87,sk_wasserstein_distance_full_q2,0.6407407407407407,0.6185185185185186,0.022222222222222143,0.7333333333333333,0.7333333333333333,0.0,0.4444444444444444,0.3333333333333333,0.1111111111111111,0.04444444444444451
88,sk_meanrms1,0.6962962962962963,0.7074074074074074,-0.011111111111111072,0.8,0.8,0.0,0.5,0.5,0.0,-0.01592592592592601
88,sk_weightedrms1,0.6962962962962963,0.6851851851851851,0.011111111111111183,0.8,0.8,0.0,0.5,0.5,0.0,0.004691358024691339
88,sk_sigma_target1,0.6962962962962963,0.7037037037037037,-0.007407407407407418,0.8,0.8,0.0,0.5,0.4444444444444444,0.05555555555555558,-0.007160493827160552
88,sk_sigma_contralateral1,0.6962962962962963,0.6962962962962963,0.0,0.8,0.8,0.0,0.5,0.5,0.0,-0.0008641975308641969
88,sk_mahalanobis1,0.6962962962962963,0.6962962962962963,0.0,0.8,0.8,0.0,0.5,0.5,0.0,0.0
88,sk_meanrms2,0.6962962962962963,0.6962962962962963,0.0,0.8,0.8,0.0,0.5,0.5,0.0,-0.001481481481481417
88,sk_weightedrms2,0.6962962962962963,0.7111111111111111,-0.014814814814814836,0.8,0.7333333333333333,0.06666666666666676,0.5,0.5,0.0,-0.0016049382716049054
88,sk_sigma_target2,0.6962962962962963,0.711111111111111,-0.014814814814814725,0.8,0.8,0.0,0.5,0.5,0.0,-0.011604938271605025
88,sk_sigma_contralateral2,0.6962962962962963,0.7037037037037037,-0.007407407407407418,0.8,0.8,0.0,0.5,0.5,0.0,-0.003580246913580276
88,sk_mahalanobis2,0.6962962962962963,0.6962962962962963,0.0,0.8,0.8,0.0,0.5,0.5,0.0,0.0
88,sk_peak14_intensity_abs_delta,0.6962962962962963,0.7074074074074074,-0.011111111111111072,0.8,0.8,0.0,0.5,0.5,0.0,-0.015679012345679144
88,sk_mean_peak_value_abs_delta,0.6962962962962963,0.6888888888888889,0.007407407407407418,0.8,0.7333333333333333,0.06666666666666676,0.5,0.5,0.0,0.009506172839506166
88,sk_wasserstein_distance_mu_tc,0.6962962962962963,0.7000000000000001,-0.0037037037037037646,0.8,0.7333333333333333,0.06666666666666676,0.5,0.5,0.0,-0.01197530864197538
88,sk_cosine_distance_full_q2,0.6962962962962963,0.7,-0.0037037037037036535,0.8,0.7333333333333333,0.06666666666666676,0.5,0.5,0.0,-0.011728395061728403
88,sk_wasserstein_distance_full_q2,0.6962962962962963,0.6888888888888889,0.007407407407407418,0.8,0.7333333333333333,0.06666666666666676,0.5,0.5,0.0,-0.005555555555555536
89,sk_meanrms1,0.5372549019607844,0.5333333333333334,0.0039215686274509665,0.5333333333333333,0.5333333333333333,0.0,0.47058823529411764,0.47058823529411764,0.0,0.0074509803921569695
89,sk_weightedrms1,0.5372549019607844,0.5372549019607844,0.0,0.5333333333333333,0.5333333333333333,0.0,0.47058823529411764,0.47058823529411764,0.0,0.0018300653594772731
89,sk_sigma_target1,0.5372549019607844,0.5372549019607844,0.0,0.5333333333333333,0.5333333333333333,0.0,0.47058823529411764,0.5294117647058824,-0.05882352941176472,0.006797385620915142
89,sk_sigma_contralateral1,0.5372549019607844,0.5254901960784314,0.01176470588235301,0.5333333333333333,0.6666666666666666,-0.1333333333333333,0.47058823529411764,0.47058823529411764,0.0,0.009934640522875848
89,sk_mahalanobis1,0.5372549019607844,0.5372549019607844,0.0,0.5333333333333333,0.5333333333333333,0.0,0.47058823529411764,0.47058823529411764,0.0,-0.00013071895424843216
89,sk_meanrms2,0.5372549019607844,0.5372549019607844,0.0,0.5333333333333333,0.5333333333333333,0.0,0.47058823529411764,0.47058823529411764,0.0,-0.0020915032679739154
89,sk_weightedrms2,0.5372549019607844,0.5411764705882354,-0.0039215686274509665,0.5333333333333333,0.5333333333333333,0.0,0.47058823529411764,0.47058823529411764,0.0,0.0032679738562092497
89,sk_sigma_target2,0.5372549019607844,0.5411764705882354,-0.0039215686274509665,0.5333333333333333,0.5333333333333333,0.0,0.47058823529411764,0.47058823529411764,0.0,0.00039215686274518546
89,sk_sigma_contralateral2,0.5372549019607844,0.5568627450980392,-0.019607843137254832,0.5333333333333333,0.5333333333333333,0.0,0.47058823529411764,0.5294117647058824,-0.05882352941176472,-0.01189542483660111
89,sk_mahalanobis2,0.5372549019607844,0.5333333333333333,0.0039215686274510775,0.5333333333333333,0.5333333333333333,0.0,0.47058823529411764,0.47058823529411764,0.0,0.004444444444444584
89,sk_peak14_intensity_abs_delta,0.5372549019607844,0.5333333333333334,0.0039215686274509665,0.5333333333333333,0.5333333333333333,0.0,0.47058823529411764,0.5294117647058824,-0.05882352941176472,0.010457516339869355
89,sk_mean_peak_value_abs_delta,0.5372549019607844,0.5254901960784314,0.01176470588235301,0.5333333333333333,0.5333333333333333,0.0,0.47058823529411764,0.47058823529411764,0.0,0.01581699346405241
89,sk_wasserstein_distance_mu_tc,0.5372549019607844,0.5294117647058825,0.007843137254901933,0.5333333333333333,0.5333333333333333,0.0,0.47058823529411764,0.47058823529411764,0.0,-0.004575163398692683
89,sk_cosine_distance_full_q2,0.5372549019607844,0.5372549019607844,0.0,0.5333333333333333,0.5333333333333333,0.0,0.47058823529411764,0.5294117647058824,-0.05882352941176472,-0.006405228758169845
89,sk_wasserstein_distance_full_q2,0.5372549019607844,0.5254901960784314,0.01176470588235301,0.5333333333333333,0.5333333333333333,0.0,0.47058823529411764,0.5294117647058824,-0.05882352941176472,1.1102230246251565e-16
90,sk_meanrms1,0.7555555555555556,0.7481481481481482,0.007407407407407418,0.8666666666666667,0.8666666666666667,0.0,0.4444444444444444,0.4444444444444444,0.0,0.011481481481481648
90,sk_weightedrms1,0.7555555555555556,0.7444444444444445,0.011111111111111183,0.8666666666666667,0.8,0.06666666666666665,0.4444444444444444,0.4444444444444444,0.0,0.02580246913580242
90,sk_sigma_target1,0.7555555555555556,0.7555555555555556,0.0,0.8666666666666667,0.8666666666666667,0.0,0.4444444444444444,0.4444444444444444,0.0,0.00012345679012326638
90,sk_sigma_contralateral1,0.7555555555555556,0.751851851851852,0.0037037037037036535,0.8666666666666667,0.8666666666666667,0.0,0.4444444444444444,0.4444444444444444,0.0,0.008765432098765458
90,sk_mahalanobis1,0.7555555555555556,0.7555555555555556,0.0,0.8666666666666667,0.8666666666666667,0.0,0.4444444444444444,0.4444444444444444,0.0,0.0011111111111108407
90,sk_meanrms2,0.7555555555555556,0.7555555555555556,0.0,0.8666666666666667,0.8666666666666667,0.0,0.4444444444444444,0.4444444444444444,0.0,-2.220446049250313e-16
90,sk_weightedrms2,0.7555555555555556,0.7481481481481482,0.007407407407407418,0.8666666666666667,0.8666666666666667,0.0,0.4444444444444444,0.4444444444444444,0.0,0.008518518518518592
90,sk_sigma_target2,0.7555555555555556,0.7555555555555556,0.0,0.8666666666666667,0.8666666666666667,0.0,0.4444444444444444,0.4444444444444444,0.0,0.005432098765432158
90,sk_sigma_contralateral2,0.7555555555555556,0.7555555555555556,0.0,0.8666666666666667,0.8666666666666667,0.0,0.4444444444444444,0.4444444444444444,0.0,0.0034567901234568987
90,sk_mahalanobis2,0.7555555555555556,0.7555555555555556,0.0,0.8666666666666667,0.8666666666666667,0.0,0.4444444444444444,0.4444444444444444,0.0,0.0007407407407405975
90,sk_peak14_intensity_abs_delta,0.7555555555555556,0.7592592592592593,-0.0037037037037036535,0.8666666666666667,0.8666666666666667,0.0,0.4444444444444444,0.4444444444444444,0.0,0.00209876543209897
90,sk_mean_peak_value_abs_delta,0.7555555555555556,0.7407407407407408,0.014814814814814836,0.8666666666666667,0.8666666666666667,0.0,0.4444444444444444,0.4444444444444444,0.0,0.028765432098765475
90,sk_wasserstein_distance_mu_tc,0.7555555555555556,0.7444444444444445,0.011111111111111183,0.8666666666666667,0.8,0.06666666666666665,0.4444444444444444,0.4444444444444444,0.0,0.014691358024691459
90,sk_cosine_distance_full_q2,0.7555555555555556,0.7407407407407408,0.014814814814814836,0.8666666666666667,0.8,0.06666666666666665,0.4444444444444444,0.4444444444444444,0.0,0.008271604938271726
90,sk_wasserstein_distance_full_q2,0.7555555555555556,0.7296296296296297,0.025925925925925908,0.8666666666666667,0.8666666666666667,0.0,0.4444444444444444,0.4444444444444444,0.0,0.03234567901234542
91,sk_meanrms1,0.6888888888888889,0.6851851851851852,0.0037037037037036535,0.6666666666666666,0.6666666666666666,0.0,0.5555555555555556,0.5,0.05555555555555558,0.007407407407407418
91,sk_weightedrms1,0.6888888888888889,0.6962962962962963,-0.007407407407407418,0.6666666666666666,0.6666666666666666,0.0,0.5555555555555556,0.5555555555555556,0.0,0.017037037037037184
91,sk_sigma_target1,0.6888888888888889,0.6777777777777778,0.011111111111111072,0.6666666666666666,0.6666666666666666,0.0,0.5555555555555556,0.5555555555555556,0.0,0.005432098765432047
91,sk_sigma_contralateral1,0.6888888888888889,0.6814814814814815,0.007407407407407418,0.6666666666666666,0.6666666666666666,0.0,0.5555555555555556,0.5555555555555556,0.0,0.011481481481481537
91,sk_mahalanobis1,0.6888888888888889,0.6888888888888889,0.0,0.6666666666666666,0.6666666666666666,0.0,0.5555555555555556,0.5555555555555556,0.0,0.008271604938271282
91,sk_meanrms2,0.6888888888888889,0.6888888888888889,0.0,0.6666666666666666,0.6666666666666666,0.0,0.5555555555555556,0.5555555555555556,0.0,0.008765432098765569
91,sk_weightedrms2,0.6888888888888889,0.674074074074074,0.014814814814814836,0.6666666666666666,0.6,0.06666666666666665,0.5555555555555556,0.5,0.05555555555555558,0.018765432098765467
91,sk_sigma_target2,0.6888888888888889,0.6925925925925926,-0.0037037037037037646,0.6666666666666666,0.6,0.06666666666666665,0.5555555555555556,0.5555555555555556,0.0,-0.012345679012345734
91,sk_sigma_contralateral2,0.6888888888888889,0.6851851851851852,0.0037037037037036535,0.6666666666666666,0.6,0.06666666666666665,0.5555555555555556,0.5555555555555556,0.0,0.011111111111111183
91,sk_mahalanobis2,0.6888888888888889,0.6925925925925926,-0.0037037037037037646,0.6666666666666666,0.6666666666666666,0.0,0.5555555555555556,0.5555555555555556,0.0,0.008024691358024638
91,sk_peak14_intensity_abs_delta,0.6888888888888889,0.6814814814814815,0.007407407407407418,0.6666666666666666,0.6666666666666666,0.0,0.5555555555555556,0.5555555555555556,0.0,0.005679012345678913
91,sk_mean_peak_value_abs_delta,0.6888888888888889,0.6814814814814816,0.007407407407407307,0.6666666666666666,0.6,0.06666666666666665,0.5555555555555556,0.5555555555555556,0.0,0.007901234567901372
91,sk_wasserstein_distance_mu_tc,0.6888888888888889,0.6851851851851852,0.0037037037037036535,0.6666666666666666,0.6666666666666666,0.0,0.5555555555555556,0.5555555555555556,0.0,0.00925925925925919
91,sk_cosine_distance_full_q2,0.6888888888888889,0.6777777777777778,0.011111111111111072,0.6666666666666666,0.6666666666666666,0.0,0.5555555555555556,0.5,0.05555555555555558,0.009506172839506166
91,sk_wasserstein_distance_full_q2,0.6888888888888889,0.6740740740740742,0.014814814814814725,0.6666666666666666,0.6666666666666666,0.0,0.5555555555555556,0.5555555555555556,0.0,0.01382716049382715
92,sk_meanrms1,0.662962962962963,0.6666666666666666,-0.0037037037037036535,0.8666666666666667,0.8666666666666667,0.0,0.1111111111111111,0.1111111111111111,0.0,0.00024691358024697685
92,sk_weightedrms1,0.662962962962963,0.6740740740740742,-0.011111111111111183,0.8666666666666667,0.8666666666666667,0.0,0.1111111111111111,0.1111111111111111,0.0,-0.0092592592592593
92,sk_sigma_target1,0.662962962962963,0.6703703703703704,-0.007407407407407418,0.8666666666666667,0.8666666666666667,0.0,0.1111111111111111,0.1111111111111111,0.0,-0.009999999999999898
92,sk_sigma_contralateral1,0.662962962962963,0.6814814814814816,-0.0185185185185186,0.8666666666666667,0.8666666666666667,0.0,0.1111111111111111,0.1111111111111111,0.0,-0.018888888888888844
92,sk_mahalanobis1,0.662962962962963,0.662962962962963,0.0,0.8666666666666667,0.8666666666666667,0.0,0.1111111111111111,0.1111111111111111,0.0,-3.3306690738754696e-16
92,sk_meanrms2,0.662962962962963,0.662962962962963,0.0,0.8666666666666667,0.8666666666666667,0.0,0.1111111111111111,0.1111111111111111,0.0,-0.0018518518518517713
92,sk_weightedrms2,0.662962962962963,0.6592592592592592,0.0037037037037037646,0.8666666666666667,0.8666666666666667,0.0,0.1111111111111111,0.1111111111111111,0.0,0.017654320987654293
92,sk_sigma_target2,0.662962962962963,0.6666666666666667,-0.0037037037037037646,0.8666666666666667,0.8666666666666667,0.0,0.1111111111111111,0.1111111111111111,0.0,-0.006172839506173089
92,sk_sigma_contralateral2,0.662962962962963,0.6666666666666667,-0.0037037037037037646,0.8666666666666667,0.8666666666666667,0.0,0.1111111111111111,0.1111111111111111,0.0,0.00592592592592589
92,sk_mahalanobis2,0.662962962962963,0.662962962962963,0.0,0.8666666666666667,0.8666666666666667,0.0,0.1111111111111111,0.1111111111111111,0.0,-3.3306690738754696e-16
92,sk_peak14_intensity_abs_delta,0.662962962962963,0.662962962962963,0.0,0.8666666666666667,0.8666666666666667,0.0,0.1111111111111111,0.1111111111111111,0.0,-0.0028395061728397897
92,sk_mean_peak_value_abs_delta,0.662962962962963,0.662962962962963,0.0,0.8666666666666667,0.8666666666666667,0.0,0.1111111111111111,0.1111111111111111,0.0,0.011728395061728403
92,sk_wasserstein_distance_mu_tc,0.662962962962963,0.662962962962963,0.0,0.8666666666666667,0.8666666666666667,0.0,0.1111111111111111,0.1111111111111111,0.0,0.013580246913580285
92,sk_cosine_distance_full_q2,0.662962962962963,0.662962962962963,0.0,0.8666666666666667,0.8666666666666667,0.0,0.1111111111111111,0.1111111111111111,0.0,-0.0017283950617282828
92,sk_wasserstein_distance_full_q2,0.662962962962963,0.6555555555555557,0.007407407407407307,0.8666666666666667,0.8666666666666667,0.0,0.1111111111111111,0.1111111111111111,0.0,0.02049382716049386
93,sk_meanrms1,0.6814814814814815,0.6814814814814815,0.0,0.6666666666666666,0.6666666666666666,0.0,0.5555555555555556,0.5555555555555556,0.0,0.008271604938271615
93,sk_weightedrms1,0.6814814814814815,0.6703703703703703,0.011111111111111183,0.6666666666666666,0.6666666666666666,0.0,0.5555555555555556,0.5555555555555556,0.0,0.010370370370370363
93,sk_sigma_target1,0.6814814814814815,0.6888888888888889,-0.007407407407407418,0.6666666666666666,0.6666666666666666,0.0,0.5555555555555556,0.6111111111111112,-0.05555555555555558,0.005555555555555536
93,sk_sigma_contralateral1,0.6814814814814815,0.7074074074074075,-0.02592592592592602,0.6666666666666666,0.6666666666666666,0.0,0.5555555555555556,0.6666666666666666,-0.11111111111111105,-0.02518518518518531
93,sk_mahalanobis1,0.6814814814814815,0.6814814814814815,0.0,0.6666666666666666,0.6666666666666666,0.0,0.5555555555555556,0.5555555555555556,0.0,2.220446049250313e-16
93,sk_meanrms2,0.6814814814814815,0.6814814814814815,0.0,0.6666666666666666,0.6666666666666666,0.0,0.5555555555555556,0.5555555555555556,0.0,-0.0016049382716050165
93,sk_weightedrms2,0.6814814814814815,0.6777777777777778,0.0037037037037036535,0.6666666666666666,0.6666666666666666,0.0,0.5555555555555556,0.5555555555555556,0.0,-0.006296296296296022
93,sk_sigma_target2,0.6814814814814815,0.674074074074074,0.007407407407407418,0.6666666666666666,0.6666666666666666,0.0,0.5555555555555556,0.5555555555555556,0.0,0.0045679012345681835
93,sk_sigma_contralateral2,0.6814814814814815,0.6814814814814815,0.0,0.6666666666666666,0.6666666666666666,0.0,0.5555555555555556,0.5555555555555556,0.0,-0.00037037037037024323
93,sk_mahalanobis2,0.6814814814814815,0.6814814814814815,0.0,0.6666666666666666,0.6666666666666666,0.0,0.5555555555555556,0.5555555555555556,0.0,2.220446049250313e-16
93,sk_peak14_intensity_abs_delta,0.6814814814814815,0.6814814814814815,0.0,0.6666666666666666,0.6666666666666666,0.0,0.5555555555555556,0.5555555555555556,0.0,0.0016049382716050165
93,sk_mean_peak_value_abs_delta,0.6814814814814815,0.6814814814814815,0.0,0.6666666666666666,0.6666666666666666,0.0,0.5555555555555556,0.5555555555555556,0.0,0.00790123456790126
93,sk_wasserstein_distance_mu_tc,0.6814814814814815,0.6888888888888889,-0.007407407407407418,0.6666666666666666,0.6666666666666666,0.0,0.5555555555555556,0.5555555555555556,0.0,-0.011111111111111183
93,sk_cosine_distance_full_q2,0.6814814814814815,0.674074074074074,0.007407407407407418,0.6666666666666666,0.6666666666666666,0.0,0.5555555555555556,0.5555555555555556,0.0,-0.015308641975308679
93,sk_wasserstein_distance_full_q2,0.6814814814814815,0.6888888888888889,-0.007407407407407418,0.6666666666666666,0.6666666666666666,0.0,0.5555555555555556,0.5555555555555556,0.0,-0.010740740740740717
94,sk_meanrms1,0.5725490196078431,0.5686274509803921,0.0039215686274509665,0.8666666666666667,0.8666666666666667,0.0,0.11764705882352941,0.11764705882352941,0.0,0.0037908496732024233
94,sk_weightedrms1,0.5725490196078431,0.5568627450980392,0.015686274509803866,0.8666666666666667,0.8666666666666667,0.0,0.11764705882352941,0.17647058823529413,-0.05882352941176472,0.007189542483660105
94,sk_sigma_target1,0.5725490196078431,0.5725490196078431,0.0,0.8666666666666667,0.8666666666666667,0.0,0.11764705882352941,0.11764705882352941,0.0,0.004967320261437869
94,sk_sigma_contralateral1,0.5725490196078431,0.5647058823529412,0.007843137254901933,0.8666666666666667,0.8666666666666667,0.0,0.11764705882352941,0.11764705882352941,0.0,0.0103267973856207
94,sk_mahalanobis1,0.5725490196078431,0.5725490196078431,0.0,0.8666666666666667,0.8666666666666667,0.0,0.11764705882352941,0.11764705882352941,0.0,-1.1102230246251565e-16
94,sk_meanrms2,0.5725490196078431,0.5725490196078431,0.0,0.8666666666666667,0.8666666666666667,0.0,0.11764705882352941,0.11764705882352941,0.0,0.00431372549019593
94,sk_weightedrms2,0.5725490196078431,0.5529411764705883,0.019607843137254832,0.8666666666666667,0.8666666666666667,0.0,0.11764705882352941,0.23529411764705882,-0.11764705882352941,0.03189542483660135
94,sk_sigma_target2,0.5725490196078431,0.5686274509803921,0.0039215686274509665,0.8666666666666667,0.8666666666666667,0.0,0.11764705882352941,0.11764705882352941,0.0,0.008235294117647007
94,sk_sigma_contralateral2,0.5725490196078431,0.5725490196078431,0.0,0.8666666666666667,0.8666666666666667,0.0,0.11764705882352941,0.11764705882352941,0.0,0.0005228758169932846
94,sk_mahalanobis2,0.5725490196078431,0.5725490196078431,0.0,0.8666666666666667,0.8666666666666667,0.0,0.11764705882352941,0.11764705882352941,0.0,0.0015686274509802978
94,sk_peak14_intensity_abs_delta,0.5725490196078431,0.5764705882352942,-0.0039215686274510775,0.8666666666666667,0.8666666666666667,0.0,0.11764705882352941,0.11764705882352941,0.0,-0.008235294117647118
94,sk_mean_peak_value_abs_delta,0.5725490196078431,0.5647058823529412,0.007843137254901933,0.8666666666666667,0.8666666666666667,0.0,0.11764705882352941,0.11764705882352941,0.0,0.0030065359477123854
94,sk_wasserstein_distance_mu_tc,0.5725490196078431,0.5686274509803921,0.0039215686274509665,0.8666666666666667,0.8666666666666667,0.0,0.11764705882352941,0.11764705882352941,0.0,0.01189542483660122
94,sk_cosine_distance_full_q2,0.5725490196078431,0.5725490196078431,0.0,0.8666666666666667,0.8666666666666667,0.0,0.11764705882352941,0.17647058823529413,-0.05882352941176472,0.010588235294117565
94,sk_wasserstein_distance_full_q2,0.5725490196078431,0.5450980392156862,0.027450980392156876,0.8666666666666667,0.8666666666666667,0.0,0.11764705882352941,0.17647058823529413,-0.05882352941176472,0.011503267973856146
95,sk_meanrms1,0.6851851851851852,0.6814814814814816,0.0037037037037036535,0.8666666666666667,0.8666666666666667,0.0,0.4444444444444444,0.4444444444444444,0.0,0.009012345679012324
95,sk_weightedrms1,0.6851851851851852,0.6777777777777778,0.007407407407407418,0.8666666666666667,0.8666666666666667,0.0,0.4444444444444444,0.4444444444444444,0.0,0.020740740740740615
95,sk_sigma_target1,0.6851851851851852,0.6814814814814816,0.0037037037037036535,0.8666666666666667,0.8666666666666667,0.0,0.4444444444444444,0.2777777777777778,0.16666666666666663,0.008271604938271504
95,sk_sigma_contralateral1,0.6851851851851852,0.6851851851851852,0.0,0.8666666666666667,0.8666666666666667,0.0,0.4444444444444444,0.4444444444444444,0.0,-0.003827160493827253
95,sk_mahalanobis1,0.6851851851851852,0.6851851851851852,0.0,0.8666666666666667,0.8666666666666667,0.0,0.4444444444444444,0.4444444444444444,0.0,-3.3306690738754696e-16
95,sk_meanrms2,0.6851851851851852,0.6851851851851852,0.0,0.8666666666666667,0.8666666666666667,0.0,0.4444444444444444,0.4444444444444444,0.0,0.002592592592592702
95,sk_weightedrms2,0.6851851851851852,0.6777777777777778,0.007407407407407418,0.8666666666666667,0.8666666666666667,0.0,0.4444444444444444,0.4444444444444444,0.0,0.05432098765432114
95,sk_sigma_target2,0.6851851851851852,0.6777777777777778,0.007407407407407418,0.8666666666666667,0.8666666666666667,0.0,0.4444444444444444,0.4444444444444444,0.0,-0.0025925925925924798
95,sk_sigma_contralateral2,0.6851851851851852,0.6851851851851852,0.0,0.8666666666666667,0.8666666666666667,0.0,0.4444444444444444,0.4444444444444444,0.0,-3.3306690738754696e-16
95,sk_mahalanobis2,0.6851851851851852,0.6851851851851852,0.0,0.8666666666666667,0.8666666666666667,0.0,0.4444444444444444,0.4444444444444444,0.0,-3.3306690738754696e-16
95,sk_peak14_intensity_abs_delta,0.6851851851851852,0.6962962962962963,-0.011111111111111072,0.8666666666666667,0.8666666666666667,0.0,0.4444444444444444,0.4444444444444444,0.0,0.007777777777777883
95,sk_mean_peak_value_abs_delta,0.6851851851851852,0.6888888888888889,-0.0037037037037036535,0.8666666666666667,0.8666666666666667,0.0,0.4444444444444444,0.4444444444444444,0.0,0.016172839506172876
95,sk_wasserstein_distance_mu_tc,0.6851851851851852,0.6962962962962963,-0.011111111111111072,0.8666666666666667,0.8666666666666667,0.0,0.4444444444444444,0.5,-0.05555555555555558,-0.016419753086419853
95,sk_cosine_distance_full_q2,0.6851851851851852,0.6925925925925926,-0.007407407407407418,0.8666666666666667,0.8666666666666667,0.0,0.4444444444444444,0.4444444444444444,0.0,-0.01320987654320993
95,sk_wasserstein_distance_full_q2,0.6851851851851852,0.6851851851851852,0.0,0.8666666666666667,0.8666666666666667,0.0,0.4444444444444444,0.4444444444444444,0.0,-0.01592592592592601
96,sk_meanrms1,0.6592592592592593,0.6592592592592593,0.0,0.6666666666666666,0.6666666666666666,0.0,0.5,0.5,0.0,-0.0007407407407404865
96,sk_weightedrms1,0.6592592592592593,0.6555555555555556,0.0037037037037037646,0.6666666666666666,0.6666666666666666,0.0,0.5,0.5,0.0,0.014814814814814947
96,sk_sigma_target1,0.6592592592592593,0.6666666666666667,-0.007407407407407418,0.6666666666666666,0.6666666666666666,0.0,0.5,0.5,0.0,0.0022222222222222365
96,sk_sigma_contralateral1,0.6592592592592593,0.6592592592592593,0.0,0.6666666666666666,0.6666666666666666,0.0,0.5,0.5,0.0,-0.00012345679012326638
96,sk_mahalanobis1,0.6592592592592593,0.6518518518518519,0.007407407407407418,0.6666666666666666,0.6666666666666666,0.0,0.5,0.5,0.0,0.0159259259259259
96,sk_meanrms2,0.6592592592592593,0.6592592592592593,0.0,0.6666666666666666,0.6666666666666666,0.0,0.5,0.5,0.0,-0.0016049382716047944
96,sk_weightedrms2,0.6592592592592593,0.6555555555555556,0.0037037037037037646,0.6666666666666666,0.6666666666666666,0.0,0.5,0.5,0.0,0.0069135802469136864
96,sk_sigma_target2,0.6592592592592593,0.6592592592592593,0.0,0.6666666666666666,0.6666666666666666,0.0,0.5,0.5,0.0,-0.001481481481481417
96,sk_sigma_contralateral2,0.6592592592592593,0.662962962962963,-0.0037037037037036535,0.6666666666666666,0.6666666666666666,0.0,0.5,0.5,0.0,-0.0004938271604937317
96,sk_mahalanobis2,0.6592592592592593,0.6592592592592593,0.0,0.6666666666666666,0.6666666666666666,0.0,0.5,0.5,0.0,0.018888888888889066
96,sk_peak14_intensity_abs_delta,0.6592592592592593,0.6592592592592593,0.0,0.6666666666666666,0.6666666666666666,0.0,0.5,0.5,0.0,-0.003950617283950519
96,sk_mean_peak_value_abs_delta,0.6592592592592593,0.6555555555555557,0.0037037037037036535,0.6666666666666666,0.6666666666666666,0.0,0.5,0.5,0.0,0.010493827160493852
96,sk_wasserstein_distance_mu_tc,0.6592592592592593,0.6703703703703704,-0.011111111111111072,0.6666666666666666,0.6666666666666666,0.0,0.5,0.5,0.0,-0.00037037037037024323
96,sk_cosine_distance_full_q2,0.6592592592592593,0.6518518518518519,0.007407407407407418,0.6666666666666666,0.6666666666666666,0.0,0.5,0.5,0.0,-0.0018518518518518823
96,sk_wasserstein_distance_full_q2,0.6592592592592593,0.6518518518518519,0.007407407407407418,0.6666666666666666,0.6666666666666666,0.0,0.5,0.5,0.0,0.008888888888889057
97,sk_meanrms1,0.7037037037037037,0.7037037037037037,0.0,0.8,0.8,0.0,0.3888888888888889,0.4444444444444444,-0.055555555555555525,-0.007037037037037175
97,sk_weightedrms1,0.7037037037037037,0.711111111111111,-0.007407407407407307,0.8,0.8,0.0,0.3888888888888889,0.5,-0.1111111111111111,-0.007777777777777883
97,sk_sigma_target1,0.7037037037037037,0.7037037037037037,0.0,0.8,0.8,0.0,0.3888888888888889,0.3888888888888889,0.0,0.0011111111111110628
97,sk_sigma_contralateral1,0.7037037037037037,0.7111111111111111,-0.007407407407407418,0.8,0.8,0.0,0.3888888888888889,0.3888888888888889,0.0,-0.005061728395061693
97,sk_mahalanobis1,0.7037037037037037,0.7037037037037037,0.0,0.8,0.8,0.0,0.3888888888888889,0.3888888888888889,0.0,2.220446049250313e-16
97,sk_meanrms2,0.7037037037037037,0.7037037037037037,0.0,0.8,0.8,0.0,0.3888888888888889,0.3888888888888889,0.0,2.220446049250313e-16
97,sk_weightedrms2,0.7037037037037037,0.7000000000000001,0.0037037037037036535,0.8,0.8,0.0,0.3888888888888889,0.3888888888888889,0.0,-0.004691358024691672
97,sk_sigma_target2,0.7037037037037037,0.7000000000000001,0.0037037037037036535,0.8,0.8,0.0,0.3888888888888889,0.3888888888888889,0.0,0.002962962962962723
97,sk_sigma_contralateral2,0.7037037037037037,0.7037037037037037,0.0,0.8,0.8,0.0,0.3888888888888889,0.3888888888888889,0.0,-0.002716049382716079
97,sk_mahalanobis2,0.7037037037037037,0.7074074074074075,-0.0037037037037037646,0.8,0.8,0.0,0.3888888888888889,0.3888888888888889,0.0,2.220446049250313e-16
97,sk_peak14_intensity_abs_delta,0.7037037037037037,0.7074074074074074,-0.0037037037037036535,0.8,0.8,0.0,0.3888888888888889,0.3888888888888889,0.0,-0.0028395061728393456
97,sk_mean_peak_value_abs_delta,0.7037037037037037,0.711111111111111,-0.007407407407407307,0.8,0.8,0.0,0.3888888888888889,0.5,-0.1111111111111111,-0.019876543209876307
97,sk_wasserstein_distance_mu_tc,0.7037037037037037,0.7037037037037037,0.0,0.8,0.8,0.0,0.3888888888888889,0.3888888888888889,0.0,0.0007407407407409305
97,sk_cosine_distance_full_q2,0.7037037037037037,0.7074074074074074,-0.0037037037037036535,0.8,0.8,0.0,0.3888888888888889,0.3888888888888889,0.0,0.011481481481481315
97,sk_wasserstein_distance_full_q2,0.7037037037037037,0.6962962962962964,0.007407407407407307,0.8,0.8,0.0,0.3888888888888889,0.3888888888888889,0.0,0.03135802469135773
98,sk_meanrms1,0.6666666666666666,0.6666666666666666,0.0,0.7333333333333333,0.7333333333333333,0.0,0.5,0.5,0.0,0.005802469135802513
98,sk_weightedrms1,0.6666666666666666,0.6666666666666667,-1.1102230246251565e-16,0.7333333333333333,0.7333333333333333,0.0,0.5,0.3888888888888889,0.1111111111111111,0.006419753086419733
98,sk_sigma_target1,0.6666666666666666,0.6666666666666667,-1.1102230246251565e-16,0.7333333333333333,0.7333333333333333,0.0,0.5,0.5,0.0,0.0
98,sk_sigma_contralateral1,0.6666666666666666,0.6666666666666667,-1.1102230246251565e-16,0.7333333333333333,0.7333333333333333,0.0,0.5,0.5,0.0,0.0030864197530863224
98,sk_mahalanobis1,0.6666666666666666,0.6666666666666666,0.0,0.7333333333333333,0.7333333333333333,0.0,0.5,0.5,0.0,-2.220446049250313e-16
98,sk_meanrms2,0.6666666666666666,0.6666666666666666,0.0,0.7333333333333333,0.7333333333333333,0.0,0.5,0.5,0.0,0.0009876543209873523
98,sk_weightedrms2,0.6666666666666666,0.662962962962963,0.0037037037037036535,0.7333333333333333,0.7333333333333333,0.0,0.5,0.5,0.0,0.022962962962962963
98,sk_sigma_target2,0.6666666666666666,0.662962962962963,0.0037037037037036535,0.7333333333333333,0.7333333333333333,0.0,0.5,0.5,0.0,-0.0034567901234567877
98,sk_sigma_contralateral2,0.6666666666666666,0.6666666666666666,0.0,0.7333333333333333,0.7333333333333333,0.0,0.5,0.5,0.0,0.003580246913580054
98,sk_mahalanobis2,0.6666666666666666,0.6666666666666666,0.0,0.7333333333333333,0.7333333333333333,0.0,0.5,0.5,0.0,-2.220446049250313e-16
98,sk_peak14_intensity_abs_delta,0.6666666666666666,0.6666666666666666,0.0,0.7333333333333333,0.7333333333333333,0.0,0.5,0.5,0.0,0.0003703703703701322
98,sk_mean_peak_value_abs_delta,0.6666666666666666,0.6703703703703704,-0.0037037037037037646,0.7333333333333333,0.7333333333333333,0.0,0.5,0.4444444444444444,0.05555555555555558,0.020123456790123284
98,sk_wasserstein_distance_mu_tc,0.6666666666666666,0.6703703703703704,-0.0037037037037037646,0.7333333333333333,0.7333333333333333,0.0,0.5,0.5,0.0,-0.006296296296296577
98,sk_cosine_distance_full_q2,0.6666666666666666,0.6666666666666666,0.0,0.7333333333333333,0.7333333333333333,0.0,0.5,0.5,0.0,-0.002962962962963056
98,sk_wasserstein_distance_full_q2,0.6666666666666666,0.6666666666666666,0.0,0.7333333333333333,0.7333333333333333,0.0,0.5,0.6111111111111112,-0.11111111111111116,-0.023703703703703893
99,sk_meanrms1,0.7137254901960784,0.7254901960784313,-0.0117647058823529,0.8666666666666667,0.8666666666666667,0.0,0.4117647058823529,0.4117647058823529,0.0,-0.007581699346405513
99,sk_weightedrms1,0.7137254901960784,0.7176470588235294,-0.0039215686274509665,0.8666666666666667,0.8666666666666667,0.0,0.4117647058823529,0.47058823529411764,-0.05882352941176472,-0.0023529411764708907
99,sk_sigma_target1,0.7137254901960784,0.7058823529411765,0.007843137254901933,0.8666666666666667,0.8666666666666667,0.0,0.4117647058823529,0.4117647058823529,0.0,0.012156862745097974
99,sk_sigma_contralateral1,0.7137254901960784,0.7137254901960784,0.0,0.8666666666666667,0.8666666666666667,0.0,0.4117647058823529,0.4117647058823529,0.0,-0.0010457516339871242
99,sk_mahalanobis1,0.7137254901960784,0.7137254901960784,0.0,0.8666666666666667,0.8666666666666667,0.0,0.4117647058823529,0.4117647058823529,0.0,-2.220446049250313e-16
99,sk_meanrms2,0.7137254901960784,0.7176470588235294,-0.0039215686274509665,0.8666666666666667,0.8666666666666667,0.0,0.4117647058823529,0.4117647058823529,0.0,-0.003660130718954435
99,sk_weightedrms2,0.7137254901960784,0.7019607843137254,0.01176470588235301,0.8666666666666667,0.8666666666666667,0.0,0.4117647058823529,0.4117647058823529,0.0,0.021830065359476958
99,sk_sigma_target2,0.7137254901960784,0.7137254901960784,0.0,0.8666666666666667,0.8666666666666667,0.0,0.4117647058823529,0.4117647058823529,0.0,0.0006535947712416057
99,sk_sigma_contralateral2,0.7137254901960784,0.7137254901960784,0.0,0.8666666666666667,0.8666666666666667,0.0,0.4117647058823529,0.4117647058823529,0.0,-0.0015686274509805198
99,sk_mahalanobis2,0.7137254901960784,0.7137254901960784,0.0,0.8666666666666667,0.8666666666666667,0.0,0.4117647058823529,0.4117647058823529,0.0,-0.0005228758169936176
99,sk_peak14_intensity_abs_delta,0.7137254901960784,0.7254901960784313,-0.0117647058823529,0.8666666666666667,0.8666666666666667,0.0,0.4117647058823529,0.4117647058823529,0.0,-0.010326797385621145
99,sk_mean_peak_value_abs_delta,0.7137254901960784,0.7294117647058823,-0.015686274509803866,0.8666666666666667,0.8666666666666667,0.0,0.4117647058823529,0.47058823529411764,-0.05882352941176472,-0.010326797385621145
99,sk_wasserstein_distance_mu_tc,0.7137254901960784,0.7137254901960784,0.0,0.8666666666666667,0.8666666666666667,0.0,0.4117647058823529,0.4117647058823529,0.0,-0.001699346405229063
99,sk_cosine_distance_full_q2,0.7137254901960784,0.7137254901960784,0.0,0.8666666666666667,0.8666666666666667,0.0,0.4117647058823529,0.4117647058823529,0.0,-0.001830065359477162
99,sk_wasserstein_distance_full_q2,0.7137254901960784,0.7098039215686274,0.0039215686274510775,0.8666666666666667,0.8666666666666667,0.0,0.4117647058823529,0.47058823529411764,-0.05882352941176472,-0.014379084967320543
