cohort,profile_encoder,split_id,roc_auc,pr_auc,sensitivity,specificity,balanced_accuracy,ppv,npv,brier_score,log_loss,calibration_intercept,calibration_slope,threshold_target,true_positives,true_negatives,false_positives,false_negatives
full_npt256,raw256,0,0.5,0.48855653830805956,0.5333333333333333,0.5,0.5166666666666666,0.4444444444444444,0.5882352941176471,0.37283174747290715,1.2018353427592021,-0.2874383005151699,-0.01961992065557565,0.45403195796805584,8,10,10,7
full_npt256,raw256,1,0.7296296296296296,0.6950851997819961,0.6,0.5555555555555556,0.5777777777777777,0.5294117647058824,0.625,0.23478162366197874,0.676688055536199,-0.00018012220428548394,0.4514849398963654,0.38059051667278887,9,10,8,6
full_npt256,raw256,2,0.6888888888888889,0.6861300687616477,0.6666666666666666,0.7222222222222222,0.6944444444444444,0.6666666666666666,0.7222222222222222,0.2444287091030342,0.7015138405246694,0.026117967243740662,0.43842158678357857,0.3894019269606168,10,13,5,5
full_npt256,raw256,3,0.7518518518518519,0.6962374880021939,0.6666666666666666,0.7777777777777778,0.7222222222222222,0.7142857142857143,0.7368421052631579,0.2175674412021204,0.6395096264880944,0.1286946823410243,0.5577624624187161,0.3968702289757549,10,14,4,5
full_npt256,raw256,4,0.6335403726708074,0.4864015717971093,0.7142857142857143,0.6521739130434783,0.6832298136645962,0.5555555555555556,0.7894736842105263,0.2689581853257151,0.8663233355632953,-0.49475346194585756,0.2052187004473439,0.46884003770725,10,15,8,4
full_npt256,raw256,5,0.5900000000000001,0.525005658592615,0.5333333333333333,0.7,0.6166666666666667,0.5714285714285714,0.6666666666666666,0.284093922366036,0.9140665067153921,-0.1939311447750481,0.15550255314196829,0.4526000887309589,8,14,6,7
full_npt256,raw256,6,0.5666666666666667,0.5046654217242452,0.6666666666666666,0.5,0.5833333333333333,0.5263157894736842,0.6428571428571429,0.31661267379243657,1.0414936524766425,-0.14856782641595065,0.10044266488760623,0.3100192387817648,10,9,9,5
full_npt256,raw256,7,0.6866666666666668,0.6376869291778013,0.8,0.55,0.675,0.5714285714285714,0.7857142857142857,0.25253602444060963,0.715677474363641,-0.17334807436632782,0.3970117886024423,0.34641208636689247,12,11,9,3
full_npt256,raw256,8,0.7255639097744362,0.7069430793499116,0.6428571428571429,0.7368421052631579,0.6898496240601504,0.6428571428571429,0.7368421052631579,0.23095908631854287,0.65814343566841,-0.07127039726883624,0.48780570921271876,0.3826505887026239,9,14,5,5
full_npt256,raw256,9,0.5,0.5282961838968513,0.3333333333333333,0.6,0.4666666666666667,0.38461538461538464,0.5454545454545454,0.36006809944825563,1.1189534294094596,-0.28245313364223207,0.02236781263422559,0.47122596277511225,5,12,8,10
full_npt256,raw256,10,0.7047619047619048,0.6415913041925035,0.8,0.5238095238095238,0.661904761904762,0.5454545454545454,0.7857142857142857,0.2437817565017066,0.7285048503871214,-0.4448518456855215,0.4279948259592493,0.44697281953727414,12,11,10,3
full_npt256,raw256,11,0.6807017543859649,0.7209634155754845,0.6,0.47368421052631576,0.5368421052631579,0.47368421052631576,0.6,0.24991332496222843,0.702494177121096,-0.2641111961061186,0.4403911925501463,0.40275129148520084,9,9,10,6
full_npt256,raw256,12,0.7534722222222223,0.7063673418972332,0.5625,0.8333333333333334,0.6979166666666667,0.75,0.6818181818181818,0.23025468502999177,0.6848646749918199,0.334448988796059,0.5342658063076084,0.474303785736187,9,15,3,7
full_npt256,raw256,13,0.6535714285714286,0.5359244592325583,0.5714285714285714,0.65,0.6107142857142858,0.5333333333333333,0.6842105263157895,0.2875469028232176,0.8782627075803848,-0.27021727407710866,0.22775303461686697,0.4302396952550722,8,13,7,6
full_npt256,raw256,14,0.6654135338345866,0.6062644691050264,0.42857142857142855,0.7368421052631579,0.5827067669172932,0.5454545454545454,0.6363636363636364,0.264657758179915,0.7677027053545968,-0.15376412972358589,0.3235085968521544,0.5530452004371427,6,14,5,8
full_npt256,raw256,15,0.6866666666666666,0.6792128656919791,0.6666666666666666,0.45,0.5583333333333333,0.47619047619047616,0.6428571428571429,0.26079256417585045,0.7709377976302513,-0.34629013724233226,0.34992796313385366,0.3760113163452326,10,9,11,5
full_npt256,raw256,16,0.4333333333333333,0.462055167055167,0.3333333333333333,0.7222222222222222,0.5277777777777778,0.5,0.5652173913043478,0.36719458555697165,1.106426771483025,-0.30986890113458576,-0.16203543750068325,0.5572035284117263,5,13,5,10
full_npt256,raw256,17,0.7048611111111112,0.6765770439243906,0.625,0.7222222222222222,0.6736111111111112,0.6666666666666666,0.6842105263157895,0.22989263239932264,0.6880933687335241,0.06375979398042961,0.46351705369242413,0.4641251147882732,10,13,5,6
full_npt256,raw256,18,0.6360544217687074,0.5521218690189711,0.6428571428571429,0.5714285714285714,0.6071428571428572,0.5,0.7058823529411765,0.29932938655408936,0.9828758286825293,-0.46659475692389213,0.18991736440315918,0.5099841236570475,9,12,9,5
full_npt256,raw256,19,0.6642857142857143,0.5173310862806662,0.5714285714285714,0.65,0.6107142857142858,0.5333333333333333,0.6842105263157895,0.26471557716181826,0.7996358260953164,-0.2631362286161704,0.2860737991115671,0.4807861784128381,8,13,7,6
full_npt256,raw256,20,0.5164473684210527,0.464489122948644,0.6875,0.3684210526315789,0.5279605263157895,0.4782608695652174,0.5833333333333334,0.33612656581518835,0.9647245018343165,-0.17154265456398932,0.03962636512618823,0.30023930907112667,11,7,12,5
full_npt256,raw256,21,0.5614035087719298,0.5304215364306641,0.6,0.42105263157894735,0.5105263157894737,0.45,0.5714285714285714,0.33505968220967347,1.0175166462656942,-0.21662408675905476,0.13258052815187357,0.4955663925854032,9,8,11,6
full_npt256,raw256,22,0.7148148148148148,0.708294444347076,0.7333333333333333,0.6111111111111112,0.6722222222222223,0.6111111111111112,0.7333333333333333,0.23415671375785327,0.7387380691444703,-0.12238316232533752,0.3731577638134955,0.4577266348000804,11,11,7,4
full_npt256,raw256,23,0.6857142857142857,0.7061771734131982,0.5714285714285714,0.7,0.6357142857142857,0.5714285714285714,0.7,0.25035121501468044,0.7562556264604924,-0.23441664555088312,0.3388873001311791,0.4766326618662157,8,14,6,6
full_npt256,raw256,24,0.5238095238095237,0.4408472953810444,0.35714285714285715,0.6666666666666666,0.5119047619047619,0.4166666666666667,0.6086956521739131,0.3168833716191824,0.9535266918459221,-0.40401589563034596,0.010461506528132866,0.5885588779593492,5,14,7,9
full_npt256,raw256,25,0.63,0.5973981665253012,0.4,0.7,0.55,0.5,0.6086956521739131,0.27574640635321596,0.8553278949106637,-0.04606688471995954,0.2441122311780314,0.4398856628653653,6,14,6,9
full_npt256,raw256,26,0.5725490196078431,0.5414616439329083,0.6,0.5882352941176471,0.5941176470588235,0.5625,0.625,0.30827405884619413,0.9112857828943571,-0.027949129829106942,0.1696091423925962,0.3165871390756774,9,10,7,6
full_npt256,raw256,27,0.4761904761904762,0.435935165812084,0.625,0.3333333333333333,0.47916666666666663,0.4166666666666667,0.5384615384615384,0.3551546046644942,1.0784490453354274,-0.29229959633282604,-0.08259396223438138,0.28693982219745406,10,7,14,6
full_npt256,raw256,28,0.7071428571428571,0.5700509252812933,0.5,0.75,0.625,0.5833333333333334,0.6818181818181818,0.24640932896407552,0.735167237430916,-0.16767451766266556,0.3637067527883636,0.5070580637621199,7,15,5,7
full_npt256,raw256,29,0.8684210526315789,0.8715444058865112,1.0,0.42105263157894735,0.7105263157894737,0.56,1.0,0.18646987097396678,0.5363536758739704,-1.2860221609367588,1.0647150423268672,0.39318538103626205,14,8,11,0
full_npt256,raw256,30,0.6444444444444445,0.6090469868575228,0.5333333333333333,0.7222222222222222,0.6277777777777778,0.6153846153846154,0.65,0.27993425897134855,0.8543557973443587,-0.0658779178811813,0.2484857364974637,0.4170711286577375,8,13,5,7
full_npt256,raw256,31,0.6633333333333333,0.532666500254088,0.6,0.6,0.6,0.5294117647058824,0.6666666666666666,0.2525965347018344,0.7721491070191351,-0.23821619771355584,0.2976890601057448,0.4121305371510252,9,12,8,6
full_npt256,raw256,32,0.6466666666666667,0.538981198540022,0.7333333333333333,0.65,0.6916666666666667,0.6111111111111112,0.7647058823529411,0.2609277085737336,0.8228175746787426,-0.278421128624489,0.26831722749717146,0.5082385442829902,11,13,7,4
full_npt256,raw256,33,0.45079365079365086,0.3941293838376218,0.6,0.38095238095238093,0.49047619047619045,0.4090909090909091,0.5714285714285714,0.39874310341440533,1.2252422993082166,-0.29561378528176185,-0.10125242313521728,0.4162784802360865,9,8,13,6
full_npt256,raw256,34,0.6785714285714286,0.6895489768324725,0.42857142857142855,0.7777777777777778,0.6031746031746031,0.6,0.6363636363636364,0.25609222911595914,0.7690791190443861,0.15443302792568583,0.3875269911092767,0.48917063319092813,6,14,4,8
full_npt256,raw256,35,0.6317460317460317,0.4811899854606141,0.7333333333333333,0.5238095238095238,0.6285714285714286,0.5238095238095238,0.7333333333333333,0.2561550610953761,0.7656672729250378,-0.27823739781213974,0.28600775620228563,0.4241107318179918,11,11,10,4
full_npt256,raw256,36,0.5735294117647058,0.5755420106713209,0.5,0.7058823529411765,0.6029411764705883,0.6153846153846154,0.6,0.3218802269181753,1.005096054807791,0.06538541868688726,0.14504970414133722,0.4467986368613447,8,12,5,8
full_npt256,raw256,37,0.6476190476190476,0.6139829834456205,0.5333333333333333,0.6666666666666666,0.6,0.5333333333333333,0.6666666666666666,0.24914703523921874,0.7549055394116732,-0.24020176726469233,0.3286556870372629,0.4551238870312438,8,14,7,7
full_npt256,raw256,38,0.49248120300751885,0.5635894086498925,0.42857142857142855,0.6842105263157895,0.556390977443609,0.5,0.6190476190476191,0.31896494147457083,0.9677156187990441,-0.27927839551726275,0.06681476867931023,0.5191117490098243,6,13,6,8
full_npt256,raw256,39,0.6804511278195489,0.6558321580380404,0.6428571428571429,0.631578947368421,0.637218045112782,0.5625,0.7058823529411765,0.2674906870610401,0.8604193418950905,-0.2319834016028788,0.27255332315416314,0.3215425644596557,9,12,7,5
full_npt256,raw256,40,0.6035087719298246,0.5676443224855048,0.6666666666666666,0.42105263157894735,0.5438596491228069,0.47619047619047616,0.6153846153846154,0.2798626485154707,0.8157973005959507,-0.18490735205247272,0.19765135552756483,0.3594110639058287,10,8,11,5
full_npt256,raw256,41,0.44791666666666674,0.4473240786884951,0.375,0.4444444444444444,0.4097222222222222,0.375,0.4444444444444444,0.39916777245681745,1.1762673068628855,-0.19156377950227288,-0.11855227560001069,0.3842714779560068,6,8,10,10
full_npt256,raw256,42,0.5403508771929825,0.4766187204629918,0.5333333333333333,0.6842105263157895,0.6087719298245614,0.5714285714285714,0.65,0.3137474704575658,0.9600575599315836,-0.2178086129780608,0.04975522977553784,0.4910720971892371,8,13,6,7
full_npt256,raw256,43,0.6464285714285715,0.5627820572673513,0.5714285714285714,0.6,0.5857142857142856,0.5,0.6666666666666666,0.2583625060813686,0.7933402351553229,-0.2609966159968568,0.27306745428463963,0.4825732405007924,8,12,8,6
full_npt256,raw256,44,0.7074829931972789,0.5889188425953131,0.7857142857142857,0.6666666666666666,0.7261904761904762,0.6111111111111112,0.8235294117647058,0.2521569824950524,0.8305819098943246,-0.501981609981288,0.3252012096000452,0.5717533277142409,11,14,7,3
full_npt256,raw256,45,0.5929824561403509,0.64783514827914,0.5333333333333333,0.47368421052631576,0.5035087719298246,0.4444444444444444,0.5625,0.2808191968579618,0.8340581321735824,-0.17241841673584365,0.2240283819679521,0.4540297456803796,8,9,10,7
full_npt256,raw256,46,0.5366666666666666,0.4820840733340733,0.5333333333333333,0.4,0.4666666666666667,0.4,0.5333333333333333,0.33491515729949867,0.9967015868561339,-0.29416411322849617,0.021443901832498537,0.4999054310256987,8,8,12,7
full_npt256,raw256,47,0.6947368421052632,0.6561617805990175,0.6,0.5789473684210527,0.5894736842105264,0.5294117647058824,0.6470588235294118,0.2738221333006994,0.8981645867484405,-0.11435592139054661,0.2388493804514807,0.472666851254552,9,11,8,6
full_npt256,raw256,48,0.6035714285714285,0.5915742857901243,0.5714285714285714,0.55,0.5607142857142857,0.47058823529411764,0.6470588235294118,0.26916016395050985,0.7808514367646082,-0.3549529717218599,0.3063338873959984,0.4033277421547897,8,11,9,6
full_npt256,raw256,49,0.5228070175438597,0.48681213562580283,0.4666666666666667,0.5263157894736842,0.4964912280701754,0.4375,0.5555555555555556,0.3171550440946013,1.0086536856361852,-0.19217564729990738,0.044037062086134456,0.2802371967493279,7,10,9,8
full_npt256,raw256,50,0.6000000000000001,0.47347888791618326,0.4,0.6666666666666666,0.5333333333333333,0.46153846153846156,0.6086956521739131,0.3000949130132052,0.9389825832909052,-0.2558960407023924,0.12443531571421726,0.4478723819848492,6,14,7,9
full_npt256,raw256,51,0.6596491228070176,0.5906476880607315,0.6,0.631578947368421,0.6157894736842104,0.5625,0.6666666666666666,0.2584944084558666,0.7405982622846797,-0.08455610805945901,0.34923384262950946,0.4100568500317894,9,12,7,6
full_npt256,raw256,52,0.7508771929824561,0.7303346385057465,0.7333333333333333,0.631578947368421,0.6824561403508771,0.6111111111111112,0.75,0.23932421303915868,0.7292217503087617,-0.16698459692606574,0.3867083221984647,0.49780492477839927,11,12,7,4
full_npt256,raw256,53,0.7669172932330827,0.7277999605639357,0.7857142857142857,0.631578947368421,0.7086466165413534,0.6111111111111112,0.8,0.20427514581217962,0.6285776622558552,-0.388683763368118,0.5466672925990936,0.4335472733527026,11,12,7,3
full_npt256,raw256,54,0.44912280701754387,0.4142897555913325,0.5333333333333333,0.47368421052631576,0.5035087719298246,0.4444444444444444,0.5625,0.3650336263875321,1.0745022797535246,-0.2902222378833061,-0.09361674817984579,0.3708470342069342,8,9,10,7
full_npt256,raw256,55,0.66,0.5349105333601901,0.4666666666666667,0.7,0.5833333333333333,0.5384615384615384,0.6363636363636364,0.2584388277380703,0.7763760654124914,-0.12492133039953206,0.3097299142913086,0.5429634908563649,7,14,6,8
full_npt256,raw256,56,0.5851851851851853,0.5117566219470244,0.4666666666666667,0.6111111111111112,0.538888888888889,0.5,0.5789473684210527,0.3031608769399403,0.9000991378329267,-0.10270529486592628,0.16667553885079936,0.44776716438657677,7,11,7,8
full_npt256,raw256,57,0.7403508771929825,0.709448232079811,0.8,0.5263157894736842,0.6631578947368422,0.5714285714285714,0.7692307692307693,0.21326221581838536,0.6307730937721361,-0.28918921332564657,0.5661442183745286,0.3518138363518016,12,10,9,3
full_npt256,raw256,58,0.554421768707483,0.5400904610511303,0.42857142857142855,0.7142857142857143,0.5714285714285714,0.5,0.6521739130434783,0.3044594239563806,0.9256476094278118,-0.3564247433952388,0.14053032139849347,0.4991739631863029,6,15,6,8
full_npt256,raw256,59,0.5649122807017545,0.527512025012025,0.5333333333333333,0.5263157894736842,0.5298245614035088,0.47058823529411764,0.5882352941176471,0.2951873606337001,0.9028842956968768,-0.20562512659464455,0.10275790392772984,0.3972799661806914,8,10,9,7
full_npt256,raw256,60,0.6,0.580345574896767,0.6,0.4,0.5,0.42857142857142855,0.5714285714285714,0.28901955261438916,0.9005785626824198,-0.24900809333271898,0.15992128936008881,0.38101693748959053,9,8,12,6
full_npt256,raw256,61,0.6148148148148148,0.6524624113936394,0.5333333333333333,0.7777777777777778,0.6555555555555556,0.6666666666666666,0.6666666666666666,0.2794264386657951,0.8299309001441877,-0.04407313101697304,0.2607134057871999,0.4271041638433614,8,14,4,7
full_npt256,raw256,62,0.6862745098039216,0.6551540417213793,0.4,0.7647058823529411,0.5823529411764705,0.6,0.5909090909090909,0.2717607360302015,0.8218666291585479,0.23374917537625897,0.33956742672210544,0.4728163061807423,6,13,4,9
full_npt256,raw256,63,0.6363636363636364,0.49505300657474566,0.6428571428571429,0.5,0.5714285714285714,0.45,0.6875,0.2657756785667439,0.7623249844579943,-0.4458656518665553,0.30646005023163697,0.37561974467914566,9,11,11,5
full_npt256,raw256,64,0.5966666666666667,0.5524745780221162,0.6666666666666666,0.5,0.5833333333333333,0.5,0.6666666666666666,0.29350431207391386,0.8497093528953251,-0.3254033913734671,0.22801161505925943,0.4986470818726862,10,10,10,5
full_npt256,raw256,65,0.6140350877192983,0.6042848817848818,0.7333333333333333,0.47368421052631576,0.6035087719298246,0.5238095238095238,0.6923076923076923,0.2786822015201873,0.8249696556086437,-0.16718935951009326,0.22860333075988648,0.3806097322701328,11,9,10,4
full_npt256,raw256,66,0.7233333333333334,0.6746368855395224,0.6666666666666666,0.7,0.6833333333333333,0.625,0.7368421052631579,0.23041941637669897,0.6630820787291818,-0.08669426932751302,0.480805078453417,0.3999651595246707,10,14,6,5
full_npt256,raw256,67,0.5694444444444444,0.5243703475810331,0.5625,0.5555555555555556,0.5590277777777778,0.5294117647058824,0.5882352941176471,0.31630821100464646,0.9480252805827079,-0.04070476827884486,0.11726085969416256,0.30816434326342235,9,10,8,7
full_npt256,raw256,68,0.6357142857142857,0.5459627710733416,0.7857142857142857,0.4,0.5928571428571429,0.4782608695652174,0.7272727272727273,0.2811253917786239,0.8278062431483612,-0.46299737376145816,0.29642783233928033,0.3397863527184105,11,8,12,3
full_npt256,raw256,69,0.5071428571428571,0.4283079095494206,0.6428571428571429,0.4,0.5214285714285715,0.42857142857142855,0.6153846153846154,0.3338702981528979,1.024258587978081,-0.3594415226018661,0.030215598999440624,0.44553451880152656,9,8,12,5
full_npt256,raw256,70,0.6596491228070176,0.6248797886701112,0.7333333333333333,0.7368421052631579,0.7350877192982456,0.6875,0.7777777777777778,0.23346275230239927,0.8739350143083543,-0.06700032183318905,0.2416544571958834,0.4031696737013743,11,14,5,4
full_npt256,raw256,71,0.7000000000000001,0.6817120268945803,0.5333333333333333,0.65,0.5916666666666667,0.5333333333333333,0.65,0.21870552311209449,0.613445528755495,-0.08520735201683291,0.6592457451524059,0.44279858779902637,8,13,7,7
full_npt256,raw256,72,0.631578947368421,0.5552085806816554,0.3333333333333333,0.7368421052631579,0.5350877192982456,0.5,0.5833333333333334,0.2863280565235567,0.8914305258424167,-0.08257037853760679,0.20550878752718624,0.47879082033241366,5,14,5,10
full_npt256,raw256,73,0.6,0.5882631514503884,0.5333333333333333,0.631578947368421,0.5824561403508772,0.5333333333333333,0.631578947368421,0.27453542791196706,0.7950560326943817,-0.1770799014653976,0.23958217617689834,0.45825021766949403,8,12,7,7
full_npt256,raw256,74,0.75,0.6480941082726797,0.8571428571428571,0.55,0.7035714285714285,0.5714285714285714,0.8461538461538461,0.23927341674430067,0.7548489893343016,-0.6497935101622432,0.4757283811289358,0.4855229006447378,12,11,9,2
full_npt256,raw256,75,0.5587301587301587,0.5688929360165919,0.6,0.6190476190476191,0.6095238095238096,0.5294117647058824,0.6842105263157895,0.30164978369828366,0.914440781209432,-0.32335670300930175,0.12190078056214859,0.4970183307700103,9,13,8,6
full_npt256,raw256,76,0.5647058823529412,0.6100576122285047,0.6666666666666666,0.5294117647058824,0.5980392156862745,0.5555555555555556,0.6428571428571429,0.3102353244394727,0.9209772915887591,-0.1402944890634668,0.1466506414698705,0.5144686210685553,10,9,8,5
full_npt256,raw256,77,0.5684210526315789,0.46208861944156066,0.4,0.631578947368421,0.5157894736842106,0.46153846153846156,0.5714285714285714,0.31431566427550894,0.9270591195100656,-0.17776062506003634,0.13035975425207572,0.484902417322416,6,12,7,9
full_npt256,raw256,78,0.6928571428571428,0.588356214009724,0.6428571428571429,0.75,0.6964285714285714,0.6428571428571429,0.75,0.23804103588677789,0.8048958562052301,-0.15973087742165795,0.30596981119626415,0.5298280136922286,9,15,5,5
full_npt256,raw256,79,0.6033333333333333,0.5197628991490173,0.6,0.6,0.6,0.5294117647058824,0.6666666666666666,0.29197536794588896,0.860051392412038,-0.1966993191886787,0.1965539717567026,0.41418855235399316,9,12,8,6
full_npt256,raw256,80,0.53,0.5358870706824671,0.6,0.45,0.525,0.45,0.6,0.32774512823199564,0.9720050015691062,-0.2866590704187564,-0.012920243728456477,0.40872944280632334,9,9,11,6
full_npt256,raw256,81,0.6333333333333334,0.5706723783039572,0.8,0.55,0.675,0.5714285714285714,0.7857142857142857,0.26711350253162414,0.9002026697895257,-0.26539640920440166,0.19535031381849202,0.3961860025750932,12,11,9,3
full_npt256,raw256,82,0.4625,0.44011090665796015,0.4375,0.5,0.46875,0.4117647058823529,0.5263157894736842,0.3476079146663268,0.9911792691787391,-0.25395293524577484,-0.11032415101956523,0.4531838593866023,7,10,10,9
full_npt256,raw256,83,0.5902255639097744,0.550807610853786,0.6428571428571429,0.3684210526315789,0.5056390977443609,0.42857142857142855,0.5833333333333334,0.30158453096648935,0.8861883392944317,-0.33288408454129614,0.18388715478443168,0.4695036608962634,9,7,12,5
full_npt256,raw256,84,0.7063492063492064,0.701258457928626,0.35714285714285715,0.8888888888888888,0.623015873015873,0.7142857142857143,0.64,0.24069233924683564,0.7098617112253202,0.21285095056958261,0.4504934329762956,0.5942892712684807,5,16,2,9
full_npt256,raw256,85,0.5666666666666667,0.5082342301341043,0.4,0.75,0.575,0.5454545454545454,0.625,0.2854849630611988,0.8296014749751711,-0.17196168177221102,0.18079307888992735,0.5417432796987275,6,15,5,9
full_npt256,raw256,86,0.7019607843137254,0.6612417839809144,0.5333333333333333,0.7058823529411765,0.6196078431372549,0.6153846153846154,0.631578947368421,0.24729604026862198,0.7282708726691922,0.19195374645892263,0.42076744425295654,0.4058489929017153,8,12,5,7
full_npt256,raw256,87,0.4555555555555556,0.5177171548016932,0.4666666666666667,0.5,0.48333333333333334,0.4375,0.5294117647058824,0.3397562950843514,1.035814701062576,-0.26249476030909985,-0.1304041906978216,0.43443509974064415,7,9,9,8
full_npt256,raw256,88,0.793233082706767,0.6230754493953252,0.7857142857142857,0.6842105263157895,0.7349624060150376,0.6470588235294118,0.8125,0.18229172070920055,0.5956744735572602,-0.5501685869065578,0.6387599133426671,0.5405725218218362,11,13,6,3
full_npt256,raw256,89,0.6811594202898551,0.6214205830480339,0.8,0.43478260869565216,0.6173913043478261,0.48,0.7692307692307693,0.24971981428728504,0.732610066948538,-0.5118222811977319,0.40111675216057474,0.37357925061066993,12,10,13,3
full_npt256,raw256,90,0.593939393939394,0.4725000945047385,0.5333333333333333,0.6363636363636364,0.5848484848484848,0.5,0.6666666666666666,0.30444652286595736,0.9779780045968312,-0.3358337296622475,0.12013675790594563,0.5011017445210696,8,14,8,7
full_npt256,raw256,91,0.6705882352941177,0.657093896811538,0.6666666666666666,0.5294117647058824,0.5980392156862745,0.5555555555555556,0.6428571428571429,0.2675854475309156,0.7804524981822686,-0.40194704394103903,0.39274022621641785,0.5075736145218385,10,9,8,5
full_npt256,raw256,92,0.6631578947368421,0.5654578720213396,0.4666666666666667,0.7894736842105263,0.6280701754385964,0.6363636363636364,0.6521739130434783,0.25661572155538886,0.7361544271229881,0.04018912529905316,0.3862997773191338,0.5136911751059101,7,15,4,8
full_npt256,raw256,93,0.7293233082706767,0.6258447412367826,0.7857142857142857,0.6842105263157895,0.7349624060150376,0.6470588235294118,0.8125,0.2150142954241862,0.6503224585080265,-0.18650682956686437,0.5086112883130867,0.39424755958669333,11,13,6,3
full_npt256,raw256,94,0.63,0.5762796833705341,0.5333333333333333,0.55,0.5416666666666667,0.47058823529411764,0.6111111111111112,0.281043901614773,0.9015971915556976,-0.22606367112152548,0.20153539173645227,0.43584871658090807,8,11,9,7
full_npt256,raw256,95,0.6033333333333333,0.566423107756441,0.5333333333333333,0.65,0.5916666666666667,0.5333333333333333,0.65,0.2744368062401108,0.8397933996421226,-0.2526237075748273,0.19255405180976695,0.44638936791379125,8,13,7,7
full_npt256,raw256,96,0.6196078431372549,0.5828914486960464,0.5333333333333333,0.7647058823529411,0.6490196078431372,0.6666666666666666,0.65,0.2938068127903044,0.8866127845776018,0.040066251932849344,0.22955754239107204,0.45567455207442686,8,13,4,7
full_npt256,raw256,97,0.7228070175438598,0.6298355566002625,0.8,0.5789473684210527,0.6894736842105263,0.6,0.7857142857142857,0.22619108145956593,0.7143991534115286,-0.1712317329663977,0.3989750829782865,0.4164492964882595,12,11,8,3
full_npt256,raw256,98,0.6714285714285715,0.5763158700637274,0.6428571428571429,0.55,0.5964285714285715,0.5,0.6875,0.24577449455233513,0.6988086788292778,-0.23363651320483497,0.4007053859960544,0.4092196290145508,9,11,9,5
full_npt256,raw256,99,0.580952380952381,0.5272480998095516,0.4,0.8095238095238095,0.6047619047619048,0.6,0.6538461538461539,0.2791208160368766,0.9008407191172719,-0.14940459278015475,0.16046706140084843,0.4580569407544717,6,17,4,9
full_npt256,fpca256_10,0,0.47333333333333333,0.536000792467686,0.6,0.15,0.375,0.34615384615384615,0.3333333333333333,0.32090469081428985,0.8940237568032202,-0.28649229968899353,-0.02702570610526284,0.27684215964838726,9,3,17,6
full_npt256,fpca256_10,1,0.774074074074074,0.8121580888247555,0.8666666666666667,0.3888888888888889,0.6277777777777778,0.5416666666666666,0.7777777777777778,0.19286069204390205,0.5649269778521843,-0.08596079078723183,1.4262208059396084,0.34094192925135997,13,7,11,2
full_npt256,fpca256_10,2,0.7000000000000001,0.7159621549794072,0.8666666666666667,0.3333333333333333,0.6,0.52,0.75,0.22152457859668798,0.6302785958147705,-0.18563312614692504,0.7737205032155727,0.27856943812520585,13,6,12,2
full_npt256,fpca256_10,3,0.7074074074074074,0.6282570649961955,1.0,0.3888888888888889,0.6944444444444444,0.5769230769230769,1.0,0.2103899265701742,0.6032749040158677,-0.1271644518665091,1.0797979158828885,0.2738117501061082,15,7,11,0
full_npt256,fpca256_10,4,0.5962732919254659,0.551632914677421,0.7857142857142857,0.21739130434782608,0.5015527950310559,0.3793103448275862,0.625,0.24099499228507715,0.6755001765656765,-0.425907637015054,0.5195001525403451,0.2948760582171446,11,5,18,3
full_npt256,fpca256_10,5,0.6333333333333333,0.6511824349532632,0.8666666666666667,0.15,0.5083333333333333,0.43333333333333335,0.6,0.2442585381263612,0.6868338338878536,-0.24425172092802128,0.490098446377585,0.25734947021508425,13,3,17,2
full_npt256,fpca256_10,6,0.7333333333333334,0.7596943319523964,0.8666666666666667,0.2222222222222222,0.5444444444444445,0.48148148148148145,0.6666666666666666,0.21693286452318622,0.6275458534715121,0.03554906752274339,0.9438282293532303,0.24437202118861776,13,4,14,2
full_npt256,fpca256_10,7,0.7566666666666666,0.7181617859264917,1.0,0.35,0.675,0.5357142857142857,1.0,0.2001915257692075,0.584245009999195,-0.10073161566842069,1.5573832912666703,0.30472562075940696,15,7,13,0
full_npt256,fpca256_10,8,0.7218045112781954,0.6199886370939003,0.8571428571428571,0.42105263157894735,0.6390977443609023,0.5217391304347826,0.8,0.2203804565693053,0.6268795267449732,-0.09707640235030054,0.7647007665571666,0.32653839020390324,12,8,11,2
full_npt256,fpca256_10,9,0.5433333333333333,0.5046721062162238,0.7333333333333333,0.15,0.44166666666666665,0.39285714285714285,0.42857142857142855,0.3100366686836502,0.8717939901258288,-0.2984877787006992,0.048463171058678034,0.2917735535076611,11,3,17,4
full_npt256,fpca256_10,10,0.6444444444444444,0.5820255162997098,0.9333333333333333,0.19047619047619047,0.5619047619047619,0.45161290322580644,0.8,0.25860375760044796,0.7207416729504998,-0.472379356158158,0.48702333898053357,0.3058663041193636,14,4,17,1
full_npt256,fpca256_10,11,0.7859649122807018,0.7515147506814174,0.8666666666666667,0.5263157894736842,0.6964912280701754,0.5909090909090909,0.8333333333333334,0.19428532834652976,0.5776325910371206,-0.24196007356686455,1.0329082138674073,0.34436129371426866,13,10,9,2
full_npt256,fpca256_10,12,0.6493055555555557,0.6966655442930633,0.875,0.1111111111111111,0.4930555555555556,0.4666666666666667,0.5,0.22991704011273495,0.6507506679856446,-0.06659194335504774,0.8078798324797334,0.27944361577834215,14,2,16,2
full_npt256,fpca256_10,13,0.6571428571428571,0.5968961619259655,0.9285714285714286,0.35,0.6392857142857142,0.5,0.875,0.22500088158366147,0.635024969992571,-0.0584648261176167,0.8996979545772379,0.3002590934777453,13,7,13,1
full_npt256,fpca256_10,14,0.5939849624060151,0.5313056577394022,0.7857142857142857,0.15789473684210525,0.47180451127819545,0.4074074074074074,0.5,0.2689906231364269,0.7485718438597495,-0.3071903778066998,0.2647235317551966,0.32440965513206466,11,3,16,3
full_npt256,fpca256_10,15,0.67,0.6279721808978774,0.8666666666666667,0.2,0.5333333333333333,0.4482758620689655,0.6666666666666666,0.22662929366467624,0.6584117893843026,-0.15350443262641217,0.5621005835373841,0.2420113570320244,13,4,16,2
full_npt256,fpca256_10,16,0.5037037037037038,0.5321731186616179,0.7333333333333333,0.2222222222222222,0.47777777777777775,0.44,0.5,0.27998533491502087,0.7625610221337024,-0.13005892639249436,0.15113127035468082,0.31296230797928837,11,4,14,4
full_npt256,fpca256_10,17,0.84375,0.8104546752911691,0.9375,0.3333333333333333,0.6354166666666666,0.5555555555555556,0.8571428571428571,0.18036392211530164,0.5429663138913023,-0.5151001137051928,2.1111665412822167,0.36312796276514836,15,6,12,1
full_npt256,fpca256_10,18,0.6020408163265306,0.4835264735264735,0.9285714285714286,0.2857142857142857,0.6071428571428572,0.4642857142857143,0.8571428571428571,0.2462846331027655,0.6891115835059118,-0.3794602616361631,0.48230576153691385,0.32372931667723415,13,6,15,1
full_npt256,fpca256_10,19,0.675,0.5302895947237379,0.9285714285714286,0.35,0.6392857142857142,0.5,0.875,0.22536718064710803,0.6425801908040597,-0.3033068198844527,0.8048915252611858,0.3443041867461097,13,7,13,1
full_npt256,fpca256_10,20,0.5723684210526315,0.590057576145371,0.9375,0.21052631578947367,0.5740131578947368,0.5,0.8,0.267085582024222,0.7345746936028482,-0.2561347119531489,0.3263860989427531,0.3220141399044088,15,4,15,1
full_npt256,fpca256_10,21,0.7298245614035088,0.7681674837184582,0.8666666666666667,0.3684210526315789,0.6175438596491228,0.52,0.7777777777777778,0.21308087068108944,0.608355819332058,-0.12201368341704838,0.9692694147260514,0.33592070905994054,13,7,12,2
full_npt256,fpca256_10,22,0.6851851851851852,0.6501164862875942,0.9333333333333333,0.16666666666666666,0.55,0.4827586206896552,0.75,0.22590812772492336,0.6439382451049126,-0.007415764206302662,0.8616474676444065,0.30841220745432163,14,3,15,1
full_npt256,fpca256_10,23,0.6785714285714286,0.5877378803740961,0.7142857142857143,0.45,0.5821428571428572,0.47619047619047616,0.6923076923076923,0.24064833257232857,0.6892001161473891,-0.33388466576487,0.4718602501980354,0.33757042993444936,10,9,11,4
full_npt256,fpca256_10,24,0.6666666666666667,0.621864340759305,1.0,0.2857142857142857,0.6428571428571428,0.4827586206896552,1.0,0.22786590902513812,0.6419711654552779,-0.41635737734843525,0.953576837601473,0.3319914158942604,14,6,15,0
full_npt256,fpca256_10,25,0.6433333333333333,0.5962892151807694,0.8666666666666667,0.35,0.6083333333333334,0.5,0.7777777777777778,0.23479887869001478,0.6587395079297278,-0.06663432869892678,0.6892412813649641,0.2912266031520764,13,7,13,2
full_npt256,fpca256_10,26,0.7176470588235293,0.6771282638929698,0.7333333333333333,0.47058823529411764,0.6019607843137255,0.55,0.6666666666666666,0.2165902270890515,0.6147577784091761,0.2133264139281207,0.899651735852657,0.3337274450927001,11,8,9,4
full_npt256,fpca256_10,27,0.47321428571428575,0.43160532826537334,0.8125,0.047619047619047616,0.43005952380952384,0.3939393939393939,0.25,0.30420658566321757,0.8337542385598501,-0.25473009824629594,-0.25288292596133405,0.28271345998455294,13,1,20,3
full_npt256,fpca256_10,28,0.6892857142857143,0.593850952538573,0.9285714285714286,0.3,0.6142857142857143,0.48148148148148145,0.8571428571428571,0.21802382629494163,0.6204063697186418,-0.3745492922692592,0.833325753345487,0.2955211352985573,13,6,14,1
full_npt256,fpca256_10,29,0.7744360902255639,0.7209854967628078,1.0,0.2631578947368421,0.631578947368421,0.5,1.0,0.2090388382233545,0.6131035904398735,-0.6686742798333195,1.1256056382742172,0.3230957480226129,14,5,14,0
full_npt256,fpca256_10,30,0.5814814814814815,0.5314563751426497,0.6666666666666666,0.3333333333333333,0.5,0.45454545454545453,0.5454545454545454,0.26940682374122016,0.7446163668794747,-0.14469065021809,0.2764272192299906,0.31453556405541633,10,6,12,5
full_npt256,fpca256_10,31,0.6366666666666667,0.5277598775179421,0.8666666666666667,0.3,0.5833333333333334,0.48148148148148145,0.75,0.2471153370984911,0.6913284327923577,-0.2761246990757497,0.4806190811312467,0.32963012534866937,13,6,14,2
full_npt256,fpca256_10,32,0.7933333333333333,0.7650682319708688,0.9333333333333333,0.45,0.6916666666666667,0.56,0.9,0.1930535413268052,0.569540252851762,-0.26022224860176235,1.51690706441094,0.31576868075271497,14,9,11,1
full_npt256,fpca256_10,33,0.6095238095238095,0.5692519381489969,0.8666666666666667,0.09523809523809523,0.48095238095238096,0.40625,0.5,0.2711004622280596,0.7544226453081927,-0.4862208504496341,0.3884339009109435,0.27292982248956177,13,2,19,2
full_npt256,fpca256_10,34,0.7896825396825397,0.7943552712460276,0.9285714285714286,0.3888888888888889,0.6587301587301587,0.5416666666666666,0.875,0.18879804978193399,0.5597141467887506,0.39362442734211445,2.243310653360991,0.3375090628413089,13,7,11,1
full_npt256,fpca256_10,35,0.6031746031746031,0.5764956037387469,0.9333333333333333,0.09523809523809523,0.5142857142857142,0.42424242424242425,0.6666666666666666,0.2573663119463577,0.708385550579559,-0.45320158036534725,0.5161229919510038,0.2790490740159174,14,2,19,1
full_npt256,fpca256_10,36,0.5110294117647058,0.5338452090500025,0.8125,0.29411764705882354,0.5533088235294118,0.52,0.625,0.271724927277598,0.7402111187782752,0.0240262331126991,0.23256166750334717,0.34029622792816316,13,5,12,3
full_npt256,fpca256_10,37,0.638095238095238,0.5932830687830687,0.8666666666666667,0.23809523809523808,0.5523809523809524,0.4482758620689655,0.7142857142857143,0.27184350373317356,0.7652479062283795,-0.5023084104231562,0.39750282674972875,0.2708017781169558,13,5,16,2
full_npt256,fpca256_10,38,0.5714285714285714,0.5834538233275706,0.7142857142857143,0.2631578947368421,0.4887218045112782,0.4166666666666667,0.5555555555555556,0.2522120152090644,0.7043362943270925,-0.22545877603747763,0.3066661907092513,0.31153686338682596,10,5,14,4
full_npt256,fpca256_10,39,0.7706766917293233,0.7624488165813905,0.9285714285714286,0.42105263157894735,0.674812030075188,0.5416666666666666,0.8888888888888888,0.19191432035379127,0.56032641498211,0.14047395293090204,1.3422879179972822,0.31008836962821745,13,8,11,1
full_npt256,fpca256_10,40,0.5964912280701754,0.5537982786916432,1.0,0.10526315789473684,0.5526315789473684,0.46875,1.0,0.24509099644785248,0.6816021696503043,-0.20799398132541647,0.5337673280209523,0.22144584280635987,15,2,17,0
full_npt256,fpca256_10,41,0.5347222222222223,0.49898976968282777,0.8125,0.2777777777777778,0.5451388888888888,0.5,0.625,0.27722083252227925,0.7652001785120842,-0.11578305749546854,0.06514844029182944,0.3101795660274207,13,5,13,3
full_npt256,fpca256_10,42,0.5964912280701754,0.5913546082356113,0.8666666666666667,0.21052631578947367,0.5385964912280702,0.4642857142857143,0.6666666666666666,0.2510546587381483,0.6952918676417941,-0.15522755898129942,0.4341398664635541,0.274965032773925,13,4,15,2
full_npt256,fpca256_10,43,0.6785714285714286,0.6160855242066422,0.9285714285714286,0.3,0.6142857142857143,0.48148148148148145,0.8571428571428571,0.21784478496207743,0.621852729566591,-0.21286056148814372,1.109282749408578,0.3018935204402525,13,6,14,1
full_npt256,fpca256_10,44,0.7517006802721089,0.6794140383426097,0.9285714285714286,0.38095238095238093,0.6547619047619048,0.5,0.8888888888888888,0.21823296028178424,0.6337361888317484,-0.6424227936397442,0.7553543536715605,0.3201030357658138,13,8,13,1
full_npt256,fpca256_10,45,0.6947368421052632,0.721018976150555,0.8,0.2631578947368421,0.531578947368421,0.46153846153846156,0.625,0.22602315240622825,0.6487988511078024,-0.2475982231809799,0.7934083807717197,0.3421851273100004,12,5,14,3
full_npt256,fpca256_10,46,0.55,0.49069295614642294,1.0,0.2,0.6,0.4838709677419355,1.0,0.2668646349379384,0.7326275625076816,-0.3284136274939074,0.29342496170438653,0.299935953901285,15,4,16,0
full_npt256,fpca256_10,47,0.5929824561403509,0.5708237843713225,0.7333333333333333,0.42105263157894735,0.5771929824561404,0.5,0.6666666666666666,0.24855844001969937,0.6980591217584292,-0.1310609840672137,0.4270285944917233,0.2892840830969189,11,8,11,4
full_npt256,fpca256_10,48,0.6321428571428571,0.517737231984535,1.0,0.2,0.6,0.4666666666666667,1.0,0.2447959671358498,0.6860099901215888,-0.5458634980853754,0.7221900515082293,0.3262793669516071,14,4,16,0
full_npt256,fpca256_10,49,0.6631578947368422,0.6287756492160518,0.8666666666666667,0.3684210526315789,0.6175438596491228,0.52,0.7777777777777778,0.22884627547338787,0.6500356060492042,0.09878105737917313,0.7253453184815676,0.27151709627699183,13,7,12,2
full_npt256,fpca256_10,50,0.746031746031746,0.749055824349942,0.8666666666666667,0.2857142857142857,0.5761904761904761,0.4642857142857143,0.75,0.1990785398552124,0.5859655825788409,-0.06186626479121947,1.6558147481042154,0.3352212839124244,13,6,15,2
full_npt256,fpca256_10,51,0.631578947368421,0.6051972827377061,0.9333333333333333,0.15789473684210525,0.5456140350877193,0.4666666666666667,0.75,0.24104171447009712,0.67862808753953,-0.23975105283979767,0.5475666685892839,0.2663602713375125,14,3,16,1
full_npt256,fpca256_10,52,0.6877192982456141,0.6011203612428123,0.9333333333333333,0.3684210526315789,0.6508771929824562,0.5384615384615384,0.875,0.22588632180717,0.63341633150489,-0.13459761916118484,0.7088392810341252,0.31962661883983823,14,7,12,1
full_npt256,fpca256_10,53,0.650375939849624,0.5897011541908711,0.9285714285714286,0.2631578947368421,0.5958646616541353,0.48148148148148145,0.8333333333333334,0.23325127071266327,0.6508695886248265,-0.2578792980181395,0.6837358917831393,0.31688053515394365,13,5,14,1
full_npt256,fpca256_10,54,0.5508771929824562,0.5185723869215331,0.8,0.15789473684210525,0.4789473684210527,0.42857142857142855,0.5,0.2824323676403745,0.7875362482530759,-0.22982361433991885,0.09909091652723337,0.27030630198951544,12,3,16,3
full_npt256,fpca256_10,55,0.73,0.674841103979035,1.0,0.3,0.65,0.5172413793103449,1.0,0.20989470683900693,0.6062276843905473,-0.17726173462550412,0.9817946870104529,0.29380618838610306,15,6,14,0
full_npt256,fpca256_10,56,0.5740740740740741,0.5570760529381219,0.8666666666666667,0.16666666666666666,0.5166666666666667,0.4642857142857143,0.6,0.2714991770488168,0.7663642882655596,-0.21964550109183778,0.27645380755922727,0.28180562812653426,13,3,15,2
full_npt256,fpca256_10,57,0.775438596491228,0.7621485933772462,0.9333333333333333,0.15789473684210525,0.5456140350877193,0.4666666666666667,0.75,0.19752841544472463,0.5801256009052596,-0.112573405395191,1.2363435903137001,0.22864730619027807,14,3,16,1
full_npt256,fpca256_10,58,0.6768707482993197,0.6627242253394326,0.8571428571428571,0.3333333333333333,0.5952380952380952,0.46153846153846156,0.7777777777777778,0.22040985526503845,0.6240765531131409,-0.24372491123058007,0.8714462438271259,0.3492985235637624,12,7,14,2
full_npt256,fpca256_10,59,0.6596491228070176,0.5767736686918272,1.0,0.21052631578947367,0.6052631578947368,0.5,1.0,0.23289100959648498,0.6562380977175964,-0.31608576297934915,0.8007609326466552,0.2879221929909211,15,4,15,0
full_npt256,fpca256_10,60,0.5833333333333334,0.5637252403405154,0.7333333333333333,0.35,0.5416666666666666,0.4583333333333333,0.6363636363636364,0.2681920386723291,0.7584421310772014,-0.2712390305375547,0.22493546858429223,0.3292605140090028,11,7,13,4
full_npt256,fpca256_10,61,0.6037037037037036,0.6290787391297137,1.0,0.2222222222222222,0.6111111111111112,0.5172413793103449,1.0,0.2364274718725441,0.6572982733507685,-0.1531697168344344,0.751355525754231,0.29130472823741393,15,4,14,0
full_npt256,fpca256_10,62,0.7137254901960784,0.7434106843237278,0.6666666666666666,0.5294117647058824,0.5980392156862745,0.5555555555555556,0.6428571428571429,0.23063224280139302,0.6626265923091824,0.1909095657885321,0.592798983898485,0.3622323076497429,10,9,8,5
full_npt256,fpca256_10,63,0.737012987012987,0.6179634930197123,1.0,0.22727272727272727,0.6136363636363636,0.45161290322580644,1.0,0.21502915234737574,0.623790934427099,-0.4638468105839277,1.0473041100251763,0.33042177775146087,14,5,17,0
full_npt256,fpca256_10,64,0.7333333333333334,0.6115992525992525,1.0,0.25,0.625,0.5,1.0,0.2140831649555329,0.6149030594143073,-0.1924108022224314,0.9831578708739002,0.2908377151766094,15,5,15,0
full_npt256,fpca256_10,65,0.8,0.8070513798431418,1.0,0.3157894736842105,0.6578947368421053,0.5357142857142857,1.0,0.1874349165915051,0.5576752758123302,-0.375652078553996,3.0004070606888686,0.31535364961680495,15,6,13,0
full_npt256,fpca256_10,66,0.6133333333333333,0.5947745335085488,0.7333333333333333,0.4,0.5666666666666667,0.4782608695652174,0.6666666666666666,0.2706092476844965,0.7566039216843794,-0.2852932485772347,0.29260800606969667,0.2998301697386624,11,8,12,4
full_npt256,fpca256_10,67,0.5798611111111112,0.5599665707519845,0.8125,0.2222222222222222,0.5173611111111112,0.48148148148148145,0.5714285714285714,0.26584335710078794,0.7322449612249642,-0.08259358553451082,0.2922423360615871,0.3296488897115905,13,4,14,3
full_npt256,fpca256_10,68,0.625,0.6329354620636132,0.9285714285714286,0.2,0.5642857142857143,0.4482758620689655,0.8,0.2556183905622843,0.7036867563606225,-0.4487673484772261,0.5256232682315257,0.32180499048301076,13,4,16,1
full_npt256,fpca256_10,69,0.5142857142857142,0.4820469971871528,0.8571428571428571,0.1,0.47857142857142854,0.4,0.5,0.28439393614952957,0.7849214937830334,-0.3583490781756966,-0.019424370806154195,0.32313043514945394,12,2,18,2
full_npt256,fpca256_10,70,0.6245614035087719,0.5648641777134219,0.7333333333333333,0.2631578947368421,0.4982456140350877,0.44,0.5555555555555556,0.24739157738563117,0.7157902009482966,-0.16347833911072202,0.36838637179721523,0.2571352346012156,11,5,14,4
full_npt256,fpca256_10,71,0.7000000000000001,0.7018369776984881,0.8,0.45,0.625,0.5217391304347826,0.75,0.21696761772593876,0.6166129731677994,-0.07485786568813994,0.9161070775211129,0.3460378712535926,12,9,11,3
full_npt256,fpca256_10,72,0.7543859649122807,0.7393027601053916,0.9333333333333333,0.21052631578947367,0.5719298245614035,0.4827586206896552,0.8,0.20130512581553534,0.5856739066472806,-0.20075584260085627,1.2427579094444337,0.30915626416468145,14,4,15,1
full_npt256,fpca256_10,73,0.6526315789473685,0.5655388703368243,0.9333333333333333,0.3157894736842105,0.6245614035087719,0.5185185185185185,0.8571428571428571,0.2507634480662973,0.7045649635644359,-0.15517679173611396,0.40167176140194094,0.2589144796833083,14,6,13,1
full_npt256,fpca256_10,74,0.6,0.5679970362122314,1.0,0.1,0.55,0.4375,1.0,0.2532559336693858,0.6989804907009678,-0.6181146859030691,0.7220318643920879,0.330679775004208,14,2,18,0
full_npt256,fpca256_10,75,0.6158730158730159,0.5811793187655256,0.7333333333333333,0.38095238095238093,0.5571428571428572,0.4583333333333333,0.6666666666666666,0.2638341726283777,0.7486019102249547,-0.44375930138503145,0.3759089066139829,0.3583493813188367,11,8,13,4
full_npt256,fpca256_10,76,0.6823529411764706,0.7103724398209068,0.9333333333333333,0.11764705882352941,0.5254901960784314,0.4827586206896552,0.6666666666666666,0.22591947373426746,0.6463900700049457,-0.15047636094240321,1.0048439016357915,0.30060673999755255,14,2,15,1
full_npt256,fpca256_10,77,0.7508771929824563,0.7447329704948713,0.8666666666666667,0.15789473684210525,0.512280701754386,0.4482758620689655,0.6,0.2006709571823876,0.5822136461371229,-0.07132181829226028,1.4823909473966494,0.3148184939243984,13,3,16,2
full_npt256,fpca256_10,78,0.7035714285714285,0.5792872194799935,0.7857142857142857,0.55,0.6678571428571429,0.55,0.7857142857142857,0.2193057880756221,0.6283486172741172,-0.15014675098393324,0.675247603155657,0.3245251523125964,11,11,9,3
full_npt256,fpca256_10,79,0.6133333333333334,0.5763216358804594,0.8666666666666667,0.1,0.48333333333333334,0.41935483870967744,0.5,0.24969225809557213,0.7015084167046445,-0.24783174446939446,0.3890376595687116,0.24774416620468348,13,2,18,2
full_npt256,fpca256_10,80,0.5666666666666667,0.5303765628856907,0.8,0.25,0.525,0.4444444444444444,0.625,0.2728776245323032,0.751681446200999,-0.3027109896900814,0.17219648716863828,0.3302712882336507,12,5,15,3
full_npt256,fpca256_10,81,0.7433333333333334,0.7008494164215638,0.8666666666666667,0.2,0.5333333333333333,0.4482758620689655,0.6666666666666666,0.20223255645298652,0.5995137632301544,-0.18559587534296898,0.9878505896749346,0.2370244025252943,13,4,16,2
full_npt256,fpca256_10,82,0.6875,0.6670442778783187,0.875,0.2,0.5375,0.4666666666666667,0.6666666666666666,0.22621341790995655,0.6444123446006697,-0.3224724905135496,0.7441877148980727,0.3021028967450894,14,4,16,2
full_npt256,fpca256_10,83,0.6390977443609023,0.5663927450419542,0.8571428571428571,0.2631578947368421,0.5601503759398496,0.46153846153846156,0.7142857142857143,0.24087108576026361,0.6724418556644165,-0.3022992034363661,0.5816577480574395,0.30548952714113037,12,5,14,2
full_npt256,fpca256_10,84,0.7261904761904763,0.6848774554601622,0.6428571428571429,0.5,0.5714285714285714,0.5,0.6428571428571429,0.20053859984952557,0.5782996836552655,0.034040714645599074,1.0755367866540677,0.3668564307051735,9,9,9,5
full_npt256,fpca256_10,85,0.8,0.7642659377659378,1.0,0.45,0.725,0.5769230769230769,1.0,0.19303155935006075,0.5665047171948737,-0.3323192423223657,1.7039386103240535,0.34472116178928996,15,9,11,0
full_npt256,fpca256_10,86,0.6039215686274509,0.5771888739280043,0.9333333333333333,0.4117647058823529,0.6725490196078432,0.5833333333333334,0.875,0.25079322298297574,0.6814769787694588,0.08627685801884642,0.5273201034541284,0.2820874771323548,14,7,10,1
full_npt256,fpca256_10,87,0.5703703703703704,0.5905699318602544,0.8,0.16666666666666666,0.48333333333333334,0.4444444444444444,0.5,0.2819079091935548,0.794056175006633,-0.19339262518469946,0.08957796380531491,0.31971591343533173,12,3,15,3
full_npt256,fpca256_10,88,0.736842105263158,0.7929236417660062,0.7857142857142857,0.3157894736842105,0.5507518796992481,0.4583333333333333,0.6666666666666666,0.20350832140440098,0.5956683066525268,-0.1711030869273467,1.3304153943747479,0.3337877829376448,11,6,13,3
full_npt256,fpca256_10,89,0.6811594202898551,0.5716664475212276,1.0,0.30434782608695654,0.6521739130434783,0.4838709677419355,1.0,0.23369451074468928,0.6691087069606831,-0.4658507667229197,0.5894034110901699,0.3027537237976667,15,7,16,0
full_npt256,fpca256_10,90,0.5181818181818182,0.5055394011686918,0.9333333333333333,0.045454545454545456,0.4893939393939394,0.4,0.5,0.2732083291489535,0.7470003643354669,-0.404253730455365,0.17205982782686297,0.22898125813392298,14,1,21,1
full_npt256,fpca256_10,91,0.7450980392156863,0.7907521503837294,1.0,0.17647058823529413,0.5882352941176471,0.5172413793103449,1.0,0.21015847239722774,0.6050860201481958,-0.6920412636793745,2.1593457547413264,0.309555725836943,15,3,14,0
full_npt256,fpca256_10,92,0.6701754385964912,0.590289958548023,0.8666666666666667,0.5263157894736842,0.6964912280701754,0.5909090909090909,0.8333333333333334,0.23988616461583115,0.680648908960346,-0.06766118881629257,0.48296088329760556,0.31069268448329324,13,10,9,2
full_npt256,fpca256_10,93,0.7518796992481204,0.606941111671148,0.9285714285714286,0.5789473684210527,0.7537593984962406,0.6190476190476191,0.9166666666666666,0.20107926605146093,0.5892100786070912,-0.24258152663339388,1.0526840256610086,0.35649011979471296,13,11,8,1
full_npt256,fpca256_10,94,0.6266666666666667,0.5402319433149604,0.7333333333333333,0.5,0.6166666666666667,0.5238095238095238,0.7142857142857143,0.2548550877933976,0.7312605255382107,-0.20703981148300998,0.3165849661075943,0.33810396655501934,11,10,10,4
full_npt256,fpca256_10,95,0.54,0.49262634744395417,0.8,0.3,0.55,0.46153846153846156,0.6666666666666666,0.2853933899707586,0.7928207838552953,-0.29532508879769886,0.08465455813339871,0.3319362550401709,12,6,14,3
full_npt256,fpca256_10,96,0.6784313725490196,0.6189009548035918,0.8666666666666667,0.4117647058823529,0.6392156862745098,0.5652173913043478,0.7777777777777778,0.22694736801976506,0.6431381433980548,-0.043323107214726764,0.7514339919979236,0.32235843756284355,13,7,10,2
full_npt256,fpca256_10,97,0.7228070175438597,0.6588122689324024,0.8666666666666667,0.21052631578947367,0.5385964912280702,0.4642857142857143,0.6666666666666666,0.21943964831824675,0.6326090551382587,-0.34157286156153105,0.8748701347227831,0.30663588087105037,13,4,15,2
full_npt256,fpca256_10,98,0.7071428571428572,0.7333008188673213,0.9285714285714286,0.3,0.6142857142857143,0.48148148148148145,0.8571428571428571,0.2136956461291654,0.6071041450834281,-0.3839894254834548,1.0688864414329025,0.3283522966997992,13,6,14,1
full_npt256,fpca256_10,99,0.7111111111111111,0.6230743009999975,0.8666666666666667,0.3333333333333333,0.6,0.48148148148148145,0.7777777777777778,0.2153453063498908,0.6181092175223681,0.23035598016303718,1.1773885490002687,0.2634913398037444,13,7,14,2
full_npt256,fpca256_15,0,0.47,0.5245380837204945,0.5333333333333333,0.3,0.41666666666666663,0.36363636363636365,0.46153846153846156,0.3241683239322776,0.9014062721826378,-0.2875120478391451,-0.03485302885805856,0.34796976866528545,8,6,14,7
full_npt256,fpca256_15,1,0.7296296296296296,0.7609974249946199,0.8666666666666667,0.3333333333333333,0.6,0.52,0.75,0.20428773510633866,0.5921450210486592,-0.08994409241046264,1.0527226018471432,0.3284133622246571,13,6,12,2
full_npt256,fpca256_15,2,0.6814814814814815,0.6820081134816376,0.8666666666666667,0.2777777777777778,0.5722222222222222,0.5,0.7142857142857143,0.23453754590552392,0.6609027988507394,-0.1784326283337442,0.6019200690414577,0.19983086245642792,13,5,13,2
full_npt256,fpca256_15,3,0.6777777777777778,0.5819836726740751,1.0,0.2777777777777778,0.6388888888888888,0.5357142857142857,1.0,0.2247844494830717,0.6346187336306177,-0.11076886124783104,0.8114584871616061,0.2708982265459928,15,5,13,0
full_npt256,fpca256_15,4,0.5993788819875777,0.5608541312488681,0.9285714285714286,0.13043478260869565,0.5295031055900621,0.3939393939393939,0.75,0.24506794665369983,0.6848386538288583,-0.4382184938516122,0.4547433072987235,0.27619294355250756,13,3,20,1
full_npt256,fpca256_15,5,0.5233333333333334,0.5073560319948103,0.9333333333333333,0.15,0.5416666666666666,0.45161290322580644,0.75,0.2795781761630251,0.7660629051770562,-0.27075877744109444,0.1250190519365194,0.20005680664604897,14,3,17,1
full_npt256,fpca256_15,6,0.688888888888889,0.7309009577379142,0.8666666666666667,0.2222222222222222,0.5444444444444445,0.48148148148148145,0.6666666666666666,0.22170832353291955,0.6399187266654929,0.013868807923393543,0.8096104934898696,0.24776378532304924,13,4,14,2
full_npt256,fpca256_15,7,0.75,0.6826480950611384,1.0,0.25,0.625,0.5,1.0,0.2029106797327035,0.5901381276359586,-0.08471838526959842,1.5851399184314283,0.27658912800669916,15,5,15,0
full_npt256,fpca256_15,8,0.7180451127819548,0.6104648275700908,0.7857142857142857,0.5789473684210527,0.6823308270676691,0.5789473684210527,0.7857142857142857,0.22524808736623564,0.6405920099538194,-0.09566510523872859,0.6624460657373624,0.3381613563858206,11,11,8,3
full_npt256,fpca256_15,9,0.54,0.5005695421136598,0.7333333333333333,0.2,0.4666666666666667,0.4074074074074074,0.5,0.3096926710168256,0.8740786141895313,-0.30092710043603826,0.0583956864012333,0.29796676134717953,11,4,16,4
full_npt256,fpca256_15,10,0.634920634920635,0.5301221555835426,0.9333333333333333,0.23809523809523808,0.5857142857142857,0.4666666666666667,0.8333333333333334,0.26039419618101384,0.7299985278060411,-0.43398152045262006,0.4305677664074318,0.30237774639195764,14,5,16,1
full_npt256,fpca256_15,11,0.7719298245614035,0.7131755021982726,0.8666666666666667,0.47368421052631576,0.6701754385964912,0.5652173913043478,0.8181818181818182,0.19514286709174802,0.5814620450661435,-0.21439960802649233,0.9723518540190595,0.325764572532503,13,9,10,2
full_npt256,fpca256_15,12,0.65625,0.7020192322611678,0.8125,0.16666666666666666,0.4895833333333333,0.4642857142857143,0.5,0.22803372942200717,0.6444313604794984,-0.04408747463542323,0.8382582974871752,0.3158872672409055,13,3,15,3
full_npt256,fpca256_15,13,0.6392857142857142,0.5801282326502722,0.9285714285714286,0.25,0.5892857142857143,0.4642857142857143,0.8333333333333334,0.22727434593975296,0.6381907232142519,-0.0812547321414164,0.8097445202132866,0.2731992508226483,13,5,15,1
full_npt256,fpca256_15,14,0.5977443609022557,0.5349667433857821,0.7857142857142857,0.15789473684210525,0.47180451127819545,0.4074074074074074,0.5,0.26986119781156886,0.7459941457196388,-0.3013520147611311,0.2569966107093566,0.32589110324081905,11,3,16,3
full_npt256,fpca256_15,15,0.6966666666666667,0.6396968302765403,0.9333333333333333,0.25,0.5916666666666667,0.4827586206896552,0.8333333333333334,0.22602310775196122,0.6540988234285934,-0.17800499840175332,0.5803121765372121,0.25199922940320824,14,5,15,1
full_npt256,fpca256_15,16,0.4888888888888889,0.5308576287546876,0.8,0.16666666666666666,0.48333333333333334,0.4444444444444444,0.5,0.2840279034648189,0.7759153011029607,-0.14162760746628067,0.11481388394147085,0.2829213905161774,12,3,15,3
full_npt256,fpca256_15,17,0.7881944444444445,0.7217211994446902,0.9375,0.2777777777777778,0.6076388888888888,0.5357142857142857,0.8333333333333334,0.19973475622033718,0.5875825386636239,-0.29492319094723474,1.36026522090248,0.35368516265468386,15,5,13,1
full_npt256,fpca256_15,18,0.5986394557823129,0.4726914402124486,0.8571428571428571,0.23809523809523808,0.5476190476190476,0.42857142857142855,0.7142857142857143,0.25888350135133886,0.7224663219100574,-0.4076378224156143,0.3376822688638338,0.3107696454346074,12,5,16,2
full_npt256,fpca256_15,19,0.6857142857142857,0.5423969376609128,0.9285714285714286,0.35,0.6392857142857142,0.5,0.875,0.2207749031823833,0.6326602662804753,-0.26366803369198977,0.8246438127636211,0.33262973384732447,13,7,13,1
full_npt256,fpca256_15,20,0.549342105263158,0.5214477022020125,0.9375,0.10526315789473684,0.5213815789473684,0.46875,0.6666666666666666,0.26638275791468224,0.733510926630528,-0.24100688935501705,0.31533756368853816,0.2796856368979612,15,2,17,1
full_npt256,fpca256_15,21,0.7263157894736842,0.7542674476159049,0.8,0.3157894736842105,0.5578947368421052,0.48,0.6666666666666666,0.21401114228919665,0.6115843916310878,-0.14354531469537624,0.9265267480402845,0.3470297602274738,12,6,13,3
full_npt256,fpca256_15,22,0.6962962962962963,0.652521174149948,0.9333333333333333,0.16666666666666666,0.55,0.4827586206896552,0.75,0.22602210020031724,0.6447321289042797,-0.01827636716152869,0.845189728935477,0.3013289426045138,14,3,15,1
full_npt256,fpca256_15,23,0.6714285714285714,0.5864432642370431,0.7142857142857143,0.45,0.5821428571428572,0.47619047619047616,0.6923076923076923,0.24573950632781028,0.7051066217084365,-0.33192437476463754,0.4274535135398963,0.3472171931253844,10,9,11,4
full_npt256,fpca256_15,24,0.6054421768707483,0.5561511054465995,1.0,0.19047619047619047,0.5952380952380952,0.45161290322580644,1.0,0.24190621128146172,0.6714617661930927,-0.3793224481265777,0.636300189911941,0.29045328642021373,14,4,17,0
full_npt256,fpca256_15,25,0.6399999999999999,0.5924772194889072,0.8666666666666667,0.4,0.6333333333333333,0.52,0.8,0.23441430997987936,0.6579385835222201,-0.05779869891349355,0.6947223259815832,0.2968259649930347,13,8,12,2
full_npt256,fpca256_15,26,0.6666666666666666,0.6039019555797048,0.9333333333333333,0.29411764705882354,0.6137254901960785,0.5384615384615384,0.8333333333333334,0.22938119422563907,0.6430735230976323,0.1929404054567169,0.730878642166808,0.22947884794288376,14,5,12,1
full_npt256,fpca256_15,27,0.4642857142857143,0.4236592015314442,0.75,0.14285714285714285,0.4464285714285714,0.4,0.42857142857142855,0.31394998613164016,0.8701723604508552,-0.26229291236986285,-0.2794320308161764,0.3291683498493296,12,3,18,4
full_npt256,fpca256_15,28,0.6892857142857143,0.6021636432350718,0.9285714285714286,0.3,0.6142857142857143,0.48148148148148145,0.8571428571428571,0.2188634871661844,0.620985829847511,-0.41067601441242974,0.8322884747355664,0.32024824193653834,13,6,14,1
full_npt256,fpca256_15,29,0.7744360902255638,0.7138418195561052,1.0,0.2631578947368421,0.631578947368421,0.5,1.0,0.21307262118308956,0.6222220416418995,-0.6680529651085928,1.0809061700710454,0.3185693975170596,14,5,14,0
full_npt256,fpca256_15,30,0.5629629629629629,0.5064179629761839,0.6666666666666666,0.3333333333333333,0.5,0.45454545454545453,0.5454545454545454,0.29405509047067857,0.8153312883136343,-0.14764908200051066,0.15527427348622455,0.290245625023855,10,6,12,5
full_npt256,fpca256_15,31,0.6633333333333333,0.5515918305890255,0.8666666666666667,0.2,0.5333333333333333,0.4482758620689655,0.6666666666666666,0.2427658863292948,0.6836360911221037,-0.2863205639572591,0.5208403718128932,0.299209265405319,13,4,16,2
full_npt256,fpca256_15,32,0.7533333333333334,0.6909669636436361,1.0,0.4,0.7,0.5555555555555556,1.0,0.19929398184925748,0.5810398794099081,-0.22159917684421235,1.2962472310105493,0.29549582686798365,15,8,12,0
full_npt256,fpca256_15,33,0.5650793650793651,0.5338715777686366,1.0,0.09523809523809523,0.5476190476190477,0.4411764705882353,1.0,0.2840971977411919,0.7828523052399189,-0.4230762162825056,0.23945517186840512,0.24134187558231845,15,2,19,0
full_npt256,fpca256_15,34,0.7619047619047619,0.780603902653592,0.8571428571428571,0.3888888888888889,0.623015873015873,0.5217391304347826,0.7777777777777778,0.1894017658286553,0.5606051011611817,0.44025213341936426,2.2202935581300896,0.3418948261177664,12,7,11,2
full_npt256,fpca256_15,35,0.6190476190476191,0.5840818150622072,0.9333333333333333,0.19047619047619047,0.5619047619047619,0.45161290322580644,0.8,0.25497583525771733,0.7047050193128483,-0.4629568921180088,0.5339749814138879,0.29595522035536304,14,4,17,1
full_npt256,fpca256_15,36,0.5294117647058824,0.5607098756836909,0.875,0.23529411764705882,0.5551470588235294,0.5185185185185185,0.6666666666666666,0.2735041776057804,0.7467515137282029,0.018343790367616637,0.2161093819480827,0.2993670790303824,14,4,13,2
full_npt256,fpca256_15,37,0.6285714285714287,0.5853684500986703,0.8,0.2857142857142857,0.5428571428571429,0.4444444444444444,0.6666666666666666,0.2713332084730792,0.7649976523267557,-0.4835469875535589,0.38335367884135996,0.2550725098353346,12,6,15,3
full_npt256,fpca256_15,38,0.5451127819548872,0.5459701760224948,0.7142857142857143,0.2631578947368421,0.4887218045112782,0.4166666666666667,0.5555555555555556,0.2597669272508995,0.7223009671072489,-0.2500301257928214,0.1884698879994001,0.30888295406327104,10,5,14,4
full_npt256,fpca256_15,39,0.7518796992481203,0.7549722414218213,0.9285714285714286,0.42105263157894735,0.674812030075188,0.5416666666666666,0.8888888888888888,0.19377179209574388,0.5629337856311379,0.12892088043914096,1.2116382246923254,0.287699758217839,13,8,11,1
full_npt256,fpca256_15,40,0.5929824561403509,0.5600876405052697,1.0,0.10526315789473684,0.5526315789473684,0.46875,1.0,0.24992883006352376,0.6923317217702664,-0.2099598033572103,0.4628924355638937,0.23746444210034004,15,2,17,0
full_npt256,fpca256_15,41,0.4965277777777778,0.4727685007416045,0.8125,0.2222222222222222,0.5173611111111112,0.48148148148148145,0.5714285714285714,0.28651318523741054,0.7916125737316007,-0.11732349664445946,0.011079575479210726,0.27294886910997357,13,4,14,3
full_npt256,fpca256_15,42,0.5894736842105264,0.5904448266591631,0.8666666666666667,0.21052631578947367,0.5385964912280702,0.4642857142857143,0.6666666666666666,0.24926994264519037,0.6903419869247881,-0.16343651161650613,0.45545734568712953,0.27389266401300133,13,4,15,2
full_npt256,fpca256_15,43,0.6714285714285714,0.6171204640213857,0.9285714285714286,0.3,0.6142857142857143,0.48148148148148145,0.8571428571428571,0.21979479544212463,0.625523447452059,-0.19603407884575394,1.0569733662735767,0.30886005562080204,13,6,14,1
full_npt256,fpca256_15,44,0.7414965986394558,0.6784167988671095,0.7857142857142857,0.38095238095238093,0.5833333333333333,0.4583333333333333,0.7272727272727273,0.21785580295539328,0.6340491910582763,-0.6356912143028575,0.7494631676748152,0.35854376355703305,11,8,13,3
full_npt256,fpca256_15,45,0.6666666666666667,0.7033828485542453,0.8,0.21052631578947367,0.5052631578947369,0.4444444444444444,0.5714285714285714,0.23040157020359342,0.6599244828038192,-0.26594503847581996,0.7246266939126674,0.3291282098803823,12,4,15,3
full_npt256,fpca256_15,46,0.5533333333333333,0.5000724893424867,1.0,0.1,0.55,0.45454545454545453,1.0,0.26460069504020384,0.7280021585525184,-0.3321469811243607,0.3227190043599596,0.2565404585045566,15,2,18,0
full_npt256,fpca256_15,47,0.5964912280701755,0.5720605533277456,0.7333333333333333,0.42105263157894735,0.5771929824561404,0.5,0.6666666666666666,0.25161093763241055,0.7063824668014405,-0.1311379544166105,0.4023935120658323,0.2756894279354551,11,8,11,4
full_npt256,fpca256_15,48,0.6321428571428571,0.51052669099801,1.0,0.1,0.55,0.4375,1.0,0.2483185063422311,0.6969380523128775,-0.5414960559155537,0.6605616429403605,0.27865474077279495,14,2,18,0
full_npt256,fpca256_15,49,0.6456140350877193,0.6088053697889245,0.8666666666666667,0.42105263157894735,0.643859649122807,0.5416666666666666,0.8,0.24241071447864512,0.6795787972870324,0.054613462739512175,0.5305688464396098,0.28461116451914337,13,8,11,2
full_npt256,fpca256_15,50,0.7047619047619048,0.7140467027363555,0.8,0.3333333333333333,0.5666666666666667,0.46153846153846156,0.7,0.20802585027038656,0.6062392277347654,-0.09286932629838843,1.2617803187890289,0.3547158319747006,12,7,14,3
full_npt256,fpca256_15,51,0.6280701754385964,0.5611481968121899,0.8666666666666667,0.21052631578947367,0.5385964912280702,0.4642857142857143,0.6666666666666666,0.24937651013895015,0.7021922730735167,-0.23654747862786674,0.43660501264672913,0.3070095572249057,13,4,15,2
full_npt256,fpca256_15,52,0.6421052631578947,0.562346112107613,0.8666666666666667,0.3157894736842105,0.5912280701754387,0.5,0.75,0.2383429660740795,0.6617714731334626,-0.15279018233348912,0.5670934765736803,0.29770334011621435,13,6,13,2
full_npt256,fpca256_15,53,0.6165413533834586,0.5480383948451175,0.9285714285714286,0.3157894736842105,0.6221804511278195,0.5,0.8571428571428571,0.24150418893261003,0.6699703656559568,-0.23443679386327235,0.5451287251422423,0.29921364580253956,13,6,13,1
full_npt256,fpca256_15,54,0.5368421052631579,0.4882661191152652,0.7333333333333333,0.21052631578947367,0.4719298245614035,0.4230769230769231,0.5,0.28886593587569115,0.810710388350521,-0.22802467360754325,0.05882583585733593,0.2831323588483645,11,4,15,4
full_npt256,fpca256_15,55,0.7533333333333334,0.701040293040293,1.0,0.15,0.575,0.46875,1.0,0.2061690060858694,0.598491428546272,-0.18608271642626156,1.012179598824164,0.2629702526882503,15,3,17,0
full_npt256,fpca256_15,56,0.5518518518518518,0.5125248156449491,0.7333333333333333,0.16666666666666666,0.44999999999999996,0.4230769230769231,0.42857142857142855,0.29092856205969636,0.8238075721266038,-0.207205853418352,0.17773440763989728,0.29143548756274534,11,3,15,4
full_npt256,fpca256_15,57,0.7543859649122807,0.7091264040969923,0.9333333333333333,0.21052631578947367,0.5719298245614035,0.4827586206896552,0.8,0.20887922001281856,0.6077573833770398,-0.12870848154404768,0.9361190129118347,0.2404058025244039,14,4,15,1
full_npt256,fpca256_15,58,0.6768707482993197,0.6608176508856517,0.7857142857142857,0.3333333333333333,0.5595238095238095,0.44,0.7,0.22457499345368967,0.6344483442631972,-0.2787455876695424,0.7736402031248879,0.3357047846984354,11,7,14,3
full_npt256,fpca256_15,59,0.656140350877193,0.5804527865088761,1.0,0.15789473684210525,0.5789473684210527,0.4838709677419355,1.0,0.23242214290869184,0.6550122305237106,-0.30494137737247734,0.8149964964857147,0.2661074414635201,15,3,16,0
full_npt256,fpca256_15,60,0.5733333333333334,0.5311528780622709,0.6666666666666666,0.35,0.5083333333333333,0.43478260869565216,0.5833333333333334,0.2780591270064235,0.789275642121637,-0.2759648510261567,0.1620883516780891,0.3416134015975397,10,7,13,5
full_npt256,fpca256_15,61,0.5666666666666667,0.6042215038148124,1.0,0.2222222222222222,0.6111111111111112,0.5172413793103449,1.0,0.24294143789417227,0.669735515983913,-0.1547121077167561,0.642413389124731,0.30706993566426716,15,4,14,0
full_npt256,fpca256_15,62,0.6941176470588235,0.7167831558419793,0.7333333333333333,0.47058823529411764,0.6019607843137255,0.55,0.6666666666666666,0.2364332261648106,0.6822575678038983,0.16731273522471873,0.5208632318069065,0.3250441835280285,11,8,9,4
full_npt256,fpca256_15,63,0.7467532467532467,0.6201720046294844,1.0,0.22727272727272727,0.6136363636363636,0.45161290322580644,1.0,0.21632385892940867,0.6272811811723398,-0.4591044624125371,0.9792151283780661,0.31913756530892634,14,5,17,0
full_npt256,fpca256_15,64,0.7233333333333334,0.6050757562663188,0.8666666666666667,0.45,0.6583333333333333,0.5416666666666666,0.8181818181818182,0.21714579007966686,0.6228181075612181,-0.1890553802872221,0.893623113373862,0.34036530274845045,13,9,11,2
full_npt256,fpca256_15,65,0.7964912280701755,0.7998752709279024,1.0,0.3157894736842105,0.6578947368421053,0.5357142857142857,1.0,0.19005275259833937,0.5630453119304067,-0.35636090169667245,2.688012264674249,0.3098108334669409,15,6,13,0
full_npt256,fpca256_15,66,0.6000000000000001,0.5898286460626614,0.6666666666666666,0.45,0.5583333333333333,0.47619047619047616,0.6428571428571429,0.2727486224562278,0.7659550571238573,-0.28083624717042577,0.28361775206227563,0.31169338726117685,10,9,11,5
full_npt256,fpca256_15,67,0.5763888888888888,0.5651401818630957,0.75,0.3888888888888889,0.5694444444444444,0.5217391304347826,0.6363636363636364,0.26761378814851156,0.7365682085350118,-0.08642797004448129,0.2851573099339084,0.3421291109278769,12,7,11,4
full_npt256,fpca256_15,68,0.625,0.641826667029602,0.9285714285714286,0.2,0.5642857142857143,0.4482758620689655,0.8,0.2528015246135669,0.695362435502606,-0.4620082647632012,0.5738522906472245,0.32716238986147445,13,4,16,1
full_npt256,fpca256_15,69,0.4928571428571428,0.5150837777639791,0.8571428571428571,0.1,0.47857142857142854,0.4,0.5,0.29919451832311295,0.8180116208201172,-0.36212256294514933,-0.09990931010028903,0.30499195805393653,12,2,18,2
full_npt256,fpca256_15,70,0.6210526315789474,0.568969424524453,0.7333333333333333,0.3157894736842105,0.5245614035087719,0.4583333333333333,0.6,0.25328342733183834,0.7390648513190525,-0.16715932294090038,0.30065827671866774,0.2832923388693753,11,6,13,4
full_npt256,fpca256_15,71,0.6566666666666666,0.6684091081712977,0.8,0.3,0.55,0.46153846153846156,0.6666666666666666,0.2256325806604233,0.637383684867523,-0.1226838042938708,0.733042914872327,0.2857524267049412,12,6,14,3
full_npt256,fpca256_15,72,0.7578947368421053,0.7471273904338582,0.9333333333333333,0.3157894736842105,0.6245614035087719,0.5185185185185185,0.8571428571428571,0.19773593878185491,0.5772841294837017,-0.15631775700156353,1.3499481884368745,0.32238098999117504,14,6,13,1
full_npt256,fpca256_15,73,0.6280701754385966,0.515766714889166,0.9333333333333333,0.2631578947368421,0.5982456140350877,0.5,0.8333333333333334,0.2602467279895604,0.7325887511252482,-0.18544351116778426,0.32059393054153934,0.24649684188298154,14,5,14,1
full_npt256,fpca256_15,74,0.6392857142857142,0.6102345292955892,1.0,0.1,0.55,0.4375,1.0,0.25132659655769607,0.6949587681311855,-0.6336535549718111,0.73575874314216,0.33196161011405506,14,2,18,0
full_npt256,fpca256_15,75,0.5746031746031746,0.5228636999201515,0.6666666666666666,0.2857142857142857,0.47619047619047616,0.4,0.5454545454545454,0.27487014837054324,0.7810142623420027,-0.38273330125195604,0.2412313429109773,0.3089007762386834,10,6,15,5
full_npt256,fpca256_15,76,0.6352941176470588,0.6889061224463588,0.9333333333333333,0.11764705882352941,0.5254901960784314,0.4827586206896552,0.6666666666666666,0.23512609765289064,0.6687860707978514,-0.10366749890983173,0.6877546671405502,0.26998030576551313,14,2,15,1
full_npt256,fpca256_15,77,0.7543859649122807,0.7689145561726207,0.8666666666666667,0.15789473684210525,0.512280701754386,0.4482758620689655,0.6,0.2041346162613195,0.5893511704001135,-0.05748832404894767,1.4135677398413982,0.30006060420253866,13,3,16,2
full_npt256,fpca256_15,78,0.7035714285714285,0.5805845332773073,0.7857142857142857,0.55,0.6678571428571429,0.55,0.7857142857142857,0.22230705728927583,0.6367149626314041,-0.1763253108715676,0.6308765681899918,0.3337725461277636,11,11,9,3
full_npt256,fpca256_15,79,0.5733333333333334,0.5470912747383335,0.8666666666666667,0.2,0.5333333333333333,0.4482758620689655,0.6666666666666666,0.2630585640551608,0.731488194628124,-0.26192509012120624,0.22380345333142995,0.251271976098267,13,4,16,2
full_npt256,fpca256_15,80,0.5833333333333333,0.5433048655198756,0.8,0.25,0.525,0.4444444444444444,0.625,0.27079805807340196,0.7459264709118375,-0.31594333213855774,0.2362640064604668,0.3077786538328856,12,5,15,3
full_npt256,fpca256_15,81,0.7366666666666668,0.6996909742242222,0.8666666666666667,0.2,0.5333333333333333,0.4482758620689655,0.6666666666666666,0.20656979968319883,0.612922762449141,-0.18497495062552546,0.8557430380032683,0.2294307481705221,13,4,16,2
full_npt256,fpca256_15,82,0.65625,0.6464200637643788,0.9375,0.25,0.59375,0.5,0.8333333333333334,0.23992369434790917,0.679149617743737,-0.2955286921488685,0.573056251147618,0.28827058985949383,15,5,15,1
full_npt256,fpca256_15,83,0.631578947368421,0.583374037558961,0.8571428571428571,0.3157894736842105,0.5864661654135338,0.48,0.75,0.25053140455222905,0.6975448149432288,-0.2921334419746847,0.45299643598316214,0.3330830048932997,12,6,13,2
full_npt256,fpca256_15,84,0.7023809523809524,0.6879093838492334,0.6428571428571429,0.5,0.5714285714285714,0.5,0.6428571428571429,0.20879912803439954,0.5959003790989446,0.024308128767863448,0.9567814234252149,0.38521991086142243,9,9,9,5
full_npt256,fpca256_15,85,0.78,0.7508522176217276,1.0,0.25,0.625,0.5,1.0,0.19636933767563086,0.5738518016428363,-0.2876382788973593,1.69810195009424,0.29550127176614516,15,5,15,0
full_npt256,fpca256_15,86,0.603921568627451,0.5769274360195076,0.9333333333333333,0.4117647058823529,0.6725490196078432,0.5833333333333334,0.875,0.251304725208253,0.6834614228061868,0.08985538743463936,0.517119987620329,0.2789041748984086,14,7,10,1
full_npt256,fpca256_15,87,0.5481481481481482,0.5505700034472825,0.8,0.2222222222222222,0.5111111111111111,0.46153846153846156,0.5714285714285714,0.28532147998749535,0.8028986494842868,-0.18955039552527891,0.08045710956520682,0.3237514970702725,12,4,14,3
full_npt256,fpca256_15,88,0.7443609022556391,0.7825283670780565,0.8571428571428571,0.21052631578947367,0.5338345864661653,0.4444444444444444,0.6666666666666666,0.20145167741378217,0.5919377748787918,-0.176627295627032,1.3150831100796239,0.309571125145957,12,4,15,2
full_npt256,fpca256_15,89,0.6898550724637681,0.581472226449945,1.0,0.30434782608695654,0.6521739130434783,0.4838709677419355,1.0,0.23114069429547135,0.6623727415267403,-0.4640460381951823,0.6126586094263611,0.29286594092000173,15,7,16,0
full_npt256,fpca256_15,90,0.5242424242424242,0.5288519816423042,0.9333333333333333,0.045454545454545456,0.4893939393939394,0.4,0.5,0.27341372803917985,0.7467517446869691,-0.3949770909416786,0.1598827254382017,0.21743314899532393,14,1,21,1
full_npt256,fpca256_15,91,0.7764705882352941,0.8191144628791688,1.0,0.058823529411764705,0.5294117647058824,0.4838709677419355,1.0,0.2085607226027313,0.6016415722873056,-0.7278478954601049,2.1986884595143934,0.29571399517545266,15,1,16,0
full_npt256,fpca256_15,92,0.6701754385964913,0.5933310840891486,0.8666666666666667,0.5263157894736842,0.6964912280701754,0.5909090909090909,0.8333333333333334,0.23935235785048956,0.6796865766834141,-0.054332518446993376,0.48695902803841756,0.3135434562813987,13,10,9,2
full_npt256,fpca256_15,93,0.7368421052631579,0.595900909637157,0.9285714285714286,0.47368421052631576,0.7011278195488722,0.5652173913043478,0.9,0.2038309611210818,0.595065071435837,-0.25921437093754135,0.9880049133023605,0.3290026342402936,13,9,10,1
full_npt256,fpca256_15,94,0.5866666666666667,0.5025490196078432,0.7333333333333333,0.35,0.5416666666666666,0.4583333333333333,0.6363636363636364,0.2667518813618221,0.7616599667842224,-0.23662933538027237,0.22410065075080665,0.283547899109747,11,7,13,4
full_npt256,fpca256_15,95,0.5466666666666666,0.4927051540862282,0.8,0.3,0.55,0.46153846153846156,0.6666666666666666,0.28509934823194255,0.7924984084667925,-0.2950911886404941,0.08414804521883232,0.3403430964374329,12,6,14,3
full_npt256,fpca256_15,96,0.6431372549019608,0.5973552510520055,0.8666666666666667,0.35294117647058826,0.6098039215686275,0.5416666666666666,0.75,0.2387337173899684,0.6722582366573774,-0.04031971008559602,0.5723419755213844,0.2927578459632521,13,6,11,2
full_npt256,fpca256_15,97,0.7017543859649122,0.639609477124183,0.8666666666666667,0.15789473684210525,0.512280701754386,0.4482758620689655,0.6,0.22482235120402017,0.6449625481972706,-0.3062541917117127,0.76134188852322,0.2991852815935487,13,3,16,2
full_npt256,fpca256_15,98,0.6892857142857143,0.6862663779744524,0.9285714285714286,0.3,0.6142857142857143,0.48148148148148145,0.8571428571428571,0.21725837107804655,0.6150970442940452,-0.32718260360395574,0.9789222764963474,0.30632553085431546,13,6,14,1
full_npt256,fpca256_15,99,0.7015873015873016,0.6316389627951494,0.8666666666666667,0.42857142857142855,0.6476190476190476,0.52,0.8181818181818182,0.21366619793448963,0.6148603082725745,0.26147489278581076,1.1860496898369022,0.2788430330096519,13,9,12,2
full_npt256,fpca256_20,0,0.44000000000000006,0.5101363451018566,0.6,0.15,0.375,0.34615384615384615,0.3333333333333333,0.33579998743597733,0.9358285364857863,-0.2848739220426621,-0.1020797820530495,0.28013682361053527,9,3,17,6
full_npt256,fpca256_20,1,0.7851851851851851,0.7950257367904425,0.9333333333333333,0.2222222222222222,0.5777777777777777,0.5,0.8,0.18955409885313923,0.5562204840743964,-0.0870799232947345,1.3147920675929106,0.26894543466504073,14,4,14,1
full_npt256,fpca256_20,2,0.7148148148148149,0.7173186158021705,0.9333333333333333,0.2777777777777778,0.6055555555555556,0.5185185185185185,0.8333333333333334,0.22693080699799684,0.6441976361277021,-0.22030530919839933,0.6933298485254729,0.23736457921948742,14,5,13,1
full_npt256,fpca256_20,3,0.6703703703703704,0.6139600880715432,0.9333333333333333,0.16666666666666666,0.55,0.4827586206896552,0.75,0.22603210008701738,0.6384777834029729,-0.08839039879111009,0.7652058500085078,0.2193470220854873,14,3,15,1
full_npt256,fpca256_20,4,0.6180124223602484,0.5873670330603104,0.7857142857142857,0.13043478260869565,0.4580745341614907,0.3548387096774194,0.5,0.24111018489077057,0.6756908238827811,-0.451700258997198,0.550515310395207,0.29200296256808705,11,3,20,3
full_npt256,fpca256_20,5,0.5333333333333334,0.5048561407599411,0.8666666666666667,0.2,0.5333333333333333,0.4482758620689655,0.6666666666666666,0.28553250320252294,0.7765511557236066,-0.26205347386046673,0.14833764531106508,0.23585126152233937,13,4,16,2
full_npt256,fpca256_20,6,0.6962962962962963,0.7062428705597587,0.8666666666666667,0.2777777777777778,0.5722222222222222,0.5,0.7142857142857143,0.2239627505802244,0.6440149492606202,0.01099672742079856,0.7357310958218327,0.23617043605619428,13,5,13,2
full_npt256,fpca256_20,7,0.7766666666666666,0.7363757981149285,1.0,0.3,0.65,0.5172413793103449,1.0,0.19730215113253863,0.5775044756540988,-0.06884424071601794,1.6706288488363912,0.28774635894910316,15,6,14,0
full_npt256,fpca256_20,8,0.7142857142857142,0.5981803705325872,0.8571428571428571,0.5263157894736842,0.6917293233082706,0.5714285714285714,0.8333333333333334,0.21238722232602106,0.6080419315859643,-0.07912963063542171,0.9107807432387673,0.3521776485402505,12,10,9,2
full_npt256,fpca256_20,9,0.5433333333333333,0.5011013176857579,0.7333333333333333,0.15,0.44166666666666665,0.39285714285714285,0.42857142857142855,0.3079926638078989,0.8693061274251949,-0.30776596058645445,0.08379722583767314,0.2732569861814401,11,3,17,4
full_npt256,fpca256_20,10,0.6253968253968254,0.524389306599833,0.8666666666666667,0.2857142857142857,0.5761904761904761,0.4642857142857143,0.75,0.27320515594486616,0.7682441135840686,-0.4104833328401235,0.34096339560912514,0.31213905893790334,13,6,15,2
full_npt256,fpca256_20,11,0.7789473684210526,0.7147137683931748,0.8666666666666667,0.47368421052631576,0.6701754385964912,0.5652173913043478,0.8181818181818182,0.1957353614913357,0.5829139067114761,-0.21000764990616355,0.9436525809080024,0.32697215327471324,13,9,10,2
full_npt256,fpca256_20,12,0.638888888888889,0.6772422764667437,0.8125,0.2222222222222222,0.5173611111111112,0.48148148148148145,0.5714285714285714,0.22656139693024077,0.6397543952589465,-0.035521138703476465,0.8891478520666842,0.35342502868068176,13,4,14,3
full_npt256,fpca256_20,13,0.625,0.600888573124598,0.7142857142857143,0.4,0.5571428571428572,0.45454545454545453,0.6666666666666666,0.23570029291520042,0.6553976632653611,-0.11018852919842176,0.604876029818867,0.282523807099912,10,8,12,4
full_npt256,fpca256_20,14,0.5902255639097744,0.5247133830016599,0.7857142857142857,0.15789473684210525,0.47180451127819545,0.4074074074074074,0.5,0.27545474405431963,0.765398914542511,-0.2984636127096667,0.18491197138268162,0.3186723184077454,11,3,16,3
full_npt256,fpca256_20,15,0.69,0.6163148179857104,0.8666666666666667,0.4,0.6333333333333333,0.52,0.8,0.22420919306085474,0.6451244030365693,-0.1654908575168268,0.6238945169218183,0.28400506169762296,13,8,12,2
full_npt256,fpca256_20,16,0.4888888888888888,0.5449177523228756,0.8,0.16666666666666666,0.48333333333333334,0.4444444444444444,0.5,0.28831631648627065,0.7883931269482323,-0.14735402139753953,0.09572534714825492,0.2738400940911536,12,3,15,3
full_npt256,fpca256_20,17,0.78125,0.751343172758614,0.9375,0.2222222222222222,0.5798611111111112,0.5172413793103449,0.8,0.20204812165943623,0.5972476741926608,-0.19386740809136668,1.0774704026542037,0.30201132494307104,15,4,14,1
full_npt256,fpca256_20,18,0.5748299319727891,0.4596528914596141,0.9285714285714286,0.19047619047619047,0.5595238095238095,0.43333333333333335,0.8,0.26114513599705746,0.7270350539155634,-0.3952650177837775,0.3017712883992049,0.28296081788364547,13,4,17,1
full_npt256,fpca256_20,19,0.6571428571428571,0.5044750950108092,0.9285714285714286,0.4,0.6642857142857144,0.52,0.8888888888888888,0.23831563835957575,0.6722785667591045,-0.28215534750823545,0.5316732790796282,0.3090710873028472,13,8,12,1
full_npt256,fpca256_20,20,0.5230263157894737,0.5011588593438439,0.9375,0.15789473684210525,0.5476973684210527,0.4838709677419355,0.75,0.28241840744443764,0.7754928401276735,-0.20893834964972374,0.14148080761165702,0.2688391225109401,15,3,16,1
full_npt256,fpca256_20,21,0.7333333333333334,0.7651375983343529,0.8666666666666667,0.3157894736842105,0.5912280701754387,0.5,0.75,0.2094395636703255,0.600656978124602,-0.1500222118763908,0.9329446165805952,0.32060327091585306,13,6,13,2
full_npt256,fpca256_20,22,0.6407407407407407,0.6015231267020837,0.9333333333333333,0.16666666666666666,0.55,0.4827586206896552,0.75,0.23693619136982724,0.6650791355617391,-0.025602236668959215,0.6616754827800706,0.2715482243114101,14,3,15,1
full_npt256,fpca256_20,23,0.6678571428571428,0.6371552006240507,0.7142857142857143,0.45,0.5821428571428572,0.47619047619047616,0.6923076923076923,0.2463415316920577,0.6968998279292623,-0.3216739054536979,0.44662844868469675,0.3532958923059963,10,9,11,4
full_npt256,fpca256_20,24,0.6020408163265306,0.49967667781533953,1.0,0.19047619047619047,0.5952380952380952,0.45161290322580644,1.0,0.24091635177914428,0.6701823629219497,-0.36666720413481696,0.6151268595230428,0.2633105363024457,14,4,17,0
full_npt256,fpca256_20,25,0.6333333333333333,0.5721955007206131,0.8,0.4,0.6000000000000001,0.5,0.7272727272727273,0.2393271071156361,0.670587422780501,-0.05151104792870154,0.5866611598819286,0.2885557533602159,12,8,12,3
full_npt256,fpca256_20,26,0.7137254901960784,0.6634163072336448,0.9333333333333333,0.29411764705882354,0.6137254901960785,0.5384615384615384,0.8333333333333334,0.21852528362476425,0.6190105390238391,0.23775215597443405,0.8688221061023963,0.24289367366754197,14,5,12,1
full_npt256,fpca256_20,27,0.4583333333333334,0.44103976187758515,0.75,0.19047619047619047,0.47023809523809523,0.41379310344827586,0.5,0.31770777682062584,0.8817935410435586,-0.2714538600823606,-0.28718210306039604,0.32133101109285245,12,4,17,4
full_npt256,fpca256_20,28,0.6964285714285714,0.6190021790953468,1.0,0.3,0.65,0.5,1.0,0.22565586399998575,0.6426545459132348,-0.4101982428029946,0.6893042068667565,0.2834102830207596,14,6,14,0
full_npt256,fpca256_20,29,0.7932330827067668,0.7278928360695278,1.0,0.3684210526315789,0.6842105263157895,0.5384615384615384,1.0,0.20040430695017528,0.5960877219516987,-0.749348411239094,1.1864479388268736,0.36609528922462203,14,7,12,0
full_npt256,fpca256_20,30,0.5555555555555556,0.4976533374042871,0.6666666666666666,0.3333333333333333,0.5,0.45454545454545453,0.5454545454545454,0.28669608453079615,0.7980622295960345,-0.14487942724405464,0.1786689934206811,0.30185268915154034,10,6,12,5
full_npt256,fpca256_20,31,0.6466666666666667,0.5594225184197134,0.8666666666666667,0.2,0.5333333333333333,0.4482758620689655,0.6666666666666666,0.24351383364931592,0.6793375310731025,-0.2365927636122242,0.5169974650602043,0.2978901042102738,13,4,16,2
full_npt256,fpca256_20,32,0.7666666666666667,0.6662339924723825,1.0,0.45,0.725,0.5769230769230769,1.0,0.19743790978858403,0.5770187020975397,-0.22663610302057396,1.1905601737476215,0.33054765609815234,15,9,11,0
full_npt256,fpca256_20,33,0.5555555555555556,0.525101140412236,0.8666666666666667,0.047619047619047616,0.4571428571428572,0.3939393939393939,0.3333333333333333,0.29015369367589516,0.8051529334680526,-0.3706357565321445,0.10311449106818771,0.28519265257769244,13,1,20,2
full_npt256,fpca256_20,34,0.746031746031746,0.7814347961406785,0.7142857142857143,0.4444444444444444,0.5793650793650793,0.5,0.6666666666666666,0.19468037704473867,0.5718649953350401,0.4422690494695422,1.8904798690588525,0.3735313303915953,10,8,10,4
full_npt256,fpca256_20,35,0.5904761904761905,0.5261881334312766,0.9333333333333333,0.19047619047619047,0.5619047619047619,0.45161290322580644,0.8,0.27600162764565295,0.7614912765920565,-0.3968780616176151,0.3118759673282055,0.2673863737855379,14,4,17,1
full_npt256,fpca256_20,36,0.5477941176470589,0.5674068930692895,0.8125,0.35294117647058826,0.5827205882352942,0.5416666666666666,0.6666666666666666,0.27071350858777526,0.7418702439546714,0.029677129306844997,0.24345438849361403,0.3400901870024685,13,6,11,3
full_npt256,fpca256_20,37,0.634920634920635,0.5853022411859308,0.8,0.23809523809523808,0.5190476190476191,0.42857142857142855,0.625,0.284607961621226,0.7972634097376162,-0.45124290973792314,0.309818631939162,0.2941951907782579,12,5,16,3
full_npt256,fpca256_20,38,0.5488721804511278,0.5577840137778026,0.7142857142857143,0.3157894736842105,0.5150375939849624,0.43478260869565216,0.6,0.2549226131951614,0.7093154139711623,-0.22539987725718844,0.2747897889227682,0.3410867815993591,10,6,13,4
full_npt256,fpca256_20,39,0.7518796992481203,0.755854692304272,0.9285714285714286,0.42105263157894735,0.674812030075188,0.5416666666666666,0.8888888888888888,0.1935167206369518,0.5604352435093207,0.11115781891357975,1.1484971566247022,0.28368237600677776,13,8,11,1
full_npt256,fpca256_20,40,0.512280701754386,0.4821301340956316,0.9333333333333333,0.15789473684210525,0.5456140350877193,0.4666666666666667,0.75,0.27579658571320664,0.7521438495435088,-0.22939283513916686,0.1882578534891069,0.259112486432879,14,3,16,1
full_npt256,fpca256_20,41,0.5069444444444444,0.4939727305395843,0.8125,0.3333333333333333,0.5729166666666666,0.52,0.6666666666666666,0.29256905180382786,0.816283573611313,-0.11859807564938246,-0.02068054897528891,0.31058849014859097,13,6,12,3
full_npt256,fpca256_20,42,0.5824561403508772,0.5686242705686095,0.8666666666666667,0.2631578947368421,0.5649122807017544,0.48148148148148145,0.7142857142857143,0.25545961490607405,0.7050808848115179,-0.165144578221589,0.4000238837078696,0.28609758114266165,13,5,14,2
full_npt256,fpca256_20,43,0.6821428571428572,0.5626978841264555,0.9285714285714286,0.35,0.6392857142857142,0.5,0.875,0.21952004185430352,0.6232479697813895,-0.16508821229916362,0.9807415259053156,0.3444674362336562,13,7,13,1
full_npt256,fpca256_20,44,0.7448979591836735,0.6680951812162992,0.9285714285714286,0.38095238095238093,0.6547619047619048,0.5,0.8888888888888888,0.2132905595036322,0.6225148266448391,-0.6212591275834866,0.7766492921294267,0.3111155532563086,13,8,13,1
full_npt256,fpca256_20,45,0.6912280701754386,0.646647190434956,0.9333333333333333,0.10526315789473684,0.5192982456140351,0.45161290322580644,0.6666666666666666,0.22552482377096755,0.6542613822469155,-0.24340229821090417,0.7238487395797865,0.26022627151633027,14,2,17,1
full_npt256,fpca256_20,46,0.54,0.49453055034466536,1.0,0.1,0.55,0.45454545454545453,1.0,0.2659434961311001,0.729477573988389,-0.3374604842803105,0.3236529843682331,0.2828640221416093,15,2,18,0
full_npt256,fpca256_20,47,0.6175438596491228,0.6250372346637202,0.7333333333333333,0.42105263157894735,0.5771929824561404,0.5,0.6666666666666666,0.24974342916972983,0.700571734852283,-0.13917474516344197,0.4240413308923418,0.29711940995303426,11,8,11,4
full_npt256,fpca256_20,48,0.6535714285714286,0.5348612453325643,1.0,0.1,0.55,0.4375,1.0,0.24793080035358345,0.695039868746607,-0.5286696559322777,0.6379660709668564,0.2818512888674836,14,2,18,0
full_npt256,fpca256_20,49,0.631578947368421,0.5764157273215244,0.8666666666666667,0.47368421052631576,0.6701754385964912,0.5652173913043478,0.8181818181818182,0.2548267697350851,0.7021701435790604,0.03078564146217221,0.44691594134030316,0.23668741141010577,13,9,10,2
full_npt256,fpca256_20,50,0.7523809523809525,0.7431230342792208,0.8666666666666667,0.3333333333333333,0.6,0.48148148148148145,0.7777777777777778,0.19788568549032373,0.5829995161803088,-0.011387267994773818,1.5916658378980417,0.3238876059930393,13,7,14,2
full_npt256,fpca256_20,51,0.5754385964912281,0.5334091494924829,0.8666666666666667,0.2631578947368421,0.5649122807017544,0.48148148148148145,0.7142857142857143,0.25882353724280227,0.7283162940753349,-0.2265043952309595,0.3392394210280852,0.2839478898338207,13,5,14,2
full_npt256,fpca256_20,52,0.6280701754385964,0.5472471694648107,0.8666666666666667,0.42105263157894735,0.643859649122807,0.5416666666666666,0.8,0.2413704097118643,0.6690728950792958,-0.14947279130039334,0.5287678276739942,0.32014819761599245,13,8,11,2
full_npt256,fpca256_20,53,0.6466165413533835,0.5791835724188665,0.8571428571428571,0.2631578947368421,0.5601503759398496,0.46153846153846156,0.7142857142857143,0.22974551321857373,0.6421831247398647,-0.2633417256839819,0.7105780212943461,0.3206877640743398,12,5,14,2
full_npt256,fpca256_20,54,0.5228070175438597,0.47384283869198485,0.7333333333333333,0.21052631578947367,0.4719298245614035,0.4230769230769231,0.5,0.2963143333966098,0.83163281683605,-0.23295428411640515,0.020335645982356227,0.2497819634830147,11,4,15,4
full_npt256,fpca256_20,55,0.7633333333333333,0.7155753159460253,1.0,0.3,0.65,0.5172413793103449,1.0,0.20057032319127718,0.5826929701757212,-0.16330422837700767,1.1029932580707995,0.27536194876397746,15,6,14,0
full_npt256,fpca256_20,56,0.5592592592592591,0.5183619892240582,0.7333333333333333,0.16666666666666666,0.44999999999999996,0.4230769230769231,0.42857142857142855,0.2916339419871091,0.8277067536571117,-0.20630566804670036,0.1846778956529066,0.2836891379066407,11,3,15,4
full_npt256,fpca256_20,57,0.712280701754386,0.6976282784903475,0.9333333333333333,0.15789473684210525,0.5456140350877193,0.4666666666666667,0.75,0.2184960864756219,0.6370818408184763,-0.1884192927628858,0.7341532312331231,0.22094647774330048,14,3,16,1
full_npt256,fpca256_20,58,0.6938775510204082,0.6425654476574733,0.7857142857142857,0.3333333333333333,0.5595238095238095,0.44,0.7,0.22280562734124215,0.6310440554598895,-0.2783930392682517,0.8073641999517951,0.3492804915877306,11,7,14,3
full_npt256,fpca256_20,59,0.6526315789473685,0.5636875277795993,1.0,0.15789473684210525,0.5789473684210527,0.4838709677419355,1.0,0.23883987156029368,0.6782651190655308,-0.3292631186998874,0.6230314399857525,0.22847718296290254,15,3,16,0
full_npt256,fpca256_20,60,0.5733333333333333,0.5407514623125579,0.7333333333333333,0.35,0.5416666666666666,0.4583333333333333,0.6363636363636364,0.28282329766699826,0.8042660188197224,-0.27453467969361506,0.15701439271805745,0.30949840887066576,11,7,13,4
full_npt256,fpca256_20,61,0.5518518518518518,0.5510998613247489,1.0,0.2222222222222222,0.6111111111111112,0.5172413793103449,1.0,0.2487115056802694,0.6829329836704031,-0.15033436396638988,0.5267995741612391,0.27664252567105707,15,4,14,0
full_npt256,fpca256_20,62,0.6980392156862745,0.7216316406904641,0.7333333333333333,0.4117647058823529,0.5725490196078431,0.5238095238095238,0.6363636363636364,0.23667320189638844,0.6868488391818642,0.16781562083055762,0.5025526705480252,0.318492400718983,11,7,10,4
full_npt256,fpca256_20,63,0.7564935064935064,0.6275954720006024,1.0,0.22727272727272727,0.6136363636363636,0.45161290322580644,1.0,0.2091960638289364,0.6118583906443709,-0.4544543270171541,1.025817770779823,0.3076295219986489,14,5,17,0
full_npt256,fpca256_20,64,0.6866666666666666,0.6298238338570108,0.8666666666666667,0.4,0.6333333333333333,0.52,0.8,0.22329870898839232,0.6320366533840527,-0.1342556146054196,0.8138146991588668,0.32356259932402626,13,8,12,2
full_npt256,fpca256_20,65,0.7964912280701755,0.7756248501900675,1.0,0.21052631578947367,0.6052631578947368,0.5,1.0,0.19087880240315055,0.5647600087642687,-0.3433157316635599,2.633021981391085,0.26330439559658747,15,4,15,0
full_npt256,fpca256_20,66,0.6133333333333333,0.5957307624647777,0.8,0.35,0.575,0.48,0.7,0.2738093757158969,0.7658502850916699,-0.2897679804735286,0.2894971801047808,0.28058319137563065,12,7,13,3
full_npt256,fpca256_20,67,0.5833333333333334,0.5668072798617153,0.8125,0.2222222222222222,0.5173611111111112,0.48148148148148145,0.5714285714285714,0.26377321292445344,0.7290619576642732,-0.08379750702750552,0.30466356337359296,0.3074176637133845,13,4,14,3
full_npt256,fpca256_20,68,0.6428571428571429,0.6723859490174554,0.8571428571428571,0.3,0.5785714285714285,0.46153846153846156,0.75,0.26095394565674335,0.7190748835867666,-0.4213666327004916,0.437557744917729,0.3401436321133531,12,6,14,2
full_npt256,fpca256_20,69,0.4892857142857143,0.485047844895534,0.8571428571428571,0.05,0.45357142857142857,0.3870967741935484,0.3333333333333333,0.29413857921158715,0.8054123193965147,-0.35894860664683237,-0.04599760373579776,0.27033535022574734,12,1,19,2
full_npt256,fpca256_20,70,0.6140350877192983,0.5600455706005991,0.7333333333333333,0.3157894736842105,0.5245614035087719,0.4583333333333333,0.6,0.25385770831439936,0.747295595043606,-0.13860072017112351,0.28782393359097974,0.27128034133106854,11,6,13,4
full_npt256,fpca256_20,71,0.67,0.6589050549316643,0.8,0.2,0.5,0.42857142857142855,0.5714285714285714,0.2281721819229667,0.6421713907377368,-0.155017899479902,0.6655565699084294,0.25003063065206493,12,4,16,3
full_npt256,fpca256_20,72,0.7719298245614035,0.7494121341065331,0.9333333333333333,0.2631578947368421,0.5982456140350877,0.5,0.8333333333333334,0.1918614751981603,0.561827111428218,-0.01501920665830682,1.406172399770783,0.30906169856657156,14,5,14,1
full_npt256,fpca256_20,73,0.6105263157894737,0.5137350853862722,0.8,0.3157894736842105,0.5578947368421052,0.48,0.6666666666666666,0.2668643344887163,0.7531568220413343,-0.19517180193232023,0.25333367733205503,0.286424130597237,12,6,13,3
full_npt256,fpca256_20,74,0.6071428571428572,0.5473560487614385,0.8571428571428571,0.2,0.5285714285714286,0.42857142857142855,0.6666666666666666,0.26578040368851474,0.7361825437911355,-0.534225247840352,0.47862205617023373,0.3282696672405083,12,4,16,2
full_npt256,fpca256_20,75,0.5682539682539682,0.554387284171767,0.6666666666666666,0.23809523809523808,0.45238095238095233,0.38461538461538464,0.5,0.29274219502441534,0.8266696708068684,-0.37197127321092976,0.1685297469209298,0.2876581617745051,10,5,16,5
full_npt256,fpca256_20,76,0.6392156862745098,0.7091043580649398,0.9333333333333333,0.11764705882352941,0.5254901960784314,0.4827586206896552,0.6666666666666666,0.2323496382234867,0.6602411134637967,-0.09897388778937011,0.770921678378138,0.28622719619769676,14,2,15,1
full_npt256,fpca256_20,77,0.6947368421052632,0.6825235236946317,0.8666666666666667,0.15789473684210525,0.512280701754386,0.4482758620689655,0.6,0.21014004925638669,0.6012985818704957,-0.09784506630770681,1.1474106009026233,0.30362698483066897,13,3,16,2
full_npt256,fpca256_20,78,0.6964285714285714,0.6050336291549746,0.8571428571428571,0.55,0.7035714285714285,0.5714285714285714,0.8461538461538461,0.2238728756589995,0.6402925922097634,-0.1716746298786591,0.6064523895088968,0.3088719299544466,12,11,9,2
full_npt256,fpca256_20,79,0.5733333333333334,0.5289236135144644,0.8666666666666667,0.2,0.5333333333333333,0.4482758620689655,0.6666666666666666,0.26580979008503475,0.739925642057817,-0.26495460458313175,0.2133713420303545,0.25874398860618125,13,4,16,2
full_npt256,fpca256_20,80,0.5233333333333333,0.5671818227028121,0.7333333333333333,0.25,0.49166666666666664,0.4230769230769231,0.5555555555555556,0.28868633846639125,0.7833374611768543,-0.29495197079881513,0.07728795808506418,0.3396198316136012,11,5,15,4
full_npt256,fpca256_20,81,0.7233333333333334,0.6962532010473186,0.8666666666666667,0.4,0.6333333333333333,0.52,0.8,0.2069726065864801,0.6139989072970649,-0.1743203328417172,0.8252537355250673,0.28655042445742646,13,8,12,2
full_npt256,fpca256_20,82,0.6531250000000001,0.6440911912339342,0.9375,0.15,0.54375,0.46875,0.75,0.2386551240063799,0.6751153756670649,-0.31186242072743364,0.5975154766145405,0.2753870104983931,15,3,17,1
full_npt256,fpca256_20,83,0.6240601503759399,0.5705092124569126,0.7857142857142857,0.3684210526315789,0.5770676691729323,0.4782608695652174,0.7,0.2522253064169831,0.7129761708889344,-0.26728927776307454,0.3826488182015861,0.36026141959528063,11,7,12,3
full_npt256,fpca256_20,84,0.6904761904761905,0.6160751268364051,0.8571428571428571,0.4444444444444444,0.6507936507936507,0.5454545454545454,0.8,0.21901474888704753,0.6213265987164065,0.014980290463556895,0.7611702001613869,0.31277891385135065,12,8,10,2
full_npt256,fpca256_20,85,0.7766666666666666,0.7547107583774251,1.0,0.2,0.6,0.4838709677419355,1.0,0.19329825327176037,0.5677420148754776,-0.16155774863843264,1.700339506399489,0.2538989192205468,15,4,16,0
full_npt256,fpca256_20,86,0.615686274509804,0.5879564689061256,0.8666666666666667,0.4117647058823529,0.6392156862745098,0.5652173913043478,0.7777777777777778,0.24961009707022613,0.6788050201598999,0.07548131445002591,0.5210564250209853,0.2859919365327007,13,7,10,2
full_npt256,fpca256_20,87,0.537037037037037,0.578617162407485,0.8,0.05555555555555555,0.4277777777777778,0.41379310344827586,0.25,0.28995193255573554,0.8136948969266793,-0.18416874443477407,0.03148806470532848,0.24076656987037431,12,1,17,3
full_npt256,fpca256_20,88,0.7481203007518797,0.7997815909580615,0.7857142857142857,0.3684210526315789,0.5770676691729323,0.4782608695652174,0.7,0.20223232564729332,0.5962479224639903,-0.27888178923651624,1.1590576522948512,0.3266762344066158,11,7,12,3
full_npt256,fpca256_20,89,0.7014492753623189,0.5798721342297194,1.0,0.30434782608695654,0.6521739130434783,0.4838709677419355,1.0,0.22749652394882808,0.6541580290301184,-0.4480902173117508,0.6451157857764506,0.29531564523038395,15,7,16,0
full_npt256,fpca256_20,90,0.4848484848484848,0.4997750925212562,0.8666666666666667,0.09090909090909091,0.4787878787878788,0.3939393939393939,0.5,0.28747825048599635,0.7803928882390315,-0.38309719283312144,0.0013545357476761975,0.23653757005785242,13,2,20,2
full_npt256,fpca256_20,91,0.7803921568627451,0.819120408624245,1.0,0.058823529411764705,0.5294117647058824,0.4838709677419355,1.0,0.20313693100132302,0.5906078432360167,-0.7456915835940007,2.4951567172107154,0.26318434430849597,15,1,16,0
full_npt256,fpca256_20,92,0.6982456140350877,0.6137887058475294,0.8666666666666667,0.5263157894736842,0.6964912280701754,0.5909090909090909,0.8333333333333334,0.2377558766322808,0.6880982387689859,-0.07703043069884066,0.4548722220206891,0.32173350434943637,13,10,9,2
full_npt256,fpca256_20,93,0.6842105263157895,0.5481235372937053,0.7857142857142857,0.47368421052631576,0.6296992481203008,0.5238095238095238,0.75,0.22596982567381182,0.6463608388152462,-0.2261602436792686,0.606709167734479,0.36766165941536527,11,9,10,3
full_npt256,fpca256_20,94,0.59,0.5061800321015271,0.7333333333333333,0.2,0.4666666666666667,0.4074074074074074,0.5,0.26869548641020863,0.7637702231055037,-0.2425058241573947,0.21571153516807995,0.24216745886726768,11,4,16,4
full_npt256,fpca256_20,95,0.5533333333333333,0.4990635914005479,0.8,0.4,0.6000000000000001,0.5,0.7272727272727273,0.2812849716531138,0.783805799964601,-0.2969583368975475,0.13265684213128043,0.3426289375021749,12,8,12,3
full_npt256,fpca256_20,96,0.6352941176470588,0.5879848988906959,0.8666666666666667,0.23529411764705882,0.5509803921568628,0.5,0.6666666666666666,0.24109924416163128,0.6777156852542972,-0.06173849841398051,0.5280864476596121,0.2654894519339415,13,4,13,2
full_npt256,fpca256_20,97,0.712280701754386,0.6455619834994545,0.9333333333333333,0.15789473684210525,0.5456140350877193,0.4666666666666667,0.75,0.21853300047907676,0.6274941995950565,-0.3322115626498271,0.8700174858813012,0.27244624657829186,14,3,16,1
full_npt256,fpca256_20,98,0.7321428571428572,0.7573420759135044,0.9285714285714286,0.3,0.6142857142857143,0.48148148148148145,0.8571428571428571,0.206433274579307,0.5926603463232657,-0.3024324776817987,1.271353619786467,0.31878784607597116,13,6,14,1
full_npt256,fpca256_20,99,0.7238095238095238,0.6474336872278048,0.8,0.5714285714285714,0.6857142857142857,0.5714285714285714,0.8,0.20445512038492158,0.5929378742194775,0.3108015064435772,1.2861186685425576,0.301991385036287,12,12,9,3
full_npt256,fpca256_25,0,0.44333333333333325,0.5059598789010554,0.5333333333333333,0.35,0.44166666666666665,0.38095238095238093,0.5,0.3394086023841607,0.9527050498749741,-0.2841956939958236,-0.08074966357208146,0.3691971422180165,8,7,13,7
full_npt256,fpca256_25,1,0.7851851851851852,0.7886022220335945,0.9333333333333333,0.2777777777777778,0.6055555555555556,0.5185185185185185,0.8333333333333334,0.1876373035282294,0.5519995796251139,-0.0323333249297283,1.2829501821614178,0.26955859435461477,14,5,13,1
full_npt256,fpca256_25,2,0.7148148148148148,0.712976300254422,0.8666666666666667,0.3333333333333333,0.6,0.52,0.75,0.22699965529253577,0.6448129824687919,-0.1783280375390104,0.6547747658643495,0.276958053947176,13,6,12,2
full_npt256,fpca256_25,3,0.6666666666666666,0.5806922831270201,0.9333333333333333,0.16666666666666666,0.55,0.4827586206896552,0.75,0.2266698335892172,0.6406358334035877,-0.0909824630822334,0.7630332296666489,0.2160762250853383,14,3,15,1
full_npt256,fpca256_25,4,0.6366459627329193,0.5846064119924957,0.9285714285714286,0.17391304347826086,0.5512422360248448,0.40625,0.8,0.23668019617471972,0.6617960115277451,-0.4695557771452537,0.6715996093158118,0.29935664630769737,13,4,19,1
full_npt256,fpca256_25,5,0.5366666666666667,0.47250364758698093,0.8666666666666667,0.2,0.5333333333333333,0.4482758620689655,0.6666666666666666,0.2823236659714654,0.7662735456889899,-0.25529768016479343,0.1716704190632493,0.20249021150611202,13,4,16,2
full_npt256,fpca256_25,6,0.6777777777777778,0.7008959096459095,0.8,0.4444444444444444,0.6222222222222222,0.5454545454545454,0.7272727272727273,0.22890853161070843,0.6618947022829265,-0.010720373753305458,0.6200471485121303,0.27423409153752315,12,8,10,3
full_npt256,fpca256_25,7,0.8233333333333333,0.7641849937502111,1.0,0.3,0.65,0.5172413793103449,1.0,0.18981328759728777,0.5611180530520243,0.06069592043833764,1.639594492488352,0.30235087180838643,15,6,14,0
full_npt256,fpca256_25,8,0.6992481203007519,0.5817069519417428,0.8571428571428571,0.3684210526315789,0.612781954887218,0.5,0.7777777777777778,0.21668679973220017,0.6171254107057121,-0.0947263000185354,0.7903180199884368,0.3024478384156563,12,7,12,2
full_npt256,fpca256_25,9,0.5566666666666666,0.5406048699361875,0.8,0.1,0.45,0.4,0.4,0.30401112157585847,0.8520967332142128,-0.32586907729641734,0.14098003831688669,0.22354432295566,12,2,18,3
full_npt256,fpca256_25,10,0.6380952380952382,0.5183695146633742,0.8666666666666667,0.3333333333333333,0.6,0.48148148148148145,0.7777777777777778,0.2749687264534381,0.7802606114071814,-0.425390125552096,0.3378617822551959,0.2999191863397114,13,7,14,2
full_npt256,fpca256_25,11,0.775438596491228,0.7352533269199936,0.8666666666666667,0.42105263157894735,0.643859649122807,0.5416666666666666,0.8,0.1959869374917661,0.5811570197266647,-0.236903026878038,0.910266431589228,0.31035016545892863,13,8,11,2
full_npt256,fpca256_25,12,0.673611111111111,0.7019789451532872,0.875,0.16666666666666666,0.5208333333333334,0.4827586206896552,0.6,0.22334488522645807,0.6339960815814116,-0.02191224840928,0.9596385635401731,0.3247642584682343,14,3,15,2
full_npt256,fpca256_25,13,0.5892857142857143,0.5818792396563357,0.5714285714285714,0.45,0.5107142857142857,0.42105263157894735,0.6,0.257263055529606,0.7050004884628939,-0.14364005704673322,0.375761058008111,0.2729803758053018,8,9,11,6
full_npt256,fpca256_25,14,0.6090225563909775,0.5698180172980236,0.7857142857142857,0.21052631578947367,0.4981203007518797,0.4230769230769231,0.5714285714285714,0.2643849783120973,0.7373494112846202,-0.2885702571047001,0.278744149937428,0.32175248642334014,11,4,15,3
full_npt256,fpca256_25,15,0.66,0.5922379540749105,0.8666666666666667,0.35,0.6083333333333334,0.5,0.7777777777777778,0.23224057486841357,0.6694153122699168,-0.20858020718789697,0.5170494008710034,0.2889415244230452,13,7,13,2
full_npt256,fpca256_25,16,0.4851851851851852,0.522772645967243,0.8666666666666667,0.16666666666666666,0.5166666666666667,0.4642857142857143,0.6,0.2810828179473816,0.7685881046302357,-0.127348765464825,0.1496148645652974,0.2570854132550208,13,3,15,2
full_npt256,fpca256_25,17,0.7951388888888888,0.7331687119854688,0.9375,0.3333333333333333,0.6354166666666666,0.5555555555555556,0.8571428571428571,0.1930125604960073,0.5753045513488926,-0.11410346472459336,1.1680447017914375,0.3086665356492043,15,6,12,1
full_npt256,fpca256_25,18,0.5986394557823129,0.478730616799276,0.9285714285714286,0.23809523809523808,0.5833333333333334,0.4482758620689655,0.8333333333333334,0.25786436845475097,0.7200843295040297,-0.39627176856733837,0.3492940182859856,0.27353607644356515,13,5,16,1
full_npt256,fpca256_25,19,0.6642857142857143,0.4915989375548199,0.9285714285714286,0.35,0.6392857142857142,0.5,0.875,0.24717675386099447,0.7021870947582569,-0.3055000895708253,0.40107304553661705,0.2725356741822812,13,7,13,1
full_npt256,fpca256_25,20,0.506578947368421,0.44776538046695247,0.9375,0.21052631578947367,0.5740131578947368,0.5,0.8,0.29306870843558913,0.8138197553997419,-0.18053233831328536,0.02915119838924783,0.30024813041208126,15,4,15,1
full_npt256,fpca256_25,21,0.7298245614035088,0.7667333848535183,0.7333333333333333,0.42105263157894735,0.5771929824561404,0.5,0.6666666666666666,0.21352225472925346,0.6137426004468872,-0.1574585122707318,0.7773833830843443,0.36174865551163293,11,8,11,4
full_npt256,fpca256_25,22,0.6481481481481481,0.5636469277848588,1.0,0.16666666666666666,0.5833333333333334,0.5,1.0,0.23603462086044744,0.6615165743136026,-0.04492276928627059,0.7073560080594427,0.28699438483909523,15,3,15,0
full_npt256,fpca256_25,23,0.6678571428571428,0.6358335627798565,0.7142857142857143,0.45,0.5821428571428572,0.47619047619047616,0.6923076923076923,0.25021189860645643,0.7072800485365429,-0.30841714484183663,0.41423039093280134,0.32399112388931783,10,9,11,4
full_npt256,fpca256_25,24,0.6224489795918368,0.5036931011720928,1.0,0.14285714285714285,0.5714285714285714,0.4375,1.0,0.23717964504381628,0.6621299328443828,-0.3817105959644982,0.6634724769278405,0.21816770292337592,14,3,18,0
full_npt256,fpca256_25,25,0.6666666666666666,0.5478192494428192,1.0,0.35,0.675,0.5357142857142857,1.0,0.2363857131804964,0.6620673218676253,-0.01992213239833395,0.6284051071019426,0.2467034887664242,15,7,13,0
full_npt256,fpca256_25,26,0.7215686274509804,0.6410140077787136,0.9333333333333333,0.29411764705882354,0.6137254901960785,0.5384615384615384,0.8333333333333334,0.21465455798185595,0.6126825712643127,0.15965087039888848,0.8483507045059782,0.22192153709842644,14,5,12,1
full_npt256,fpca256_25,27,0.449404761904762,0.4194354628178158,0.75,0.23809523809523808,0.49404761904761907,0.42857142857142855,0.5555555555555556,0.3226242467870633,0.8997666530428609,-0.28017803707424416,-0.24600733543440184,0.31629596201116955,12,5,16,4
full_npt256,fpca256_25,28,0.6785714285714286,0.5970935935529531,0.7857142857142857,0.3,0.5428571428571428,0.44,0.6666666666666666,0.2321695700879384,0.6591009187577038,-0.367840617563835,0.5959381292044881,0.29180985929528286,11,6,14,3
full_npt256,fpca256_25,29,0.7857142857142857,0.7433295764506944,1.0,0.3157894736842105,0.6578947368421053,0.5185185185185185,1.0,0.20506026883066036,0.5966641505697496,-0.9134168842632009,1.2756363622747324,0.34801716121198284,14,6,13,0
full_npt256,fpca256_25,30,0.537037037037037,0.4837776702088981,0.6,0.3888888888888889,0.49444444444444446,0.45,0.5384615384615384,0.2957553803668896,0.8369401139960652,-0.15227925146526303,0.11182079841300112,0.3108688164709982,9,7,11,6
full_npt256,fpca256_25,31,0.6066666666666667,0.5048252020681426,0.9333333333333333,0.25,0.5916666666666667,0.4827586206896552,0.8333333333333334,0.24651690950166869,0.684650760756215,-0.27240462132219434,0.5011182035997529,0.30616756953060925,14,5,15,1
full_npt256,fpca256_25,32,0.7566666666666667,0.6180997722557824,1.0,0.35,0.675,0.5357142857142857,1.0,0.20740768583750058,0.6002015049454931,-0.250961663215945,0.9274731226480724,0.23839264379140843,15,7,13,0
full_npt256,fpca256_25,33,0.5396825396825398,0.5238894464444336,1.0,0.0,0.5,0.4166666666666667,,0.29448715644618334,0.8115685757025402,-0.36891541719300236,0.08513462474935908,0.24020853285009305,15,0,21,0
full_npt256,fpca256_25,34,0.7857142857142858,0.8236046157593473,0.7142857142857143,0.6666666666666666,0.6904761904761905,0.625,0.75,0.1787077727403883,0.5382279943831011,0.7654907671919655,2.2349457214000794,0.3601425649365893,10,12,6,4
full_npt256,fpca256_25,35,0.5777777777777777,0.5122951036153258,0.8,0.2857142857142857,0.5428571428571429,0.4444444444444444,0.6666666666666666,0.28069797416860953,0.7829249683191528,-0.36194679424668086,0.22888342384312288,0.3015130614284965,12,6,15,3
full_npt256,fpca256_25,36,0.5404411764705882,0.5464033076640378,0.8125,0.17647058823529413,0.4944852941176471,0.48148148148148145,0.5,0.2639601447883117,0.723363195654547,0.09277866718952366,0.3651363995570941,0.2537911486875892,13,3,14,3
full_npt256,fpca256_25,37,0.6507936507936508,0.587384418268108,0.8,0.23809523809523808,0.5190476190476191,0.42857142857142855,0.625,0.2760767090084979,0.7823167080441297,-0.45849418769127165,0.34519328335121746,0.29172767579737446,12,5,16,3
full_npt256,fpca256_25,38,0.5864661654135338,0.5367264228230182,0.8571428571428571,0.3684210526315789,0.612781954887218,0.5,0.7777777777777778,0.2494301957707632,0.7015450228828839,-0.23230396529446,0.33943886313922383,0.3149534522679118,12,7,12,2
full_npt256,fpca256_25,39,0.7556390977443609,0.7516799558125298,0.9285714285714286,0.42105263157894735,0.674812030075188,0.5416666666666666,0.8888888888888888,0.19253124426479526,0.555344628248464,0.03776144134352963,1.14350788313894,0.30518007055629925,13,8,11,1
full_npt256,fpca256_25,40,0.543859649122807,0.48231701667116555,1.0,0.15789473684210525,0.5789473684210527,0.4838709677419355,1.0,0.27057273403514176,0.7433291379299181,-0.2307018617819716,0.23985434884265747,0.23194853647730768,15,3,16,0
full_npt256,fpca256_25,41,0.4930555555555556,0.5086524495311638,0.75,0.3888888888888889,0.5694444444444444,0.5217391304347826,0.6363636363636364,0.31460445939755327,0.8960479053300401,-0.13110970623445142,-0.05637673565899946,0.2770725033222098,12,7,11,4
full_npt256,fpca256_25,42,0.5754385964912281,0.5493446612890003,0.8666666666666667,0.2631578947368421,0.5649122807017544,0.48148148148148145,0.7142857142857143,0.2608935088524476,0.7192925809553047,-0.17588578732267388,0.3531079078195522,0.28026552944330096,13,5,14,2
full_npt256,fpca256_25,43,0.7285714285714285,0.5987985295128152,0.9285714285714286,0.35,0.6392857142857142,0.5,0.875,0.2057839353190746,0.593103231506249,-0.18794425945145793,1.235743283354038,0.31648366931977756,13,7,13,1
full_npt256,fpca256_25,44,0.772108843537415,0.6643063285920427,0.9285714285714286,0.38095238095238093,0.6547619047619048,0.5,0.8888888888888888,0.206715095997824,0.6150159341769312,-0.6394527499304197,0.8041416414910497,0.31072742964568006,13,8,13,1
full_npt256,fpca256_25,45,0.6701754385964912,0.6303537700082881,0.8,0.15789473684210525,0.4789473684210527,0.42857142857142855,0.5,0.2322154183608838,0.6705569735409438,-0.24231545820314146,0.6079193881605752,0.30876532061004036,12,3,16,3
full_npt256,fpca256_25,46,0.5333333333333333,0.5061259428960084,0.9333333333333333,0.1,0.5166666666666667,0.4375,0.6666666666666666,0.27623268532772643,0.7535673606535214,-0.3307067110007772,0.19752908509107636,0.2927114376228336,14,2,18,1
full_npt256,fpca256_25,47,0.6280701754385966,0.6285927902192758,0.8,0.3684210526315789,0.5842105263157895,0.5,0.7,0.25004815062263785,0.6981164685434746,-0.1151258436612986,0.42930008797019786,0.2525553815313533,12,7,12,3
full_npt256,fpca256_25,48,0.6321428571428571,0.5334817563388992,1.0,0.15,0.575,0.45161290322580644,1.0,0.250350167484311,0.6991022459728127,-0.5115015150172492,0.592226588701143,0.2935083552835138,14,3,17,0
full_npt256,fpca256_25,49,0.6175438596491228,0.566481240981241,0.8666666666666667,0.3157894736842105,0.5912280701754387,0.5,0.75,0.2601844410289489,0.7213643227954378,-0.01206826033535674,0.3865294672433482,0.17881528517600528,13,6,13,2
full_npt256,fpca256_25,50,0.7714285714285715,0.7380665658933911,0.9333333333333333,0.19047619047619047,0.5619047619047619,0.45161290322580644,0.8,0.1941232787793482,0.574346932636104,0.06915688815993061,1.6297728969359204,0.2652209407957368,14,4,17,1
full_npt256,fpca256_25,51,0.6105263157894737,0.5538878307974379,0.9333333333333333,0.21052631578947367,0.5719298245614035,0.4827586206896552,0.8,0.2498152501189289,0.7063205433924382,-0.24318191378178483,0.42676116605351094,0.22144715858742411,14,4,15,1
full_npt256,fpca256_25,52,0.6105263157894736,0.5886526782010216,0.8,0.2631578947368421,0.531578947368421,0.46153846153846156,0.625,0.2493788640456815,0.6878210154796057,-0.1629776687755412,0.46266352236516217,0.2815784353998785,12,5,14,3
full_npt256,fpca256_25,53,0.6578947368421053,0.5759467648753362,1.0,0.2631578947368421,0.631578947368421,0.5,1.0,0.22706442355506065,0.6386561117473021,-0.28059423219626717,0.7402999234775082,0.32334728091104237,14,5,14,0
full_npt256,fpca256_25,54,0.4947368421052632,0.48850768708748327,0.7333333333333333,0.15789473684210525,0.44561403508771924,0.4074074074074074,0.42857142857142855,0.3097004780604096,0.871580715450761,-0.24176645432960503,-0.03351976575764791,0.2618544924618534,11,3,16,4
full_npt256,fpca256_25,55,0.76,0.7051448945156038,1.0,0.3,0.65,0.5172413793103449,1.0,0.20123928678370553,0.5831044685882161,-0.1856186747001614,1.1102815891453977,0.25664410154180795,15,6,14,0
full_npt256,fpca256_25,56,0.5518518518518518,0.5447853520434165,0.8,0.16666666666666666,0.48333333333333334,0.4444444444444444,0.5,0.28896036162953137,0.8188677841363448,-0.21130749439366092,0.1977337183203098,0.27406788698694806,12,3,15,3
full_npt256,fpca256_25,57,0.7052631578947369,0.6658202716823406,0.9333333333333333,0.10526315789473684,0.5192982456140351,0.45161290322580644,0.6666666666666666,0.22241327163643404,0.6426890222236414,-0.21482365784951296,0.7010882755116823,0.20699175511407297,14,2,17,1
full_npt256,fpca256_25,58,0.6462585034013605,0.5436311499781513,0.8571428571428571,0.23809523809523808,0.5476190476190476,0.42857142857142855,0.7142857142857143,0.23872191147459487,0.6696171095541302,-0.32270274352008127,0.5336858092223554,0.34066120926388516,12,5,16,2
full_npt256,fpca256_25,59,0.6701754385964912,0.5764053724053724,1.0,0.2631578947368421,0.631578947368421,0.5172413793103449,1.0,0.23156336902783636,0.6621361068737663,-0.3025732785277866,0.671368634360695,0.2609572898245274,15,5,14,0
full_npt256,fpca256_25,60,0.5833333333333333,0.5247675880625546,0.6666666666666666,0.35,0.5083333333333333,0.43478260869565216,0.5833333333333334,0.2824067412203541,0.8160144672162892,-0.26795967710805013,0.16046361940765558,0.3140849298514694,10,7,13,5
full_npt256,fpca256_25,61,0.5555555555555556,0.5541301643550519,1.0,0.2222222222222222,0.6111111111111112,0.5172413793103449,1.0,0.24654132995126773,0.6785901265077581,-0.14544764576423244,0.5524908343447154,0.2939877398585471,15,4,14,0
full_npt256,fpca256_25,62,0.7176470588235294,0.735723264389931,0.7333333333333333,0.5294117647058824,0.6313725490196078,0.5789473684210527,0.6923076923076923,0.2198219187224927,0.6427456370670739,0.2748046705069604,0.6562948043175861,0.2932178800020513,11,9,8,4
full_npt256,fpca256_25,63,0.7629870129870131,0.6324437684074594,1.0,0.3181818181818182,0.6590909090909091,0.4827586206896552,1.0,0.2096331902373992,0.6120026207890862,-0.4503612568559168,1.0201093156101042,0.3254635200918331,14,7,15,0
full_npt256,fpca256_25,64,0.6866666666666666,0.5703649984857079,0.9333333333333333,0.3,0.6166666666666667,0.5,0.8571428571428571,0.221318410250045,0.6317014599172265,-0.16555793227422338,0.7719846885429804,0.28650857879151864,14,6,14,1
full_npt256,fpca256_25,65,0.8175438596491229,0.8022939630975705,1.0,0.15789473684210525,0.5789473684210527,0.4838709677419355,1.0,0.1843095177019937,0.5494808443029967,-0.09186324685343861,2.439957036807105,0.2551889040833803,15,3,16,0
full_npt256,fpca256_25,66,0.6066666666666667,0.5724656306806408,0.7333333333333333,0.35,0.5416666666666666,0.4583333333333333,0.6363636363636364,0.2787260008236509,0.7932381338840137,-0.3020371576177229,0.24494464008962732,0.28805086514604805,11,7,13,4
full_npt256,fpca256_25,67,0.5347222222222222,0.526559811027855,0.875,0.16666666666666666,0.5208333333333334,0.4827586206896552,0.6,0.274239195226319,0.7543076234669731,-0.09326726113035066,0.20608087542958822,0.2886732725664356,14,3,15,2
full_npt256,fpca256_25,68,0.6285714285714286,0.6499907011552973,0.8571428571428571,0.3,0.5785714285714285,0.46153846153846156,0.75,0.2688285237105161,0.7333973097203799,-0.4292353446916926,0.40040688188500984,0.3486403771968205,12,6,14,2
full_npt256,fpca256_25,69,0.4642857142857143,0.4281798451703914,0.7857142857142857,0.15,0.46785714285714286,0.39285714285714285,0.5,0.30496016586386754,0.844890158170247,-0.3590478647157826,-0.09624812801112428,0.3263329829835562,11,3,17,3
full_npt256,fpca256_25,70,0.6421052631578947,0.6387917286571019,0.7333333333333333,0.47368421052631576,0.6035087719298246,0.5238095238095238,0.6923076923076923,0.2474541792301407,0.7431391864420899,-0.116715739350109,0.3216200789263568,0.328478238497829,11,9,10,4
full_npt256,fpca256_25,71,0.67,0.6822491391469024,0.8666666666666667,0.2,0.5333333333333333,0.4482758620689655,0.6666666666666666,0.22065389656225562,0.6270787007184975,-0.13495159342090252,0.7517963218278463,0.2520746673225561,13,4,16,2
full_npt256,fpca256_25,72,0.7719298245614035,0.7632390654294678,0.9333333333333333,0.3684210526315789,0.6508771929824562,0.5384615384615384,0.875,0.189515340863887,0.5545037244898644,0.025115499340508295,1.378449674750404,0.31660869215038273,14,7,12,1
full_npt256,fpca256_25,73,0.5719298245614035,0.4846855418287195,0.8666666666666667,0.3157894736842105,0.5912280701754387,0.5,0.75,0.28190323828062547,0.7893519565313023,-0.2030127503256143,0.170319296128643,0.26207656479621994,13,6,13,2
full_npt256,fpca256_25,74,0.5964285714285714,0.5269476931114861,0.8571428571428571,0.2,0.5285714285714286,0.42857142857142855,0.6666666666666666,0.2765853133428415,0.7679042826592302,-0.4918713220022375,0.35758640575664574,0.3475343149023483,12,4,16,2
full_npt256,fpca256_25,75,0.5301587301587302,0.48728920024618955,0.7333333333333333,0.14285714285714285,0.4380952380952381,0.3793103448275862,0.42857142857142855,0.3091590433275439,0.868297485978228,-0.36352798085132343,0.09885675514246636,0.3055140663614534,11,3,18,4
full_npt256,fpca256_25,76,0.7058823529411765,0.7356669130954805,0.9333333333333333,0.11764705882352941,0.5254901960784314,0.4827586206896552,0.6666666666666666,0.2221481662586003,0.6388707918025169,-0.11363257958966165,1.0756969919025205,0.28401630482460416,14,2,15,1
full_npt256,fpca256_25,77,0.7052631578947368,0.7170780378079693,0.9333333333333333,0.3684210526315789,0.6508771929824562,0.5384615384615384,0.875,0.21483601032711208,0.6123442002061736,-0.05925487918216628,1.0502595358141549,0.32192284400005033,14,7,12,1
full_npt256,fpca256_25,78,0.6857142857142857,0.6017996831906607,0.8571428571428571,0.55,0.7035714285714285,0.5714285714285714,0.8461538461538461,0.23229281947841707,0.6579139408526492,-0.2382402317906652,0.5307694869620612,0.31285241179806,12,11,9,2
full_npt256,fpca256_25,79,0.5733333333333334,0.5405969976016416,0.8666666666666667,0.2,0.5333333333333333,0.4482758620689655,0.6666666666666666,0.2690184804076482,0.747524894792696,-0.272149279302152,0.19047305893214972,0.2546832430081409,13,4,16,2
full_npt256,fpca256_25,80,0.5166666666666666,0.4919595915065827,0.6666666666666666,0.2,0.43333333333333335,0.38461538461538464,0.4444444444444444,0.2836807698966054,0.7695713962342893,-0.2955478008891,0.11121845621483754,0.3653560190381549,10,4,16,5
full_npt256,fpca256_25,81,0.7233333333333334,0.6995088245088245,0.8666666666666667,0.35,0.6083333333333334,0.5,0.7777777777777778,0.20836708246202829,0.6230779920028515,-0.19215721879895897,0.736848764782969,0.24520696691547209,13,7,13,2
full_npt256,fpca256_25,82,0.646875,0.6336241690591192,0.9375,0.2,0.56875,0.4838709677419355,0.8,0.24091308470804693,0.6823961956613225,-0.3105695928664438,0.5608697499314067,0.3205864881958269,15,4,16,1
full_npt256,fpca256_25,83,0.6428571428571429,0.5957762468473364,0.7857142857142857,0.3157894736842105,0.5507518796992481,0.4583333333333333,0.6666666666666666,0.2467266763979948,0.6949171372613017,-0.25829631664780445,0.44418134151469313,0.31917472749905446,11,6,13,3
full_npt256,fpca256_25,84,0.7301587301587301,0.6452856006427434,0.8571428571428571,0.5,0.6785714285714286,0.5714285714285714,0.8181818181818182,0.2096991926745818,0.6052760640165227,0.05342195287902092,0.8145778719002765,0.32277218324490037,12,9,9,2
full_npt256,fpca256_25,85,0.78,0.7534088790267279,1.0,0.1,0.55,0.45454545454545453,1.0,0.1939165265076847,0.569767014568506,-0.2189946936991392,1.4748359444921857,0.19658889436876528,15,2,18,0
full_npt256,fpca256_25,86,0.6509803921568627,0.6209619269619269,0.7333333333333333,0.4117647058823529,0.5725490196078431,0.5238095238095238,0.6363636363636364,0.2584043365278609,0.7149175086357562,0.06188149693273912,0.4213290432004195,0.24379667329275395,11,7,10,4
full_npt256,fpca256_25,87,0.5111111111111111,0.524115301695098,0.8,0.1111111111111111,0.4555555555555556,0.42857142857142855,0.4,0.30152374284387007,0.8413742883697272,-0.18111811305707215,-0.017646528889092815,0.24091554098525503,12,2,16,3
full_npt256,fpca256_25,88,0.7330827067669173,0.7823099519528091,0.7857142857142857,0.3157894736842105,0.5507518796992481,0.4583333333333333,0.6666666666666666,0.21380876921306502,0.622501447891721,-0.29675047007380745,0.9075127260411853,0.33210951998531296,11,6,13,3
full_npt256,fpca256_25,89,0.7014492753623189,0.5675136111103266,1.0,0.30434782608695654,0.6521739130434783,0.4838709677419355,1.0,0.22469684430367334,0.6454222211609807,-0.4522137073151485,0.6687460414768781,0.289740766198426,15,7,16,0
full_npt256,fpca256_25,90,0.5181818181818182,0.48658266403471007,0.8666666666666667,0.09090909090909091,0.4787878787878788,0.3939393939393939,0.5,0.2850812872825534,0.7757483861112923,-0.38781106051939956,0.05106366978248976,0.2450763164015697,13,2,20,2
full_npt256,fpca256_25,91,0.7843137254901962,0.8207747418273734,1.0,0.11764705882352941,0.5588235294117647,0.5,1.0,0.20171819587202375,0.585938141134706,-0.6216803944073671,2.0802159477502724,0.2779795604472078,15,2,15,0
full_npt256,fpca256_25,92,0.7192982456140351,0.6247960324276114,0.8666666666666667,0.47368421052631576,0.6701754385964912,0.5652173913043478,0.8181818181818182,0.23412971353733933,0.6723209855680481,-0.03070842190567919,0.49379767838771454,0.26967202069797896,13,9,10,2
full_npt256,fpca256_25,93,0.6616541353383458,0.5449288039427791,0.8571428571428571,0.42105263157894735,0.6390977443609023,0.5217391304347826,0.8,0.2313604581286029,0.6540596172399946,-0.2329880158941742,0.5788601895082625,0.3680896964982528,12,8,11,2
full_npt256,fpca256_25,94,0.5900000000000001,0.5044803355493941,0.7333333333333333,0.3,0.5166666666666666,0.44,0.6,0.273230906544714,0.7837515712015168,-0.25254988433083103,0.18251109732691295,0.29718672618806724,11,6,14,4
full_npt256,fpca256_25,95,0.5633333333333335,0.563107261568132,0.8,0.4,0.6000000000000001,0.5,0.7272727272727273,0.2819929562478816,0.7844039769864375,-0.29252788071696584,0.1544823722355712,0.36102721284809586,12,8,12,3
full_npt256,fpca256_25,96,0.6196078431372549,0.5790286596248593,0.8,0.4117647058823529,0.6058823529411765,0.5454545454545454,0.7,0.25863863899279754,0.7334466712452846,-0.06378012005730829,0.34655787468736154,0.336352090141911,12,7,10,3
full_npt256,fpca256_25,97,0.712280701754386,0.6446456027542529,0.9333333333333333,0.42105263157894735,0.6771929824561403,0.56,0.8888888888888888,0.21891714518873936,0.6305300137406523,-0.3460314544820196,0.834799720217431,0.3244157134317901,14,8,11,1
full_npt256,fpca256_25,98,0.7464285714285714,0.766270647342076,0.9285714285714286,0.25,0.5892857142857143,0.4642857142857143,0.8333333333333334,0.2043330911374442,0.5885134267129389,-0.28640759168225377,1.3175266983040599,0.3067875980576783,13,5,15,1
full_npt256,fpca256_25,99,0.6507936507936508,0.6083460413864648,0.7333333333333333,0.42857142857142855,0.5809523809523809,0.4782608695652174,0.6923076923076923,0.2251799662486632,0.6400503304455049,0.2941134575831469,0.9675929449277761,0.2540934602813955,11,9,12,4
full_npt256,fpca256_30,0,0.4266666666666667,0.4962795294093085,0.5333333333333333,0.3,0.41666666666666663,0.36363636363636365,0.46153846153846156,0.3441832099494607,0.9567665908351904,-0.28711804443250616,-0.07755841464770749,0.3528749418291962,8,6,14,7
full_npt256,fpca256_30,1,0.7740740740740741,0.805469395519222,0.8666666666666667,0.2777777777777778,0.5722222222222222,0.5,0.7142857142857143,0.198001105536372,0.5778057719662903,-0.04308918555707346,1.0073350839208077,0.27499026283325245,13,5,13,2
full_npt256,fpca256_30,2,0.6888888888888889,0.6963328682813352,0.8666666666666667,0.3888888888888889,0.6277777777777778,0.5416666666666666,0.7777777777777778,0.23066295326019745,0.6543751735225789,-0.15788411522237963,0.5822642566884211,0.28680705387731,13,7,11,2
full_npt256,fpca256_30,3,0.6703703703703704,0.582951804900272,0.9333333333333333,0.16666666666666666,0.55,0.4827586206896552,0.75,0.2262573534991031,0.6423742492182266,-0.12134754406442118,0.7183613032681688,0.20610896658432137,14,3,15,1
full_npt256,fpca256_30,4,0.6583850931677019,0.5935731033521762,0.8571428571428571,0.30434782608695654,0.5807453416149069,0.42857142857142855,0.7777777777777778,0.23274967832291701,0.6518587683988823,-0.4725486911553778,0.7134787701384913,0.32183832509910143,12,7,16,2
full_npt256,fpca256_30,5,0.51,0.47092513845131895,0.8666666666666667,0.3,0.5833333333333334,0.48148148148148145,0.75,0.2966496048843377,0.798406069436904,-0.26931501743318426,0.11964179946676473,0.25368152535457733,13,6,14,2
full_npt256,fpca256_30,6,0.6777777777777778,0.7070051074656337,0.8666666666666667,0.2222222222222222,0.5444444444444445,0.48148148148148145,0.6666666666666666,0.22951769979514888,0.6637732749373972,0.021825541958928694,0.6079165142155433,0.22232012439930404,13,4,14,2
full_npt256,fpca256_30,7,0.8200000000000001,0.7324306008748733,0.9333333333333333,0.55,0.7416666666666667,0.6086956521739131,0.9166666666666666,0.18483996047941875,0.5492522208450102,0.1243389157467122,1.5202507014731494,0.31794138363580193,14,11,9,1
full_npt256,fpca256_30,8,0.6879699248120301,0.6096899132613418,0.9285714285714286,0.2631578947368421,0.5958646616541353,0.48148148148148145,0.8333333333333334,0.22363506037560965,0.6309627616016857,-0.08644055842207522,0.7169017809644498,0.22970167948090237,13,5,14,1
full_npt256,fpca256_30,9,0.5333333333333333,0.5101949780100684,0.8,0.1,0.45,0.4,0.4,0.31644803391797693,0.8997821215596051,-0.30902759795291024,0.08521990744325716,0.2387624585120812,12,2,18,3
full_npt256,fpca256_30,10,0.6222222222222222,0.5142478672837179,0.8666666666666667,0.2857142857142857,0.5761904761904761,0.4642857142857143,0.75,0.27261470328510745,0.7721632420894554,-0.4063696362705991,0.33996053063619625,0.3155283205538162,13,6,15,2
full_npt256,fpca256_30,11,0.7578947368421053,0.7108431334747125,1.0,0.3157894736842105,0.6578947368421053,0.5357142857142857,1.0,0.19971833121779456,0.584331810892242,-0.2952753077376924,0.9080093016418327,0.25740736957725013,15,6,13,0
full_npt256,fpca256_30,12,0.6631944444444444,0.7030468170058577,0.875,0.16666666666666666,0.5208333333333334,0.4827586206896552,0.6,0.2225525930776699,0.630631199533536,0.00641065646783737,0.9595997375288976,0.29439854592557496,14,3,15,2
full_npt256,fpca256_30,13,0.5714285714285714,0.5496437675100444,0.5714285714285714,0.45,0.5107142857142857,0.42105263157894735,0.6,0.2676108508778388,0.7366362442977024,-0.20021716589880556,0.26483119952178735,0.2889913691533727,8,9,11,6
full_npt256,fpca256_30,14,0.6015037593984962,0.5702737123965759,0.7857142857142857,0.2631578947368421,0.5244360902255639,0.44,0.625,0.2589605422056931,0.7199368188198073,-0.27603478676719123,0.343867586373934,0.34315266839379716,11,5,14,3
full_npt256,fpca256_30,15,0.6666666666666666,0.5951365047995483,0.8666666666666667,0.3,0.5833333333333334,0.48148148148148145,0.75,0.2383439164541377,0.6818412009011389,-0.23486852513979825,0.47889701496749054,0.26791388847139846,13,6,14,2
full_npt256,fpca256_30,16,0.5111111111111111,0.5310872980569522,0.6666666666666666,0.4444444444444444,0.5555555555555556,0.5,0.6153846153846154,0.29158081351892473,0.7938906119527102,-0.12716573717260776,0.1384471776253676,0.32001714739048526,10,8,10,5
full_npt256,fpca256_30,17,0.7465277777777778,0.7233696697609237,0.875,0.3333333333333333,0.6041666666666666,0.5384615384615384,0.75,0.20850286365910056,0.6117871874705233,-0.04538506636032271,0.8120540883938819,0.28140235788466106,14,6,12,2
full_npt256,fpca256_30,18,0.6190476190476191,0.5143844741666883,0.8571428571428571,0.2857142857142857,0.5714285714285714,0.4444444444444444,0.75,0.2522027196250083,0.7059299541091405,-0.3966983292673778,0.41627526146328203,0.3151501696864772,12,6,15,2
full_npt256,fpca256_30,19,0.675,0.4963003451697614,0.9285714285714286,0.35,0.6392857142857142,0.5,0.875,0.24817559800221844,0.7062433155596537,-0.28792903026148176,0.3815153582049089,0.2576953591364217,13,7,13,1
full_npt256,fpca256_30,20,0.5,0.4524370976386697,0.9375,0.21052631578947367,0.5740131578947368,0.5,0.8,0.29231992477761287,0.8130310882410128,-0.18569005591135784,0.045928976696793494,0.3058199185445207,15,4,15,1
full_npt256,fpca256_30,21,0.6912280701754385,0.7385071049605718,0.7333333333333333,0.3157894736842105,0.5245614035087719,0.4583333333333333,0.6,0.2305117929622215,0.6479241322751003,-0.20541923200517948,0.6241095858146115,0.3660346192313657,11,6,13,4
full_npt256,fpca256_30,22,0.6407407407407408,0.5329686000274236,0.8666666666666667,0.2777777777777778,0.5722222222222222,0.5,0.7142857142857143,0.24180671450807914,0.6768706828139953,-0.08115167240317707,0.5605757302999801,0.31398467651211615,13,5,13,2
full_npt256,fpca256_30,23,0.6964285714285715,0.6607626864606005,0.7142857142857143,0.45,0.5821428571428572,0.47619047619047616,0.6923076923076923,0.24095680100756572,0.6857000904172841,-0.30321580718468777,0.46857885202311483,0.35175295375212234,10,9,11,4
full_npt256,fpca256_30,24,0.6360544217687074,0.5753755631109068,1.0,0.19047619047619047,0.5952380952380952,0.45161290322580644,1.0,0.23705884218126658,0.6577417997386833,-0.38303455058158703,0.6593696300958947,0.24632601935156495,14,4,17,0
full_npt256,fpca256_30,25,0.6866666666666666,0.5682675842675843,1.0,0.3,0.65,0.5172413793103449,1.0,0.22839550443471235,0.6465234224872554,0.005929674817953114,0.7113077774339309,0.23326403822280767,15,6,14,0
full_npt256,fpca256_30,26,0.6862745098039216,0.6189922650448966,0.9333333333333333,0.29411764705882354,0.6137254901960785,0.5384615384615384,0.8333333333333334,0.2283105050110979,0.6446178665391133,0.10885833407721877,0.6390090480222235,0.19986011905638523,14,5,12,1
full_npt256,fpca256_30,27,0.45535714285714285,0.41937475306208294,0.75,0.19047619047619047,0.47023809523809523,0.41379310344827586,0.5,0.31914984418000963,0.896459065482385,-0.29093905427413497,-0.21441474481834616,0.29874355570963784,12,4,17,4
full_npt256,fpca256_30,28,0.7142857142857143,0.5965310827434888,0.8571428571428571,0.4,0.6285714285714286,0.5,0.8,0.22297465650004808,0.6411267131382834,-0.39099818824856086,0.6567027446925089,0.3185179880105074,12,8,12,2
full_npt256,fpca256_30,29,0.8157894736842104,0.7625472411186697,1.0,0.3157894736842105,0.6578947368421053,0.5185185185185185,1.0,0.19564087741079353,0.5817186340295537,-0.851098108322834,1.2743001511136236,0.362605565463202,14,6,13,0
full_npt256,fpca256_30,30,0.5740740740740741,0.49598060301378,0.8,0.3888888888888889,0.5944444444444444,0.5217391304347826,0.7,0.2772322059889919,0.7906496595710013,-0.11887154613984582,0.23999371022602795,0.28425969975816334,12,7,11,3
full_npt256,fpca256_30,31,0.6000000000000001,0.5099398699175886,0.8666666666666667,0.25,0.5583333333333333,0.4642857142857143,0.7142857142857143,0.24875888714463978,0.6906360551757167,-0.2714921523584345,0.4755747705724805,0.30460245409484066,13,5,15,2
full_npt256,fpca256_30,32,0.7433333333333334,0.5939583581143683,1.0,0.5,0.75,0.6,1.0,0.21021702542603465,0.6058867822830952,-0.1874608890444781,0.8434817721950446,0.30817720810782595,15,10,10,0
full_npt256,fpca256_30,33,0.453968253968254,0.4661105176642098,0.9333333333333333,0.0,0.4666666666666667,0.4,0.0,0.3162013199504365,0.862457788046337,-0.31262086943101025,-0.05118666133367746,0.2598375474977734,14,0,21,1
full_npt256,fpca256_30,34,0.7420634920634921,0.7879382797460337,0.6428571428571429,0.6111111111111112,0.626984126984127,0.5625,0.6875,0.18844242389508076,0.5614742775425337,0.5348236680139113,1.570469450209961,0.3272372419653825,9,11,7,5
full_npt256,fpca256_30,35,0.6063492063492064,0.5040829658169812,0.8666666666666667,0.2857142857142857,0.5761904761904761,0.4642857142857143,0.75,0.27578808777588026,0.8021012711786228,-0.36634572039520225,0.21803019453592215,0.28177896828461213,13,6,15,2
full_npt256,fpca256_30,36,0.5441176470588235,0.5068802488327984,0.8125,0.17647058823529413,0.4944852941176471,0.48148148148148145,0.5,0.27531807921975027,0.7442891181541923,0.09677167936845539,0.311309715815756,0.21902476257586856,13,3,14,3
full_npt256,fpca256_30,37,0.6571428571428571,0.6033147681115013,0.8666666666666667,0.23809523809523808,0.5523809523809524,0.4482758620689655,0.7142857142857143,0.27117688916096516,0.7679342975494716,-0.48031567989355345,0.3839451986978423,0.29580410566467014,13,5,16,2
full_npt256,fpca256_30,38,0.6203007518796992,0.5386267329978509,0.8571428571428571,0.42105263157894735,0.6390977443609023,0.5217391304347826,0.8,0.24412425056757378,0.6872967889034491,-0.21482263760021303,0.4501343625553894,0.33707499580229106,12,8,11,2
full_npt256,fpca256_30,39,0.7669172932330827,0.7720498755057579,0.8571428571428571,0.3684210526315789,0.612781954887218,0.5,0.7777777777777778,0.19566036957106395,0.5639223308501112,0.07661018011629463,0.9877778027665536,0.3021708015025753,12,7,12,2
full_npt256,fpca256_30,40,0.5578947368421052,0.4986242000050715,1.0,0.15789473684210525,0.5789473684210527,0.4838709677419355,1.0,0.2633909656910665,0.7274850061161431,-0.2495227032032887,0.3260247606978723,0.2314676395859762,15,3,16,0
full_npt256,fpca256_30,41,0.5034722222222222,0.5247635606422749,0.75,0.3888888888888889,0.5694444444444444,0.5217391304347826,0.6363636363636364,0.3118751363843126,0.8872722477850488,-0.1306315402976972,-0.05145206641191795,0.2741452900886361,12,7,11,4
full_npt256,fpca256_30,42,0.6070175438596491,0.5733649621668863,0.8,0.2631578947368421,0.531578947368421,0.46153846153846156,0.625,0.25441956068610544,0.7029748438335827,-0.1723677180172746,0.413527720522581,0.2998760475322353,12,5,14,3
full_npt256,fpca256_30,43,0.7785714285714286,0.6288908874586624,1.0,0.55,0.775,0.6086956521739131,1.0,0.19737509744377335,0.574257608312143,-0.20908108458767935,1.409638732113902,0.4030367050495848,14,11,9,0
full_npt256,fpca256_30,44,0.761904761904762,0.6356393010740573,0.9285714285714286,0.5238095238095238,0.7261904761904763,0.5652173913043478,0.9166666666666666,0.2073443971155077,0.6224459283564023,-0.6274402550450537,0.7382999791046542,0.3261337512252707,13,11,10,1
full_npt256,fpca256_30,45,0.656140350877193,0.6140574737119918,0.8,0.2631578947368421,0.531578947368421,0.46153846153846156,0.625,0.23515931658828557,0.6792344022396112,-0.2222590639051027,0.5418221709012552,0.31129127554240626,12,5,14,3
full_npt256,fpca256_30,46,0.54,0.5068979164027602,0.9333333333333333,0.1,0.5166666666666667,0.4375,0.6666666666666666,0.27672943506429537,0.7560886217076951,-0.3404040081461045,0.23039808582283,0.2857238262217331,14,2,18,1
full_npt256,fpca256_30,47,0.6385964912280703,0.6382716049382716,0.8,0.3684210526315789,0.5842105263157895,0.5,0.7,0.24925969620825073,0.6981757783190708,-0.11337395527847896,0.4291309725168902,0.23032779568556688,12,7,12,3
full_npt256,fpca256_30,48,0.6607142857142858,0.5767527314235578,0.9285714285714286,0.2,0.5642857142857143,0.4482758620689655,0.8,0.2422594779141067,0.6912905863812916,-0.46640509498676436,0.5666059989342314,0.3183511059616058,13,4,16,1
full_npt256,fpca256_30,49,0.6526315789473685,0.6019257176224722,0.8666666666666667,0.3157894736842105,0.5912280701754387,0.5,0.75,0.2530025272635994,0.6987295030058998,0.05933085537465819,0.4656907709338756,0.16212718899510734,13,6,13,2
full_npt256,fpca256_30,50,0.8126984126984127,0.7629516456283181,1.0,0.47619047619047616,0.7380952380952381,0.5769230769230769,1.0,0.1858365475775736,0.5514639826505262,0.11128297283883427,1.877918515303999,0.3230956137435112,15,10,11,0
full_npt256,fpca256_30,51,0.631578947368421,0.5606646329665995,1.0,0.21052631578947367,0.6052631578947368,0.5,1.0,0.24161163216503018,0.6856235483353713,-0.22745459505134683,0.5001773486625043,0.22141399969786266,15,4,15,0
full_npt256,fpca256_30,52,0.6350877192982456,0.5603280228431469,0.7333333333333333,0.3684210526315789,0.5508771929824561,0.4782608695652174,0.6363636363636364,0.2534556625046864,0.6990313473912239,-0.14569623569098905,0.42727895309834346,0.30805133842070753,11,7,12,4
full_npt256,fpca256_30,53,0.6766917293233083,0.5385168715995784,1.0,0.3157894736842105,0.6578947368421053,0.5185185185185185,1.0,0.22941789384619843,0.6443185931272294,-0.2516230375452277,0.6914236898189929,0.31488595651669166,14,6,13,0
full_npt256,fpca256_30,54,0.5192982456140351,0.4975413826275895,0.7333333333333333,0.3157894736842105,0.5245614035087719,0.4583333333333333,0.6,0.3161612501708216,0.9098471650404463,-0.2349436060086931,0.007146103653645127,0.3218414644543999,11,6,13,4
full_npt256,fpca256_30,55,0.7433333333333334,0.6828639096334196,1.0,0.25,0.625,0.5,1.0,0.20631097499122958,0.5945129208656629,-0.23309151487905924,1.0369503699179645,0.2358323926393106,15,5,15,0
full_npt256,fpca256_30,56,0.5666666666666667,0.5530372852953498,0.8,0.2222222222222222,0.5111111111111111,0.46153846153846156,0.5714285714285714,0.2832923263725606,0.8302581547240286,-0.18681636262041953,0.20281656349377736,0.26578429043284474,12,4,14,3
full_npt256,fpca256_30,57,0.7473684210526316,0.6730215336587886,0.9333333333333333,0.21052631578947367,0.5719298245614035,0.4827586206896552,0.8,0.20238287462682591,0.6019898698457044,-0.1439665153530826,0.9101418185094076,0.2233760462203034,14,4,15,1
full_npt256,fpca256_30,58,0.6224489795918368,0.5232395893580105,0.8571428571428571,0.23809523809523808,0.5476190476190476,0.42857142857142855,0.7142857142857143,0.24331136052662689,0.6794463307393749,-0.33002725180851533,0.4873510797715931,0.3281354680534159,12,5,16,2
full_npt256,fpca256_30,59,0.6421052631578947,0.5282542267038834,1.0,0.21052631578947367,0.6052631578947368,0.5,1.0,0.2444502007076068,0.6967257545337382,-0.30206114327801786,0.4987155523547602,0.27365681774513806,15,4,15,0
full_npt256,fpca256_30,60,0.5933333333333333,0.540009352922639,0.7333333333333333,0.35,0.5416666666666666,0.4583333333333333,0.6363636363636364,0.2754876575297465,0.8110706483962239,-0.26825235068458586,0.17695682061106607,0.3150777433936726,11,7,13,4
full_npt256,fpca256_30,61,0.5592592592592592,0.5267599792670942,1.0,0.2222222222222222,0.6111111111111112,0.5172413793103449,1.0,0.26096528236644073,0.7181542572414706,-0.14376731886271316,0.3489846348280069,0.28551655099623685,15,4,14,0
full_npt256,fpca256_30,62,0.7372549019607842,0.765338202102908,0.7333333333333333,0.5294117647058824,0.6313725490196078,0.5789473684210527,0.6923076923076923,0.21670070429880944,0.6302866736156649,0.3211686960837685,0.7178849423443114,0.29270207693878747,11,9,8,4
full_npt256,fpca256_30,63,0.788961038961039,0.6416061135532608,1.0,0.5,0.75,0.56,1.0,0.19804169721022763,0.5843707713166737,-0.35091444676369987,1.1266249264059591,0.3131744492591028,14,11,11,0
full_npt256,fpca256_30,64,0.6933333333333334,0.588234227448848,0.8666666666666667,0.45,0.6583333333333333,0.5416666666666666,0.8181818181818182,0.22293844552164468,0.6359061692150433,-0.17174961386698803,0.7137817360481901,0.32120338270730203,13,9,11,2
full_npt256,fpca256_30,65,0.7964912280701755,0.7866586847765337,1.0,0.15789473684210525,0.5789473684210527,0.4838709677419355,1.0,0.18551865798235934,0.5500486493688067,-0.04842124656070083,1.9865215544870418,0.2558144153565938,15,3,16,0
full_npt256,fpca256_30,66,0.65,0.5516656696018463,0.8666666666666667,0.35,0.6083333333333334,0.5,0.7777777777777778,0.2669089205734733,0.8059254417473036,-0.316283759527967,0.25440160342853113,0.2714950280814624,13,7,13,2
full_npt256,fpca256_30,67,0.5520833333333333,0.5332994516857663,0.875,0.16666666666666666,0.5208333333333334,0.4827586206896552,0.6,0.27438925492805727,0.761563357526651,-0.08500742235323473,0.1892271406014958,0.2220645268205138,14,3,15,2
full_npt256,fpca256_30,68,0.6,0.590040669635717,0.7857142857142857,0.3,0.5428571428571428,0.44,0.6666666666666666,0.27472512049159215,0.7470325060763708,-0.4027906121822291,0.34442811876080076,0.3044536646208891,11,6,14,3
full_npt256,fpca256_30,69,0.5035714285714286,0.4705791911585522,0.7857142857142857,0.2,0.4928571428571429,0.4074074074074074,0.5714285714285714,0.30673761848552206,0.8477757818861579,-0.35382081336536547,-0.048153272151279056,0.34960729403520285,11,4,16,3
full_npt256,fpca256_30,70,0.6280701754385964,0.6276983589886815,0.7333333333333333,0.5263157894736842,0.6298245614035087,0.55,0.7142857142857143,0.25316529230997636,0.7560004823209069,-0.11841392939741156,0.29942244982954414,0.345437178252882,11,10,9,4
full_npt256,fpca256_30,71,0.6500000000000001,0.6504183009030208,0.9333333333333333,0.15,0.5416666666666666,0.45161290322580644,0.75,0.22758202354731863,0.6385400801017155,-0.10529628069788317,0.7205581005736016,0.22911861546638626,14,3,17,1
full_npt256,fpca256_30,72,0.8,0.7708104858104858,1.0,0.42105263157894735,0.7105263157894737,0.5769230769230769,1.0,0.18525819321266343,0.5450148802757484,0.11170238746001811,1.5446544209701962,0.3113011742008582,15,8,11,0
full_npt256,fpca256_30,73,0.5929824561403509,0.5371436267911903,0.8666666666666667,0.2631578947368421,0.5649122807017544,0.48148148148148145,0.7142857142857143,0.2823404424512259,0.785019541427639,-0.19736788447317605,0.18593241757549125,0.25897172762949466,13,5,14,2
full_npt256,fpca256_30,74,0.5678571428571428,0.5045115776396565,0.8571428571428571,0.2,0.5285714285714286,0.42857142857142855,0.6666666666666666,0.2853266823769009,0.7909011946221761,-0.46328558204933207,0.28003975031623624,0.33921228322206964,12,4,16,2
full_npt256,fpca256_30,75,0.5301587301587302,0.48403449361428985,0.7333333333333333,0.14285714285714285,0.4380952380952381,0.3793103448275862,0.42857142857142855,0.31218410727237733,0.8770010802353972,-0.35610127314558737,0.07632743528088838,0.3018390161283955,11,3,18,4
full_npt256,fpca256_30,76,0.6941176470588235,0.711102431099626,0.9333333333333333,0.17647058823529413,0.5549019607843138,0.5,0.75,0.22025034470105997,0.6331952880852737,-0.07515253967169006,0.9417175215281077,0.28293735663559866,14,3,14,1
full_npt256,fpca256_30,77,0.6912280701754385,0.6015953182619849,0.9333333333333333,0.2631578947368421,0.5982456140350877,0.5,0.8333333333333334,0.22329430483975818,0.6303193863959093,-0.08640894999979376,0.7569010986784841,0.26963818751494195,14,5,14,1
full_npt256,fpca256_30,78,0.6857142857142857,0.6314775282546491,0.7857142857142857,0.55,0.6678571428571429,0.55,0.7857142857142857,0.233951687144031,0.6672481150519401,-0.24782578171542546,0.5015874914598367,0.30837473153964834,11,11,9,3
full_npt256,fpca256_30,79,0.5533333333333335,0.5026898866029301,0.8,0.15,0.47500000000000003,0.41379310344827586,0.5,0.27277367291574617,0.7528873538406136,-0.26355467921643644,0.1727509313366187,0.23640960747584866,12,3,17,3
full_npt256,fpca256_30,80,0.5333333333333333,0.497106711634095,0.7333333333333333,0.2,0.4666666666666667,0.4074074074074074,0.5,0.2878037321494787,0.7804627246646026,-0.29750553001300606,0.12532812571151208,0.31888907527662863,11,4,16,4
full_npt256,fpca256_30,81,0.7066666666666667,0.7026633152613544,0.8,0.3,0.55,0.46153846153846156,0.6666666666666666,0.21994463026338992,0.6543122578767852,-0.21810347013807047,0.5746878738664698,0.27722354070825594,12,6,14,3
full_npt256,fpca256_30,82,0.640625,0.6317780741746148,0.875,0.2,0.5375,0.4666666666666667,0.6666666666666666,0.2477254844678215,0.6986183513711048,-0.29874588722769646,0.4825689353300085,0.3108783525481567,14,4,16,2
full_npt256,fpca256_30,83,0.6654135338345865,0.6021100864588259,0.8571428571428571,0.42105263157894735,0.6390977443609023,0.5217391304347826,0.8,0.2365688751629162,0.6747123532398479,-0.2480699565857062,0.5174328935603804,0.34107795138128355,12,8,11,2
full_npt256,fpca256_30,84,0.7380952380952381,0.6568502264930836,0.8571428571428571,0.5,0.6785714285714286,0.5714285714285714,0.8181818181818182,0.2055153270711126,0.5942115717803458,0.07870450655591339,0.8751952541177938,0.3067300541179698,12,9,9,2
full_npt256,fpca256_30,85,0.7233333333333334,0.6995299865826181,0.9333333333333333,0.35,0.6416666666666666,0.5185185185185185,0.875,0.20779566808704092,0.598843032146825,-0.19557337788928827,1.1405679775073356,0.28141903525949286,14,7,13,1
full_npt256,fpca256_30,86,0.6392156862745098,0.5690134567525872,0.8,0.4117647058823529,0.6058823529411765,0.5454545454545454,0.7,0.2606158245810438,0.7204485458786352,0.036038476129538956,0.3995039123331988,0.25553012046521123,12,7,10,3
full_npt256,fpca256_30,87,0.5185185185185185,0.5052422003284073,0.8666666666666667,0.1111111111111111,0.48888888888888893,0.4482758620689655,0.5,0.3092677922418107,0.8628818322982275,-0.18061054566157048,-0.020926540605790557,0.21894809152018074,13,2,16,2
full_npt256,fpca256_30,88,0.736842105263158,0.7758041073258464,0.7857142857142857,0.3684210526315789,0.5770676691729323,0.4782608695652174,0.7,0.20660377223495766,0.6050928970232232,-0.27560375478560617,0.90722586876983,0.34808108131406407,11,7,12,3
full_npt256,fpca256_30,89,0.727536231884058,0.5962806004911267,1.0,0.34782608695652173,0.6739130434782609,0.5,1.0,0.2157885312996665,0.6303356723340163,-0.4462442791483547,0.7135615696377035,0.2815962731731255,15,8,15,0
full_npt256,fpca256_30,90,0.5333333333333333,0.5448428408775435,0.8666666666666667,0.18181818181818182,0.5242424242424243,0.41935483870967744,0.6666666666666666,0.28136448041154094,0.7656246749850725,-0.393654327436459,0.16934701532160826,0.24589102519721276,13,4,18,2
full_npt256,fpca256_30,91,0.7450980392156863,0.8012406958441418,1.0,0.11764705882352941,0.5588235294117647,0.5,1.0,0.20676648185395052,0.5963625776225927,-0.5494815949803334,1.8078738799323224,0.28436291834695854,15,2,15,0
full_npt256,fpca256_30,92,0.736842105263158,0.6360977982945946,0.8666666666666667,0.5263157894736842,0.6964912280701754,0.5909090909090909,0.8333333333333334,0.2287852362873757,0.6618276637914121,-0.05332847953124044,0.5171727491786456,0.25307268063473837,13,10,9,2
full_npt256,fpca256_30,93,0.706766917293233,0.6598219010555294,0.8571428571428571,0.42105263157894735,0.6390977443609023,0.5217391304347826,0.8,0.21921649237113403,0.6247852327768666,-0.21500340096244994,0.6991759122115168,0.3301591214512268,12,8,11,2
full_npt256,fpca256_30,94,0.6033333333333333,0.5138383935382836,0.7333333333333333,0.4,0.5666666666666667,0.4782608695652174,0.6666666666666666,0.26602645988448176,0.7659907874479431,-0.2446056126914456,0.23655662263482274,0.2973096409067048,11,8,12,4
full_npt256,fpca256_30,95,0.5700000000000001,0.5473609923576273,0.8,0.45,0.625,0.5217391304347826,0.75,0.27773121979778964,0.7709495199769568,-0.29560845371541117,0.1984350379518361,0.3606961749795061,12,9,11,3
full_npt256,fpca256_30,96,0.615686274509804,0.5628904088990493,0.7333333333333333,0.4117647058823529,0.5725490196078431,0.5238095238095238,0.6363636363636364,0.2637772958730339,0.7441240156353954,-0.07715666996440496,0.3254148834955214,0.3319202196322704,11,7,10,4
full_npt256,fpca256_30,97,0.7087719298245614,0.6081202076790312,0.9333333333333333,0.2631578947368421,0.5982456140350877,0.5,0.8333333333333334,0.22426818699021026,0.6484936431656543,-0.31633172378303803,0.6830071683076485,0.2559936575886821,14,5,14,1
full_npt256,fpca256_30,98,0.7678571428571429,0.7866299104106985,0.9285714285714286,0.3,0.6142857142857143,0.48148148148148145,0.8571428571428571,0.19892400379358338,0.5762805584868036,-0.32398010734972693,1.3984237403828543,0.34190745609469264,13,6,14,1
full_npt256,fpca256_30,99,0.6698412698412699,0.6113202369991939,0.6666666666666666,0.6666666666666666,0.6666666666666666,0.5882352941176471,0.7368421052631579,0.22569647983803204,0.6392033121616454,0.3826723326012107,1.0235526142911546,0.3272035677289297,10,14,7,5
