profile_encoder,scope,split_id,component,explained_variance_ratio,cumulative_explained_variance_ratio
fpca256_10,outer_fold,0,1,0.5962228543092989,0.5962228543092989
fpca256_10,outer_fold,0,2,0.2877403604939902,0.8839632148032891
fpca256_10,outer_fold,0,3,0.037655443193419534,0.9216186579967086
fpca256_10,outer_fold,0,4,0.02079599522465567,0.9424146532213643
fpca256_10,outer_fold,0,5,0.005193944995995749,0.9476085982173601
fpca256_10,outer_fold,0,6,0.001918991647146901,0.949527589864507
fpca256_10,outer_fold,0,7,0.0012721468353007728,0.9507997366998078
fpca256_10,outer_fold,0,8,0.0010039237798313847,0.9518036604796392
fpca256_10,outer_fold,0,9,0.0009731892997849463,0.9527768497794241
fpca256_10,outer_fold,0,10,0.0008869319354051319,0.9536637817148292
fpca256_10,outer_fold,1,1,0.6363370813266912,0.6363370813266912
fpca256_10,outer_fold,1,2,0.26367876252951183,0.900015843856203
fpca256_10,outer_fold,1,3,0.03353732175910825,0.9335531656153113
fpca256_10,outer_fold,1,4,0.016190985494279747,0.9497441511095911
fpca256_10,outer_fold,1,5,0.004295661902100834,0.9540398130116919
fpca256_10,outer_fold,1,6,0.0015879342409612204,0.9556277472526532
fpca256_10,outer_fold,1,7,0.0011498277939022894,0.9567775750465555
fpca256_10,outer_fold,1,8,0.000978846328878009,0.9577564213754335
fpca256_10,outer_fold,1,9,0.0008564912270993208,0.9586129126025328
fpca256_10,outer_fold,1,10,0.0008307918540198063,0.9594437044565526
fpca256_10,outer_fold,2,1,0.645937751028479,0.645937751028479
fpca256_10,outer_fold,2,2,0.24857013587229465,0.8945078869007737
fpca256_10,outer_fold,2,3,0.034397648959243673,0.9289055358600173
fpca256_10,outer_fold,2,4,0.017342118475756032,0.9462476543357734
fpca256_10,outer_fold,2,5,0.00412866093387592,0.9503763152696493
fpca256_10,outer_fold,2,6,0.0015945406928855115,0.9519708559625348
fpca256_10,outer_fold,2,7,0.0012486820731712645,0.9532195380357061
fpca256_10,outer_fold,2,8,0.0010348689819235494,0.9542544070176296
fpca256_10,outer_fold,2,9,0.0009261673593443343,0.955180574376974
fpca256_10,outer_fold,2,10,0.0009109307099130232,0.956091505086887
fpca256_10,outer_fold,3,1,0.593067669964185,0.593067669964185
fpca256_10,outer_fold,3,2,0.29416320060641077,0.8872308705705958
fpca256_10,outer_fold,3,3,0.03759950278427228,0.9248303733548681
fpca256_10,outer_fold,3,4,0.019226617737353922,0.944056991092222
fpca256_10,outer_fold,3,5,0.0047921649406667925,0.9488491560328888
fpca256_10,outer_fold,3,6,0.0017788410091782215,0.950627997042067
fpca256_10,outer_fold,3,7,0.00132092326187217,0.9519489203039392
fpca256_10,outer_fold,3,8,0.0010469831555315024,0.9529959034594707
fpca256_10,outer_fold,3,9,0.0009208282158256622,0.9539167316752963
fpca256_10,outer_fold,3,10,0.0008907584791196149,0.9548074901544159
fpca256_10,outer_fold,4,1,0.6599399922385685,0.6599399922385685
fpca256_10,outer_fold,4,2,0.23602504892985707,0.8959650411684256
fpca256_10,outer_fold,4,3,0.034053978213744326,0.9300190193821699
fpca256_10,outer_fold,4,4,0.01686521184470233,0.9468842312268723
fpca256_10,outer_fold,4,5,0.004505146865846841,0.9513893780927191
fpca256_10,outer_fold,4,6,0.0016117475313868364,0.9530011256241059
fpca256_10,outer_fold,4,7,0.00135323105546897,0.9543543566795748
fpca256_10,outer_fold,4,8,0.0010279753832218796,0.9553823320627967
fpca256_10,outer_fold,4,9,0.0009286800639767246,0.9563110121267734
fpca256_10,outer_fold,4,10,0.000907947905364137,0.9572189600321375
fpca256_10,outer_fold,5,1,0.6431408591174037,0.6431408591174037
fpca256_10,outer_fold,5,2,0.2559383643070669,0.8990792234244707
fpca256_10,outer_fold,5,3,0.03543817233347453,0.9345173957579452
fpca256_10,outer_fold,5,4,0.015434091192097162,0.9499514869500424
fpca256_10,outer_fold,5,5,0.004026957687619234,0.9539784446376616
fpca256_10,outer_fold,5,6,0.0015410784628697913,0.9555195231005313
fpca256_10,outer_fold,5,7,0.0012077757751119197,0.9567272988756432
fpca256_10,outer_fold,5,8,0.000979320957110333,0.9577066198327535
fpca256_10,outer_fold,5,9,0.0008853628233409689,0.9585919826560945
fpca256_10,outer_fold,5,10,0.0008455561956670443,0.9594375388517615
fpca256_10,outer_fold,6,1,0.6488398007490208,0.6488398007490208
fpca256_10,outer_fold,6,2,0.24714810557279251,0.8959879063218134
fpca256_10,outer_fold,6,3,0.033987429814161994,0.9299753361359754
fpca256_10,outer_fold,6,4,0.017340251932976454,0.9473155880689519
fpca256_10,outer_fold,6,5,0.004319609495709445,0.9516351975646613
fpca256_10,outer_fold,6,6,0.0015867437789509893,0.9532219413436123
fpca256_10,outer_fold,6,7,0.001290603664597259,0.9545125450082095
fpca256_10,outer_fold,6,8,0.0010259378148518646,0.9555384828230613
fpca256_10,outer_fold,6,9,0.0009053804760140935,0.9564438632990754
fpca256_10,outer_fold,6,10,0.0008551070704809309,0.9572989703695564
fpca256_10,outer_fold,7,1,0.63013887645128,0.63013887645128
fpca256_10,outer_fold,7,2,0.26458215289350556,0.8947210293447856
fpca256_10,outer_fold,7,3,0.03296520089855044,0.9276862302433361
fpca256_10,outer_fold,7,4,0.018291036932917934,0.945977267176254
fpca256_10,outer_fold,7,5,0.004554436657191368,0.9505317038334453
fpca256_10,outer_fold,7,6,0.0016357910332536918,0.952167494866699
fpca256_10,outer_fold,7,7,0.0013277789887039852,0.953495273855403
fpca256_10,outer_fold,7,8,0.0010312700263515563,0.9545265438817545
fpca256_10,outer_fold,7,9,0.0009326047420179604,0.9554591486237725
fpca256_10,outer_fold,7,10,0.0009101304239919285,0.9563692790477644
fpca256_10,outer_fold,8,1,0.626907064075867,0.626907064075867
fpca256_10,outer_fold,8,2,0.2657791551963602,0.8926862192722272
fpca256_10,outer_fold,8,3,0.03595785074356516,0.9286440700157924
fpca256_10,outer_fold,8,4,0.01795726898907512,0.9466013390048675
fpca256_10,outer_fold,8,5,0.0046601791062080115,0.9512615181110755
fpca256_10,outer_fold,8,6,0.0017701390031370637,0.9530316571142126
fpca256_10,outer_fold,8,7,0.001196239318311324,0.9542278964325239
fpca256_10,outer_fold,8,8,0.0010303306491738437,0.9552582270816977
fpca256_10,outer_fold,8,9,0.0009009436846568201,0.9561591707663546
fpca256_10,outer_fold,8,10,0.0008906618592736932,0.9570498326256283
fpca256_10,outer_fold,9,1,0.5878816987081966,0.5878816987081966
fpca256_10,outer_fold,9,2,0.29170076336040063,0.8795824620685972
fpca256_10,outer_fold,9,3,0.03877927141913422,0.9183617334877314
fpca256_10,outer_fold,9,4,0.021116405005205462,0.9394781384929369
fpca256_10,outer_fold,9,5,0.005304309413556041,0.944782447906493
fpca256_10,outer_fold,9,6,0.0019143289812243536,0.9466967768877174
fpca256_10,outer_fold,9,7,0.0012807041255433924,0.9479774810132607
fpca256_10,outer_fold,9,8,0.0011126243164388185,0.9490901053296995
fpca256_10,outer_fold,9,9,0.0010153217907184898,0.950105427120418
fpca256_10,outer_fold,9,10,0.0009439916782430473,0.951049418798661
fpca256_10,outer_fold,10,1,0.6336743292819567,0.6336743292819567
fpca256_10,outer_fold,10,2,0.26351557874868303,0.8971899080306397
fpca256_10,outer_fold,10,3,0.03525112485204685,0.9324410328826865
fpca256_10,outer_fold,10,4,0.016861894262336204,0.9493029271450227
fpca256_10,outer_fold,10,5,0.004357031987315164,0.9536599591323379
fpca256_10,outer_fold,10,6,0.0015923483765436135,0.9552523075088816
fpca256_10,outer_fold,10,7,0.0012475156304137022,0.9564998231392953
fpca256_10,outer_fold,10,8,0.0010077522490263343,0.9575075753883217
fpca256_10,outer_fold,10,9,0.0008793537434967287,0.9583869291318183
fpca256_10,outer_fold,10,10,0.0008466119756493106,0.9592335411074676
fpca256_10,outer_fold,11,1,0.6163441816801122,0.6163441816801122
fpca256_10,outer_fold,11,2,0.27078064297043786,0.8871248246505501
fpca256_10,outer_fold,11,3,0.03688205631549303,0.9240068809660431
fpca256_10,outer_fold,11,4,0.01872222060713144,0.9427291015731746
fpca256_10,outer_fold,11,5,0.004875458329700307,0.9476045599028748
fpca256_10,outer_fold,11,6,0.0017668054522461001,0.9493713653551209
fpca256_10,outer_fold,11,7,0.0012451882653370407,0.9506165536204579
fpca256_10,outer_fold,11,8,0.001074142683025947,0.9516906963034839
fpca256_10,outer_fold,11,9,0.0009785705853156174,0.9526692668887995
fpca256_10,outer_fold,11,10,0.0008843455548509193,0.9535536124436504
fpca256_10,outer_fold,12,1,0.628178773015146,0.628178773015146
fpca256_10,outer_fold,12,2,0.26043134756007463,0.8886101205752206
fpca256_10,outer_fold,12,3,0.03723071382782117,0.9258408344030418
fpca256_10,outer_fold,12,4,0.018739410706525125,0.9445802451095668
fpca256_10,outer_fold,12,5,0.004259205154896766,0.9488394502644636
fpca256_10,outer_fold,12,6,0.0017763322075752598,0.9506157824720388
fpca256_10,outer_fold,12,7,0.001362365100125036,0.9519781475721638
fpca256_10,outer_fold,12,8,0.0010489259302845328,0.9530270735024483
fpca256_10,outer_fold,12,9,0.0009157194722295111,0.9539427929746778
fpca256_10,outer_fold,12,10,0.0008916690339224825,0.9548344620086002
fpca256_10,outer_fold,13,1,0.6162037635468337,0.6162037635468337
fpca256_10,outer_fold,13,2,0.2723258439290213,0.8885296074758551
fpca256_10,outer_fold,13,3,0.03671317830531699,0.925242785781172
fpca256_10,outer_fold,13,4,0.0192622214325686,0.9445050072137406
fpca256_10,outer_fold,13,5,0.004898855598504332,0.949403862812245
fpca256_10,outer_fold,13,6,0.0017786020813769954,0.951182464893622
fpca256_10,outer_fold,13,7,0.0013124594508454601,0.9524949243444675
fpca256_10,outer_fold,13,8,0.0010943700416691272,0.9535892943861366
fpca256_10,outer_fold,13,9,0.0009583943239501718,0.9545476887100868
fpca256_10,outer_fold,13,10,0.0009238079458072196,0.955471496655894
fpca256_10,outer_fold,14,1,0.6424369962938206,0.6424369962938206
fpca256_10,outer_fold,14,2,0.25791784875818796,0.9003548450520085
fpca256_10,outer_fold,14,3,0.03181567301481799,0.9321705180668265
fpca256_10,outer_fold,14,4,0.016386598317743018,0.9485571163845695
fpca256_10,outer_fold,14,5,0.004433735263334368,0.9529908516479039
fpca256_10,outer_fold,14,6,0.0015731921941955717,0.9545640438420995
fpca256_10,outer_fold,14,7,0.0011785677495994341,0.9557426115916989
fpca256_10,outer_fold,14,8,0.000942158445843487,0.9566847700375424
fpca256_10,outer_fold,14,9,0.0008783519699600556,0.9575631220075024
fpca256_10,outer_fold,14,10,0.0008744897778788184,0.9584376117853812
fpca256_10,outer_fold,15,1,0.6186105251550695,0.6186105251550695
fpca256_10,outer_fold,15,2,0.27706583744108726,0.8956763625961568
fpca256_10,outer_fold,15,3,0.03401944202373594,0.9296958046198928
fpca256_10,outer_fold,15,4,0.01653170617476336,0.9462275107946562
fpca256_10,outer_fold,15,5,0.004668335899979826,0.950895846694636
fpca256_10,outer_fold,15,6,0.0015986514119782818,0.9524944981066142
fpca256_10,outer_fold,15,7,0.0012478250557924424,0.9537423231624067
fpca256_10,outer_fold,15,8,0.0009909800825935726,0.9547333032450003
fpca256_10,outer_fold,15,9,0.0009499007445180888,0.9556832039895183
fpca256_10,outer_fold,15,10,0.0008497250385984472,0.9565329290281168
fpca256_10,outer_fold,16,1,0.6385092909866165,0.6385092909866165
fpca256_10,outer_fold,16,2,0.25557640957501554,0.8940857005616321
fpca256_10,outer_fold,16,3,0.0349248063355598,0.9290105068971919
fpca256_10,outer_fold,16,4,0.01597156113646002,0.9449820680336519
fpca256_10,outer_fold,16,5,0.004371520900904629,0.9493535889345566
fpca256_10,outer_fold,16,6,0.0015667733013085701,0.9509203622358652
fpca256_10,outer_fold,16,7,0.0012917911446779348,0.9522121533805431
fpca256_10,outer_fold,16,8,0.0010712233256262495,0.9532833767061694
fpca256_10,outer_fold,16,9,0.0009548780661762577,0.9542382547723456
fpca256_10,outer_fold,16,10,0.0008762998939136746,0.9551145546662593
fpca256_10,outer_fold,17,1,0.6323560208709471,0.6323560208709471
fpca256_10,outer_fold,17,2,0.2623908917474769,0.894746912618424
fpca256_10,outer_fold,17,3,0.03486909656875461,0.9296160091871786
fpca256_10,outer_fold,17,4,0.01803337173769687,0.9476493809248754
fpca256_10,outer_fold,17,5,0.004623597713040317,0.9522729786379157
fpca256_10,outer_fold,17,6,0.0017577717308115994,0.9540307503687273
fpca256_10,outer_fold,17,7,0.0012403026390202193,0.9552710530077475
fpca256_10,outer_fold,17,8,0.0010123649291905977,0.956283417936938
fpca256_10,outer_fold,17,9,0.000907959143710582,0.9571913770806486
fpca256_10,outer_fold,17,10,0.0008662963153466465,0.9580576733959952
fpca256_10,outer_fold,18,1,0.6142751681005277,0.6142751681005277
fpca256_10,outer_fold,18,2,0.270423184005173,0.8846983521057008
fpca256_10,outer_fold,18,3,0.04016766881145644,0.9248660209171572
fpca256_10,outer_fold,18,4,0.019972938345524507,0.9448389592626817
fpca256_10,outer_fold,18,5,0.004872074972514384,0.9497110342351961
fpca256_10,outer_fold,18,6,0.0016960177423184987,0.9514070519775146
fpca256_10,outer_fold,18,7,0.0012895868629184853,0.9526966388404331
fpca256_10,outer_fold,18,8,0.0009962718249249833,0.9536929106653581
fpca256_10,outer_fold,18,9,0.0009515887666168493,0.9546444994319749
fpca256_10,outer_fold,18,10,0.0008808424992526026,0.9555253419312275
fpca256_10,outer_fold,19,1,0.6356312441125145,0.6356312441125145
fpca256_10,outer_fold,19,2,0.2573760882261039,0.8930073323386184
fpca256_10,outer_fold,19,3,0.03466006217139839,0.9276673945100168
fpca256_10,outer_fold,19,4,0.018710038949740833,0.9463774334597577
fpca256_10,outer_fold,19,5,0.004269804102869908,0.9506472375626276
fpca256_10,outer_fold,19,6,0.001763440162170607,0.9524106777247981
fpca256_10,outer_fold,19,7,0.0013210197786482887,0.9537316975034464
fpca256_10,outer_fold,19,8,0.0010341746825245485,0.954765872185971
fpca256_10,outer_fold,19,9,0.0009429332217275357,0.9557088054076985
fpca256_10,outer_fold,19,10,0.0009033956250294055,0.9566122010327279
fpca256_10,outer_fold,20,1,0.6290732332458625,0.6290732332458625
fpca256_10,outer_fold,20,2,0.26120890742920083,0.8902821406750634
fpca256_10,outer_fold,20,3,0.038440241513928594,0.928722382188992
fpca256_10,outer_fold,20,4,0.018373044254012715,0.9470954264430047
fpca256_10,outer_fold,20,5,0.004194998307703119,0.9512904247507078
fpca256_10,outer_fold,20,6,0.0017531264222851327,0.9530435511729929
fpca256_10,outer_fold,20,7,0.0012316944475827824,0.9542752456205756
fpca256_10,outer_fold,20,8,0.0010263750853444548,0.9553016207059201
fpca256_10,outer_fold,20,9,0.0008978570052501317,0.9561994777111702
fpca256_10,outer_fold,20,10,0.0008778765116922526,0.9570773542228624
fpca256_10,outer_fold,21,1,0.57947773911905,0.57947773911905
fpca256_10,outer_fold,21,2,0.3023072277127798,0.8817849668318298
fpca256_10,outer_fold,21,3,0.03640237818882085,0.9181873450206507
fpca256_10,outer_fold,21,4,0.019647903122192095,0.9378352481428428
fpca256_10,outer_fold,21,5,0.005674252507269219,0.9435095006501121
fpca256_10,outer_fold,21,6,0.0018316607479489395,0.945341161398061
fpca256_10,outer_fold,21,7,0.00138634044650745,0.9467275018445684
fpca256_10,outer_fold,21,8,0.0011165187320564258,0.9478440205766249
fpca256_10,outer_fold,21,9,0.0010950115763834285,0.9489390321530083
fpca256_10,outer_fold,21,10,0.0009651253549549224,0.9499041575079633
fpca256_10,outer_fold,22,1,0.6321428222751281,0.6321428222751281
fpca256_10,outer_fold,22,2,0.2630338726015453,0.8951766948766734
fpca256_10,outer_fold,22,3,0.034967131389248514,0.930143826265922
fpca256_10,outer_fold,22,4,0.01877823635709084,0.9489220626230128
fpca256_10,outer_fold,22,5,0.004366314276248495,0.9532883768992613
fpca256_10,outer_fold,22,6,0.0016748616075010843,0.9549632385067623
fpca256_10,outer_fold,22,7,0.0012595818179941998,0.9562228203247566
fpca256_10,outer_fold,22,8,0.0009502886713307616,0.9571731089960873
fpca256_10,outer_fold,22,9,0.0008644644063664298,0.9580375734024538
fpca256_10,outer_fold,22,10,0.0008330081856451313,0.9588705815880989
fpca256_10,outer_fold,23,1,0.6420716369510365,0.6420716369510365
fpca256_10,outer_fold,23,2,0.25505869760736455,0.8971303345584011
fpca256_10,outer_fold,23,3,0.03429859024681625,0.9314289248052173
fpca256_10,outer_fold,23,4,0.015293904056930492,0.9467228288621479
fpca256_10,outer_fold,23,5,0.004158972317956441,0.9508818011801043
fpca256_10,outer_fold,23,6,0.0015668718272449714,0.9524486730073494
fpca256_10,outer_fold,23,7,0.0012539201013336489,0.953702593108683
fpca256_10,outer_fold,23,8,0.0009878603274464878,0.9546904534361295
fpca256_10,outer_fold,23,9,0.000944351447555034,0.9556348048836845
fpca256_10,outer_fold,23,10,0.0008849000194979632,0.9565197049031824
fpca256_10,outer_fold,24,1,0.6509115475554766,0.6509115475554766
fpca256_10,outer_fold,24,2,0.2463272794335301,0.8972388269890068
fpca256_10,outer_fold,24,3,0.033715564480423905,0.9309543914694307
fpca256_10,outer_fold,24,4,0.01725036029521707,0.9482047517646478
fpca256_10,outer_fold,24,5,0.004498401221496485,0.9527031529861443
fpca256_10,outer_fold,24,6,0.0016500543591144012,0.9543532073452586
fpca256_10,outer_fold,24,7,0.0012650181166819958,0.9556182254619406
fpca256_10,outer_fold,24,8,0.0010252791184284299,0.9566435045803691
fpca256_10,outer_fold,24,9,0.0008916116502223597,0.9575351162305914
fpca256_10,outer_fold,24,10,0.0008774124024683584,0.9584125286330598
fpca256_10,outer_fold,25,1,0.6040469879767318,0.6040469879767318
fpca256_10,outer_fold,25,2,0.28280753001865405,0.886854517995386
fpca256_10,outer_fold,25,3,0.03677338464002031,0.9236279026354063
fpca256_10,outer_fold,25,4,0.018427467448662378,0.9420553700840687
fpca256_10,outer_fold,25,5,0.004943327981851778,0.9469986980659205
fpca256_10,outer_fold,25,6,0.0017349599468758214,0.9487336580127963
fpca256_10,outer_fold,25,7,0.0012544758387137732,0.94998813385151
fpca256_10,outer_fold,25,8,0.001068174906661044,0.951056308758171
fpca256_10,outer_fold,25,9,0.0010135988477586405,0.9520699076059297
fpca256_10,outer_fold,25,10,0.0008801451857434419,0.9529500527916731
fpca256_10,outer_fold,26,1,0.6442350985823535,0.6442350985823535
fpca256_10,outer_fold,26,2,0.2512135742258948,0.8954486728082482
fpca256_10,outer_fold,26,3,0.03452793541269954,0.9299766082209477
fpca256_10,outer_fold,26,4,0.01755173285543146,0.9475283410763792
fpca256_10,outer_fold,26,5,0.004563735557196567,0.9520920766335758
fpca256_10,outer_fold,26,6,0.00165725374893268,0.9537493303825084
fpca256_10,outer_fold,26,7,0.0012540636442424458,0.9550033940267508
fpca256_10,outer_fold,26,8,0.0010033561806420282,0.9560067502073929
fpca256_10,outer_fold,26,9,0.0009004344842399565,0.9569071846916328
fpca256_10,outer_fold,26,10,0.0008624855090301059,0.957769670200663
fpca256_10,outer_fold,27,1,0.6222560665252355,0.6222560665252355
fpca256_10,outer_fold,27,2,0.2597378922316685,0.8819939587569039
fpca256_10,outer_fold,27,3,0.04223133770748874,0.9242252964643927
fpca256_10,outer_fold,27,4,0.019289536227334102,0.9435148326917268
fpca256_10,outer_fold,27,5,0.0047605372711772365,0.948275369962904
fpca256_10,outer_fold,27,6,0.0017388674623029705,0.950014237425207
fpca256_10,outer_fold,27,7,0.0013905152391456533,0.9514047526643526
fpca256_10,outer_fold,27,8,0.0010999340231198375,0.9525046866874725
fpca256_10,outer_fold,27,9,0.0009911958626055394,0.953495882550078
fpca256_10,outer_fold,27,10,0.0009313439537887447,0.9544272265038668
fpca256_10,outer_fold,28,1,0.6365096336447504,0.6365096336447504
fpca256_10,outer_fold,28,2,0.26206415515274223,0.8985737887974927
fpca256_10,outer_fold,28,3,0.03242298431896723,0.9309967731164599
fpca256_10,outer_fold,28,4,0.01672109181531098,0.9477178649317709
fpca256_10,outer_fold,28,5,0.0043477775514478775,0.9520656424832188
fpca256_10,outer_fold,28,6,0.001584960761112595,0.9536506032443314
fpca256_10,outer_fold,28,7,0.0011866589852651715,0.9548372622295965
fpca256_10,outer_fold,28,8,0.0009452222487641837,0.9557824844783607
fpca256_10,outer_fold,28,9,0.00088637721221182,0.9566688616905725
fpca256_10,outer_fold,28,10,0.0008471670060554604,0.957516028696628
fpca256_10,outer_fold,29,1,0.6268643884218884,0.6268643884218884
fpca256_10,outer_fold,29,2,0.271082546657226,0.8979469350791144
fpca256_10,outer_fold,29,3,0.0333384658573542,0.9312854009364686
fpca256_10,outer_fold,29,4,0.017124995470594064,0.9484103964070627
fpca256_10,outer_fold,29,5,0.004283207814580101,0.9526936042216428
fpca256_10,outer_fold,29,6,0.0016237460107604682,0.9543173502324033
fpca256_10,outer_fold,29,7,0.0012735280112947031,0.9555908782436979
fpca256_10,outer_fold,29,8,0.0010275003918618934,0.9566183786355599
fpca256_10,outer_fold,29,9,0.0009013687883252204,0.9575197474238851
fpca256_10,outer_fold,29,10,0.0008489948221260664,0.9583687422460112
fpca256_10,outer_fold,30,1,0.6263637738873737,0.6263637738873737
fpca256_10,outer_fold,30,2,0.26289996820231487,0.8892637420896886
fpca256_10,outer_fold,30,3,0.03617878271418517,0.9254425248038738
fpca256_10,outer_fold,30,4,0.019921820898649346,0.9453643457025231
fpca256_10,outer_fold,30,5,0.004610064914124937,0.9499744106166481
fpca256_10,outer_fold,30,6,0.0018384021598210917,0.9518128127764692
fpca256_10,outer_fold,30,7,0.0012670199086285488,0.9530798326850978
fpca256_10,outer_fold,30,8,0.001087062394869635,0.9541668950799674
fpca256_10,outer_fold,30,9,0.0009687494962809576,0.9551356445762484
fpca256_10,outer_fold,30,10,0.000898038169845608,0.956033682746094
fpca256_10,outer_fold,31,1,0.6271313800164047,0.6271313800164047
fpca256_10,outer_fold,31,2,0.2666356961288274,0.8937670761452321
fpca256_10,outer_fold,31,3,0.036126350484880915,0.929893426630113
fpca256_10,outer_fold,31,4,0.016722323374836007,0.946615750004949
fpca256_10,outer_fold,31,5,0.004444611984486089,0.9510603619894351
fpca256_10,outer_fold,31,6,0.0016497297765498075,0.9527100917659849
fpca256_10,outer_fold,31,7,0.001215202210015084,0.9539252939759999
fpca256_10,outer_fold,31,8,0.000933858802876931,0.9548591527788768
fpca256_10,outer_fold,31,9,0.0009210861292961283,0.9557802389081729
fpca256_10,outer_fold,31,10,0.0008692583436954783,0.9566494972518683
fpca256_10,outer_fold,32,1,0.5972761255405402,0.5972761255405402
fpca256_10,outer_fold,32,2,0.289548396678384,0.8868245222189242
fpca256_10,outer_fold,32,3,0.03615374179021436,0.9229782640091385
fpca256_10,outer_fold,32,4,0.01896056781434565,0.9419388318234841
fpca256_10,outer_fold,32,5,0.005012118947568054,0.9469509507710522
fpca256_10,outer_fold,32,6,0.001811317561344757,0.948762268332397
fpca256_10,outer_fold,32,7,0.0012915293495094305,0.9500537976819063
fpca256_10,outer_fold,32,8,0.0011219110098554521,0.9511757086917618
fpca256_10,outer_fold,32,9,0.0009750062644494315,0.9521507149562113
fpca256_10,outer_fold,32,10,0.0009087895385479969,0.9530595044947593
fpca256_10,outer_fold,33,1,0.6215028618979435,0.6215028618979435
fpca256_10,outer_fold,33,2,0.27406594756217906,0.8955688094601225
fpca256_10,outer_fold,33,3,0.035351534161957486,0.93092034362208
fpca256_10,outer_fold,33,4,0.017549314902997406,0.9484696585250774
fpca256_10,outer_fold,33,5,0.0043739033726920675,0.9528435618977694
fpca256_10,outer_fold,33,6,0.001633635630120954,0.9544771975278904
fpca256_10,outer_fold,33,7,0.0012792968161580377,0.9557564943440484
fpca256_10,outer_fold,33,8,0.000978645557290554,0.956735139901339
fpca256_10,outer_fold,33,9,0.0008716450177128799,0.9576067849190518
fpca256_10,outer_fold,33,10,0.0008319683175930864,0.958438753236645
fpca256_10,outer_fold,34,1,0.6607383838426787,0.6607383838426787
fpca256_10,outer_fold,34,2,0.2360620501899331,0.8968004340326118
fpca256_10,outer_fold,34,3,0.034073364354189214,0.930873798386801
fpca256_10,outer_fold,34,4,0.016598419516554046,0.947472217903355
fpca256_10,outer_fold,34,5,0.0043825184539902475,0.9518547363573453
fpca256_10,outer_fold,34,6,0.0014679196571364447,0.9533226560144817
fpca256_10,outer_fold,34,7,0.001237512284159515,0.9545601682986412
fpca256_10,outer_fold,34,8,0.0009889260458021737,0.9555490943444434
fpca256_10,outer_fold,34,9,0.0009115214445081262,0.9564606157889515
fpca256_10,outer_fold,34,10,0.0008852708995405563,0.9573458866884921
fpca256_10,outer_fold,35,1,0.6054220716987311,0.6054220716987311
fpca256_10,outer_fold,35,2,0.28555539283091613,0.8909774645296472
fpca256_10,outer_fold,35,3,0.036499616885366265,0.9274770814150135
fpca256_10,outer_fold,35,4,0.018921832441636335,0.9463989138566499
fpca256_10,outer_fold,35,5,0.004547586556730554,0.9509465004133805
fpca256_10,outer_fold,35,6,0.0017949071492049447,0.9527414075625854
fpca256_10,outer_fold,35,7,0.0012984435063928283,0.9540398510689783
fpca256_10,outer_fold,35,8,0.0010221586765113717,0.9550620097454896
fpca256_10,outer_fold,35,9,0.0008933393251506218,0.9559553490706403
fpca256_10,outer_fold,35,10,0.0008691237181082078,0.9568244727887485
fpca256_10,outer_fold,36,1,0.6456364754729175,0.6456364754729175
fpca256_10,outer_fold,36,2,0.2530844131758745,0.898720888648792
fpca256_10,outer_fold,36,3,0.033597782665497185,0.9323186713142891
fpca256_10,outer_fold,36,4,0.017089462200245382,0.9494081335145346
fpca256_10,outer_fold,36,5,0.004355735102588078,0.9537638686171227
fpca256_10,outer_fold,36,6,0.0016796411007828842,0.9554435097179056
fpca256_10,outer_fold,36,7,0.001249634124249977,0.9566931438421555
fpca256_10,outer_fold,36,8,0.0009236886700221364,0.9576168325121777
fpca256_10,outer_fold,36,9,0.0008659224644454621,0.9584827549766232
fpca256_10,outer_fold,36,10,0.0008176500597389852,0.9593004050363622
fpca256_10,outer_fold,37,1,0.608377414000323,0.608377414000323
fpca256_10,outer_fold,37,2,0.28214155006396147,0.8905189640642844
fpca256_10,outer_fold,37,3,0.036505716921917855,0.9270246809862023
fpca256_10,outer_fold,37,4,0.01815310843930744,0.9451777894255097
fpca256_10,outer_fold,37,5,0.004595092091823336,0.949772881517333
fpca256_10,outer_fold,37,6,0.001596969840790828,0.9513698513581238
fpca256_10,outer_fold,37,7,0.0013361554543519954,0.9527060068124757
fpca256_10,outer_fold,37,8,0.0010326392706421978,0.953738646083118
fpca256_10,outer_fold,37,9,0.0009810293134449317,0.9547196753965629
fpca256_10,outer_fold,37,10,0.0008810049056495786,0.9556006803022125
fpca256_10,outer_fold,38,1,0.6282651286788609,0.6282651286788609
fpca256_10,outer_fold,38,2,0.26059165084507063,0.8888567795239315
fpca256_10,outer_fold,38,3,0.03576161581868035,0.9246183953426118
fpca256_10,outer_fold,38,4,0.018800221481173447,0.9434186168237852
fpca256_10,outer_fold,38,5,0.004855745769491745,0.948274362593277
fpca256_10,outer_fold,38,6,0.0017911359414312126,0.9500654985347082
fpca256_10,outer_fold,38,7,0.0011897218008126824,0.9512552203355209
fpca256_10,outer_fold,38,8,0.0010660494871615309,0.9523212698226824
fpca256_10,outer_fold,38,9,0.000957099483205852,0.9532783693058883
fpca256_10,outer_fold,38,10,0.0008813364134865435,0.9541597057193748
fpca256_10,outer_fold,39,1,0.6491853792290155,0.6491853792290155
fpca256_10,outer_fold,39,2,0.243968202849098,0.8931535820781136
fpca256_10,outer_fold,39,3,0.03560921143631181,0.9287627935144254
fpca256_10,outer_fold,39,4,0.016984848822677173,0.9457476423371025
fpca256_10,outer_fold,39,5,0.00436050116172988,0.9501081434988324
fpca256_10,outer_fold,39,6,0.001534950663044767,0.9516430941618772
fpca256_10,outer_fold,39,7,0.0012682613278025012,0.9529113554896798
fpca256_10,outer_fold,39,8,0.0010613060334406115,0.9539726615231203
fpca256_10,outer_fold,39,9,0.0009543350923832252,0.9549269966155035
fpca256_10,outer_fold,39,10,0.0009220185604700757,0.9558490151759735
fpca256_10,outer_fold,40,1,0.6450880069585276,0.6450880069585276
fpca256_10,outer_fold,40,2,0.24792882826593443,0.8930168352244621
fpca256_10,outer_fold,40,3,0.03549488494536588,0.928511720169828
fpca256_10,outer_fold,40,4,0.0177178454911494,0.9462295656609774
fpca256_10,outer_fold,40,5,0.004313301572744981,0.9505428672337224
fpca256_10,outer_fold,40,6,0.001634819949973997,0.9521776871836963
fpca256_10,outer_fold,40,7,0.0013228957321182698,0.9535005829158146
fpca256_10,outer_fold,40,8,0.0010269330390849886,0.9545275159548996
fpca256_10,outer_fold,40,9,0.0009397645059338818,0.9554672804608335
fpca256_10,outer_fold,40,10,0.0008784517156362572,0.9563457321764698
fpca256_10,outer_fold,41,1,0.629833973665995,0.629833973665995
fpca256_10,outer_fold,41,2,0.2549428422633983,0.8847768159293934
fpca256_10,outer_fold,41,3,0.038245751133502426,0.9230225670628958
fpca256_10,outer_fold,41,4,0.020005525209530133,0.9430280922724259
fpca256_10,outer_fold,41,5,0.004775457924878461,0.9478035501973043
fpca256_10,outer_fold,41,6,0.0017774538988174365,0.9495810040961218
fpca256_10,outer_fold,41,7,0.00136085196397111,0.9509418560600928
fpca256_10,outer_fold,41,8,0.0011101801995368858,0.9520520362596298
fpca256_10,outer_fold,41,9,0.0010057494659243321,0.9530577857255541
fpca256_10,outer_fold,41,10,0.0009296970087618292,0.9539874827343159
fpca256_10,outer_fold,42,1,0.6400978746287354,0.6400978746287354
fpca256_10,outer_fold,42,2,0.2593755727893622,0.8994734474180975
fpca256_10,outer_fold,42,3,0.03319240305512388,0.9326658504732214
fpca256_10,outer_fold,42,4,0.015170471053433313,0.9478363215266546
fpca256_10,outer_fold,42,5,0.004429586669459706,0.9522659081961143
fpca256_10,outer_fold,42,6,0.001472348296611735,0.953738256492726
fpca256_10,outer_fold,42,7,0.0012129833016032256,0.9549512397943293
fpca256_10,outer_fold,42,8,0.0009902816417785168,0.9559415214361078
fpca256_10,outer_fold,42,9,0.0009075671285544239,0.9568490885646622
fpca256_10,outer_fold,42,10,0.000864077133356457,0.9577131656980187
fpca256_10,outer_fold,43,1,0.6051345932697232,0.6051345932697232
fpca256_10,outer_fold,43,2,0.2860656196361237,0.891200212905847
fpca256_10,outer_fold,43,3,0.03465313985162199,0.9258533527574689
fpca256_10,outer_fold,43,4,0.018674150736696343,0.9445275034941653
fpca256_10,outer_fold,43,5,0.004511214950863821,0.9490387184450291
fpca256_10,outer_fold,43,6,0.0017151876051038947,0.950753906050133
fpca256_10,outer_fold,43,7,0.0012135256005331625,0.9519674316506661
fpca256_10,outer_fold,43,8,0.0010520902519754263,0.9530195219026415
fpca256_10,outer_fold,43,9,0.0009438969861249544,0.9539634188887665
fpca256_10,outer_fold,43,10,0.0008672122589072343,0.9548306311476736
fpca256_10,outer_fold,44,1,0.6170027063347431,0.6170027063347431
fpca256_10,outer_fold,44,2,0.27744242692364385,0.8944451332583869
fpca256_10,outer_fold,44,3,0.03572485020869155,0.9301699834670785
fpca256_10,outer_fold,44,4,0.018331836762597368,0.9485018202296759
fpca256_10,outer_fold,44,5,0.0046372714942275696,0.9531390917239034
fpca256_10,outer_fold,44,6,0.0018112305893922057,0.9549503223132957
fpca256_10,outer_fold,44,7,0.0012375784881310567,0.9561879008014268
fpca256_10,outer_fold,44,8,0.0009396347093263202,0.9571275355107531
fpca256_10,outer_fold,44,9,0.0009063679735037296,0.9580339034842569
fpca256_10,outer_fold,44,10,0.0008197549780703269,0.9588536584623272
fpca256_10,outer_fold,45,1,0.6404332434201176,0.6404332434201176
fpca256_10,outer_fold,45,2,0.25249541040772544,0.8929286538278431
fpca256_10,outer_fold,45,3,0.0345359583476428,0.9274646121754859
fpca256_10,outer_fold,45,4,0.017780894558361644,0.9452455067338476
fpca256_10,outer_fold,45,5,0.0043995139915862635,0.9496450207254338
fpca256_10,outer_fold,45,6,0.0017078609594963652,0.9513528816849302
fpca256_10,outer_fold,45,7,0.0012911159495583354,0.9526439976344885
fpca256_10,outer_fold,45,8,0.0010337938007548638,0.9536777914352433
fpca256_10,outer_fold,45,9,0.0009423092317245586,0.9546201006669679
fpca256_10,outer_fold,45,10,0.0008945613060819639,0.9555146619730499
fpca256_10,outer_fold,46,1,0.6457263338908409,0.6457263338908409
fpca256_10,outer_fold,46,2,0.24665934508031412,0.8923856789711551
fpca256_10,outer_fold,46,3,0.03649939409284558,0.9288850730640006
fpca256_10,outer_fold,46,4,0.018111111626210468,0.9469961846902111
fpca256_10,outer_fold,46,5,0.004479946406664898,0.951476131096876
fpca256_10,outer_fold,46,6,0.0016546067064429455,0.9531307378033189
fpca256_10,outer_fold,46,7,0.0013041278388581004,0.954434865642177
fpca256_10,outer_fold,46,8,0.001019781124010054,0.9554546467661871
fpca256_10,outer_fold,46,9,0.0009032759006194593,0.9563579226668065
fpca256_10,outer_fold,46,10,0.0008793009934491148,0.9572372236602557
fpca256_10,outer_fold,47,1,0.6318205800034331,0.6318205800034331
fpca256_10,outer_fold,47,2,0.26477082210082115,0.8965914021042543
fpca256_10,outer_fold,47,3,0.03258718720735603,0.9291785893116102
fpca256_10,outer_fold,47,4,0.016536868355328915,0.9457154576669391
fpca256_10,outer_fold,47,5,0.004639437244949692,0.9503548949118887
fpca256_10,outer_fold,47,6,0.0015472517234497369,0.9519021466353385
fpca256_10,outer_fold,47,7,0.0012131017872439886,0.9531152484225824
fpca256_10,outer_fold,47,8,0.0010451617130349893,0.9541604101356175
fpca256_10,outer_fold,47,9,0.0009652271354827626,0.9551256372711002
fpca256_10,outer_fold,47,10,0.000912659364434161,0.9560382966355344
fpca256_10,outer_fold,48,1,0.641089844527469,0.641089844527469
fpca256_10,outer_fold,48,2,0.25553084216723465,0.8966206866947036
fpca256_10,outer_fold,48,3,0.03462468115153929,0.9312453678462429
fpca256_10,outer_fold,48,4,0.01735189583299144,0.9485972636792344
fpca256_10,outer_fold,48,5,0.004465895734275032,0.9530631594135094
fpca256_10,outer_fold,48,6,0.001707966011592441,0.9547711254251018
fpca256_10,outer_fold,48,7,0.0012447053903880429,0.9560158308154898
fpca256_10,outer_fold,48,8,0.0009573436147943579,0.9569731744302842
fpca256_10,outer_fold,48,9,0.0008971239502013485,0.9578702983804855
fpca256_10,outer_fold,48,10,0.0008499940982445641,0.9587202924787301
fpca256_10,outer_fold,49,1,0.5752956838151554,0.5752956838151554
fpca256_10,outer_fold,49,2,0.30792495082365146,0.8832206346388068
fpca256_10,outer_fold,49,3,0.03945337769383891,0.9226740123326458
fpca256_10,outer_fold,49,4,0.020276125954368656,0.9429501382870145
fpca256_10,outer_fold,49,5,0.0048214141997337725,0.9477715524867483
fpca256_10,outer_fold,49,6,0.001840899338104142,0.9496124518248524
fpca256_10,outer_fold,49,7,0.0012877026302632833,0.9509001544551157
fpca256_10,outer_fold,49,8,0.0010655775516215397,0.9519657320067372
fpca256_10,outer_fold,49,9,0.0009485803612100774,0.9529143123679472
fpca256_10,outer_fold,49,10,0.0008928628882074086,0.9538071752561547
fpca256_10,outer_fold,50,1,0.6195344641174463,0.6195344641174463
fpca256_10,outer_fold,50,2,0.2702269787506216,0.8897614428680679
fpca256_10,outer_fold,50,3,0.03560580407225851,0.9253672469403265
fpca256_10,outer_fold,50,4,0.01969793227116643,0.9450651792114929
fpca256_10,outer_fold,50,5,0.004851154410612378,0.9499163336221053
fpca256_10,outer_fold,50,6,0.0016606736743726897,0.951577007296478
fpca256_10,outer_fold,50,7,0.00122817094891121,0.9528051782453892
fpca256_10,outer_fold,50,8,0.0010537484190578355,0.953858926664447
fpca256_10,outer_fold,50,9,0.0009451668922870654,0.9548040935567341
fpca256_10,outer_fold,50,10,0.0008575083987405075,0.9556616019554747
fpca256_10,outer_fold,51,1,0.6417857592002919,0.6417857592002919
fpca256_10,outer_fold,51,2,0.25591758656966446,0.8977033457699564
fpca256_10,outer_fold,51,3,0.032015525121498516,0.9297188708914549
fpca256_10,outer_fold,51,4,0.01756522415263994,0.9472840950440948
fpca256_10,outer_fold,51,5,0.004639265630875311,0.9519233606749702
fpca256_10,outer_fold,51,6,0.0017248369506832541,0.9536481976256534
fpca256_10,outer_fold,51,7,0.0012731409370616432,0.9549213385627151
fpca256_10,outer_fold,51,8,0.0009957867877367363,0.9559171253504518
fpca256_10,outer_fold,51,9,0.0008880906474327734,0.9568052159978846
fpca256_10,outer_fold,51,10,0.0008593699292390243,0.9576645859271237
fpca256_10,outer_fold,52,1,0.6152464703386944,0.6152464703386944
fpca256_10,outer_fold,52,2,0.2759219584515179,0.8911684287902123
fpca256_10,outer_fold,52,3,0.03567779810423846,0.9268462268944507
fpca256_10,outer_fold,52,4,0.01731274746484811,0.9441589743592989
fpca256_10,outer_fold,52,5,0.00442822611297034,0.9485872004722692
fpca256_10,outer_fold,52,6,0.0017126596086190825,0.9502998600808883
fpca256_10,outer_fold,52,7,0.0012880599084825928,0.9515879199893709
fpca256_10,outer_fold,52,8,0.001087584240006344,0.9526755042293772
fpca256_10,outer_fold,52,9,0.0009658722695370326,0.9536413764989142
fpca256_10,outer_fold,52,10,0.0008831538723720435,0.9545245303712863
fpca256_10,outer_fold,53,1,0.6153892747757478,0.6153892747757478
fpca256_10,outer_fold,53,2,0.2776181229688541,0.8930073977446018
fpca256_10,outer_fold,53,3,0.03817787945988898,0.9311852772044907
fpca256_10,outer_fold,53,4,0.016441159932893638,0.9476264371373844
fpca256_10,outer_fold,53,5,0.004459397850473526,0.9520858349878579
fpca256_10,outer_fold,53,6,0.0015839492639473443,0.9536697842518053
fpca256_10,outer_fold,53,7,0.0012713131476060524,0.9549410973994114
fpca256_10,outer_fold,53,8,0.0009251251248735249,0.9558662225242849
fpca256_10,outer_fold,53,9,0.0008946305361737408,0.9567608530604587
fpca256_10,outer_fold,53,10,0.0008540223834489437,0.9576148754439076
fpca256_10,outer_fold,54,1,0.6451087117345334,0.6451087117345334
fpca256_10,outer_fold,54,2,0.24592519199511959,0.8910339037296531
fpca256_10,outer_fold,54,3,0.036332830147478276,0.9273667338771313
fpca256_10,outer_fold,54,4,0.018707300481561776,0.9460740343586931
fpca256_10,outer_fold,54,5,0.00439753420231343,0.9504715685610066
fpca256_10,outer_fold,54,6,0.001717930670490308,0.9521894992314969
fpca256_10,outer_fold,54,7,0.0012559321152352334,0.9534454313467321
fpca256_10,outer_fold,54,8,0.0010618771046892708,0.9545073084514214
fpca256_10,outer_fold,54,9,0.0009508985694191252,0.9554582070208405
fpca256_10,outer_fold,54,10,0.0009100772317385075,0.956368284252579
fpca256_10,outer_fold,55,1,0.6389605819004999,0.6389605819004999
fpca256_10,outer_fold,55,2,0.2571795220461025,0.8961401039466024
fpca256_10,outer_fold,55,3,0.034387076442583764,0.9305271803891861
fpca256_10,outer_fold,55,4,0.017830160117804184,0.9483573405069903
fpca256_10,outer_fold,55,5,0.004356265948228385,0.9527136064552186
fpca256_10,outer_fold,55,6,0.0017551056017182439,0.9544687120569368
fpca256_10,outer_fold,55,7,0.001204834454938159,0.955673546511875
fpca256_10,outer_fold,55,8,0.001020172438028569,0.9566937189499035
fpca256_10,outer_fold,55,9,0.0008995642544764057,0.95759328320438
fpca256_10,outer_fold,55,10,0.0008683501331880402,0.9584616333375681
fpca256_10,outer_fold,56,1,0.6188788359628075,0.6188788359628075
fpca256_10,outer_fold,56,2,0.2666228150546251,0.8855016510174325
fpca256_10,outer_fold,56,3,0.03899873867457153,0.924500389692004
fpca256_10,outer_fold,56,4,0.018660655566952965,0.9431610452589569
fpca256_10,outer_fold,56,5,0.004765668037281966,0.9479267132962389
fpca256_10,outer_fold,56,6,0.0017100004704899475,0.9496367137667289
fpca256_10,outer_fold,56,7,0.0012797217463631967,0.950916435513092
fpca256_10,outer_fold,56,8,0.0010901630597222878,0.9520065985728143
fpca256_10,outer_fold,56,9,0.0009679985559105321,0.9529745971287249
fpca256_10,outer_fold,56,10,0.000948859425313845,0.9539234565540388
fpca256_10,outer_fold,57,1,0.6194352248837979,0.6194352248837979
fpca256_10,outer_fold,57,2,0.2727535722983435,0.8921887971821414
fpca256_10,outer_fold,57,3,0.03210082513006397,0.9242896223122054
fpca256_10,outer_fold,57,4,0.019671702072011524,0.9439613243842169
fpca256_10,outer_fold,57,5,0.0046427392478967525,0.9486040636321136
fpca256_10,outer_fold,57,6,0.0016332843697891705,0.9502373480019027
fpca256_10,outer_fold,57,7,0.0012922723346905744,0.9515296203365933
fpca256_10,outer_fold,57,8,0.0009955640535295226,0.9525251843901228
fpca256_10,outer_fold,57,9,0.0009384012236388073,0.9534635856137617
fpca256_10,outer_fold,57,10,0.000863744528098228,0.9543273301418599
fpca256_10,outer_fold,58,1,0.6185863085404412,0.6185863085404412
fpca256_10,outer_fold,58,2,0.27570400975837345,0.8942903182988147
fpca256_10,outer_fold,58,3,0.03450313139686219,0.9287934496956769
fpca256_10,outer_fold,58,4,0.018106838013384318,0.9469002877090612
fpca256_10,outer_fold,58,5,0.004575244880115595,0.9514755325891768
fpca256_10,outer_fold,58,6,0.001720809690907937,0.9531963422800848
fpca256_10,outer_fold,58,7,0.0012648784381243843,0.9544612207182092
fpca256_10,outer_fold,58,8,0.001007302243824967,0.9554685229620341
fpca256_10,outer_fold,58,9,0.0009131453434227375,0.9563816683054568
fpca256_10,outer_fold,58,10,0.0008245835983947467,0.9572062519038516
fpca256_10,outer_fold,59,1,0.640046864055755,0.640046864055755
fpca256_10,outer_fold,59,2,0.2547839604691127,0.8948308245248677
fpca256_10,outer_fold,59,3,0.03698189681144324,0.931812721336311
fpca256_10,outer_fold,59,4,0.015853258055819008,0.94766597939213
fpca256_10,outer_fold,59,5,0.004565293847434459,0.9522312732395645
fpca256_10,outer_fold,59,6,0.0015299965401233658,0.9537612697796878
fpca256_10,outer_fold,59,7,0.0012989750639608264,0.9550602448436486
fpca256_10,outer_fold,59,8,0.001001266303059006,0.9560615111467076
fpca256_10,outer_fold,59,9,0.0009089822637956193,0.9569704934105032
fpca256_10,outer_fold,59,10,0.0008616717763258363,0.957832165186829
fpca256_10,outer_fold,60,1,0.605384258174667,0.605384258174667
fpca256_10,outer_fold,60,2,0.281327869803395,0.8867121279780621
fpca256_10,outer_fold,60,3,0.035935632318122135,0.9226477602961842
fpca256_10,outer_fold,60,4,0.01911637722574666,0.9417641375219309
fpca256_10,outer_fold,60,5,0.005266109153546946,0.9470302466754779
fpca256_10,outer_fold,60,6,0.0018246472079682667,0.9488548938834461
fpca256_10,outer_fold,60,7,0.0012083957776307154,0.9500632896610769
fpca256_10,outer_fold,60,8,0.0010803161440230886,0.9511436058050999
fpca256_10,outer_fold,60,9,0.0010046692750135648,0.9521482750801135
fpca256_10,outer_fold,60,10,0.0009049075696980077,0.9530531826498114
fpca256_10,outer_fold,61,1,0.6326529337123376,0.6326529337123376
fpca256_10,outer_fold,61,2,0.26058149459822333,0.8932344283105609
fpca256_10,outer_fold,61,3,0.03592277553086067,0.9291572038414215
fpca256_10,outer_fold,61,4,0.018230969203200303,0.9473881730446219
fpca256_10,outer_fold,61,5,0.004396991671689356,0.9517851647163112
fpca256_10,outer_fold,61,6,0.0017179521276661821,0.9535031168439775
fpca256_10,outer_fold,61,7,0.001278997731978361,0.9547821145759559
fpca256_10,outer_fold,61,8,0.0010313756964783153,0.9558134902724341
fpca256_10,outer_fold,61,9,0.0009306315201021328,0.9567441217925362
fpca256_10,outer_fold,61,10,0.0008740522875067922,0.957618174080043
fpca256_10,outer_fold,62,1,0.6586201649395005,0.6586201649395005
fpca256_10,outer_fold,62,2,0.2361873709441725,0.894807535883673
fpca256_10,outer_fold,62,3,0.03361826801477689,0.9284258038984499
fpca256_10,outer_fold,62,4,0.017265895257377737,0.9456916991558276
fpca256_10,outer_fold,62,5,0.004223594309150143,0.9499152934649777
fpca256_10,outer_fold,62,6,0.0016072204564815842,0.9515225139214593
fpca256_10,outer_fold,62,7,0.0012451377404834269,0.9527676516619427
fpca256_10,outer_fold,62,8,0.0010436001734432459,0.953811251835386
fpca256_10,outer_fold,62,9,0.0009171911825228768,0.9547284430179088
fpca256_10,outer_fold,62,10,0.0009015490833154372,0.9556299921012242
fpca256_10,outer_fold,63,1,0.6283428553371768,0.6283428553371768
fpca256_10,outer_fold,63,2,0.2638208875046668,0.8921637428418436
fpca256_10,outer_fold,63,3,0.03593826045667999,0.9281020032985237
fpca256_10,outer_fold,63,4,0.01942014675410381,0.9475221500526275
fpca256_10,outer_fold,63,5,0.004359340591266676,0.9518814906438942
fpca256_10,outer_fold,63,6,0.0016757171366011694,0.9535572077804954
fpca256_10,outer_fold,63,7,0.0013221075648447596,0.9548793153453401
fpca256_10,outer_fold,63,8,0.001059709979789624,0.9559390253251298
fpca256_10,outer_fold,63,9,0.0009259732426479358,0.9568649985677777
fpca256_10,outer_fold,63,10,0.0008979540676284973,0.9577629526354062
fpca256_10,outer_fold,64,1,0.6199990056829456,0.6199990056829456
fpca256_10,outer_fold,64,2,0.27526539212956835,0.895264397812514
fpca256_10,outer_fold,64,3,0.03583339494349323,0.9310977927560072
fpca256_10,outer_fold,64,4,0.016078046276929128,0.9471758390329363
fpca256_10,outer_fold,64,5,0.0045566217162551865,0.9517324607491915
fpca256_10,outer_fold,64,6,0.0015792651956487058,0.9533117259448401
fpca256_10,outer_fold,64,7,0.0012479939723788107,0.954559719917219
fpca256_10,outer_fold,64,8,0.0009171590496263529,0.9554768789668453
fpca256_10,outer_fold,64,9,0.000899451750471448,0.9563763307173168
fpca256_10,outer_fold,64,10,0.0008602912431943133,0.9572366219605111
fpca256_10,outer_fold,65,1,0.6390910888229823,0.6390910888229823
fpca256_10,outer_fold,65,2,0.25597131826201586,0.8950624070849982
fpca256_10,outer_fold,65,3,0.03421136417174375,0.9292737712567419
fpca256_10,outer_fold,65,4,0.01771809883473761,0.9469918700914796
fpca256_10,outer_fold,65,5,0.0042916514491247275,0.9512835215406042
fpca256_10,outer_fold,65,6,0.001653343385734299,0.9529368649263386
fpca256_10,outer_fold,65,7,0.001303852922636826,0.9542407178489754
fpca256_10,outer_fold,65,8,0.0010516279313467932,0.9552923457803222
fpca256_10,outer_fold,65,9,0.0009384782445566731,0.9562308240248789
fpca256_10,outer_fold,65,10,0.0008833397799238149,0.9571141638048027
fpca256_10,outer_fold,66,1,0.638353779309739,0.638353779309739
fpca256_10,outer_fold,66,2,0.2571488262792686,0.8955026055890076
fpca256_10,outer_fold,66,3,0.034168689055709474,0.9296712946447171
fpca256_10,outer_fold,66,4,0.01770127963843735,0.9473725742831545
fpca256_10,outer_fold,66,5,0.00455155677156557,0.9519241310547201
fpca256_10,outer_fold,66,6,0.0016546500154064267,0.9535787810701265
fpca256_10,outer_fold,66,7,0.0012156630694995284,0.954794444139626
fpca256_10,outer_fold,66,8,0.0009862447589508334,0.9557806888985768
fpca256_10,outer_fold,66,9,0.0008963952139151865,0.956677084112492
fpca256_10,outer_fold,66,10,0.0008875374384498912,0.9575646215509419
fpca256_10,outer_fold,67,1,0.615252856937671,0.615252856937671
fpca256_10,outer_fold,67,2,0.27668449100087084,0.8919373479385417
fpca256_10,outer_fold,67,3,0.037606789750132485,0.9295441376886742
fpca256_10,outer_fold,67,4,0.01768520232254988,0.947229340011224
fpca256_10,outer_fold,67,5,0.004697359164564097,0.9519266991757882
fpca256_10,outer_fold,67,6,0.001678688833938078,0.9536053880097263
fpca256_10,outer_fold,67,7,0.0012332831631957355,0.954838671172922
fpca256_10,outer_fold,67,8,0.0009942263880631432,0.9558328975609851
fpca256_10,outer_fold,67,9,0.0008908899831365847,0.9567237875441217
fpca256_10,outer_fold,67,10,0.0008365100465658937,0.9575602975906876
fpca256_10,outer_fold,68,1,0.6100564793334067,0.6100564793334067
fpca256_10,outer_fold,68,2,0.27722391294257803,0.8872803922759847
fpca256_10,outer_fold,68,3,0.036424586150958685,0.9237049784269433
fpca256_10,outer_fold,68,4,0.019442927047654372,0.9431479054745977
fpca256_10,outer_fold,68,5,0.0047881595810958175,0.9479360650556935
fpca256_10,outer_fold,68,6,0.001812507603066848,0.9497485726587603
fpca256_10,outer_fold,68,7,0.001247657653424799,0.9509962303121852
fpca256_10,outer_fold,68,8,0.0010776117144918353,0.952073842026677
fpca256_10,outer_fold,68,9,0.00096216231630363,0.9530360043429806
fpca256_10,outer_fold,68,10,0.0008810849449855755,0.9539170892879663
fpca256_10,outer_fold,69,1,0.6355454238025205,0.6355454238025205
fpca256_10,outer_fold,69,2,0.25740332269668664,0.8929487464992072
fpca256_10,outer_fold,69,3,0.03577310240217069,0.9287218489013779
fpca256_10,outer_fold,69,4,0.0166204308056605,0.9453422797070383
fpca256_10,outer_fold,69,5,0.004554851688229992,0.9498971313952683
fpca256_10,outer_fold,69,6,0.0015766726540435059,0.9514738040493118
fpca256_10,outer_fold,69,7,0.0013271324548262669,0.9528009365041381
fpca256_10,outer_fold,69,8,0.001042790464506915,0.9538437269686451
fpca256_10,outer_fold,69,9,0.0009578527162935439,0.9548015796849386
fpca256_10,outer_fold,69,10,0.0008808548610209862,0.9556824345459596
fpca256_10,outer_fold,70,1,0.5878160234337383,0.5878160234337383
fpca256_10,outer_fold,70,2,0.301607752599252,0.8894237760329903
fpca256_10,outer_fold,70,3,0.03652873295479908,0.9259525089877894
fpca256_10,outer_fold,70,4,0.018683912224989576,0.9446364212127789
fpca256_10,outer_fold,70,5,0.00467057012874132,0.9493069913415202
fpca256_10,outer_fold,70,6,0.0017141501646434057,0.9510211415061636
fpca256_10,outer_fold,70,7,0.0012210871747003246,0.952242228680864
fpca256_10,outer_fold,70,8,0.0010339330882772027,0.9532761617691411
fpca256_10,outer_fold,70,9,0.0009441274799109649,0.9542202892490521
fpca256_10,outer_fold,70,10,0.0008977068534421923,0.9551179961024943
fpca256_10,outer_fold,71,1,0.6264264715857693,0.6264264715857693
fpca256_10,outer_fold,71,2,0.26657262987885044,0.8929991014646197
fpca256_10,outer_fold,71,3,0.03629094431474677,0.9292900457793665
fpca256_10,outer_fold,71,4,0.016507201309121904,0.9457972470884883
fpca256_10,outer_fold,71,5,0.0042527284846755305,0.9500499755731638
fpca256_10,outer_fold,71,6,0.0016030244534196165,0.9516530000265835
fpca256_10,outer_fold,71,7,0.00128379422463131,0.9529367942512148
fpca256_10,outer_fold,71,8,0.0010620412154976593,0.9539988354667125
fpca256_10,outer_fold,71,9,0.0009337895202468561,0.9549326249869593
fpca256_10,outer_fold,71,10,0.0009244123639352608,0.9558570373508946
fpca256_10,outer_fold,72,1,0.6437932862402036,0.6437932862402036
fpca256_10,outer_fold,72,2,0.25116939010489603,0.8949626763450996
fpca256_10,outer_fold,72,3,0.03519424763390617,0.9301569239790058
fpca256_10,outer_fold,72,4,0.016629140434010158,0.946786064413016
fpca256_10,outer_fold,72,5,0.004691001656800225,0.9514770660698163
fpca256_10,outer_fold,72,6,0.0015606254446670605,0.9530376915144834
fpca256_10,outer_fold,72,7,0.0012845384450792037,0.9543222299595626
fpca256_10,outer_fold,72,8,0.0009959411551618506,0.9553181711147245
fpca256_10,outer_fold,72,9,0.0009333191231100272,0.9562514902378345
fpca256_10,outer_fold,72,10,0.0009023103343560852,0.9571538005721906
fpca256_10,outer_fold,73,1,0.6373988718682553,0.6373988718682553
fpca256_10,outer_fold,73,2,0.2584726297696111,0.8958715016378664
fpca256_10,outer_fold,73,3,0.03222391804771885,0.9280954196855853
fpca256_10,outer_fold,73,4,0.018458051108724397,0.9465534707943097
fpca256_10,outer_fold,73,5,0.0046164334235821725,0.9511699042178919
fpca256_10,outer_fold,73,6,0.001770027048478552,0.9529399312663704
fpca256_10,outer_fold,73,7,0.0012847244680425215,0.954224655734413
fpca256_10,outer_fold,73,8,0.0009642069440000691,0.9551888626784131
fpca256_10,outer_fold,73,9,0.0009054602396916093,0.9560943229181047
fpca256_10,outer_fold,73,10,0.0008817385036781497,0.9569760614217828
fpca256_10,outer_fold,74,1,0.644100864658889,0.644100864658889
fpca256_10,outer_fold,74,2,0.24575929223949347,0.8898601568983825
fpca256_10,outer_fold,74,3,0.037270018187283746,0.9271301750856662
fpca256_10,outer_fold,74,4,0.019330405018022308,0.9464605801036885
fpca256_10,outer_fold,74,5,0.004444138685140043,0.9509047187888285
fpca256_10,outer_fold,74,6,0.0017660996494933776,0.9526708184383219
fpca256_10,outer_fold,74,7,0.0012449343348085284,0.9539157527731305
fpca256_10,outer_fold,74,8,0.0010192775996625274,0.954935030372793
fpca256_10,outer_fold,74,9,0.0008922002057972936,0.9558272305785903
fpca256_10,outer_fold,74,10,0.0008750153637810844,0.9567022459423714
fpca256_10,outer_fold,75,1,0.644890495323852,0.644890495323852
fpca256_10,outer_fold,75,2,0.24846466796845207,0.893355163292304
fpca256_10,outer_fold,75,3,0.03467869161626061,0.9280338549085646
fpca256_10,outer_fold,75,4,0.01959085420288441,0.947624709111449
fpca256_10,outer_fold,75,5,0.00436527170062926,0.9519899808120783
fpca256_10,outer_fold,75,6,0.0017653825546328137,0.9537553633667111
fpca256_10,outer_fold,75,7,0.001196644962678538,0.9549520083293896
fpca256_10,outer_fold,75,8,0.0010646267839627365,0.9560166351133523
fpca256_10,outer_fold,75,9,0.0009357903559285658,0.9569524254692809
fpca256_10,outer_fold,75,10,0.0008828982674622672,0.9578353237367432
fpca256_10,outer_fold,76,1,0.6306968139491772,0.6306968139491772
fpca256_10,outer_fold,76,2,0.2656130442084352,0.8963098581576123
fpca256_10,outer_fold,76,3,0.03434925616616782,0.9306591143237801
fpca256_10,outer_fold,76,4,0.016589900404132045,0.9472490147279121
fpca256_10,outer_fold,76,5,0.00447024572007619,0.9517192604479883
fpca256_10,outer_fold,76,6,0.001555066675364844,0.9532743271233531
fpca256_10,outer_fold,76,7,0.001290554875191277,0.9545648819985444
fpca256_10,outer_fold,76,8,0.0009402827200930742,0.9555051647186374
fpca256_10,outer_fold,76,9,0.0009019121479412817,0.9564070768665788
fpca256_10,outer_fold,76,10,0.0008745106437884312,0.9572815875103672
fpca256_10,outer_fold,77,1,0.6444651680236662,0.6444651680236662
fpca256_10,outer_fold,77,2,0.24867124866350412,0.8931364166871703
fpca256_10,outer_fold,77,3,0.037343342470826914,0.9304797591579972
fpca256_10,outer_fold,77,4,0.017108987542298955,0.9475887467002961
fpca256_10,outer_fold,77,5,0.004595870422927129,0.9521846171232232
fpca256_10,outer_fold,77,6,0.0016619513640567293,0.95384656848728
fpca256_10,outer_fold,77,7,0.0012597660738319098,0.9551063345611119
fpca256_10,outer_fold,77,8,0.0010119195943797841,0.9561182541554917
fpca256_10,outer_fold,77,9,0.0008964177639763847,0.9570146719194681
fpca256_10,outer_fold,77,10,0.0008668884319291167,0.9578815603513973
fpca256_10,outer_fold,78,1,0.6182257863483326,0.6182257863483326
fpca256_10,outer_fold,78,2,0.27510703463498015,0.8933328209833127
fpca256_10,outer_fold,78,3,0.03283825033445982,0.9261710713177725
fpca256_10,outer_fold,78,4,0.017494944654597912,0.9436660159723704
fpca256_10,outer_fold,78,5,0.004423681158135943,0.9480896971305064
fpca256_10,outer_fold,78,6,0.001710105288141448,0.9497998024186478
fpca256_10,outer_fold,78,7,0.0013200170310322687,0.95111981944968
fpca256_10,outer_fold,78,8,0.0010402413759575033,0.9521600608256375
fpca256_10,outer_fold,78,9,0.0009734210098483425,0.9531334818354859
fpca256_10,outer_fold,78,10,0.0009612234726772598,0.9540947053081631
fpca256_10,outer_fold,79,1,0.6035849122018931,0.6035849122018931
fpca256_10,outer_fold,79,2,0.28349210457627394,0.8870770167781671
fpca256_10,outer_fold,79,3,0.037349983947652585,0.9244270007258196
fpca256_10,outer_fold,79,4,0.01913670102802149,0.9435637017538411
fpca256_10,outer_fold,79,5,0.0048976655308875005,0.9484613672847286
fpca256_10,outer_fold,79,6,0.0017950397086008193,0.9502564069933295
fpca256_10,outer_fold,79,7,0.0012590906746387488,0.9515154976679682
fpca256_10,outer_fold,79,8,0.0010523434631762522,0.9525678411311445
fpca256_10,outer_fold,79,9,0.0009709827351726142,0.953538823866317
fpca256_10,outer_fold,79,10,0.0008556398180490262,0.9543944636843661
fpca256_10,outer_fold,80,1,0.6275003712657418,0.6275003712657418
fpca256_10,outer_fold,80,2,0.2653397808349947,0.8928401521007365
fpca256_10,outer_fold,80,3,0.03601100790969689,0.9288511600104334
fpca256_10,outer_fold,80,4,0.019097584623029212,0.9479487446334627
fpca256_10,outer_fold,80,5,0.004570871110138571,0.9525196157436012
fpca256_10,outer_fold,80,6,0.001712851845780936,0.9542324675893822
fpca256_10,outer_fold,80,7,0.0012132026736707173,0.9554456702630529
fpca256_10,outer_fold,80,8,0.0009587795805965389,0.9564044498436495
fpca256_10,outer_fold,80,9,0.000890809517340788,0.9572952593609902
fpca256_10,outer_fold,80,10,0.0008592821639129707,0.9581545415249032
fpca256_10,outer_fold,81,1,0.6138787159030954,0.6138787159030954
fpca256_10,outer_fold,81,2,0.2753405184677559,0.8892192343708514
fpca256_10,outer_fold,81,3,0.034350410894935436,0.9235696452657868
fpca256_10,outer_fold,81,4,0.017629746825293342,0.9411993920910802
fpca256_10,outer_fold,81,5,0.004717221880542941,0.9459166139716231
fpca256_10,outer_fold,81,6,0.001452424412374759,0.9473690383839979
fpca256_10,outer_fold,81,7,0.0012808245053886193,0.9486498628893865
fpca256_10,outer_fold,81,8,0.001046117672007324,0.9496959805613938
fpca256_10,outer_fold,81,9,0.001030307215249862,0.9507262877766437
fpca256_10,outer_fold,81,10,0.0009557266226703756,0.9516820143993141
fpca256_10,outer_fold,82,1,0.6464172156434101,0.6464172156434101
fpca256_10,outer_fold,82,2,0.24745828275640033,0.8938754983998105
fpca256_10,outer_fold,82,3,0.0367882497757256,0.9306637481755361
fpca256_10,outer_fold,82,4,0.016334215733875886,0.9469979639094119
fpca256_10,outer_fold,82,5,0.0045763093269681,0.95157427323638
fpca256_10,outer_fold,82,6,0.0017622860061255463,0.9533365592425056
fpca256_10,outer_fold,82,7,0.0012965644412701739,0.9546331236837757
fpca256_10,outer_fold,82,8,0.001039027587044078,0.9556721512708198
fpca256_10,outer_fold,82,9,0.0009216984730453304,0.9565938497438652
fpca256_10,outer_fold,82,10,0.0008781588464493893,0.9574720085903146
fpca256_10,outer_fold,83,1,0.6351089246880873,0.6351089246880873
fpca256_10,outer_fold,83,2,0.2596861539163067,0.894795078604394
fpca256_10,outer_fold,83,3,0.03468216914056543,0.9294772477449594
fpca256_10,outer_fold,83,4,0.017808616627126378,0.9472858643720858
fpca256_10,outer_fold,83,5,0.004438205567913887,0.9517240699399997
fpca256_10,outer_fold,83,6,0.001641967024932149,0.9533660369649318
fpca256_10,outer_fold,83,7,0.0012637607244342893,0.9546297976893661
fpca256_10,outer_fold,83,8,0.0010302288949160347,0.9556600265842821
fpca256_10,outer_fold,83,9,0.0008979694249963631,0.9565579960092784
fpca256_10,outer_fold,83,10,0.0008596331077673615,0.9574176291170458
fpca256_10,outer_fold,84,1,0.6179754998168073,0.6179754998168073
fpca256_10,outer_fold,84,2,0.27447052826643575,0.8924460280832431
fpca256_10,outer_fold,84,3,0.035188416712818124,0.9276344447960613
fpca256_10,outer_fold,84,4,0.018561653914753833,0.9461960987108151
fpca256_10,outer_fold,84,5,0.0044981246445913465,0.9506942233554064
fpca256_10,outer_fold,84,6,0.001744977565210947,0.9524392009206174
fpca256_10,outer_fold,84,7,0.0012367227110425417,0.95367592363166
fpca256_10,outer_fold,84,8,0.001038014671994216,0.9547139383036543
fpca256_10,outer_fold,84,9,0.000919321859625698,0.95563326016328
fpca256_10,outer_fold,84,10,0.0008880092370219839,0.956521269400302
fpca256_10,outer_fold,85,1,0.6322247985487071,0.6322247985487071
fpca256_10,outer_fold,85,2,0.2584641199222364,0.8906889184709434
fpca256_10,outer_fold,85,3,0.03729147673901598,0.9279803952099595
fpca256_10,outer_fold,85,4,0.017493974329793317,0.9454743695397527
fpca256_10,outer_fold,85,5,0.004524091630165414,0.9499984611699182
fpca256_10,outer_fold,85,6,0.0017811011247157642,0.9517795622946339
fpca256_10,outer_fold,85,7,0.0013481223119087746,0.9531276846065426
fpca256_10,outer_fold,85,8,0.001071939619038213,0.9541996242255808
fpca256_10,outer_fold,85,9,0.000948767345612283,0.9551483915711931
fpca256_10,outer_fold,85,10,0.0009405958919331852,0.9560889874631263
fpca256_10,outer_fold,86,1,0.626985434837338,0.626985434837338
fpca256_10,outer_fold,86,2,0.2688459703335605,0.8958314051708985
fpca256_10,outer_fold,86,3,0.034082731948414775,0.9299141371193134
fpca256_10,outer_fold,86,4,0.01584790806071711,0.9457620451800305
fpca256_10,outer_fold,86,5,0.004643243567859866,0.9504052887478903
fpca256_10,outer_fold,86,6,0.0015111597239995975,0.9519164484718899
fpca256_10,outer_fold,86,7,0.0012565300577529134,0.9531729785296429
fpca256_10,outer_fold,86,8,0.0009335813325777411,0.9541065598622206
fpca256_10,outer_fold,86,9,0.0009144026321424703,0.9550209624943631
fpca256_10,outer_fold,86,10,0.0008341332801418196,0.9558550957745049
fpca256_10,outer_fold,87,1,0.6363544615471104,0.6363544615471104
fpca256_10,outer_fold,87,2,0.2573932862340258,0.8937477477811362
fpca256_10,outer_fold,87,3,0.035345672475724274,0.9290934202568605
fpca256_10,outer_fold,87,4,0.01862277889351463,0.9477161991503751
fpca256_10,outer_fold,87,5,0.004367359078063922,0.952083558228439
fpca256_10,outer_fold,87,6,0.0015868628232987927,0.9536704210517378
fpca256_10,outer_fold,87,7,0.0012518591616312315,0.9549222802133691
fpca256_10,outer_fold,87,8,0.001010705179469072,0.9559329853928382
fpca256_10,outer_fold,87,9,0.0009128366845608343,0.9568458220773991
fpca256_10,outer_fold,87,10,0.0008445887617325761,0.9576904108391316
fpca256_10,outer_fold,88,1,0.6293194426591737,0.6293194426591737
fpca256_10,outer_fold,88,2,0.267291046424592,0.8966104890837657
fpca256_10,outer_fold,88,3,0.03312022063863215,0.9297307097223979
fpca256_10,outer_fold,88,4,0.017206096481461867,0.9469368062038598
fpca256_10,outer_fold,88,5,0.004591062112955067,0.9515278683168148
fpca256_10,outer_fold,88,6,0.0018091039758037896,0.9533369722926186
fpca256_10,outer_fold,88,7,0.0012092756950036236,0.9545462479876222
fpca256_10,outer_fold,88,8,0.0010226715158544643,0.9555689195034767
fpca256_10,outer_fold,88,9,0.0009116399027833917,0.9564805594062601
fpca256_10,outer_fold,88,10,0.0008756356309867131,0.9573561950372468
fpca256_10,outer_fold,89,1,0.6118826408480033,0.6118826408480033
fpca256_10,outer_fold,89,2,0.273613412237097,0.8854960530851003
fpca256_10,outer_fold,89,3,0.038204730306996906,0.9237007833920972
fpca256_10,outer_fold,89,4,0.020473342565748977,0.9441741259578461
fpca256_10,outer_fold,89,5,0.004688217203724255,0.9488623431615704
fpca256_10,outer_fold,89,6,0.0017432765035109144,0.9506056196650813
fpca256_10,outer_fold,89,7,0.0013114095560193154,0.9519170292211006
fpca256_10,outer_fold,89,8,0.0010591406556654686,0.952976169876766
fpca256_10,outer_fold,89,9,0.0009968296900710295,0.953972999566837
fpca256_10,outer_fold,89,10,0.0008739247930565484,0.9548469243598936
fpca256_10,outer_fold,90,1,0.6353145751743529,0.6353145751743529
fpca256_10,outer_fold,90,2,0.2555349743180561,0.8908495494924089
fpca256_10,outer_fold,90,3,0.03778378363251114,0.92863333312492
fpca256_10,outer_fold,90,4,0.017145790008468845,0.9457791231333889
fpca256_10,outer_fold,90,5,0.004993878682853825,0.9507730018162427
fpca256_10,outer_fold,90,6,0.0017257817986692132,0.9524987836149119
fpca256_10,outer_fold,90,7,0.001342505580417983,0.9538412891953298
fpca256_10,outer_fold,90,8,0.0009934706241508378,0.9548347598194806
fpca256_10,outer_fold,90,9,0.0009499351155209739,0.9557846949350016
fpca256_10,outer_fold,90,10,0.0008979106248725024,0.9566826055598742
fpca256_10,outer_fold,91,1,0.6445099548745067,0.6445099548745067
fpca256_10,outer_fold,91,2,0.25076393134853403,0.8952738862230407
fpca256_10,outer_fold,91,3,0.035558489423073034,0.9308323756461138
fpca256_10,outer_fold,91,4,0.018010323763569855,0.9488426994096836
fpca256_10,outer_fold,91,5,0.004309918457088444,0.953152617866772
fpca256_10,outer_fold,91,6,0.001569083728019991,0.954721701594792
fpca256_10,outer_fold,91,7,0.0012388578406300694,0.955960559435422
fpca256_10,outer_fold,91,8,0.0010104060152927492,0.9569709654507148
fpca256_10,outer_fold,91,9,0.0008930506937221067,0.957864016144437
fpca256_10,outer_fold,91,10,0.0008379021545960562,0.958701918299033
fpca256_10,outer_fold,92,1,0.6134483492837073,0.6134483492837073
fpca256_10,outer_fold,92,2,0.2830706799126066,0.8965190291963139
fpca256_10,outer_fold,92,3,0.031120953896143375,0.9276399830924572
fpca256_10,outer_fold,92,4,0.017310706913517142,0.9449506900059743
fpca256_10,outer_fold,92,5,0.004453909059231855,0.9494045990652061
fpca256_10,outer_fold,92,6,0.0016196518374247363,0.9510242509026309
fpca256_10,outer_fold,92,7,0.0012530478002305467,0.9522772987028614
fpca256_10,outer_fold,92,8,0.0010158183382539458,0.9532931170411153
fpca256_10,outer_fold,92,9,0.0009128665614976111,0.9542059836026129
fpca256_10,outer_fold,92,10,0.0008420089197369347,0.9550479925223498
fpca256_10,outer_fold,93,1,0.617246673753536,0.617246673753536
fpca256_10,outer_fold,93,2,0.2732736195341475,0.8905202932876836
fpca256_10,outer_fold,93,3,0.03779398516969647,0.92831427845738
fpca256_10,outer_fold,93,4,0.017708734716795686,0.9460230131741757
fpca256_10,outer_fold,93,5,0.004632845050612422,0.9506558582247882
fpca256_10,outer_fold,93,6,0.0017479675450592376,0.9524038257698474
fpca256_10,outer_fold,93,7,0.0012162655116516247,0.953620091281499
fpca256_10,outer_fold,93,8,0.0010144493507207514,0.9546345406322198
fpca256_10,outer_fold,93,9,0.0008995178257203287,0.95553405845794
fpca256_10,outer_fold,93,10,0.0008606690106660995,0.9563947274686061
fpca256_10,outer_fold,94,1,0.6253062064845482,0.6253062064845482
fpca256_10,outer_fold,94,2,0.2639272206932673,0.8892334271778155
fpca256_10,outer_fold,94,3,0.035882906052324644,0.9251163332301402
fpca256_10,outer_fold,94,4,0.019174725021749706,0.9442910582518899
fpca256_10,outer_fold,94,5,0.004455401269952546,0.9487464595218424
fpca256_10,outer_fold,94,6,0.0017872320873640827,0.9505336916092065
fpca256_10,outer_fold,94,7,0.001301914167385227,0.9518356057765918
fpca256_10,outer_fold,94,8,0.0010703912805046095,0.9529059970570963
fpca256_10,outer_fold,94,9,0.0009736645475111006,0.9538796616046075
fpca256_10,outer_fold,94,10,0.0009497532168478476,0.9548294148214553
fpca256_10,outer_fold,95,1,0.5978184196963011,0.5978184196963011
fpca256_10,outer_fold,95,2,0.284231798719388,0.8820502184156891
fpca256_10,outer_fold,95,3,0.0400261576483497,0.9220763760640388
fpca256_10,outer_fold,95,4,0.02050859245973695,0.9425849685237757
fpca256_10,outer_fold,95,5,0.004970312904941039,0.9475552814287167
fpca256_10,outer_fold,95,6,0.00195468579861203,0.9495099672273287
fpca256_10,outer_fold,95,7,0.0012675515922821446,0.9507775188196108
fpca256_10,outer_fold,95,8,0.0010301347633044939,0.9518076535829153
fpca256_10,outer_fold,95,9,0.0009386782109021484,0.9527463317938174
fpca256_10,outer_fold,95,10,0.0008826591697949775,0.9536289909636124
fpca256_10,outer_fold,96,1,0.6377288404219754,0.6377288404219754
fpca256_10,outer_fold,96,2,0.2549558957058044,0.8926847361277799
fpca256_10,outer_fold,96,3,0.034677068262626044,0.9273618043904059
fpca256_10,outer_fold,96,4,0.018379733280462836,0.9457415376708688
fpca256_10,outer_fold,96,5,0.004696180147416047,0.9504377178182848
fpca256_10,outer_fold,96,6,0.001667503578068712,0.9521052213963535
fpca256_10,outer_fold,96,7,0.0012909241797791186,0.9533961455761326
fpca256_10,outer_fold,96,8,0.001034612611722166,0.9544307581878548
fpca256_10,outer_fold,96,9,0.0009243052079363773,0.9553550633957912
fpca256_10,outer_fold,96,10,0.0008649584671027172,0.956220021862894
fpca256_10,outer_fold,97,1,0.6346431592614533,0.6346431592614533
fpca256_10,outer_fold,97,2,0.26190002826779835,0.8965431875292517
fpca256_10,outer_fold,97,3,0.03425191969640014,0.9307951072256518
fpca256_10,outer_fold,97,4,0.017157267387470542,0.9479523746131224
fpca256_10,outer_fold,97,5,0.004435810872401546,0.952388185485524
fpca256_10,outer_fold,97,6,0.0016463981790214891,0.9540345836645454
fpca256_10,outer_fold,97,7,0.0012140536045096957,0.9552486372690551
fpca256_10,outer_fold,97,8,0.0009925011234543568,0.9562411383925095
fpca256_10,outer_fold,97,9,0.0008890641968299048,0.9571302025893393
fpca256_10,outer_fold,97,10,0.0008499417314335425,0.9579801443207728
fpca256_10,outer_fold,98,1,0.6408896865582484,0.6408896865582484
fpca256_10,outer_fold,98,2,0.25086866246851064,0.8917583490267591
fpca256_10,outer_fold,98,3,0.03689575123814031,0.9286541002648994
fpca256_10,outer_fold,98,4,0.018480342144557172,0.9471344424094565
fpca256_10,outer_fold,98,5,0.004377805952062057,0.9515122483615186
fpca256_10,outer_fold,98,6,0.0016080901986052945,0.9531203385601239
fpca256_10,outer_fold,98,7,0.0012608550892801997,0.9543811936494041
fpca256_10,outer_fold,98,8,0.0010410150079333284,0.9554222086573374
fpca256_10,outer_fold,98,9,0.0009506061949602696,0.9563728148522976
fpca256_10,outer_fold,98,10,0.000882687791446622,0.9572555026437443
fpca256_10,outer_fold,99,1,0.6243807953221133,0.6243807953221133
fpca256_10,outer_fold,99,2,0.2754218931904413,0.8998026885125546
fpca256_10,outer_fold,99,3,0.031556826047357135,0.9313595145599117
fpca256_10,outer_fold,99,4,0.015146830971057932,0.9465063455309697
fpca256_10,outer_fold,99,5,0.00438930383999211,0.9508956493709618
fpca256_10,outer_fold,99,6,0.0015614783284248895,0.9524571276993867
fpca256_10,outer_fold,99,7,0.0013397716421404175,0.9537968993415271
fpca256_10,outer_fold,99,8,0.0009958650936629221,0.95479276443519
fpca256_10,outer_fold,99,9,0.0009378009957052923,0.9557305654308953
fpca256_10,outer_fold,99,10,0.0009229318282157899,0.9566534972591111
fpca256_10,train_all,-1,1,0.6271078545075195,0.6271078545075195
fpca256_10,train_all,-1,2,0.26525530413765086,0.8923631586451704
fpca256_10,train_all,-1,3,0.035554427210622276,0.9279175858557926
fpca256_10,train_all,-1,4,0.0179957117370007,0.9459132975927933
fpca256_10,train_all,-1,5,0.0045452802922641275,0.9504585778850574
fpca256_10,train_all,-1,6,0.001653306984919975,0.9521118848699773
fpca256_10,train_all,-1,7,0.001222568523345012,0.9533344533933223
fpca256_10,train_all,-1,8,0.0009605026711028749,0.9542949560644253
fpca256_10,train_all,-1,9,0.0008683644065313421,0.9551633204709566
fpca256_10,train_all,-1,10,0.0008260524741645456,0.9559893729451212
fpca256_15,outer_fold,0,1,0.5962228543092989,0.5962228543092989
fpca256_15,outer_fold,0,2,0.2877403604939902,0.8839632148032891
fpca256_15,outer_fold,0,3,0.037655443193419534,0.9216186579967086
fpca256_15,outer_fold,0,4,0.02079599522465567,0.9424146532213643
fpca256_15,outer_fold,0,5,0.005193944995995749,0.9476085982173601
fpca256_15,outer_fold,0,6,0.001918991647146901,0.949527589864507
fpca256_15,outer_fold,0,7,0.0012721468353007728,0.9507997366998078
fpca256_15,outer_fold,0,8,0.0010039237798313847,0.9518036604796392
fpca256_15,outer_fold,0,9,0.0009731892997849463,0.9527768497794241
fpca256_15,outer_fold,0,10,0.0008869319354051319,0.9536637817148292
fpca256_15,outer_fold,0,11,0.0008398706001217309,0.9545036523149509
fpca256_15,outer_fold,0,12,0.0008238815960680044,0.955327533911019
fpca256_15,outer_fold,0,13,0.0007945276459907965,0.9561220615570097
fpca256_15,outer_fold,0,14,0.0007621661887481312,0.9568842277457579
fpca256_15,outer_fold,0,15,0.0007594069278100375,0.957643634673568
fpca256_15,outer_fold,1,1,0.6363370813266912,0.6363370813266912
fpca256_15,outer_fold,1,2,0.26367876252951183,0.900015843856203
fpca256_15,outer_fold,1,3,0.03353732175910825,0.9335531656153113
fpca256_15,outer_fold,1,4,0.016190985494279747,0.9497441511095911
fpca256_15,outer_fold,1,5,0.004295661902100834,0.9540398130116919
fpca256_15,outer_fold,1,6,0.0015879342409612204,0.9556277472526532
fpca256_15,outer_fold,1,7,0.0011498277939022894,0.9567775750465555
fpca256_15,outer_fold,1,8,0.000978846328878009,0.9577564213754335
fpca256_15,outer_fold,1,9,0.0008564912270993208,0.9586129126025328
fpca256_15,outer_fold,1,10,0.0008307918540198063,0.9594437044565526
fpca256_15,outer_fold,1,11,0.0007535384673176162,0.9601972429238702
fpca256_15,outer_fold,1,12,0.000740723527751689,0.9609379664516219
fpca256_15,outer_fold,1,13,0.0007168414295939587,0.9616548078812158
fpca256_15,outer_fold,1,14,0.0006937494366509624,0.9623485573178668
fpca256_15,outer_fold,1,15,0.000679878125809114,0.963028435443676
fpca256_15,outer_fold,2,1,0.645937751028479,0.645937751028479
fpca256_15,outer_fold,2,2,0.24857013587229465,0.8945078869007737
fpca256_15,outer_fold,2,3,0.034397648959243673,0.9289055358600173
fpca256_15,outer_fold,2,4,0.017342118475756032,0.9462476543357734
fpca256_15,outer_fold,2,5,0.00412866093387592,0.9503763152696493
fpca256_15,outer_fold,2,6,0.0015945406928855115,0.9519708559625348
fpca256_15,outer_fold,2,7,0.0012486820731712645,0.9532195380357061
fpca256_15,outer_fold,2,8,0.0010348689819235494,0.9542544070176296
fpca256_15,outer_fold,2,9,0.0009261673593443343,0.955180574376974
fpca256_15,outer_fold,2,10,0.0009109307099130232,0.956091505086887
fpca256_15,outer_fold,2,11,0.0008031031698815916,0.9568946082567686
fpca256_15,outer_fold,2,12,0.0007771612221422462,0.9576717694789109
fpca256_15,outer_fold,2,13,0.0007467871366838238,0.9584185566155947
fpca256_15,outer_fold,2,14,0.0007367457842084353,0.9591553023998032
fpca256_15,outer_fold,2,15,0.0007226875376273526,0.9598779899374306
fpca256_15,outer_fold,3,1,0.593067669964185,0.593067669964185
fpca256_15,outer_fold,3,2,0.29416320060641077,0.8872308705705958
fpca256_15,outer_fold,3,3,0.03759950278427228,0.9248303733548681
fpca256_15,outer_fold,3,4,0.019226617737353922,0.944056991092222
fpca256_15,outer_fold,3,5,0.0047921649406667925,0.9488491560328888
fpca256_15,outer_fold,3,6,0.0017788410091782215,0.950627997042067
fpca256_15,outer_fold,3,7,0.00132092326187217,0.9519489203039392
fpca256_15,outer_fold,3,8,0.0010469831555315024,0.9529959034594707
fpca256_15,outer_fold,3,9,0.0009208282158256622,0.9539167316752963
fpca256_15,outer_fold,3,10,0.0008907584791196149,0.9548074901544159
fpca256_15,outer_fold,3,11,0.0008528142649888311,0.9556603044194047
fpca256_15,outer_fold,3,12,0.0008318284372073956,0.9564921328566122
fpca256_15,outer_fold,3,13,0.0007887244377158072,0.957280857294328
fpca256_15,outer_fold,3,14,0.0007588610497467616,0.9580397183440748
fpca256_15,outer_fold,3,15,0.00075272236700623,0.9587924407110809
fpca256_15,outer_fold,4,1,0.6599399922385685,0.6599399922385685
fpca256_15,outer_fold,4,2,0.23602504892985707,0.8959650411684256
fpca256_15,outer_fold,4,3,0.034053978213744326,0.9300190193821699
fpca256_15,outer_fold,4,4,0.01686521184470233,0.9468842312268723
fpca256_15,outer_fold,4,5,0.004505146865846841,0.9513893780927191
fpca256_15,outer_fold,4,6,0.0016117475313868364,0.9530011256241059
fpca256_15,outer_fold,4,7,0.00135323105546897,0.9543543566795748
fpca256_15,outer_fold,4,8,0.0010279753832218796,0.9553823320627967
fpca256_15,outer_fold,4,9,0.0009286800639767246,0.9563110121267734
fpca256_15,outer_fold,4,10,0.000907947905364137,0.9572189600321375
fpca256_15,outer_fold,4,11,0.0008227572962387694,0.9580417173283763
fpca256_15,outer_fold,4,12,0.0007896122509315744,0.9588313295793078
fpca256_15,outer_fold,4,13,0.0007611699257022111,0.95959249950501
fpca256_15,outer_fold,4,14,0.0007444976896205387,0.9603369971946306
fpca256_15,outer_fold,4,15,0.0007101779585405656,0.9610471751531712
fpca256_15,outer_fold,5,1,0.6431408591174037,0.6431408591174037
fpca256_15,outer_fold,5,2,0.2559383643070669,0.8990792234244707
fpca256_15,outer_fold,5,3,0.03543817233347453,0.9345173957579452
fpca256_15,outer_fold,5,4,0.015434091192097162,0.9499514869500424
fpca256_15,outer_fold,5,5,0.004026957687619234,0.9539784446376616
fpca256_15,outer_fold,5,6,0.0015410784628697913,0.9555195231005313
fpca256_15,outer_fold,5,7,0.0012077757751119197,0.9567272988756432
fpca256_15,outer_fold,5,8,0.000979320957110333,0.9577066198327535
fpca256_15,outer_fold,5,9,0.0008853628233409689,0.9585919826560945
fpca256_15,outer_fold,5,10,0.0008455561956670443,0.9594375388517615
fpca256_15,outer_fold,5,11,0.0007565292019954714,0.960194068053757
fpca256_15,outer_fold,5,12,0.0007350487840775052,0.9609291168378344
fpca256_15,outer_fold,5,13,0.0007153656434843624,0.9616444824813188
fpca256_15,outer_fold,5,14,0.0006866873957635291,0.9623311698770823
fpca256_15,outer_fold,5,15,0.0006747533185652064,0.9630059231956476
fpca256_15,outer_fold,6,1,0.6488398007490208,0.6488398007490208
fpca256_15,outer_fold,6,2,0.24714810557279251,0.8959879063218134
fpca256_15,outer_fold,6,3,0.033987429814161994,0.9299753361359754
fpca256_15,outer_fold,6,4,0.017340251932976454,0.9473155880689519
fpca256_15,outer_fold,6,5,0.004319609495709445,0.9516351975646613
fpca256_15,outer_fold,6,6,0.0015867437789509893,0.9532219413436123
fpca256_15,outer_fold,6,7,0.001290603664597259,0.9545125450082095
fpca256_15,outer_fold,6,8,0.0010259378148518646,0.9555384828230613
fpca256_15,outer_fold,6,9,0.0009053804760140935,0.9564438632990754
fpca256_15,outer_fold,6,10,0.0008551070704809309,0.9572989703695564
fpca256_15,outer_fold,6,11,0.0008032081673563383,0.9581021785369127
fpca256_15,outer_fold,6,12,0.0007923554539199346,0.9588945339908327
fpca256_15,outer_fold,6,13,0.0007512782503010657,0.9596458122411338
fpca256_15,outer_fold,6,14,0.0007299273685852062,0.960375739609719
fpca256_15,outer_fold,6,15,0.0007195863822792363,0.9610953259919982
fpca256_15,outer_fold,7,1,0.63013887645128,0.63013887645128
fpca256_15,outer_fold,7,2,0.26458215289350556,0.8947210293447856
fpca256_15,outer_fold,7,3,0.03296520089855044,0.9276862302433361
fpca256_15,outer_fold,7,4,0.018291036932917934,0.945977267176254
fpca256_15,outer_fold,7,5,0.004554436657191368,0.9505317038334453
fpca256_15,outer_fold,7,6,0.0016357910332536918,0.952167494866699
fpca256_15,outer_fold,7,7,0.0013277789887039852,0.953495273855403
fpca256_15,outer_fold,7,8,0.0010312700263515563,0.9545265438817545
fpca256_15,outer_fold,7,9,0.0009326047420179604,0.9554591486237725
fpca256_15,outer_fold,7,10,0.0009101304239919285,0.9563692790477644
fpca256_15,outer_fold,7,11,0.0008078967515324745,0.9571771757992968
fpca256_15,outer_fold,7,12,0.0007745774036057153,0.9579517532029026
fpca256_15,outer_fold,7,13,0.0007655876149446902,0.9587173408178473
fpca256_15,outer_fold,7,14,0.0007509570980469397,0.9594682979158943
fpca256_15,outer_fold,7,15,0.0007320351237818055,0.9602003330396761
fpca256_15,outer_fold,8,1,0.626907064075867,0.626907064075867
fpca256_15,outer_fold,8,2,0.2657791551963602,0.8926862192722272
fpca256_15,outer_fold,8,3,0.03595785074356516,0.9286440700157924
fpca256_15,outer_fold,8,4,0.01795726898907512,0.9466013390048675
fpca256_15,outer_fold,8,5,0.0046601791062080115,0.9512615181110755
fpca256_15,outer_fold,8,6,0.0017701390031370637,0.9530316571142126
fpca256_15,outer_fold,8,7,0.001196239318311324,0.9542278964325239
fpca256_15,outer_fold,8,8,0.0010303306491738437,0.9552582270816977
fpca256_15,outer_fold,8,9,0.0009009436846568201,0.9561591707663546
fpca256_15,outer_fold,8,10,0.0008906618592736932,0.9570498326256283
fpca256_15,outer_fold,8,11,0.000776909486157503,0.9578267421117858
fpca256_15,outer_fold,8,12,0.0007731646226385229,0.9585999067344243
fpca256_15,outer_fold,8,13,0.0007469916349229792,0.9593468983693473
fpca256_15,outer_fold,8,14,0.000722063645908871,0.9600689620152562
fpca256_15,outer_fold,8,15,0.0007096554534363127,0.9607786174686924
fpca256_15,outer_fold,9,1,0.5878816987081966,0.5878816987081966
fpca256_15,outer_fold,9,2,0.29170076336040063,0.8795824620685972
fpca256_15,outer_fold,9,3,0.03877927141913422,0.9183617334877314
fpca256_15,outer_fold,9,4,0.021116405005205462,0.9394781384929369
fpca256_15,outer_fold,9,5,0.005304309413556041,0.944782447906493
fpca256_15,outer_fold,9,6,0.0019143289812243536,0.9466967768877174
fpca256_15,outer_fold,9,7,0.0012807041255433924,0.9479774810132607
fpca256_15,outer_fold,9,8,0.0011126243164388185,0.9490901053296995
fpca256_15,outer_fold,9,9,0.0010153217907184898,0.950105427120418
fpca256_15,outer_fold,9,10,0.0009439916782430473,0.951049418798661
fpca256_15,outer_fold,9,11,0.0009032172930403652,0.9519526360917013
fpca256_15,outer_fold,9,12,0.0008578555186953148,0.9528104916103967
fpca256_15,outer_fold,9,13,0.0008484423880006094,0.9536589339983973
fpca256_15,outer_fold,9,14,0.0008180533871084547,0.9544769873855058
fpca256_15,outer_fold,9,15,0.0008018572151401226,0.9552788446006459
fpca256_15,outer_fold,10,1,0.6336743292819567,0.6336743292819567
fpca256_15,outer_fold,10,2,0.26351557874868303,0.8971899080306397
fpca256_15,outer_fold,10,3,0.03525112485204685,0.9324410328826865
fpca256_15,outer_fold,10,4,0.016861894262336204,0.9493029271450227
fpca256_15,outer_fold,10,5,0.004357031987315164,0.9536599591323379
fpca256_15,outer_fold,10,6,0.0015923483765436135,0.9552523075088816
fpca256_15,outer_fold,10,7,0.0012475156304137022,0.9564998231392953
fpca256_15,outer_fold,10,8,0.0010077522490263343,0.9575075753883217
fpca256_15,outer_fold,10,9,0.0008793537434967287,0.9583869291318183
fpca256_15,outer_fold,10,10,0.0008466119756493106,0.9592335411074676
fpca256_15,outer_fold,10,11,0.0007750917984349757,0.9600086329059025
fpca256_15,outer_fold,10,12,0.0007540607737931323,0.9607626936796957
fpca256_15,outer_fold,10,13,0.0007222884219850994,0.9614849821016808
fpca256_15,outer_fold,10,14,0.0006824678828637696,0.9621674499845445
fpca256_15,outer_fold,10,15,0.0006778842760908804,0.9628453342606353
fpca256_15,outer_fold,11,1,0.6163441816801122,0.6163441816801122
fpca256_15,outer_fold,11,2,0.27078064297043786,0.8871248246505501
fpca256_15,outer_fold,11,3,0.03688205631549303,0.9240068809660431
fpca256_15,outer_fold,11,4,0.01872222060713144,0.9427291015731746
fpca256_15,outer_fold,11,5,0.004875458329700307,0.9476045599028748
fpca256_15,outer_fold,11,6,0.0017668054522461001,0.9493713653551209
fpca256_15,outer_fold,11,7,0.0012451882653370407,0.9506165536204579
fpca256_15,outer_fold,11,8,0.001074142683025947,0.9516906963034839
fpca256_15,outer_fold,11,9,0.0009785705853156174,0.9526692668887995
fpca256_15,outer_fold,11,10,0.0008843455548509193,0.9535536124436504
fpca256_15,outer_fold,11,11,0.0008546385924364649,0.954408251036087
fpca256_15,outer_fold,11,12,0.0008479916599618357,0.9552562426960488
fpca256_15,outer_fold,11,13,0.0008026619878073805,0.9560589046838562
fpca256_15,outer_fold,11,14,0.0007953361644481498,0.9568542408483044
fpca256_15,outer_fold,11,15,0.0007623924655477265,0.9576166333138522
fpca256_15,outer_fold,12,1,0.628178773015146,0.628178773015146
fpca256_15,outer_fold,12,2,0.26043134756007463,0.8886101205752206
fpca256_15,outer_fold,12,3,0.03723071382782117,0.9258408344030418
fpca256_15,outer_fold,12,4,0.018739410706525125,0.9445802451095668
fpca256_15,outer_fold,12,5,0.004259205154896766,0.9488394502644636
fpca256_15,outer_fold,12,6,0.0017763322075752598,0.9506157824720388
fpca256_15,outer_fold,12,7,0.001362365100125036,0.9519781475721638
fpca256_15,outer_fold,12,8,0.0010489259302845328,0.9530270735024483
fpca256_15,outer_fold,12,9,0.0009157194722295111,0.9539427929746778
fpca256_15,outer_fold,12,10,0.0008916690339224825,0.9548344620086002
fpca256_15,outer_fold,12,11,0.0008401384361283833,0.9556746004447286
fpca256_15,outer_fold,12,12,0.0007952323880305367,0.9564698328327592
fpca256_15,outer_fold,12,13,0.0007902868052095234,0.9572601196379688
fpca256_15,outer_fold,12,14,0.0007595919285384678,0.9580197115665072
fpca256_15,outer_fold,12,15,0.0007440002519609463,0.9587637118184682
fpca256_15,outer_fold,13,1,0.6162037635468337,0.6162037635468337
fpca256_15,outer_fold,13,2,0.2723258439290213,0.8885296074758551
fpca256_15,outer_fold,13,3,0.03671317830531699,0.925242785781172
fpca256_15,outer_fold,13,4,0.0192622214325686,0.9445050072137406
fpca256_15,outer_fold,13,5,0.004898855598504332,0.949403862812245
fpca256_15,outer_fold,13,6,0.0017786020813769954,0.951182464893622
fpca256_15,outer_fold,13,7,0.0013124594508454601,0.9524949243444675
fpca256_15,outer_fold,13,8,0.0010943700416691272,0.9535892943861366
fpca256_15,outer_fold,13,9,0.0009583943239501718,0.9545476887100868
fpca256_15,outer_fold,13,10,0.0009238079458072196,0.955471496655894
fpca256_15,outer_fold,13,11,0.0008387044473987239,0.9563102011032928
fpca256_15,outer_fold,13,12,0.0007965537445064393,0.9571067548477993
fpca256_15,outer_fold,13,13,0.0007874304940019038,0.9578941853418012
fpca256_15,outer_fold,13,14,0.0007773572450609076,0.958671542586862
fpca256_15,outer_fold,13,15,0.0007456253463865928,0.9594171679332486
fpca256_15,outer_fold,14,1,0.6424369962938206,0.6424369962938206
fpca256_15,outer_fold,14,2,0.25791784875818796,0.9003548450520085
fpca256_15,outer_fold,14,3,0.03181567301481799,0.9321705180668265
fpca256_15,outer_fold,14,4,0.016386598317743018,0.9485571163845695
fpca256_15,outer_fold,14,5,0.004433735263334368,0.9529908516479039
fpca256_15,outer_fold,14,6,0.0015731921941955717,0.9545640438420995
fpca256_15,outer_fold,14,7,0.0011785677495994341,0.9557426115916989
fpca256_15,outer_fold,14,8,0.000942158445843487,0.9566847700375424
fpca256_15,outer_fold,14,9,0.0008783519699600556,0.9575631220075024
fpca256_15,outer_fold,14,10,0.0008744897778788184,0.9584376117853812
fpca256_15,outer_fold,14,11,0.0007769122329296737,0.9592145240183109
fpca256_15,outer_fold,14,12,0.0007541780013223851,0.9599687020196332
fpca256_15,outer_fold,14,13,0.0007141643839296219,0.9606828664035628
fpca256_15,outer_fold,14,14,0.0006985086863426357,0.9613813750899054
fpca256_15,outer_fold,14,15,0.0006924995377057139,0.9620738746276111
fpca256_15,outer_fold,15,1,0.6186105251550695,0.6186105251550695
fpca256_15,outer_fold,15,2,0.27706583744108726,0.8956763625961568
fpca256_15,outer_fold,15,3,0.03401944202373594,0.9296958046198928
fpca256_15,outer_fold,15,4,0.01653170617476336,0.9462275107946562
fpca256_15,outer_fold,15,5,0.004668335899979826,0.950895846694636
fpca256_15,outer_fold,15,6,0.0015986514119782818,0.9524944981066142
fpca256_15,outer_fold,15,7,0.0012478250557924424,0.9537423231624067
fpca256_15,outer_fold,15,8,0.0009909800825935726,0.9547333032450003
fpca256_15,outer_fold,15,9,0.0009499007445180888,0.9556832039895183
fpca256_15,outer_fold,15,10,0.0008497250385984472,0.9565329290281168
fpca256_15,outer_fold,15,11,0.0008105922794462652,0.9573435213075631
fpca256_15,outer_fold,15,12,0.000762963092556118,0.9581064844001191
fpca256_15,outer_fold,15,13,0.0007431827197933247,0.9588496671199125
fpca256_15,outer_fold,15,14,0.0007408699782700548,0.9595905370981825
fpca256_15,outer_fold,15,15,0.000715484378349272,0.9603060214765318
fpca256_15,outer_fold,16,1,0.6385092909866165,0.6385092909866165
fpca256_15,outer_fold,16,2,0.25557640957501554,0.8940857005616321
fpca256_15,outer_fold,16,3,0.0349248063355598,0.9290105068971919
fpca256_15,outer_fold,16,4,0.01597156113646002,0.9449820680336519
fpca256_15,outer_fold,16,5,0.004371520900904629,0.9493535889345566
fpca256_15,outer_fold,16,6,0.0015667733013085701,0.9509203622358652
fpca256_15,outer_fold,16,7,0.0012917911446779348,0.9522121533805431
fpca256_15,outer_fold,16,8,0.0010712233256262495,0.9532833767061694
fpca256_15,outer_fold,16,9,0.0009548780661762577,0.9542382547723456
fpca256_15,outer_fold,16,10,0.0008762998939136746,0.9551145546662593
fpca256_15,outer_fold,16,11,0.0008390050688917885,0.9559535597351511
fpca256_15,outer_fold,16,12,0.0008159327732764426,0.9567694925084275
fpca256_15,outer_fold,16,13,0.0007680811574850853,0.9575375736659125
fpca256_15,outer_fold,16,14,0.0007629527247888606,0.9583005263907014
fpca256_15,outer_fold,16,15,0.0007393205771080934,0.9590398469678095
fpca256_15,outer_fold,17,1,0.6323560208709471,0.6323560208709471
fpca256_15,outer_fold,17,2,0.2623908917474769,0.894746912618424
fpca256_15,outer_fold,17,3,0.03486909656875461,0.9296160091871786
fpca256_15,outer_fold,17,4,0.01803337173769687,0.9476493809248754
fpca256_15,outer_fold,17,5,0.004623597713040317,0.9522729786379157
fpca256_15,outer_fold,17,6,0.0017577717308115994,0.9540307503687273
fpca256_15,outer_fold,17,7,0.0012403026390202193,0.9552710530077475
fpca256_15,outer_fold,17,8,0.0010123649291905977,0.956283417936938
fpca256_15,outer_fold,17,9,0.000907959143710582,0.9571913770806486
fpca256_15,outer_fold,17,10,0.0008662963153466465,0.9580576733959952
fpca256_15,outer_fold,17,11,0.0008022758816319808,0.9588599492776272
fpca256_15,outer_fold,17,12,0.0007567708642630054,0.9596167201418901
fpca256_15,outer_fold,17,13,0.0007470124155388924,0.960363732557429
fpca256_15,outer_fold,17,14,0.0007174297631794345,0.9610811623206085
fpca256_15,outer_fold,17,15,0.000714422546647996,0.9617955848672565
fpca256_15,outer_fold,18,1,0.6142751681005277,0.6142751681005277
fpca256_15,outer_fold,18,2,0.270423184005173,0.8846983521057008
fpca256_15,outer_fold,18,3,0.04016766881145644,0.9248660209171572
fpca256_15,outer_fold,18,4,0.019972938345524507,0.9448389592626817
fpca256_15,outer_fold,18,5,0.004872074972514384,0.9497110342351961
fpca256_15,outer_fold,18,6,0.0016960177423184987,0.9514070519775146
fpca256_15,outer_fold,18,7,0.0012895868629184853,0.9526966388404331
fpca256_15,outer_fold,18,8,0.0009962718249249833,0.9536929106653581
fpca256_15,outer_fold,18,9,0.0009515887666168493,0.9546444994319749
fpca256_15,outer_fold,18,10,0.0008808424992526026,0.9555253419312275
fpca256_15,outer_fold,18,11,0.0008222675037078842,0.9563476094349354
fpca256_15,outer_fold,18,12,0.0008042025081466063,0.957151811943082
fpca256_15,outer_fold,18,13,0.0007818844289085523,0.9579336963719906
fpca256_15,outer_fold,18,14,0.0007601923019485488,0.9586938886739391
fpca256_15,outer_fold,18,15,0.000724199678380638,0.9594180883523198
fpca256_15,outer_fold,19,1,0.6356312441125145,0.6356312441125145
fpca256_15,outer_fold,19,2,0.2573760882261039,0.8930073323386184
fpca256_15,outer_fold,19,3,0.03466006217139839,0.9276673945100168
fpca256_15,outer_fold,19,4,0.018710038949740833,0.9463774334597577
fpca256_15,outer_fold,19,5,0.004269804102869908,0.9506472375626276
fpca256_15,outer_fold,19,6,0.001763440162170607,0.9524106777247981
fpca256_15,outer_fold,19,7,0.0013210197786482887,0.9537316975034464
fpca256_15,outer_fold,19,8,0.0010341746825245485,0.954765872185971
fpca256_15,outer_fold,19,9,0.0009429332217275357,0.9557088054076985
fpca256_15,outer_fold,19,10,0.0009033956250294055,0.9566122010327279
fpca256_15,outer_fold,19,11,0.0008002966409146787,0.9574124976736426
fpca256_15,outer_fold,19,12,0.000796761632893625,0.9582092593065362
fpca256_15,outer_fold,19,13,0.0007459161651492603,0.9589551754716855
fpca256_15,outer_fold,19,14,0.0007418453220252028,0.9596970207937107
fpca256_15,outer_fold,19,15,0.0007111182543116425,0.9604081390480224
fpca256_15,outer_fold,20,1,0.6290732332458625,0.6290732332458625
fpca256_15,outer_fold,20,2,0.26120890742920083,0.8902821406750634
fpca256_15,outer_fold,20,3,0.038440241513928594,0.928722382188992
fpca256_15,outer_fold,20,4,0.018373044254012715,0.9470954264430047
fpca256_15,outer_fold,20,5,0.004194998307703119,0.9512904247507078
fpca256_15,outer_fold,20,6,0.0017531264222851327,0.9530435511729929
fpca256_15,outer_fold,20,7,0.0012316944475827824,0.9542752456205756
fpca256_15,outer_fold,20,8,0.0010263750853444548,0.9553016207059201
fpca256_15,outer_fold,20,9,0.0008978570052501317,0.9561994777111702
fpca256_15,outer_fold,20,10,0.0008778765116922526,0.9570773542228624
fpca256_15,outer_fold,20,11,0.000822999116103176,0.9579003533389656
fpca256_15,outer_fold,20,12,0.0007763130374318339,0.9586766663763975
fpca256_15,outer_fold,20,13,0.0007691176151781935,0.9594457839915757
fpca256_15,outer_fold,20,14,0.0007616325244289116,0.9602074165160046
fpca256_15,outer_fold,20,15,0.0007196185527696102,0.9609270350687742
fpca256_15,outer_fold,21,1,0.57947773911905,0.57947773911905
fpca256_15,outer_fold,21,2,0.3023072277127798,0.8817849668318298
fpca256_15,outer_fold,21,3,0.03640237818882085,0.9181873450206507
fpca256_15,outer_fold,21,4,0.019647903122192095,0.9378352481428428
fpca256_15,outer_fold,21,5,0.005674252507269219,0.9435095006501121
fpca256_15,outer_fold,21,6,0.0018316607479489395,0.945341161398061
fpca256_15,outer_fold,21,7,0.00138634044650745,0.9467275018445684
fpca256_15,outer_fold,21,8,0.0011165187320564258,0.9478440205766249
fpca256_15,outer_fold,21,9,0.0010950115763834285,0.9489390321530083
fpca256_15,outer_fold,21,10,0.0009651253549549224,0.9499041575079633
fpca256_15,outer_fold,21,11,0.0009427468979171693,0.9508469044058805
fpca256_15,outer_fold,21,12,0.0009123877839657274,0.9517592921898462
fpca256_15,outer_fold,21,13,0.0008961038091249762,0.9526553959989712
fpca256_15,outer_fold,21,14,0.0008586529371316747,0.9535140489361029
fpca256_15,outer_fold,21,15,0.0008096106434185354,0.9543236595795215
fpca256_15,outer_fold,22,1,0.6321428222751281,0.6321428222751281
fpca256_15,outer_fold,22,2,0.2630338726015453,0.8951766948766734
fpca256_15,outer_fold,22,3,0.034967131389248514,0.930143826265922
fpca256_15,outer_fold,22,4,0.01877823635709084,0.9489220626230128
fpca256_15,outer_fold,22,5,0.004366314276248495,0.9532883768992613
fpca256_15,outer_fold,22,6,0.0016748616075010843,0.9549632385067623
fpca256_15,outer_fold,22,7,0.0012595818179941998,0.9562228203247566
fpca256_15,outer_fold,22,8,0.0009502886713307616,0.9571731089960873
fpca256_15,outer_fold,22,9,0.0008644644063664298,0.9580375734024538
fpca256_15,outer_fold,22,10,0.0008330081856451313,0.9588705815880989
fpca256_15,outer_fold,22,11,0.0007657636538267291,0.9596363452419256
fpca256_15,outer_fold,22,12,0.0007609368337032125,0.9603972820756289
fpca256_15,outer_fold,22,13,0.0007305990575757214,0.9611278811332047
fpca256_15,outer_fold,22,14,0.0007130279831588613,0.9618409091163636
fpca256_15,outer_fold,22,15,0.0006909262993336273,0.9625318354156972
fpca256_15,outer_fold,23,1,0.6420716369510365,0.6420716369510365
fpca256_15,outer_fold,23,2,0.25505869760736455,0.8971303345584011
fpca256_15,outer_fold,23,3,0.03429859024681625,0.9314289248052173
fpca256_15,outer_fold,23,4,0.015293904056930492,0.9467228288621479
fpca256_15,outer_fold,23,5,0.004158972317956441,0.9508818011801043
fpca256_15,outer_fold,23,6,0.0015668718272449714,0.9524486730073494
fpca256_15,outer_fold,23,7,0.0012539201013336489,0.953702593108683
fpca256_15,outer_fold,23,8,0.0009878603274464878,0.9546904534361295
fpca256_15,outer_fold,23,9,0.000944351447555034,0.9556348048836845
fpca256_15,outer_fold,23,10,0.0008849000194979632,0.9565197049031824
fpca256_15,outer_fold,23,11,0.0007887222121248836,0.9573084271153073
fpca256_15,outer_fold,23,12,0.0007820495488379925,0.9580904766641453
fpca256_15,outer_fold,23,13,0.0007627226709970219,0.9588531993351422
fpca256_15,outer_fold,23,14,0.0007434987849219643,0.9595966981200642
fpca256_15,outer_fold,23,15,0.0007324993639383799,0.9603291974840026
fpca256_15,outer_fold,24,1,0.6509115475554766,0.6509115475554766
fpca256_15,outer_fold,24,2,0.2463272794335301,0.8972388269890068
fpca256_15,outer_fold,24,3,0.033715564480423905,0.9309543914694307
fpca256_15,outer_fold,24,4,0.01725036029521707,0.9482047517646478
fpca256_15,outer_fold,24,5,0.004498401221496485,0.9527031529861443
fpca256_15,outer_fold,24,6,0.0016500543591144012,0.9543532073452586
fpca256_15,outer_fold,24,7,0.0012650181166819958,0.9556182254619406
fpca256_15,outer_fold,24,8,0.0010252791184284299,0.9566435045803691
fpca256_15,outer_fold,24,9,0.0008916116502223597,0.9575351162305914
fpca256_15,outer_fold,24,10,0.0008774124024683584,0.9584125286330598
fpca256_15,outer_fold,24,11,0.0007692625593552663,0.9591817911924151
fpca256_15,outer_fold,24,12,0.0007485930899326129,0.9599303842823477
fpca256_15,outer_fold,24,13,0.0007228087896732101,0.9606531930720209
fpca256_15,outer_fold,24,14,0.0007045584607842162,0.9613577515328051
fpca256_15,outer_fold,24,15,0.0006808738861277695,0.9620386254189329
fpca256_15,outer_fold,25,1,0.6040469879767318,0.6040469879767318
fpca256_15,outer_fold,25,2,0.28280753001865405,0.886854517995386
fpca256_15,outer_fold,25,3,0.03677338464002031,0.9236279026354063
fpca256_15,outer_fold,25,4,0.018427467448662378,0.9420553700840687
fpca256_15,outer_fold,25,5,0.004943327981851778,0.9469986980659205
fpca256_15,outer_fold,25,6,0.0017349599468758214,0.9487336580127963
fpca256_15,outer_fold,25,7,0.0012544758387137732,0.94998813385151
fpca256_15,outer_fold,25,8,0.001068174906661044,0.951056308758171
fpca256_15,outer_fold,25,9,0.0010135988477586405,0.9520699076059297
fpca256_15,outer_fold,25,10,0.0008801451857434419,0.9529500527916731
fpca256_15,outer_fold,25,11,0.0008694282095009056,0.953819481001174
fpca256_15,outer_fold,25,12,0.0008267835853057427,0.9546462645864797
fpca256_15,outer_fold,25,13,0.0008189530589229393,0.9554652176454027
fpca256_15,outer_fold,25,14,0.0008024958564380127,0.9562677135018407
fpca256_15,outer_fold,25,15,0.0007798121392499834,0.9570475256410906
fpca256_15,outer_fold,26,1,0.6442350985823535,0.6442350985823535
fpca256_15,outer_fold,26,2,0.2512135742258948,0.8954486728082482
fpca256_15,outer_fold,26,3,0.03452793541269954,0.9299766082209477
fpca256_15,outer_fold,26,4,0.01755173285543146,0.9475283410763792
fpca256_15,outer_fold,26,5,0.004563735557196567,0.9520920766335758
fpca256_15,outer_fold,26,6,0.00165725374893268,0.9537493303825084
fpca256_15,outer_fold,26,7,0.0012540636442424458,0.9550033940267508
fpca256_15,outer_fold,26,8,0.0010033561806420282,0.9560067502073929
fpca256_15,outer_fold,26,9,0.0009004344842399565,0.9569071846916328
fpca256_15,outer_fold,26,10,0.0008624855090301059,0.957769670200663
fpca256_15,outer_fold,26,11,0.0007811071132055108,0.9585507773138685
fpca256_15,outer_fold,26,12,0.0007568088395359838,0.9593075861534045
fpca256_15,outer_fold,26,13,0.0007445763082061202,0.9600521624616106
fpca256_15,outer_fold,26,14,0.0007183224377842283,0.9607704848993949
fpca256_15,outer_fold,26,15,0.0007005729933259373,0.9614710578927208
fpca256_15,outer_fold,27,1,0.6222560665252355,0.6222560665252355
fpca256_15,outer_fold,27,2,0.2597378922316685,0.8819939587569039
fpca256_15,outer_fold,27,3,0.04223133770748874,0.9242252964643927
fpca256_15,outer_fold,27,4,0.019289536227334102,0.9435148326917268
fpca256_15,outer_fold,27,5,0.0047605372711772365,0.948275369962904
fpca256_15,outer_fold,27,6,0.0017388674623029705,0.950014237425207
fpca256_15,outer_fold,27,7,0.0013905152391456533,0.9514047526643526
fpca256_15,outer_fold,27,8,0.0010999340231198375,0.9525046866874725
fpca256_15,outer_fold,27,9,0.0009911958626055394,0.953495882550078
fpca256_15,outer_fold,27,10,0.0009313439537887447,0.9544272265038668
fpca256_15,outer_fold,27,11,0.0008329937984138426,0.9552602203022806
fpca256_15,outer_fold,27,12,0.0008150886061969509,0.9560753089084776
fpca256_15,outer_fold,27,13,0.0007883149121060615,0.9568636238205837
fpca256_15,outer_fold,27,14,0.000777275651359468,0.9576408994719431
fpca256_15,outer_fold,27,15,0.0007656047563135495,0.9584065042282567
fpca256_15,outer_fold,28,1,0.6365096336447504,0.6365096336447504
fpca256_15,outer_fold,28,2,0.26206415515274223,0.8985737887974927
fpca256_15,outer_fold,28,3,0.03242298431896723,0.9309967731164599
fpca256_15,outer_fold,28,4,0.01672109181531098,0.9477178649317709
fpca256_15,outer_fold,28,5,0.0043477775514478775,0.9520656424832188
fpca256_15,outer_fold,28,6,0.001584960761112595,0.9536506032443314
fpca256_15,outer_fold,28,7,0.0011866589852651715,0.9548372622295965
fpca256_15,outer_fold,28,8,0.0009452222487641837,0.9557824844783607
fpca256_15,outer_fold,28,9,0.00088637721221182,0.9566688616905725
fpca256_15,outer_fold,28,10,0.0008471670060554604,0.957516028696628
fpca256_15,outer_fold,28,11,0.0007937501462704751,0.9583097788428985
fpca256_15,outer_fold,28,12,0.000771625879756234,0.9590814047226547
fpca256_15,outer_fold,28,13,0.0007458859622042979,0.959827290684859
fpca256_15,outer_fold,28,14,0.0007227457461073833,0.9605500364309664
fpca256_15,outer_fold,28,15,0.000697677238806556,0.9612477136697729
fpca256_15,outer_fold,29,1,0.6268643884218884,0.6268643884218884
fpca256_15,outer_fold,29,2,0.271082546657226,0.8979469350791144
fpca256_15,outer_fold,29,3,0.0333384658573542,0.9312854009364686
fpca256_15,outer_fold,29,4,0.017124995470594064,0.9484103964070627
fpca256_15,outer_fold,29,5,0.004283207814580101,0.9526936042216428
fpca256_15,outer_fold,29,6,0.0016237460107604682,0.9543173502324033
fpca256_15,outer_fold,29,7,0.0012735280112947031,0.9555908782436979
fpca256_15,outer_fold,29,8,0.0010275003918618934,0.9566183786355599
fpca256_15,outer_fold,29,9,0.0009013687883252204,0.9575197474238851
fpca256_15,outer_fold,29,10,0.0008489948221260664,0.9583687422460112
fpca256_15,outer_fold,29,11,0.0007934300853734896,0.9591621723313847
fpca256_15,outer_fold,29,12,0.0007634201474645848,0.9599255924788492
fpca256_15,outer_fold,29,13,0.0007514733968455957,0.9606770658756948
fpca256_15,outer_fold,29,14,0.0007417186970944214,0.9614187845727892
fpca256_15,outer_fold,29,15,0.0006863432316817403,0.9621051278044709
fpca256_15,outer_fold,30,1,0.6263637738873737,0.6263637738873737
fpca256_15,outer_fold,30,2,0.26289996820231487,0.8892637420896886
fpca256_15,outer_fold,30,3,0.03617878271418517,0.9254425248038738
fpca256_15,outer_fold,30,4,0.019921820898649346,0.9453643457025231
fpca256_15,outer_fold,30,5,0.004610064914124937,0.9499744106166481
fpca256_15,outer_fold,30,6,0.0018384021598210917,0.9518128127764692
fpca256_15,outer_fold,30,7,0.0012670199086285488,0.9530798326850978
fpca256_15,outer_fold,30,8,0.001087062394869635,0.9541668950799674
fpca256_15,outer_fold,30,9,0.0009687494962809576,0.9551356445762484
fpca256_15,outer_fold,30,10,0.000898038169845608,0.956033682746094
fpca256_15,outer_fold,30,11,0.0008013590041774108,0.9568350417502715
fpca256_15,outer_fold,30,12,0.0007820929982798966,0.9576171347485514
fpca256_15,outer_fold,30,13,0.0007579344449042641,0.9583750691934556
fpca256_15,outer_fold,30,14,0.0007529237417739753,0.9591279929352295
fpca256_15,outer_fold,30,15,0.000728295997020218,0.9598562889322497
fpca256_15,outer_fold,31,1,0.6271313800164047,0.6271313800164047
fpca256_15,outer_fold,31,2,0.2666356961288274,0.8937670761452321
fpca256_15,outer_fold,31,3,0.036126350484880915,0.929893426630113
fpca256_15,outer_fold,31,4,0.016722323374836007,0.946615750004949
fpca256_15,outer_fold,31,5,0.004444611984486089,0.9510603619894351
fpca256_15,outer_fold,31,6,0.0016497297765498075,0.9527100917659849
fpca256_15,outer_fold,31,7,0.001215202210015084,0.9539252939759999
fpca256_15,outer_fold,31,8,0.000933858802876931,0.9548591527788768
fpca256_15,outer_fold,31,9,0.0009210861292961283,0.9557802389081729
fpca256_15,outer_fold,31,10,0.0008692583436954783,0.9566494972518683
fpca256_15,outer_fold,31,11,0.0008142088017379132,0.9574637060536062
fpca256_15,outer_fold,31,12,0.0007740092937074723,0.9582377153473137
fpca256_15,outer_fold,31,13,0.0007527638601130508,0.9589904792074267
fpca256_15,outer_fold,31,14,0.0007234419496944649,0.9597139211571212
fpca256_15,outer_fold,31,15,0.0007181504516859168,0.9604320716088071
fpca256_15,outer_fold,32,1,0.5972761255405402,0.5972761255405402
fpca256_15,outer_fold,32,2,0.289548396678384,0.8868245222189242
fpca256_15,outer_fold,32,3,0.03615374179021436,0.9229782640091385
fpca256_15,outer_fold,32,4,0.01896056781434565,0.9419388318234841
fpca256_15,outer_fold,32,5,0.005012118947568054,0.9469509507710522
fpca256_15,outer_fold,32,6,0.001811317561344757,0.948762268332397
fpca256_15,outer_fold,32,7,0.0012915293495094305,0.9500537976819063
fpca256_15,outer_fold,32,8,0.0011219110098554521,0.9511757086917618
fpca256_15,outer_fold,32,9,0.0009750062644494315,0.9521507149562113
fpca256_15,outer_fold,32,10,0.0009087895385479969,0.9530595044947593
fpca256_15,outer_fold,32,11,0.0008704680849247379,0.953929972579684
fpca256_15,outer_fold,32,12,0.0008431440246883575,0.9547731166043724
fpca256_15,outer_fold,32,13,0.0008097435847852445,0.9555828601891576
fpca256_15,outer_fold,32,14,0.0007983295482807468,0.9563811897374384
fpca256_15,outer_fold,32,15,0.0007707987243719251,0.9571519884618103
fpca256_15,outer_fold,33,1,0.6215028618979435,0.6215028618979435
fpca256_15,outer_fold,33,2,0.27406594756217906,0.8955688094601225
fpca256_15,outer_fold,33,3,0.035351534161957486,0.93092034362208
fpca256_15,outer_fold,33,4,0.017549314902997406,0.9484696585250774
fpca256_15,outer_fold,33,5,0.0043739033726920675,0.9528435618977694
fpca256_15,outer_fold,33,6,0.001633635630120954,0.9544771975278904
fpca256_15,outer_fold,33,7,0.0012792968161580377,0.9557564943440484
fpca256_15,outer_fold,33,8,0.000978645557290554,0.956735139901339
fpca256_15,outer_fold,33,9,0.0008716450177128799,0.9576067849190518
fpca256_15,outer_fold,33,10,0.0008319683175930864,0.958438753236645
fpca256_15,outer_fold,33,11,0.0007790340416662233,0.9592177872783112
fpca256_15,outer_fold,33,12,0.0007555348488680394,0.9599733221271792
fpca256_15,outer_fold,33,13,0.0007324789508774951,0.9607058010780567
fpca256_15,outer_fold,33,14,0.0007064162620513549,0.9614122173401081
fpca256_15,outer_fold,33,15,0.0006998071460198004,0.9621120244861279
fpca256_15,outer_fold,34,1,0.6607383838426787,0.6607383838426787
fpca256_15,outer_fold,34,2,0.2360620501899331,0.8968004340326118
fpca256_15,outer_fold,34,3,0.034073364354189214,0.930873798386801
fpca256_15,outer_fold,34,4,0.016598419516554046,0.947472217903355
fpca256_15,outer_fold,34,5,0.0043825184539902475,0.9518547363573453
fpca256_15,outer_fold,34,6,0.0014679196571364447,0.9533226560144817
fpca256_15,outer_fold,34,7,0.001237512284159515,0.9545601682986412
fpca256_15,outer_fold,34,8,0.0009889260458021737,0.9555490943444434
fpca256_15,outer_fold,34,9,0.0009115214445081262,0.9564606157889515
fpca256_15,outer_fold,34,10,0.0008852708995405563,0.9573458866884921
fpca256_15,outer_fold,34,11,0.0008110788612528957,0.9581569655497449
fpca256_15,outer_fold,34,12,0.0007722630593265878,0.9589292286090715
fpca256_15,outer_fold,34,13,0.000748603573145939,0.9596778321822175
fpca256_15,outer_fold,34,14,0.0007425009179228493,0.9604203331001403
fpca256_15,outer_fold,34,15,0.0007140580501883751,0.9611343911503287
fpca256_15,outer_fold,35,1,0.6054220716987311,0.6054220716987311
fpca256_15,outer_fold,35,2,0.28555539283091613,0.8909774645296472
fpca256_15,outer_fold,35,3,0.036499616885366265,0.9274770814150135
fpca256_15,outer_fold,35,4,0.018921832441636335,0.9463989138566499
fpca256_15,outer_fold,35,5,0.004547586556730554,0.9509465004133805
fpca256_15,outer_fold,35,6,0.0017949071492049447,0.9527414075625854
fpca256_15,outer_fold,35,7,0.0012984435063928283,0.9540398510689783
fpca256_15,outer_fold,35,8,0.0010221586765113717,0.9550620097454896
fpca256_15,outer_fold,35,9,0.0008933393251506218,0.9559553490706403
fpca256_15,outer_fold,35,10,0.0008691237181082078,0.9568244727887485
fpca256_15,outer_fold,35,11,0.0008347334214747014,0.9576592062102232
fpca256_15,outer_fold,35,12,0.0007811587711113153,0.9584403649813344
fpca256_15,outer_fold,35,13,0.0007720242595587221,0.9592123892408931
fpca256_15,outer_fold,35,14,0.0007391640331217352,0.9599515532740148
fpca256_15,outer_fold,35,15,0.0007321207650193413,0.9606836740390342
fpca256_15,outer_fold,36,1,0.6456364754729175,0.6456364754729175
fpca256_15,outer_fold,36,2,0.2530844131758745,0.898720888648792
fpca256_15,outer_fold,36,3,0.033597782665497185,0.9323186713142891
fpca256_15,outer_fold,36,4,0.017089462200245382,0.9494081335145346
fpca256_15,outer_fold,36,5,0.004355735102588078,0.9537638686171227
fpca256_15,outer_fold,36,6,0.0016796411007828842,0.9554435097179056
fpca256_15,outer_fold,36,7,0.001249634124249977,0.9566931438421555
fpca256_15,outer_fold,36,8,0.0009236886700221364,0.9576168325121777
fpca256_15,outer_fold,36,9,0.0008659224644454621,0.9584827549766232
fpca256_15,outer_fold,36,10,0.0008176500597389852,0.9593004050363622
fpca256_15,outer_fold,36,11,0.0007448793962992286,0.9600452844326613
fpca256_15,outer_fold,36,12,0.0007378751938981773,0.9607831596265596
fpca256_15,outer_fold,36,13,0.0007016485953246913,0.9614848082218843
fpca256_15,outer_fold,36,14,0.0006981829020525699,0.9621829911239369
fpca256_15,outer_fold,36,15,0.000686324676504127,0.962869315800441
fpca256_15,outer_fold,37,1,0.608377414000323,0.608377414000323
fpca256_15,outer_fold,37,2,0.28214155006396147,0.8905189640642844
fpca256_15,outer_fold,37,3,0.036505716921917855,0.9270246809862023
fpca256_15,outer_fold,37,4,0.01815310843930744,0.9451777894255097
fpca256_15,outer_fold,37,5,0.004595092091823336,0.949772881517333
fpca256_15,outer_fold,37,6,0.001596969840790828,0.9513698513581238
fpca256_15,outer_fold,37,7,0.0013361554543519954,0.9527060068124757
fpca256_15,outer_fold,37,8,0.0010326392706421978,0.953738646083118
fpca256_15,outer_fold,37,9,0.0009810293134449317,0.9547196753965629
fpca256_15,outer_fold,37,10,0.0008810049056495786,0.9556006803022125
fpca256_15,outer_fold,37,11,0.0008250909519364638,0.956425771254149
fpca256_15,outer_fold,37,12,0.000791633158124835,0.9572174044122738
fpca256_15,outer_fold,37,13,0.0007734809855798646,0.9579908853978536
fpca256_15,outer_fold,37,14,0.0007556404098239073,0.9587465258076775
fpca256_15,outer_fold,37,15,0.0007385894002499796,0.9594851152079275
fpca256_15,outer_fold,38,1,0.6282651286788609,0.6282651286788609
fpca256_15,outer_fold,38,2,0.26059165084507063,0.8888567795239315
fpca256_15,outer_fold,38,3,0.03576161581868035,0.9246183953426118
fpca256_15,outer_fold,38,4,0.018800221481173447,0.9434186168237852
fpca256_15,outer_fold,38,5,0.004855745769491745,0.948274362593277
fpca256_15,outer_fold,38,6,0.0017911359414312126,0.9500654985347082
fpca256_15,outer_fold,38,7,0.0011897218008126824,0.9512552203355209
fpca256_15,outer_fold,38,8,0.0010660494871615309,0.9523212698226824
fpca256_15,outer_fold,38,9,0.000957099483205852,0.9532783693058883
fpca256_15,outer_fold,38,10,0.0008813364134865435,0.9541597057193748
fpca256_15,outer_fold,38,11,0.0008616082011728285,0.9550213139205477
fpca256_15,outer_fold,38,12,0.0008286418316877838,0.9558499557522354
fpca256_15,outer_fold,38,13,0.0008093136424658295,0.9566592693947013
fpca256_15,outer_fold,38,14,0.00077968623334807,0.9574389556280494
fpca256_15,outer_fold,38,15,0.0007487259291661099,0.9581876815572155
fpca256_15,outer_fold,39,1,0.6491853792290155,0.6491853792290155
fpca256_15,outer_fold,39,2,0.243968202849098,0.8931535820781136
fpca256_15,outer_fold,39,3,0.03560921143631181,0.9287627935144254
fpca256_15,outer_fold,39,4,0.016984848822677173,0.9457476423371025
fpca256_15,outer_fold,39,5,0.00436050116172988,0.9501081434988324
fpca256_15,outer_fold,39,6,0.001534950663044767,0.9516430941618772
fpca256_15,outer_fold,39,7,0.0012682613278025012,0.9529113554896798
fpca256_15,outer_fold,39,8,0.0010613060334406115,0.9539726615231203
fpca256_15,outer_fold,39,9,0.0009543350923832252,0.9549269966155035
fpca256_15,outer_fold,39,10,0.0009220185604700757,0.9558490151759735
fpca256_15,outer_fold,39,11,0.0008270615617970177,0.9566760767377706
fpca256_15,outer_fold,39,12,0.0008063172578846326,0.9574823939956552
fpca256_15,outer_fold,39,13,0.0007618845300356276,0.9582442785256908
fpca256_15,outer_fold,39,14,0.0007474761093043346,0.9589917546349952
fpca256_15,outer_fold,39,15,0.0007408722625720863,0.9597326268975673
fpca256_15,outer_fold,40,1,0.6450880069585276,0.6450880069585276
fpca256_15,outer_fold,40,2,0.24792882826593443,0.8930168352244621
fpca256_15,outer_fold,40,3,0.03549488494536588,0.928511720169828
fpca256_15,outer_fold,40,4,0.0177178454911494,0.9462295656609774
fpca256_15,outer_fold,40,5,0.004313301572744981,0.9505428672337224
fpca256_15,outer_fold,40,6,0.001634819949973997,0.9521776871836963
fpca256_15,outer_fold,40,7,0.0013228957321182698,0.9535005829158146
fpca256_15,outer_fold,40,8,0.0010269330390849886,0.9545275159548996
fpca256_15,outer_fold,40,9,0.0009397645059338818,0.9554672804608335
fpca256_15,outer_fold,40,10,0.0008784517156362572,0.9563457321764698
fpca256_15,outer_fold,40,11,0.0008255257220163445,0.9571712578984861
fpca256_15,outer_fold,40,12,0.0007785123113500022,0.9579497702098361
fpca256_15,outer_fold,40,13,0.0007758931832792768,0.9587256633931154
fpca256_15,outer_fold,40,14,0.0007590748521741289,0.9594847382452895
fpca256_15,outer_fold,40,15,0.0007382409452924731,0.960222979190582
fpca256_15,outer_fold,41,1,0.629833973665995,0.629833973665995
fpca256_15,outer_fold,41,2,0.2549428422633983,0.8847768159293934
fpca256_15,outer_fold,41,3,0.038245751133502426,0.9230225670628958
fpca256_15,outer_fold,41,4,0.020005525209530133,0.9430280922724259
fpca256_15,outer_fold,41,5,0.004775457924878461,0.9478035501973043
fpca256_15,outer_fold,41,6,0.0017774538988174365,0.9495810040961218
fpca256_15,outer_fold,41,7,0.00136085196397111,0.9509418560600928
fpca256_15,outer_fold,41,8,0.0011101801995368858,0.9520520362596298
fpca256_15,outer_fold,41,9,0.0010057494659243321,0.9530577857255541
fpca256_15,outer_fold,41,10,0.0009296970087618292,0.9539874827343159
fpca256_15,outer_fold,41,11,0.0008720444255400406,0.9548595271598559
fpca256_15,outer_fold,41,12,0.0008292025539893249,0.9556887297138452
fpca256_15,outer_fold,41,13,0.0007998648467849226,0.9564885945606302
fpca256_15,outer_fold,41,14,0.0007818131632367887,0.957270407723867
fpca256_15,outer_fold,41,15,0.0007714241998065993,0.9580418319236735
fpca256_15,outer_fold,42,1,0.6400978746287354,0.6400978746287354
fpca256_15,outer_fold,42,2,0.2593755727893622,0.8994734474180975
fpca256_15,outer_fold,42,3,0.03319240305512388,0.9326658504732214
fpca256_15,outer_fold,42,4,0.015170471053433313,0.9478363215266546
fpca256_15,outer_fold,42,5,0.004429586669459706,0.9522659081961143
fpca256_15,outer_fold,42,6,0.001472348296611735,0.953738256492726
fpca256_15,outer_fold,42,7,0.0012129833016032256,0.9549512397943293
fpca256_15,outer_fold,42,8,0.0009902816417785168,0.9559415214361078
fpca256_15,outer_fold,42,9,0.0009075671285544239,0.9568490885646622
fpca256_15,outer_fold,42,10,0.000864077133356457,0.9577131656980187
fpca256_15,outer_fold,42,11,0.0007865932742942231,0.9584997589723129
fpca256_15,outer_fold,42,12,0.0007703836362828462,0.9592701426085958
fpca256_15,outer_fold,42,13,0.0007426020058345634,0.9600127446144303
fpca256_15,outer_fold,42,14,0.0007365001043267192,0.960749244718757
fpca256_15,outer_fold,42,15,0.0006883358885613925,0.9614375806073184
fpca256_15,outer_fold,43,1,0.6051345932697232,0.6051345932697232
fpca256_15,outer_fold,43,2,0.2860656196361237,0.891200212905847
fpca256_15,outer_fold,43,3,0.03465313985162199,0.9258533527574689
fpca256_15,outer_fold,43,4,0.018674150736696343,0.9445275034941653
fpca256_15,outer_fold,43,5,0.004511214950863821,0.9490387184450291
fpca256_15,outer_fold,43,6,0.0017151876051038947,0.950753906050133
fpca256_15,outer_fold,43,7,0.0012135256005331625,0.9519674316506661
fpca256_15,outer_fold,43,8,0.0010520902519754263,0.9530195219026415
fpca256_15,outer_fold,43,9,0.0009438969861249544,0.9539634188887665
fpca256_15,outer_fold,43,10,0.0008672122589072343,0.9548306311476736
fpca256_15,outer_fold,43,11,0.0008529046641141378,0.9556835358117878
fpca256_15,outer_fold,43,12,0.0008014831094209077,0.9564850189212086
fpca256_15,outer_fold,43,13,0.000780752326810837,0.9572657712480195
fpca256_15,outer_fold,43,14,0.000766398396996658,0.9580321696450161
fpca256_15,outer_fold,43,15,0.0007553593269586559,0.9587875289719748
fpca256_15,outer_fold,44,1,0.6170027063347431,0.6170027063347431
fpca256_15,outer_fold,44,2,0.27744242692364385,0.8944451332583869
fpca256_15,outer_fold,44,3,0.03572485020869155,0.9301699834670785
fpca256_15,outer_fold,44,4,0.018331836762597368,0.9485018202296759
fpca256_15,outer_fold,44,5,0.0046372714942275696,0.9531390917239034
fpca256_15,outer_fold,44,6,0.0018112305893922057,0.9549503223132957
fpca256_15,outer_fold,44,7,0.0012375784881310567,0.9561879008014268
fpca256_15,outer_fold,44,8,0.0009396347093263202,0.9571275355107531
fpca256_15,outer_fold,44,9,0.0009063679735037296,0.9580339034842569
fpca256_15,outer_fold,44,10,0.0008197549780703269,0.9588536584623272
fpca256_15,outer_fold,44,11,0.0007526563695604509,0.9596063148318876
fpca256_15,outer_fold,44,12,0.0007380721235797142,0.9603443869554673
fpca256_15,outer_fold,44,13,0.0007157037165815309,0.9610600906720489
fpca256_15,outer_fold,44,14,0.0007142468892604824,0.9617743375613094
fpca256_15,outer_fold,44,15,0.0007016151670075183,0.9624759527283169
fpca256_15,outer_fold,45,1,0.6404332434201176,0.6404332434201176
fpca256_15,outer_fold,45,2,0.25249541040772544,0.8929286538278431
fpca256_15,outer_fold,45,3,0.0345359583476428,0.9274646121754859
fpca256_15,outer_fold,45,4,0.017780894558361644,0.9452455067338476
fpca256_15,outer_fold,45,5,0.0043995139915862635,0.9496450207254338
fpca256_15,outer_fold,45,6,0.0017078609594963652,0.9513528816849302
fpca256_15,outer_fold,45,7,0.0012911159495583354,0.9526439976344885
fpca256_15,outer_fold,45,8,0.0010337938007548638,0.9536777914352433
fpca256_15,outer_fold,45,9,0.0009423092317245586,0.9546201006669679
fpca256_15,outer_fold,45,10,0.0008945613060819639,0.9555146619730499
fpca256_15,outer_fold,45,11,0.0008004371243524504,0.9563150990974023
fpca256_15,outer_fold,45,12,0.000776321068693733,0.957091420166096
fpca256_15,outer_fold,45,13,0.0007717959895394592,0.9578632161556355
fpca256_15,outer_fold,45,14,0.0007565038837186025,0.9586197200393541
fpca256_15,outer_fold,45,15,0.0007458321984162,0.9593655522377703
fpca256_15,outer_fold,46,1,0.6457263338908409,0.6457263338908409
fpca256_15,outer_fold,46,2,0.24665934508031412,0.8923856789711551
fpca256_15,outer_fold,46,3,0.03649939409284558,0.9288850730640006
fpca256_15,outer_fold,46,4,0.018111111626210468,0.9469961846902111
fpca256_15,outer_fold,46,5,0.004479946406664898,0.951476131096876
fpca256_15,outer_fold,46,6,0.0016546067064429455,0.9531307378033189
fpca256_15,outer_fold,46,7,0.0013041278388581004,0.954434865642177
fpca256_15,outer_fold,46,8,0.001019781124010054,0.9554546467661871
fpca256_15,outer_fold,46,9,0.0009032759006194593,0.9563579226668065
fpca256_15,outer_fold,46,10,0.0008793009934491148,0.9572372236602557
fpca256_15,outer_fold,46,11,0.0007973578108625732,0.9580345814711182
fpca256_15,outer_fold,46,12,0.0007561206735886448,0.9587907021447069
fpca256_15,outer_fold,46,13,0.0007437230054425395,0.9595344251501494
fpca256_15,outer_fold,46,14,0.0007347905030244237,0.9602692156531738
fpca256_15,outer_fold,46,15,0.0007136904910494466,0.9609829061442232
fpca256_15,outer_fold,47,1,0.6318205800034331,0.6318205800034331
fpca256_15,outer_fold,47,2,0.26477082210082115,0.8965914021042543
fpca256_15,outer_fold,47,3,0.03258718720735603,0.9291785893116102
fpca256_15,outer_fold,47,4,0.016536868355328915,0.9457154576669391
fpca256_15,outer_fold,47,5,0.004639437244949692,0.9503548949118887
fpca256_15,outer_fold,47,6,0.0015472517234497369,0.9519021466353385
fpca256_15,outer_fold,47,7,0.0012131017872439886,0.9531152484225824
fpca256_15,outer_fold,47,8,0.0010451617130349893,0.9541604101356175
fpca256_15,outer_fold,47,9,0.0009652271354827626,0.9551256372711002
fpca256_15,outer_fold,47,10,0.000912659364434161,0.9560382966355344
fpca256_15,outer_fold,47,11,0.0008407985851208242,0.9568790952206553
fpca256_15,outer_fold,47,12,0.0008229809765927825,0.9577020761972481
fpca256_15,outer_fold,47,13,0.000775978342550794,0.958478054539799
fpca256_15,outer_fold,47,14,0.000741573740870875,0.9592196282806699
fpca256_15,outer_fold,47,15,0.0007355231856593211,0.9599551514663291
fpca256_15,outer_fold,48,1,0.641089844527469,0.641089844527469
fpca256_15,outer_fold,48,2,0.25553084216723465,0.8966206866947036
fpca256_15,outer_fold,48,3,0.03462468115153929,0.9312453678462429
fpca256_15,outer_fold,48,4,0.01735189583299144,0.9485972636792344
fpca256_15,outer_fold,48,5,0.004465895734275032,0.9530631594135094
fpca256_15,outer_fold,48,6,0.001707966011592441,0.9547711254251018
fpca256_15,outer_fold,48,7,0.0012447053903880429,0.9560158308154898
fpca256_15,outer_fold,48,8,0.0009573436147943579,0.9569731744302842
fpca256_15,outer_fold,48,9,0.0008971239502013485,0.9578702983804855
fpca256_15,outer_fold,48,10,0.0008499940982445641,0.9587202924787301
fpca256_15,outer_fold,48,11,0.0007941241861639433,0.9595144166648941
fpca256_15,outer_fold,48,12,0.0007375903165748572,0.960252006981469
fpca256_15,outer_fold,48,13,0.0007273679349247823,0.9609793749163937
fpca256_15,outer_fold,48,14,0.0007136869609170015,0.9616930618773107
fpca256_15,outer_fold,48,15,0.0007033424164160317,0.9623964042937267
fpca256_15,outer_fold,49,1,0.5752956838151554,0.5752956838151554
fpca256_15,outer_fold,49,2,0.30792495082365146,0.8832206346388068
fpca256_15,outer_fold,49,3,0.03945337769383891,0.9226740123326458
fpca256_15,outer_fold,49,4,0.020276125954368656,0.9429501382870145
fpca256_15,outer_fold,49,5,0.0048214141997337725,0.9477715524867483
fpca256_15,outer_fold,49,6,0.001840899338104142,0.9496124518248524
fpca256_15,outer_fold,49,7,0.0012877026302632833,0.9509001544551157
fpca256_15,outer_fold,49,8,0.0010655775516215397,0.9519657320067372
fpca256_15,outer_fold,49,9,0.0009485803612100774,0.9529143123679472
fpca256_15,outer_fold,49,10,0.0008928628882074086,0.9538071752561547
fpca256_15,outer_fold,49,11,0.000856122286302316,0.9546632975424569
fpca256_15,outer_fold,49,12,0.0008278372223843135,0.9554911347648413
fpca256_15,outer_fold,49,13,0.0007993947857009474,0.9562905295505422
fpca256_15,outer_fold,49,14,0.0007901404465577843,0.9570806699971
fpca256_15,outer_fold,49,15,0.0007612456493486154,0.9578419156464486
fpca256_15,outer_fold,50,1,0.6195344641174463,0.6195344641174463
fpca256_15,outer_fold,50,2,0.2702269787506216,0.8897614428680679
fpca256_15,outer_fold,50,3,0.03560580407225851,0.9253672469403265
fpca256_15,outer_fold,50,4,0.01969793227116643,0.9450651792114929
fpca256_15,outer_fold,50,5,0.004851154410612378,0.9499163336221053
fpca256_15,outer_fold,50,6,0.0016606736743726897,0.951577007296478
fpca256_15,outer_fold,50,7,0.00122817094891121,0.9528051782453892
fpca256_15,outer_fold,50,8,0.0010537484190578355,0.953858926664447
fpca256_15,outer_fold,50,9,0.0009451668922870654,0.9548040935567341
fpca256_15,outer_fold,50,10,0.0008575083987405075,0.9556616019554747
fpca256_15,outer_fold,50,11,0.0008181172569486372,0.9564797192124234
fpca256_15,outer_fold,50,12,0.0008013180094014178,0.9572810372218248
fpca256_15,outer_fold,50,13,0.0007932323154343792,0.9580742695372592
fpca256_15,outer_fold,50,14,0.0007484158039834272,0.9588226853412426
fpca256_15,outer_fold,50,15,0.0007375815154794934,0.9595602668567221
fpca256_15,outer_fold,51,1,0.6417857592002919,0.6417857592002919
fpca256_15,outer_fold,51,2,0.25591758656966446,0.8977033457699564
fpca256_15,outer_fold,51,3,0.032015525121498516,0.9297188708914549
fpca256_15,outer_fold,51,4,0.01756522415263994,0.9472840950440948
fpca256_15,outer_fold,51,5,0.004639265630875311,0.9519233606749702
fpca256_15,outer_fold,51,6,0.0017248369506832541,0.9536481976256534
fpca256_15,outer_fold,51,7,0.0012731409370616432,0.9549213385627151
fpca256_15,outer_fold,51,8,0.0009957867877367363,0.9559171253504518
fpca256_15,outer_fold,51,9,0.0008880906474327734,0.9568052159978846
fpca256_15,outer_fold,51,10,0.0008593699292390243,0.9576645859271237
fpca256_15,outer_fold,51,11,0.0008064259972973154,0.958471011924421
fpca256_15,outer_fold,51,12,0.0007749093392942799,0.9592459212637152
fpca256_15,outer_fold,51,13,0.0007486107538922118,0.9599945320176074
fpca256_15,outer_fold,51,14,0.0007282164162532613,0.9607227484338607
fpca256_15,outer_fold,51,15,0.0006976373479102503,0.961420385781771
fpca256_15,outer_fold,52,1,0.6152464703386944,0.6152464703386944
fpca256_15,outer_fold,52,2,0.2759219584515179,0.8911684287902123
fpca256_15,outer_fold,52,3,0.03567779810423846,0.9268462268944507
fpca256_15,outer_fold,52,4,0.01731274746484811,0.9441589743592989
fpca256_15,outer_fold,52,5,0.00442822611297034,0.9485872004722692
fpca256_15,outer_fold,52,6,0.0017126596086190825,0.9502998600808883
fpca256_15,outer_fold,52,7,0.0012880599084825928,0.9515879199893709
fpca256_15,outer_fold,52,8,0.001087584240006344,0.9526755042293772
fpca256_15,outer_fold,52,9,0.0009658722695370326,0.9536413764989142
fpca256_15,outer_fold,52,10,0.0008831538723720435,0.9545245303712863
fpca256_15,outer_fold,52,11,0.0008539697113203756,0.9553785000826066
fpca256_15,outer_fold,52,12,0.0008151568073930621,0.9561936568899997
fpca256_15,outer_fold,52,13,0.0008015172063234368,0.9569951740963232
fpca256_15,outer_fold,52,14,0.0007763415616254572,0.9577715156579486
fpca256_15,outer_fold,52,15,0.0007583761318041332,0.9585298917897528
fpca256_15,outer_fold,53,1,0.6153892747757478,0.6153892747757478
fpca256_15,outer_fold,53,2,0.2776181229688541,0.8930073977446018
fpca256_15,outer_fold,53,3,0.03817787945988898,0.9311852772044907
fpca256_15,outer_fold,53,4,0.016441159932893638,0.9476264371373844
fpca256_15,outer_fold,53,5,0.004459397850473526,0.9520858349878579
fpca256_15,outer_fold,53,6,0.0015839492639473443,0.9536697842518053
fpca256_15,outer_fold,53,7,0.0012713131476060524,0.9549410973994114
fpca256_15,outer_fold,53,8,0.0009251251248735249,0.9558662225242849
fpca256_15,outer_fold,53,9,0.0008946305361737408,0.9567608530604587
fpca256_15,outer_fold,53,10,0.0008540223834489437,0.9576148754439076
fpca256_15,outer_fold,53,11,0.0008085279946758746,0.9584234034385835
fpca256_15,outer_fold,53,12,0.0007601163691171969,0.9591835198077007
fpca256_15,outer_fold,53,13,0.0007369388708836297,0.9599204586785843
fpca256_15,outer_fold,53,14,0.0007191865994089624,0.9606396452779933
fpca256_15,outer_fold,53,15,0.0006972984355184263,0.9613369437135117
fpca256_15,outer_fold,54,1,0.6451087117345334,0.6451087117345334
fpca256_15,outer_fold,54,2,0.24592519199511959,0.8910339037296531
fpca256_15,outer_fold,54,3,0.036332830147478276,0.9273667338771313
fpca256_15,outer_fold,54,4,0.018707300481561776,0.9460740343586931
fpca256_15,outer_fold,54,5,0.00439753420231343,0.9504715685610066
fpca256_15,outer_fold,54,6,0.001717930670490308,0.9521894992314969
fpca256_15,outer_fold,54,7,0.0012559321152352334,0.9534454313467321
fpca256_15,outer_fold,54,8,0.0010618771046892708,0.9545073084514214
fpca256_15,outer_fold,54,9,0.0009508985694191252,0.9554582070208405
fpca256_15,outer_fold,54,10,0.0009100772317385075,0.956368284252579
fpca256_15,outer_fold,54,11,0.0008007648773439905,0.9571690491299231
fpca256_15,outer_fold,54,12,0.0007754557336107488,0.9579445048635338
fpca256_15,outer_fold,54,13,0.0007571953432873096,0.9587017002068211
fpca256_15,outer_fold,54,14,0.0007435887224832066,0.9594452889293044
fpca256_15,outer_fold,54,15,0.0007261582820319082,0.9601714472113363
fpca256_15,outer_fold,55,1,0.6389605819004999,0.6389605819004999
fpca256_15,outer_fold,55,2,0.2571795220461025,0.8961401039466024
fpca256_15,outer_fold,55,3,0.034387076442583764,0.9305271803891861
fpca256_15,outer_fold,55,4,0.017830160117804184,0.9483573405069903
fpca256_15,outer_fold,55,5,0.004356265948228385,0.9527136064552186
fpca256_15,outer_fold,55,6,0.0017551056017182439,0.9544687120569368
fpca256_15,outer_fold,55,7,0.001204834454938159,0.955673546511875
fpca256_15,outer_fold,55,8,0.001020172438028569,0.9566937189499035
fpca256_15,outer_fold,55,9,0.0008995642544764057,0.95759328320438
fpca256_15,outer_fold,55,10,0.0008683501331880402,0.9584616333375681
fpca256_15,outer_fold,55,11,0.0007760565182226399,0.9592376898557907
fpca256_15,outer_fold,55,12,0.0007499092057101443,0.9599875990615009
fpca256_15,outer_fold,55,13,0.0007443159879132311,0.9607319150494141
fpca256_15,outer_fold,55,14,0.0006973252726482351,0.9614292403220623
fpca256_15,outer_fold,55,15,0.0006913718901595864,0.9621206122122219
fpca256_15,outer_fold,56,1,0.6188788359628075,0.6188788359628075
fpca256_15,outer_fold,56,2,0.2666228150546251,0.8855016510174325
fpca256_15,outer_fold,56,3,0.03899873867457153,0.924500389692004
fpca256_15,outer_fold,56,4,0.018660655566952965,0.9431610452589569
fpca256_15,outer_fold,56,5,0.004765668037281966,0.9479267132962389
fpca256_15,outer_fold,56,6,0.0017100004704899475,0.9496367137667289
fpca256_15,outer_fold,56,7,0.0012797217463631967,0.950916435513092
fpca256_15,outer_fold,56,8,0.0010901630597222878,0.9520065985728143
fpca256_15,outer_fold,56,9,0.0009679985559105321,0.9529745971287249
fpca256_15,outer_fold,56,10,0.000948859425313845,0.9539234565540388
fpca256_15,outer_fold,56,11,0.0008583780676361027,0.9547818346216749
fpca256_15,outer_fold,56,12,0.0008351383729382901,0.9556169729946131
fpca256_15,outer_fold,56,13,0.0008055315637993711,0.9564225045584125
fpca256_15,outer_fold,56,14,0.0007736232022236408,0.9571961277606361
fpca256_15,outer_fold,56,15,0.000764445443991446,0.9579605732046276
fpca256_15,outer_fold,57,1,0.6194352248837979,0.6194352248837979
fpca256_15,outer_fold,57,2,0.2727535722983435,0.8921887971821414
fpca256_15,outer_fold,57,3,0.03210082513006397,0.9242896223122054
fpca256_15,outer_fold,57,4,0.019671702072011524,0.9439613243842169
fpca256_15,outer_fold,57,5,0.0046427392478967525,0.9486040636321136
fpca256_15,outer_fold,57,6,0.0016332843697891705,0.9502373480019027
fpca256_15,outer_fold,57,7,0.0012922723346905744,0.9515296203365933
fpca256_15,outer_fold,57,8,0.0009955640535295226,0.9525251843901228
fpca256_15,outer_fold,57,9,0.0009384012236388073,0.9534635856137617
fpca256_15,outer_fold,57,10,0.000863744528098228,0.9543273301418599
fpca256_15,outer_fold,57,11,0.0008556909999061426,0.955183021141766
fpca256_15,outer_fold,57,12,0.0008138997857960246,0.955996920927562
fpca256_15,outer_fold,57,13,0.000790916224200565,0.9567878371517626
fpca256_15,outer_fold,57,14,0.0007785384061012976,0.957566375557864
fpca256_15,outer_fold,57,15,0.0007545721546224247,0.9583209477124863
fpca256_15,outer_fold,58,1,0.6185863085404412,0.6185863085404412
fpca256_15,outer_fold,58,2,0.27570400975837345,0.8942903182988147
fpca256_15,outer_fold,58,3,0.03450313139686219,0.9287934496956769
fpca256_15,outer_fold,58,4,0.018106838013384318,0.9469002877090612
fpca256_15,outer_fold,58,5,0.004575244880115595,0.9514755325891768
fpca256_15,outer_fold,58,6,0.001720809690907937,0.9531963422800848
fpca256_15,outer_fold,58,7,0.0012648784381243843,0.9544612207182092
fpca256_15,outer_fold,58,8,0.001007302243824967,0.9554685229620341
fpca256_15,outer_fold,58,9,0.0009131453434227375,0.9563816683054568
fpca256_15,outer_fold,58,10,0.0008245835983947467,0.9572062519038516
fpca256_15,outer_fold,58,11,0.0008071931800418297,0.9580134450838934
fpca256_15,outer_fold,58,12,0.0007713057732757087,0.9587847508571691
fpca256_15,outer_fold,58,13,0.0007527301246916113,0.9595374809818606
fpca256_15,outer_fold,58,14,0.000742123011501923,0.9602796039933625
fpca256_15,outer_fold,58,15,0.0007086456386725169,0.9609882496320351
fpca256_15,outer_fold,59,1,0.640046864055755,0.640046864055755
fpca256_15,outer_fold,59,2,0.2547839604691127,0.8948308245248677
fpca256_15,outer_fold,59,3,0.03698189681144324,0.931812721336311
fpca256_15,outer_fold,59,4,0.015853258055819008,0.94766597939213
fpca256_15,outer_fold,59,5,0.004565293847434459,0.9522312732395645
fpca256_15,outer_fold,59,6,0.0015299965401233658,0.9537612697796878
fpca256_15,outer_fold,59,7,0.0012989750639608264,0.9550602448436486
fpca256_15,outer_fold,59,8,0.001001266303059006,0.9560615111467076
fpca256_15,outer_fold,59,9,0.0009089822637956193,0.9569704934105032
fpca256_15,outer_fold,59,10,0.0008616717763258363,0.957832165186829
fpca256_15,outer_fold,59,11,0.0007961322346206626,0.9586282974214497
fpca256_15,outer_fold,59,12,0.0007690222883462196,0.9593973197097959
fpca256_15,outer_fold,59,13,0.0007468947939491405,0.9601442145037451
fpca256_15,outer_fold,59,14,0.0007199993008368757,0.960864213804582
fpca256_15,outer_fold,59,15,0.0007120065458465076,0.9615762203504284
fpca256_15,outer_fold,60,1,0.605384258174667,0.605384258174667
fpca256_15,outer_fold,60,2,0.281327869803395,0.8867121279780621
fpca256_15,outer_fold,60,3,0.035935632318122135,0.9226477602961842
fpca256_15,outer_fold,60,4,0.01911637722574666,0.9417641375219309
fpca256_15,outer_fold,60,5,0.005266109153546946,0.9470302466754779
fpca256_15,outer_fold,60,6,0.0018246472079682667,0.9488548938834461
fpca256_15,outer_fold,60,7,0.0012083957776307154,0.9500632896610769
fpca256_15,outer_fold,60,8,0.0010803161440230886,0.9511436058050999
fpca256_15,outer_fold,60,9,0.0010046692750135648,0.9521482750801135
fpca256_15,outer_fold,60,10,0.0009049075696980077,0.9530531826498114
fpca256_15,outer_fold,60,11,0.0008651827738651006,0.9539183654236765
fpca256_15,outer_fold,60,12,0.0008444328541785874,0.954762798277855
fpca256_15,outer_fold,60,13,0.0008230034465281122,0.9555858017243831
fpca256_15,outer_fold,60,14,0.0007887076004374345,0.9563745093248206
fpca256_15,outer_fold,60,15,0.0007709251143262698,0.9571454344391469
fpca256_15,outer_fold,61,1,0.6326529337123376,0.6326529337123376
fpca256_15,outer_fold,61,2,0.26058149459822333,0.8932344283105609
fpca256_15,outer_fold,61,3,0.03592277553086067,0.9291572038414215
fpca256_15,outer_fold,61,4,0.018230969203200303,0.9473881730446219
fpca256_15,outer_fold,61,5,0.004396991671689356,0.9517851647163112
fpca256_15,outer_fold,61,6,0.0017179521276661821,0.9535031168439775
fpca256_15,outer_fold,61,7,0.001278997731978361,0.9547821145759559
fpca256_15,outer_fold,61,8,0.0010313756964783153,0.9558134902724341
fpca256_15,outer_fold,61,9,0.0009306315201021328,0.9567441217925362
fpca256_15,outer_fold,61,10,0.0008740522875067922,0.957618174080043
fpca256_15,outer_fold,61,11,0.0007977737871597907,0.9584159478672029
fpca256_15,outer_fold,61,12,0.0007757017788582232,0.9591916496460611
fpca256_15,outer_fold,61,13,0.0007489138030057443,0.9599405634490669
fpca256_15,outer_fold,61,14,0.000742784400308724,0.9606833478493756
fpca256_15,outer_fold,61,15,0.0007098259653589273,0.9613931738147345
fpca256_15,outer_fold,62,1,0.6586201649395005,0.6586201649395005
fpca256_15,outer_fold,62,2,0.2361873709441725,0.894807535883673
fpca256_15,outer_fold,62,3,0.03361826801477689,0.9284258038984499
fpca256_15,outer_fold,62,4,0.017265895257377737,0.9456916991558276
fpca256_15,outer_fold,62,5,0.004223594309150143,0.9499152934649777
fpca256_15,outer_fold,62,6,0.0016072204564815842,0.9515225139214593
fpca256_15,outer_fold,62,7,0.0012451377404834269,0.9527676516619427
fpca256_15,outer_fold,62,8,0.0010436001734432459,0.953811251835386
fpca256_15,outer_fold,62,9,0.0009171911825228768,0.9547284430179088
fpca256_15,outer_fold,62,10,0.0009015490833154372,0.9556299921012242
fpca256_15,outer_fold,62,11,0.0008156429012076879,0.956445635002432
fpca256_15,outer_fold,62,12,0.0007875173301817956,0.9572331523326137
fpca256_15,outer_fold,62,13,0.000771560258139555,0.9580047125907533
fpca256_15,outer_fold,62,14,0.0007539744683956507,0.9587586870591489
fpca256_15,outer_fold,62,15,0.0007372901041879416,0.9594959771633369
fpca256_15,outer_fold,63,1,0.6283428553371768,0.6283428553371768
fpca256_15,outer_fold,63,2,0.2638208875046668,0.8921637428418436
fpca256_15,outer_fold,63,3,0.03593826045667999,0.9281020032985237
fpca256_15,outer_fold,63,4,0.01942014675410381,0.9475221500526275
fpca256_15,outer_fold,63,5,0.004359340591266676,0.9518814906438942
fpca256_15,outer_fold,63,6,0.0016757171366011694,0.9535572077804954
fpca256_15,outer_fold,63,7,0.0013221075648447596,0.9548793153453401
fpca256_15,outer_fold,63,8,0.001059709979789624,0.9559390253251298
fpca256_15,outer_fold,63,9,0.0009259732426479358,0.9568649985677777
fpca256_15,outer_fold,63,10,0.0008979540676284973,0.9577629526354062
fpca256_15,outer_fold,63,11,0.0007966023417791564,0.9585595549771854
fpca256_15,outer_fold,63,12,0.000764622756504207,0.9593241777336896
fpca256_15,outer_fold,63,13,0.0007508353616147909,0.9600750130953044
fpca256_15,outer_fold,63,14,0.0007349386339544135,0.9608099517292589
fpca256_15,outer_fold,63,15,0.0007188546104687034,0.9615288063397276
fpca256_15,outer_fold,64,1,0.6199990056829456,0.6199990056829456
fpca256_15,outer_fold,64,2,0.27526539212956835,0.895264397812514
fpca256_15,outer_fold,64,3,0.03583339494349323,0.9310977927560072
fpca256_15,outer_fold,64,4,0.016078046276929128,0.9471758390329363
fpca256_15,outer_fold,64,5,0.0045566217162551865,0.9517324607491915
fpca256_15,outer_fold,64,6,0.0015792651956487058,0.9533117259448401
fpca256_15,outer_fold,64,7,0.0012479939723788107,0.954559719917219
fpca256_15,outer_fold,64,8,0.0009171590496263529,0.9554768789668453
fpca256_15,outer_fold,64,9,0.000899451750471448,0.9563763307173168
fpca256_15,outer_fold,64,10,0.0008602912431943133,0.9572366219605111
fpca256_15,outer_fold,64,11,0.0008023909422098882,0.958039012902721
fpca256_15,outer_fold,64,12,0.0007685695432763103,0.9588075824459973
fpca256_15,outer_fold,64,13,0.0007265662301994041,0.9595341486761967
fpca256_15,outer_fold,64,14,0.0007122866959215849,0.9602464353721183
fpca256_15,outer_fold,64,15,0.0007074854244422907,0.9609539207965606
fpca256_15,outer_fold,65,1,0.6390910888229823,0.6390910888229823
fpca256_15,outer_fold,65,2,0.25597131826201586,0.8950624070849982
fpca256_15,outer_fold,65,3,0.03421136417174375,0.9292737712567419
fpca256_15,outer_fold,65,4,0.01771809883473761,0.9469918700914796
fpca256_15,outer_fold,65,5,0.0042916514491247275,0.9512835215406042
fpca256_15,outer_fold,65,6,0.001653343385734299,0.9529368649263386
fpca256_15,outer_fold,65,7,0.001303852922636826,0.9542407178489754
fpca256_15,outer_fold,65,8,0.0010516279313467932,0.9552923457803222
fpca256_15,outer_fold,65,9,0.0009384782445566731,0.9562308240248789
fpca256_15,outer_fold,65,10,0.0008833397799238149,0.9571141638048027
fpca256_15,outer_fold,65,11,0.0008044758423037677,0.9579186396471066
fpca256_15,outer_fold,65,12,0.0007736749072938243,0.9586923145544004
fpca256_15,outer_fold,65,13,0.0007569287950573157,0.9594492433494577
fpca256_15,outer_fold,65,14,0.0007409889032679836,0.9601902322527257
fpca256_15,outer_fold,65,15,0.0007259932935209469,0.9609162255462467
fpca256_15,outer_fold,66,1,0.638353779309739,0.638353779309739
fpca256_15,outer_fold,66,2,0.2571488262792686,0.8955026055890076
fpca256_15,outer_fold,66,3,0.034168689055709474,0.9296712946447171
fpca256_15,outer_fold,66,4,0.01770127963843735,0.9473725742831545
fpca256_15,outer_fold,66,5,0.00455155677156557,0.9519241310547201
fpca256_15,outer_fold,66,6,0.0016546500154064267,0.9535787810701265
fpca256_15,outer_fold,66,7,0.0012156630694995284,0.954794444139626
fpca256_15,outer_fold,66,8,0.0009862447589508334,0.9557806888985768
fpca256_15,outer_fold,66,9,0.0008963952139151865,0.956677084112492
fpca256_15,outer_fold,66,10,0.0008875374384498912,0.9575646215509419
fpca256_15,outer_fold,66,11,0.0007976712522585334,0.9583622928032004
fpca256_15,outer_fold,66,12,0.0007928700092223817,0.9591551628124227
fpca256_15,outer_fold,66,13,0.0007348517522675236,0.9598900145646903
fpca256_15,outer_fold,66,14,0.0007247265701839068,0.9606147411348741
fpca256_15,outer_fold,66,15,0.000723256673384077,0.9613379978082582
fpca256_15,outer_fold,67,1,0.615252856937671,0.615252856937671
fpca256_15,outer_fold,67,2,0.27668449100087084,0.8919373479385417
fpca256_15,outer_fold,67,3,0.037606789750132485,0.9295441376886742
fpca256_15,outer_fold,67,4,0.01768520232254988,0.947229340011224
fpca256_15,outer_fold,67,5,0.004697359164564097,0.9519266991757882
fpca256_15,outer_fold,67,6,0.001678688833938078,0.9536053880097263
fpca256_15,outer_fold,67,7,0.0012332831631957355,0.954838671172922
fpca256_15,outer_fold,67,8,0.0009942263880631432,0.9558328975609851
fpca256_15,outer_fold,67,9,0.0008908899831365847,0.9567237875441217
fpca256_15,outer_fold,67,10,0.0008365100465658937,0.9575602975906876
fpca256_15,outer_fold,67,11,0.0008036537677692041,0.9583639513584569
fpca256_15,outer_fold,67,12,0.0007625416788970785,0.959126493037354
fpca256_15,outer_fold,67,13,0.0007409068273872707,0.9598673998647412
fpca256_15,outer_fold,67,14,0.0007258503909221592,0.9605932502556634
fpca256_15,outer_fold,67,15,0.0007090167721067533,0.9613022670277702
fpca256_15,outer_fold,68,1,0.6100564793334067,0.6100564793334067
fpca256_15,outer_fold,68,2,0.27722391294257803,0.8872803922759847
fpca256_15,outer_fold,68,3,0.036424586150958685,0.9237049784269433
fpca256_15,outer_fold,68,4,0.019442927047654372,0.9431479054745977
fpca256_15,outer_fold,68,5,0.0047881595810958175,0.9479360650556935
fpca256_15,outer_fold,68,6,0.001812507603066848,0.9497485726587603
fpca256_15,outer_fold,68,7,0.001247657653424799,0.9509962303121852
fpca256_15,outer_fold,68,8,0.0010776117144918353,0.952073842026677
fpca256_15,outer_fold,68,9,0.00096216231630363,0.9530360043429806
fpca256_15,outer_fold,68,10,0.0008810849449855755,0.9539170892879663
fpca256_15,outer_fold,68,11,0.0008636524316589355,0.9547807417196252
fpca256_15,outer_fold,68,12,0.0008287592928648918,0.9556095010124901
fpca256_15,outer_fold,68,13,0.0007903961220134019,0.9563998971345035
fpca256_15,outer_fold,68,14,0.0007778829323651157,0.9571777800668686
fpca256_15,outer_fold,68,15,0.0007707149858556945,0.9579484950527243
fpca256_15,outer_fold,69,1,0.6355454238025205,0.6355454238025205
fpca256_15,outer_fold,69,2,0.25740332269668664,0.8929487464992072
fpca256_15,outer_fold,69,3,0.03577310240217069,0.9287218489013779
fpca256_15,outer_fold,69,4,0.0166204308056605,0.9453422797070383
fpca256_15,outer_fold,69,5,0.004554851688229992,0.9498971313952683
fpca256_15,outer_fold,69,6,0.0015766726540435059,0.9514738040493118
fpca256_15,outer_fold,69,7,0.0013271324548262669,0.9528009365041381
fpca256_15,outer_fold,69,8,0.001042790464506915,0.9538437269686451
fpca256_15,outer_fold,69,9,0.0009578527162935439,0.9548015796849386
fpca256_15,outer_fold,69,10,0.0008808548610209862,0.9556824345459596
fpca256_15,outer_fold,69,11,0.0008311752843233304,0.9565136098302829
fpca256_15,outer_fold,69,12,0.0007794107055674511,0.9572930205358503
fpca256_15,outer_fold,69,13,0.0007619402527234981,0.9580549607885738
fpca256_15,outer_fold,69,14,0.000742553368173296,0.9587975141567471
fpca256_15,outer_fold,69,15,0.0007256353366956814,0.9595231494934428
fpca256_15,outer_fold,70,1,0.5878160234337383,0.5878160234337383
fpca256_15,outer_fold,70,2,0.301607752599252,0.8894237760329903
fpca256_15,outer_fold,70,3,0.03652873295479908,0.9259525089877894
fpca256_15,outer_fold,70,4,0.018683912224989576,0.9446364212127789
fpca256_15,outer_fold,70,5,0.00467057012874132,0.9493069913415202
fpca256_15,outer_fold,70,6,0.0017141501646434057,0.9510211415061636
fpca256_15,outer_fold,70,7,0.0012210871747003246,0.952242228680864
fpca256_15,outer_fold,70,8,0.0010339330882772027,0.9532761617691411
fpca256_15,outer_fold,70,9,0.0009441274799109649,0.9542202892490521
fpca256_15,outer_fold,70,10,0.0008977068534421923,0.9551179961024943
fpca256_15,outer_fold,70,11,0.0008475063154936857,0.955965502417988
fpca256_15,outer_fold,70,12,0.0008143219866124485,0.9567798244046004
fpca256_15,outer_fold,70,13,0.0007677616160823826,0.9575475860206828
fpca256_15,outer_fold,70,14,0.0007598607604890558,0.9583074467811719
fpca256_15,outer_fold,70,15,0.0007467140496652013,0.959054160830837
fpca256_15,outer_fold,71,1,0.6264264715857693,0.6264264715857693
fpca256_15,outer_fold,71,2,0.26657262987885044,0.8929991014646197
fpca256_15,outer_fold,71,3,0.03629094431474677,0.9292900457793665
fpca256_15,outer_fold,71,4,0.016507201309121904,0.9457972470884883
fpca256_15,outer_fold,71,5,0.0042527284846755305,0.9500499755731638
fpca256_15,outer_fold,71,6,0.0016030244534196165,0.9516530000265835
fpca256_15,outer_fold,71,7,0.00128379422463131,0.9529367942512148
fpca256_15,outer_fold,71,8,0.0010620412154976593,0.9539988354667125
fpca256_15,outer_fold,71,9,0.0009337895202468561,0.9549326249869593
fpca256_15,outer_fold,71,10,0.0009244123639352608,0.9558570373508946
fpca256_15,outer_fold,71,11,0.0008329996660975869,0.9566900370169922
fpca256_15,outer_fold,71,12,0.0007961362875770341,0.9574861733045692
fpca256_15,outer_fold,71,13,0.0007667204764204366,0.9582528937809897
fpca256_15,outer_fold,71,14,0.00075006861950782,0.9590029624004974
fpca256_15,outer_fold,71,15,0.0007341186242951207,0.9597370810247925
fpca256_15,outer_fold,72,1,0.6437932862402036,0.6437932862402036
fpca256_15,outer_fold,72,2,0.25116939010489603,0.8949626763450996
fpca256_15,outer_fold,72,3,0.03519424763390617,0.9301569239790058
fpca256_15,outer_fold,72,4,0.016629140434010158,0.946786064413016
fpca256_15,outer_fold,72,5,0.004691001656800225,0.9514770660698163
fpca256_15,outer_fold,72,6,0.0015606254446670605,0.9530376915144834
fpca256_15,outer_fold,72,7,0.0012845384450792037,0.9543222299595626
fpca256_15,outer_fold,72,8,0.0009959411551618506,0.9553181711147245
fpca256_15,outer_fold,72,9,0.0009333191231100272,0.9562514902378345
fpca256_15,outer_fold,72,10,0.0009023103343560852,0.9571538005721906
fpca256_15,outer_fold,72,11,0.0008157328880279548,0.9579695334602185
fpca256_15,outer_fold,72,12,0.0007627916375028398,0.9587323250977213
fpca256_15,outer_fold,72,13,0.0007538828057955869,0.9594862079035169
fpca256_15,outer_fold,72,14,0.0007404640019964239,0.9602266719055134
fpca256_15,outer_fold,72,15,0.0007141484039627653,0.9609408203094761
fpca256_15,outer_fold,73,1,0.6373988718682553,0.6373988718682553
fpca256_15,outer_fold,73,2,0.2584726297696111,0.8958715016378664
fpca256_15,outer_fold,73,3,0.03222391804771885,0.9280954196855853
fpca256_15,outer_fold,73,4,0.018458051108724397,0.9465534707943097
fpca256_15,outer_fold,73,5,0.0046164334235821725,0.9511699042178919
fpca256_15,outer_fold,73,6,0.001770027048478552,0.9529399312663704
fpca256_15,outer_fold,73,7,0.0012847244680425215,0.954224655734413
fpca256_15,outer_fold,73,8,0.0009642069440000691,0.9551888626784131
fpca256_15,outer_fold,73,9,0.0009054602396916093,0.9560943229181047
fpca256_15,outer_fold,73,10,0.0008817385036781497,0.9569760614217828
fpca256_15,outer_fold,73,11,0.0007800091516957833,0.9577560705734786
fpca256_15,outer_fold,73,12,0.0007731409244667541,0.9585292114979453
fpca256_15,outer_fold,73,13,0.0007468875424700845,0.9592760990404154
fpca256_15,outer_fold,73,14,0.0007425620761849267,0.9600186611166004
fpca256_15,outer_fold,73,15,0.0007242227914516464,0.9607428839080521
fpca256_15,outer_fold,74,1,0.644100864658889,0.644100864658889
fpca256_15,outer_fold,74,2,0.24575929223949347,0.8898601568983825
fpca256_15,outer_fold,74,3,0.037270018187283746,0.9271301750856662
fpca256_15,outer_fold,74,4,0.019330405018022308,0.9464605801036885
fpca256_15,outer_fold,74,5,0.004444138685140043,0.9509047187888285
fpca256_15,outer_fold,74,6,0.0017660996494933776,0.9526708184383219
fpca256_15,outer_fold,74,7,0.0012449343348085284,0.9539157527731305
fpca256_15,outer_fold,74,8,0.0010192775996625274,0.954935030372793
fpca256_15,outer_fold,74,9,0.0008922002057972936,0.9558272305785903
fpca256_15,outer_fold,74,10,0.0008750153637810844,0.9567022459423714
fpca256_15,outer_fold,74,11,0.0008145886346524203,0.9575168345770239
fpca256_15,outer_fold,74,12,0.0008004221583855758,0.9583172567354095
fpca256_15,outer_fold,74,13,0.0007745753407941451,0.9590918320762036
fpca256_15,outer_fold,74,14,0.000741496185041703,0.9598333282612453
fpca256_15,outer_fold,74,15,0.0007259683901513185,0.9605592966513966
fpca256_15,outer_fold,75,1,0.644890495323852,0.644890495323852
fpca256_15,outer_fold,75,2,0.24846466796845207,0.893355163292304
fpca256_15,outer_fold,75,3,0.03467869161626061,0.9280338549085646
fpca256_15,outer_fold,75,4,0.01959085420288441,0.947624709111449
fpca256_15,outer_fold,75,5,0.00436527170062926,0.9519899808120783
fpca256_15,outer_fold,75,6,0.0017653825546328137,0.9537553633667111
fpca256_15,outer_fold,75,7,0.001196644962678538,0.9549520083293896
fpca256_15,outer_fold,75,8,0.0010646267839627365,0.9560166351133523
fpca256_15,outer_fold,75,9,0.0009357903559285658,0.9569524254692809
fpca256_15,outer_fold,75,10,0.0008828982674622672,0.9578353237367432
fpca256_15,outer_fold,75,11,0.0007985859500707439,0.958633909686814
fpca256_15,outer_fold,75,12,0.0007687364429507059,0.9594026461297647
fpca256_15,outer_fold,75,13,0.000745232901162873,0.9601478790309276
fpca256_15,outer_fold,75,14,0.0007321397118755196,0.960880018742803
fpca256_15,outer_fold,75,15,0.0007094724023928372,0.9615894911451959
fpca256_15,outer_fold,76,1,0.6306968139491772,0.6306968139491772
fpca256_15,outer_fold,76,2,0.2656130442084352,0.8963098581576123
fpca256_15,outer_fold,76,3,0.03434925616616782,0.9306591143237801
fpca256_15,outer_fold,76,4,0.016589900404132045,0.9472490147279121
fpca256_15,outer_fold,76,5,0.00447024572007619,0.9517192604479883
fpca256_15,outer_fold,76,6,0.001555066675364844,0.9532743271233531
fpca256_15,outer_fold,76,7,0.001290554875191277,0.9545648819985444
fpca256_15,outer_fold,76,8,0.0009402827200930742,0.9555051647186374
fpca256_15,outer_fold,76,9,0.0009019121479412817,0.9564070768665788
fpca256_15,outer_fold,76,10,0.0008745106437884312,0.9572815875103672
fpca256_15,outer_fold,76,11,0.0007883762476361947,0.9580699637580034
fpca256_15,outer_fold,76,12,0.0007795055535569933,0.9588494693115603
fpca256_15,outer_fold,76,13,0.0007656900775783245,0.9596151593891387
fpca256_15,outer_fold,76,14,0.0007360436278775258,0.9603512030170162
fpca256_15,outer_fold,76,15,0.0006939500217925536,0.9610451530388087
fpca256_15,outer_fold,77,1,0.6444651680236662,0.6444651680236662
fpca256_15,outer_fold,77,2,0.24867124866350412,0.8931364166871703
fpca256_15,outer_fold,77,3,0.037343342470826914,0.9304797591579972
fpca256_15,outer_fold,77,4,0.017108987542298955,0.9475887467002961
fpca256_15,outer_fold,77,5,0.004595870422927129,0.9521846171232232
fpca256_15,outer_fold,77,6,0.0016619513640567293,0.95384656848728
fpca256_15,outer_fold,77,7,0.0012597660738319098,0.9551063345611119
fpca256_15,outer_fold,77,8,0.0010119195943797841,0.9561182541554917
fpca256_15,outer_fold,77,9,0.0008964177639763847,0.9570146719194681
fpca256_15,outer_fold,77,10,0.0008668884319291167,0.9578815603513973
fpca256_15,outer_fold,77,11,0.0008100218141829727,0.9586915821655803
fpca256_15,outer_fold,77,12,0.0007740753019091054,0.9594656574674894
fpca256_15,outer_fold,77,13,0.0007356145275950724,0.9602012719950844
fpca256_15,outer_fold,77,14,0.0007175384998605006,0.9609188104949449
fpca256_15,outer_fold,77,15,0.0007064009988402788,0.9616252114937851
fpca256_15,outer_fold,78,1,0.6182257863483326,0.6182257863483326
fpca256_15,outer_fold,78,2,0.27510703463498015,0.8933328209833127
fpca256_15,outer_fold,78,3,0.03283825033445982,0.9261710713177725
fpca256_15,outer_fold,78,4,0.017494944654597912,0.9436660159723704
fpca256_15,outer_fold,78,5,0.004423681158135943,0.9480896971305064
fpca256_15,outer_fold,78,6,0.001710105288141448,0.9497998024186478
fpca256_15,outer_fold,78,7,0.0013200170310322687,0.95111981944968
fpca256_15,outer_fold,78,8,0.0010402413759575033,0.9521600608256375
fpca256_15,outer_fold,78,9,0.0009734210098483425,0.9531334818354859
fpca256_15,outer_fold,78,10,0.0009612234726772598,0.9540947053081631
fpca256_15,outer_fold,78,11,0.0008858384466843524,0.9549805437548474
fpca256_15,outer_fold,78,12,0.0008127886990441558,0.9557933324538915
fpca256_15,outer_fold,78,13,0.000795904745956094,0.9565892371998477
fpca256_15,outer_fold,78,14,0.0007818566323440333,0.9573710938321917
fpca256_15,outer_fold,78,15,0.0007619922160793954,0.9581330860482711
fpca256_15,outer_fold,79,1,0.6035849122018931,0.6035849122018931
fpca256_15,outer_fold,79,2,0.28349210457627394,0.8870770167781671
fpca256_15,outer_fold,79,3,0.037349983947652585,0.9244270007258196
fpca256_15,outer_fold,79,4,0.01913670102802149,0.9435637017538411
fpca256_15,outer_fold,79,5,0.0048976655308875005,0.9484613672847286
fpca256_15,outer_fold,79,6,0.0017950397086008193,0.9502564069933295
fpca256_15,outer_fold,79,7,0.0012590906746387488,0.9515154976679682
fpca256_15,outer_fold,79,8,0.0010523434631762522,0.9525678411311445
fpca256_15,outer_fold,79,9,0.0009709827351726142,0.953538823866317
fpca256_15,outer_fold,79,10,0.0008556398180490262,0.9543944636843661
fpca256_15,outer_fold,79,11,0.0008282418475407792,0.9552227055319069
fpca256_15,outer_fold,79,12,0.0008097023020301404,0.9560324078339371
fpca256_15,outer_fold,79,13,0.0008047566718727666,0.9568371645058098
fpca256_15,outer_fold,79,14,0.000758677740777387,0.9575958422465872
fpca256_15,outer_fold,79,15,0.0007455812469877928,0.958341423493575
fpca256_15,outer_fold,80,1,0.6275003712657418,0.6275003712657418
fpca256_15,outer_fold,80,2,0.2653397808349947,0.8928401521007365
fpca256_15,outer_fold,80,3,0.03601100790969689,0.9288511600104334
fpca256_15,outer_fold,80,4,0.019097584623029212,0.9479487446334627
fpca256_15,outer_fold,80,5,0.004570871110138571,0.9525196157436012
fpca256_15,outer_fold,80,6,0.001712851845780936,0.9542324675893822
fpca256_15,outer_fold,80,7,0.0012132026736707173,0.9554456702630529
fpca256_15,outer_fold,80,8,0.0009587795805965389,0.9564044498436495
fpca256_15,outer_fold,80,9,0.000890809517340788,0.9572952593609902
fpca256_15,outer_fold,80,10,0.0008592821639129707,0.9581545415249032
fpca256_15,outer_fold,80,11,0.0007799203251342405,0.9589344618500374
fpca256_15,outer_fold,80,12,0.0007717101125049289,0.9597061719625423
fpca256_15,outer_fold,80,13,0.0007573754691769911,0.9604635474317192
fpca256_15,outer_fold,80,14,0.0007085408791078704,0.9611720883108271
fpca256_15,outer_fold,80,15,0.0007064955404498366,0.961878583851277
fpca256_15,outer_fold,81,1,0.6138787159030954,0.6138787159030954
fpca256_15,outer_fold,81,2,0.2753405184677559,0.8892192343708514
fpca256_15,outer_fold,81,3,0.034350410894935436,0.9235696452657868
fpca256_15,outer_fold,81,4,0.017629746825293342,0.9411993920910802
fpca256_15,outer_fold,81,5,0.004717221880542941,0.9459166139716231
fpca256_15,outer_fold,81,6,0.001452424412374759,0.9473690383839979
fpca256_15,outer_fold,81,7,0.0012808245053886193,0.9486498628893865
fpca256_15,outer_fold,81,8,0.001046117672007324,0.9496959805613938
fpca256_15,outer_fold,81,9,0.001030307215249862,0.9507262877766437
fpca256_15,outer_fold,81,10,0.0009557266226703756,0.9516820143993141
fpca256_15,outer_fold,81,11,0.0008977116978129172,0.952579726097127
fpca256_15,outer_fold,81,12,0.0008759205022254829,0.9534556465993526
fpca256_15,outer_fold,81,13,0.000824888477572772,0.9542805350769253
fpca256_15,outer_fold,81,14,0.0008195803225194885,0.9551001153994448
fpca256_15,outer_fold,81,15,0.0007941082120528161,0.9558942236114977
fpca256_15,outer_fold,82,1,0.6464172156434101,0.6464172156434101
fpca256_15,outer_fold,82,2,0.24745828275640033,0.8938754983998105
fpca256_15,outer_fold,82,3,0.0367882497757256,0.9306637481755361
fpca256_15,outer_fold,82,4,0.016334215733875886,0.9469979639094119
fpca256_15,outer_fold,82,5,0.0045763093269681,0.95157427323638
fpca256_15,outer_fold,82,6,0.0017622860061255463,0.9533365592425056
fpca256_15,outer_fold,82,7,0.0012965644412701739,0.9546331236837757
fpca256_15,outer_fold,82,8,0.001039027587044078,0.9556721512708198
fpca256_15,outer_fold,82,9,0.0009216984730453304,0.9565938497438652
fpca256_15,outer_fold,82,10,0.0008781588464493893,0.9574720085903146
fpca256_15,outer_fold,82,11,0.0007925344462291956,0.9582645430365437
fpca256_15,outer_fold,82,12,0.0007639271588368601,0.9590284701953806
fpca256_15,outer_fold,82,13,0.0007447530687560552,0.9597732232641367
fpca256_15,outer_fold,82,14,0.0007368097073652203,0.960510032971502
fpca256_15,outer_fold,82,15,0.0007181170945154164,0.9612281500660174
fpca256_15,outer_fold,83,1,0.6351089246880873,0.6351089246880873
fpca256_15,outer_fold,83,2,0.2596861539163067,0.894795078604394
fpca256_15,outer_fold,83,3,0.03468216914056543,0.9294772477449594
fpca256_15,outer_fold,83,4,0.017808616627126378,0.9472858643720858
fpca256_15,outer_fold,83,5,0.004438205567913887,0.9517240699399997
fpca256_15,outer_fold,83,6,0.001641967024932149,0.9533660369649318
fpca256_15,outer_fold,83,7,0.0012637607244342893,0.9546297976893661
fpca256_15,outer_fold,83,8,0.0010302288949160347,0.9556600265842821
fpca256_15,outer_fold,83,9,0.0008979694249963631,0.9565579960092784
fpca256_15,outer_fold,83,10,0.0008596331077673615,0.9574176291170458
fpca256_15,outer_fold,83,11,0.0007846174809054867,0.9582022465979513
fpca256_15,outer_fold,83,12,0.0007722088655936814,0.958974455463545
fpca256_15,outer_fold,83,13,0.0007473450629998087,0.9597218005265448
fpca256_15,outer_fold,83,14,0.0007077857527893445,0.9604295862793341
fpca256_15,outer_fold,83,15,0.0007003094815888819,0.9611298957609229
fpca256_15,outer_fold,84,1,0.6179754998168073,0.6179754998168073
fpca256_15,outer_fold,84,2,0.27447052826643575,0.8924460280832431
fpca256_15,outer_fold,84,3,0.035188416712818124,0.9276344447960613
fpca256_15,outer_fold,84,4,0.018561653914753833,0.9461960987108151
fpca256_15,outer_fold,84,5,0.0044981246445913465,0.9506942233554064
fpca256_15,outer_fold,84,6,0.001744977565210947,0.9524392009206174
fpca256_15,outer_fold,84,7,0.0012367227110425417,0.95367592363166
fpca256_15,outer_fold,84,8,0.001038014671994216,0.9547139383036543
fpca256_15,outer_fold,84,9,0.000919321859625698,0.95563326016328
fpca256_15,outer_fold,84,10,0.0008880092370219839,0.956521269400302
fpca256_15,outer_fold,84,11,0.0008016809957658327,0.9573229503960679
fpca256_15,outer_fold,84,12,0.0007981510397442038,0.9581211014358121
fpca256_15,outer_fold,84,13,0.0007625565757487863,0.9588836580115608
fpca256_15,outer_fold,84,14,0.0007311894141043475,0.9596148474256652
fpca256_15,outer_fold,84,15,0.0007194634347851641,0.9603343108604503
fpca256_15,outer_fold,85,1,0.6322247985487071,0.6322247985487071
fpca256_15,outer_fold,85,2,0.2584641199222364,0.8906889184709434
fpca256_15,outer_fold,85,3,0.03729147673901598,0.9279803952099595
fpca256_15,outer_fold,85,4,0.017493974329793317,0.9454743695397527
fpca256_15,outer_fold,85,5,0.004524091630165414,0.9499984611699182
fpca256_15,outer_fold,85,6,0.0017811011247157642,0.9517795622946339
fpca256_15,outer_fold,85,7,0.0013481223119087746,0.9531276846065426
fpca256_15,outer_fold,85,8,0.001071939619038213,0.9541996242255808
fpca256_15,outer_fold,85,9,0.000948767345612283,0.9551483915711931
fpca256_15,outer_fold,85,10,0.0009405958919331852,0.9560889874631263
fpca256_15,outer_fold,85,11,0.0008166280365320772,0.9569056154996584
fpca256_15,outer_fold,85,12,0.0007755397403747079,0.957681155240033
fpca256_15,outer_fold,85,13,0.0007578165604929951,0.9584389718005261
fpca256_15,outer_fold,85,14,0.0007459810362047522,0.9591849528367308
fpca256_15,outer_fold,85,15,0.0007317606225214871,0.9599167134592522
fpca256_15,outer_fold,86,1,0.626985434837338,0.626985434837338
fpca256_15,outer_fold,86,2,0.2688459703335605,0.8958314051708985
fpca256_15,outer_fold,86,3,0.034082731948414775,0.9299141371193134
fpca256_15,outer_fold,86,4,0.01584790806071711,0.9457620451800305
fpca256_15,outer_fold,86,5,0.004643243567859866,0.9504052887478903
fpca256_15,outer_fold,86,6,0.0015111597239995975,0.9519164484718899
fpca256_15,outer_fold,86,7,0.0012565300577529134,0.9531729785296429
fpca256_15,outer_fold,86,8,0.0009335813325777411,0.9541065598622206
fpca256_15,outer_fold,86,9,0.0009144026321424703,0.9550209624943631
fpca256_15,outer_fold,86,10,0.0008341332801418196,0.9558550957745049
fpca256_15,outer_fold,86,11,0.0008195031651792307,0.9566745989396841
fpca256_15,outer_fold,86,12,0.0007892067660226851,0.9574638057057068
fpca256_15,outer_fold,86,13,0.0007631283778106585,0.9582269340835174
fpca256_15,outer_fold,86,14,0.0007272363074978267,0.9589541703910153
fpca256_15,outer_fold,86,15,0.0007074871831897451,0.959661657574205
fpca256_15,outer_fold,87,1,0.6363544615471104,0.6363544615471104
fpca256_15,outer_fold,87,2,0.2573932862340258,0.8937477477811362
fpca256_15,outer_fold,87,3,0.035345672475724274,0.9290934202568605
fpca256_15,outer_fold,87,4,0.01862277889351463,0.9477161991503751
fpca256_15,outer_fold,87,5,0.004367359078063922,0.952083558228439
fpca256_15,outer_fold,87,6,0.0015868628232987927,0.9536704210517378
fpca256_15,outer_fold,87,7,0.0012518591616312315,0.9549222802133691
fpca256_15,outer_fold,87,8,0.001010705179469072,0.9559329853928382
fpca256_15,outer_fold,87,9,0.0009128366845608343,0.9568458220773991
fpca256_15,outer_fold,87,10,0.0008445887617325761,0.9576904108391316
fpca256_15,outer_fold,87,11,0.0007932006895379862,0.9584836115286697
fpca256_15,outer_fold,87,12,0.0007722358573741184,0.9592558473860437
fpca256_15,outer_fold,87,13,0.0007303139219971209,0.9599861613080408
fpca256_15,outer_fold,87,14,0.0007243268486495675,0.9607104881566904
fpca256_15,outer_fold,87,15,0.0007089990631457856,0.9614194872198362
fpca256_15,outer_fold,88,1,0.6293194426591737,0.6293194426591737
fpca256_15,outer_fold,88,2,0.267291046424592,0.8966104890837657
fpca256_15,outer_fold,88,3,0.03312022063863215,0.9297307097223979
fpca256_15,outer_fold,88,4,0.017206096481461867,0.9469368062038598
fpca256_15,outer_fold,88,5,0.004591062112955067,0.9515278683168148
fpca256_15,outer_fold,88,6,0.0018091039758037896,0.9533369722926186
fpca256_15,outer_fold,88,7,0.0012092756950036236,0.9545462479876222
fpca256_15,outer_fold,88,8,0.0010226715158544643,0.9555689195034767
fpca256_15,outer_fold,88,9,0.0009116399027833917,0.9564805594062601
fpca256_15,outer_fold,88,10,0.0008756356309867131,0.9573561950372468
fpca256_15,outer_fold,88,11,0.0008019508948453224,0.9581581459320921
fpca256_15,outer_fold,88,12,0.0007550068137920735,0.9589131527458842
fpca256_15,outer_fold,88,13,0.0007478293186465098,0.9596609820645307
fpca256_15,outer_fold,88,14,0.0007439012683028532,0.9604048833328335
fpca256_15,outer_fold,88,15,0.0007234418600082368,0.9611283251928417
fpca256_15,outer_fold,89,1,0.6118826408480033,0.6118826408480033
fpca256_15,outer_fold,89,2,0.273613412237097,0.8854960530851003
fpca256_15,outer_fold,89,3,0.038204730306996906,0.9237007833920972
fpca256_15,outer_fold,89,4,0.020473342565748977,0.9441741259578461
fpca256_15,outer_fold,89,5,0.004688217203724255,0.9488623431615704
fpca256_15,outer_fold,89,6,0.0017432765035109144,0.9506056196650813
fpca256_15,outer_fold,89,7,0.0013114095560193154,0.9519170292211006
fpca256_15,outer_fold,89,8,0.0010591406556654686,0.952976169876766
fpca256_15,outer_fold,89,9,0.0009968296900710295,0.953972999566837
fpca256_15,outer_fold,89,10,0.0008739247930565484,0.9548469243598936
fpca256_15,outer_fold,89,11,0.0008567462375975879,0.9557036705974912
fpca256_15,outer_fold,89,12,0.0008067661820211915,0.9565104367795124
fpca256_15,outer_fold,89,13,0.0008012668513770081,0.9573117036308895
fpca256_15,outer_fold,89,14,0.0007746066710391761,0.9580863103019286
fpca256_15,outer_fold,89,15,0.0007593883677276826,0.9588456986696563
fpca256_15,outer_fold,90,1,0.6353145751743529,0.6353145751743529
fpca256_15,outer_fold,90,2,0.2555349743180561,0.8908495494924089
fpca256_15,outer_fold,90,3,0.03778378363251114,0.92863333312492
fpca256_15,outer_fold,90,4,0.017145790008468845,0.9457791231333889
fpca256_15,outer_fold,90,5,0.004993878682853825,0.9507730018162427
fpca256_15,outer_fold,90,6,0.0017257817986692132,0.9524987836149119
fpca256_15,outer_fold,90,7,0.001342505580417983,0.9538412891953298
fpca256_15,outer_fold,90,8,0.0009934706241508378,0.9548347598194806
fpca256_15,outer_fold,90,9,0.0009499351155209739,0.9557846949350016
fpca256_15,outer_fold,90,10,0.0008979106248725024,0.9566826055598742
fpca256_15,outer_fold,90,11,0.0008131894014556167,0.9574957949613297
fpca256_15,outer_fold,90,12,0.0007842072600042696,0.958280002221334
fpca256_15,outer_fold,90,13,0.0007715829693674684,0.9590515851907015
fpca256_15,outer_fold,90,14,0.0007630903789207534,0.9598146755696223
fpca256_15,outer_fold,90,15,0.0007205527078297631,0.9605352282774521
fpca256_15,outer_fold,91,1,0.6445099548745067,0.6445099548745067
fpca256_15,outer_fold,91,2,0.25076393134853403,0.8952738862230407
fpca256_15,outer_fold,91,3,0.035558489423073034,0.9308323756461138
fpca256_15,outer_fold,91,4,0.018010323763569855,0.9488426994096836
fpca256_15,outer_fold,91,5,0.004309918457088444,0.953152617866772
fpca256_15,outer_fold,91,6,0.001569083728019991,0.954721701594792
fpca256_15,outer_fold,91,7,0.0012388578406300694,0.955960559435422
fpca256_15,outer_fold,91,8,0.0010104060152927492,0.9569709654507148
fpca256_15,outer_fold,91,9,0.0008930506937221067,0.957864016144437
fpca256_15,outer_fold,91,10,0.0008379021545960562,0.958701918299033
fpca256_15,outer_fold,91,11,0.0007698081860119629,0.9594717264850449
fpca256_15,outer_fold,91,12,0.0007562500195266756,0.9602279765045716
fpca256_15,outer_fold,91,13,0.0007132548899576174,0.9609412313945292
fpca256_15,outer_fold,91,14,0.0007061656136105797,0.9616473970081398
fpca256_15,outer_fold,91,15,0.0006899945738762626,0.9623373915820161
fpca256_15,outer_fold,92,1,0.6134483492837073,0.6134483492837073
fpca256_15,outer_fold,92,2,0.2830706799126066,0.8965190291963139
fpca256_15,outer_fold,92,3,0.031120953896143375,0.9276399830924572
fpca256_15,outer_fold,92,4,0.017310706913517142,0.9449506900059743
fpca256_15,outer_fold,92,5,0.004453909059231855,0.9494045990652061
fpca256_15,outer_fold,92,6,0.0016196518374247363,0.9510242509026309
fpca256_15,outer_fold,92,7,0.0012530478002305467,0.9522772987028614
fpca256_15,outer_fold,92,8,0.0010158183382539458,0.9532931170411153
fpca256_15,outer_fold,92,9,0.0009128665614976111,0.9542059836026129
fpca256_15,outer_fold,92,10,0.0008420089197369347,0.9550479925223498
fpca256_15,outer_fold,92,11,0.0008108993601156823,0.9558588918824655
fpca256_15,outer_fold,92,12,0.0008045513510471951,0.9566634432335127
fpca256_15,outer_fold,92,13,0.000790213545289949,0.9574536567788027
fpca256_15,outer_fold,92,14,0.0007651755471122254,0.9582188323259149
fpca256_15,outer_fold,92,15,0.0007505382960279639,0.9589693706219429
fpca256_15,outer_fold,93,1,0.617246673753536,0.617246673753536
fpca256_15,outer_fold,93,2,0.2732736195341475,0.8905202932876836
fpca256_15,outer_fold,93,3,0.03779398516969647,0.92831427845738
fpca256_15,outer_fold,93,4,0.017708734716795686,0.9460230131741757
fpca256_15,outer_fold,93,5,0.004632845050612422,0.9506558582247882
fpca256_15,outer_fold,93,6,0.0017479675450592376,0.9524038257698474
fpca256_15,outer_fold,93,7,0.0012162655116516247,0.953620091281499
fpca256_15,outer_fold,93,8,0.0010144493507207514,0.9546345406322198
fpca256_15,outer_fold,93,9,0.0008995178257203287,0.95553405845794
fpca256_15,outer_fold,93,10,0.0008606690106660995,0.9563947274686061
fpca256_15,outer_fold,93,11,0.0008509741708071204,0.9572457016394132
fpca256_15,outer_fold,93,12,0.0007651860767668931,0.9580108877161801
fpca256_15,outer_fold,93,13,0.0007413325648771937,0.9587522202810573
fpca256_15,outer_fold,93,14,0.0007363039815174412,0.9594885242625748
fpca256_15,outer_fold,93,15,0.0007219379981942181,0.960210462260769
fpca256_15,outer_fold,94,1,0.6253062064845482,0.6253062064845482
fpca256_15,outer_fold,94,2,0.2639272206932673,0.8892334271778155
fpca256_15,outer_fold,94,3,0.035882906052324644,0.9251163332301402
fpca256_15,outer_fold,94,4,0.019174725021749706,0.9442910582518899
fpca256_15,outer_fold,94,5,0.004455401269952546,0.9487464595218424
fpca256_15,outer_fold,94,6,0.0017872320873640827,0.9505336916092065
fpca256_15,outer_fold,94,7,0.001301914167385227,0.9518356057765918
fpca256_15,outer_fold,94,8,0.0010703912805046095,0.9529059970570963
fpca256_15,outer_fold,94,9,0.0009736645475111006,0.9538796616046075
fpca256_15,outer_fold,94,10,0.0009497532168478476,0.9548294148214553
fpca256_15,outer_fold,94,11,0.0008610537379582201,0.9556904685594135
fpca256_15,outer_fold,94,12,0.0008177050034899454,0.9565081735629035
fpca256_15,outer_fold,94,13,0.0008067083394662154,0.9573148819023697
fpca256_15,outer_fold,94,14,0.0007735639228767905,0.9580884458252464
fpca256_15,outer_fold,94,15,0.0007552757542963047,0.9588437215795428
fpca256_15,outer_fold,95,1,0.5978184196963011,0.5978184196963011
fpca256_15,outer_fold,95,2,0.284231798719388,0.8820502184156891
fpca256_15,outer_fold,95,3,0.0400261576483497,0.9220763760640388
fpca256_15,outer_fold,95,4,0.02050859245973695,0.9425849685237757
fpca256_15,outer_fold,95,5,0.004970312904941039,0.9475552814287167
fpca256_15,outer_fold,95,6,0.00195468579861203,0.9495099672273287
fpca256_15,outer_fold,95,7,0.0012675515922821446,0.9507775188196108
fpca256_15,outer_fold,95,8,0.0010301347633044939,0.9518076535829153
fpca256_15,outer_fold,95,9,0.0009386782109021484,0.9527463317938174
fpca256_15,outer_fold,95,10,0.0008826591697949775,0.9536289909636124
fpca256_15,outer_fold,95,11,0.0008525870852032091,0.9544815780488156
fpca256_15,outer_fold,95,12,0.000826156822116194,0.9553077348709318
fpca256_15,outer_fold,95,13,0.0008166899485591884,0.956124424819491
fpca256_15,outer_fold,95,14,0.0007845492489492692,0.9569089740684402
fpca256_15,outer_fold,95,15,0.0007693638822603122,0.9576783379507006
fpca256_15,outer_fold,96,1,0.6377288404219754,0.6377288404219754
fpca256_15,outer_fold,96,2,0.2549558957058044,0.8926847361277799
fpca256_15,outer_fold,96,3,0.034677068262626044,0.9273618043904059
fpca256_15,outer_fold,96,4,0.018379733280462836,0.9457415376708688
fpca256_15,outer_fold,96,5,0.004696180147416047,0.9504377178182848
fpca256_15,outer_fold,96,6,0.001667503578068712,0.9521052213963535
fpca256_15,outer_fold,96,7,0.0012909241797791186,0.9533961455761326
fpca256_15,outer_fold,96,8,0.001034612611722166,0.9544307581878548
fpca256_15,outer_fold,96,9,0.0009243052079363773,0.9553550633957912
fpca256_15,outer_fold,96,10,0.0008649584671027172,0.956220021862894
fpca256_15,outer_fold,96,11,0.0008015139663375601,0.9570215358292316
fpca256_15,outer_fold,96,12,0.0007999295516689587,0.9578214653809005
fpca256_15,outer_fold,96,13,0.0007736572909270192,0.9585951226718276
fpca256_15,outer_fold,96,14,0.0007326955163598939,0.9593278181881875
fpca256_15,outer_fold,96,15,0.0007225368925678386,0.9600503550807553
fpca256_15,outer_fold,97,1,0.6346431592614533,0.6346431592614533
fpca256_15,outer_fold,97,2,0.26190002826779835,0.8965431875292517
fpca256_15,outer_fold,97,3,0.03425191969640014,0.9307951072256518
fpca256_15,outer_fold,97,4,0.017157267387470542,0.9479523746131224
fpca256_15,outer_fold,97,5,0.004435810872401546,0.952388185485524
fpca256_15,outer_fold,97,6,0.0016463981790214891,0.9540345836645454
fpca256_15,outer_fold,97,7,0.0012140536045096957,0.9552486372690551
fpca256_15,outer_fold,97,8,0.0009925011234543568,0.9562411383925095
fpca256_15,outer_fold,97,9,0.0008890641968299048,0.9571302025893393
fpca256_15,outer_fold,97,10,0.0008499417314335425,0.9579801443207728
fpca256_15,outer_fold,97,11,0.0007944724437667417,0.9587746167645396
fpca256_15,outer_fold,97,12,0.0007679177920434548,0.959542534556583
fpca256_15,outer_fold,97,13,0.0007429211271775248,0.9602854556837606
fpca256_15,outer_fold,97,14,0.0007292212558463625,0.961014676939607
fpca256_15,outer_fold,97,15,0.00069367017135618,0.9617083471109631
fpca256_15,outer_fold,98,1,0.6408896865582484,0.6408896865582484
fpca256_15,outer_fold,98,2,0.25086866246851064,0.8917583490267591
fpca256_15,outer_fold,98,3,0.03689575123814031,0.9286541002648994
fpca256_15,outer_fold,98,4,0.018480342144557172,0.9471344424094565
fpca256_15,outer_fold,98,5,0.004377805952062057,0.9515122483615186
fpca256_15,outer_fold,98,6,0.0016080901986052945,0.9531203385601239
fpca256_15,outer_fold,98,7,0.0012608550892801997,0.9543811936494041
fpca256_15,outer_fold,98,8,0.0010410150079333284,0.9554222086573374
fpca256_15,outer_fold,98,9,0.0009506061949602696,0.9563728148522976
fpca256_15,outer_fold,98,10,0.000882687791446622,0.9572555026437443
fpca256_15,outer_fold,98,11,0.0008017202342283678,0.9580572228779727
fpca256_15,outer_fold,98,12,0.0007808712610041204,0.9588380941389768
fpca256_15,outer_fold,98,13,0.000750705178269503,0.9595887993172463
fpca256_15,outer_fold,98,14,0.0007365817010053131,0.9603253810182516
fpca256_15,outer_fold,98,15,0.0007118767672208367,0.9610372577854724
fpca256_15,outer_fold,99,1,0.6243807953221133,0.6243807953221133
fpca256_15,outer_fold,99,2,0.2754218931904413,0.8998026885125546
fpca256_15,outer_fold,99,3,0.031556826047357135,0.9313595145599117
fpca256_15,outer_fold,99,4,0.015146830971057932,0.9465063455309697
fpca256_15,outer_fold,99,5,0.00438930383999211,0.9508956493709618
fpca256_15,outer_fold,99,6,0.0015614783284248895,0.9524571276993867
fpca256_15,outer_fold,99,7,0.0013397716421404175,0.9537968993415271
fpca256_15,outer_fold,99,8,0.0009958650936629221,0.95479276443519
fpca256_15,outer_fold,99,9,0.0009378009957052923,0.9557305654308953
fpca256_15,outer_fold,99,10,0.0009229318282157899,0.9566534972591111
fpca256_15,outer_fold,99,11,0.0008079976674141667,0.9574614949265252
fpca256_15,outer_fold,99,12,0.0007837187363156588,0.9582452136628409
fpca256_15,outer_fold,99,13,0.0007730383762161304,0.959018252039057
fpca256_15,outer_fold,99,14,0.0007488912786441525,0.9597671433177012
fpca256_15,outer_fold,99,15,0.0007304262874013394,0.9604975696051026
fpca256_15,train_all,-1,1,0.6271078545075195,0.6271078545075195
fpca256_15,train_all,-1,2,0.26525530413765086,0.8923631586451704
fpca256_15,train_all,-1,3,0.035554427210622276,0.9279175858557926
fpca256_15,train_all,-1,4,0.0179957117370007,0.9459132975927933
fpca256_15,train_all,-1,5,0.0045452802922641275,0.9504585778850574
fpca256_15,train_all,-1,6,0.001653306984919975,0.9521118848699773
fpca256_15,train_all,-1,7,0.001222568523345012,0.9533344533933223
fpca256_15,train_all,-1,8,0.0009605026711028749,0.9542949560644253
fpca256_15,train_all,-1,9,0.0008683644065313421,0.9551633204709566
fpca256_15,train_all,-1,10,0.0008260524741645456,0.9559893729451212
fpca256_15,train_all,-1,11,0.0007538166343137122,0.9567431895794349
fpca256_15,train_all,-1,12,0.0007372109503579491,0.9574804005297929
fpca256_15,train_all,-1,13,0.0007088435181576851,0.9581892440479506
fpca256_15,train_all,-1,14,0.0007003792454530092,0.9588896232934035
fpca256_15,train_all,-1,15,0.0006838301519085621,0.9595734534453121
fpca256_20,outer_fold,0,1,0.5962228543092989,0.5962228543092989
fpca256_20,outer_fold,0,2,0.2877403604939902,0.8839632148032891
fpca256_20,outer_fold,0,3,0.037655443193419534,0.9216186579967086
fpca256_20,outer_fold,0,4,0.02079599522465567,0.9424146532213643
fpca256_20,outer_fold,0,5,0.005193944995995749,0.9476085982173601
fpca256_20,outer_fold,0,6,0.001918991647146901,0.949527589864507
fpca256_20,outer_fold,0,7,0.0012721468353007728,0.9507997366998078
fpca256_20,outer_fold,0,8,0.0010039237798313847,0.9518036604796392
fpca256_20,outer_fold,0,9,0.0009731892997849463,0.9527768497794241
fpca256_20,outer_fold,0,10,0.0008869319354051319,0.9536637817148292
fpca256_20,outer_fold,0,11,0.0008398706001217309,0.9545036523149509
fpca256_20,outer_fold,0,12,0.0008238815960680044,0.955327533911019
fpca256_20,outer_fold,0,13,0.0007945276459907965,0.9561220615570097
fpca256_20,outer_fold,0,14,0.0007621661887481312,0.9568842277457579
fpca256_20,outer_fold,0,15,0.0007594069278100375,0.957643634673568
fpca256_20,outer_fold,0,16,0.0007402890747457851,0.9583839237483137
fpca256_20,outer_fold,0,17,0.0007166439998249559,0.9591005677481387
fpca256_20,outer_fold,0,18,0.0006880404358362887,0.9597886081839749
fpca256_20,outer_fold,0,19,0.0006744915953109835,0.9604630997792859
fpca256_20,outer_fold,0,20,0.0006684112115071766,0.9611315109907931
fpca256_20,outer_fold,1,1,0.6363370813266912,0.6363370813266912
fpca256_20,outer_fold,1,2,0.26367876252951183,0.900015843856203
fpca256_20,outer_fold,1,3,0.03353732175910825,0.9335531656153113
fpca256_20,outer_fold,1,4,0.016190985494279747,0.9497441511095911
fpca256_20,outer_fold,1,5,0.004295661902100834,0.9540398130116919
fpca256_20,outer_fold,1,6,0.0015879342409612204,0.9556277472526532
fpca256_20,outer_fold,1,7,0.0011498277939022894,0.9567775750465555
fpca256_20,outer_fold,1,8,0.000978846328878009,0.9577564213754335
fpca256_20,outer_fold,1,9,0.0008564912270993208,0.9586129126025328
fpca256_20,outer_fold,1,10,0.0008307918540198063,0.9594437044565526
fpca256_20,outer_fold,1,11,0.0007535384673176162,0.9601972429238702
fpca256_20,outer_fold,1,12,0.000740723527751689,0.9609379664516219
fpca256_20,outer_fold,1,13,0.0007168414295939587,0.9616548078812158
fpca256_20,outer_fold,1,14,0.0006937494366509624,0.9623485573178668
fpca256_20,outer_fold,1,15,0.000679878125809114,0.963028435443676
fpca256_20,outer_fold,1,16,0.000673189630870369,0.9637016250745464
fpca256_20,outer_fold,1,17,0.0006570956780140103,0.9643587207525603
fpca256_20,outer_fold,1,18,0.0006298822781644782,0.9649886030307249
fpca256_20,outer_fold,1,19,0.000606098116782327,0.9655947011475072
fpca256_20,outer_fold,1,20,0.0005883685840446595,0.9661830697315519
fpca256_20,outer_fold,2,1,0.645937751028479,0.645937751028479
fpca256_20,outer_fold,2,2,0.24857013587229465,0.8945078869007737
fpca256_20,outer_fold,2,3,0.034397648959243673,0.9289055358600173
fpca256_20,outer_fold,2,4,0.017342118475756032,0.9462476543357734
fpca256_20,outer_fold,2,5,0.00412866093387592,0.9503763152696493
fpca256_20,outer_fold,2,6,0.0015945406928855115,0.9519708559625348
fpca256_20,outer_fold,2,7,0.0012486820731712645,0.9532195380357061
fpca256_20,outer_fold,2,8,0.0010348689819235494,0.9542544070176296
fpca256_20,outer_fold,2,9,0.0009261673593443343,0.955180574376974
fpca256_20,outer_fold,2,10,0.0009109307099130232,0.956091505086887
fpca256_20,outer_fold,2,11,0.0008031031698815916,0.9568946082567686
fpca256_20,outer_fold,2,12,0.0007771612221422462,0.9576717694789109
fpca256_20,outer_fold,2,13,0.0007467871366838238,0.9584185566155947
fpca256_20,outer_fold,2,14,0.0007367457842084353,0.9591553023998032
fpca256_20,outer_fold,2,15,0.0007226875376273526,0.9598779899374306
fpca256_20,outer_fold,2,16,0.0007088961045381371,0.9605868860419687
fpca256_20,outer_fold,2,17,0.0006943596666118022,0.9612812457085805
fpca256_20,outer_fold,2,18,0.0006475240886347801,0.9619287697972153
fpca256_20,outer_fold,2,19,0.0006328789250299897,0.9625616487222453
fpca256_20,outer_fold,2,20,0.00063017773087239,0.9631918264531176
fpca256_20,outer_fold,3,1,0.593067669964185,0.593067669964185
fpca256_20,outer_fold,3,2,0.29416320060641077,0.8872308705705958
fpca256_20,outer_fold,3,3,0.03759950278427228,0.9248303733548681
fpca256_20,outer_fold,3,4,0.019226617737353922,0.944056991092222
fpca256_20,outer_fold,3,5,0.0047921649406667925,0.9488491560328888
fpca256_20,outer_fold,3,6,0.0017788410091782215,0.950627997042067
fpca256_20,outer_fold,3,7,0.00132092326187217,0.9519489203039392
fpca256_20,outer_fold,3,8,0.0010469831555315024,0.9529959034594707
fpca256_20,outer_fold,3,9,0.0009208282158256622,0.9539167316752963
fpca256_20,outer_fold,3,10,0.0008907584791196149,0.9548074901544159
fpca256_20,outer_fold,3,11,0.0008528142649888311,0.9556603044194047
fpca256_20,outer_fold,3,12,0.0008318284372073956,0.9564921328566122
fpca256_20,outer_fold,3,13,0.0007887244377158072,0.957280857294328
fpca256_20,outer_fold,3,14,0.0007588610497467616,0.9580397183440748
fpca256_20,outer_fold,3,15,0.00075272236700623,0.9587924407110809
fpca256_20,outer_fold,3,16,0.0007431398499187337,0.9595355805609996
fpca256_20,outer_fold,3,17,0.000723090249265697,0.9602586708102653
fpca256_20,outer_fold,3,18,0.0007172471931342889,0.9609759180033995
fpca256_20,outer_fold,3,19,0.0006884040031023779,0.9616643220065019
fpca256_20,outer_fold,3,20,0.0006783891828846385,0.9623427111893865
fpca256_20,outer_fold,4,1,0.6599399922385685,0.6599399922385685
fpca256_20,outer_fold,4,2,0.23602504892985707,0.8959650411684256
fpca256_20,outer_fold,4,3,0.034053978213744326,0.9300190193821699
fpca256_20,outer_fold,4,4,0.01686521184470233,0.9468842312268723
fpca256_20,outer_fold,4,5,0.004505146865846841,0.9513893780927191
fpca256_20,outer_fold,4,6,0.0016117475313868364,0.9530011256241059
fpca256_20,outer_fold,4,7,0.00135323105546897,0.9543543566795748
fpca256_20,outer_fold,4,8,0.0010279753832218796,0.9553823320627967
fpca256_20,outer_fold,4,9,0.0009286800639767246,0.9563110121267734
fpca256_20,outer_fold,4,10,0.000907947905364137,0.9572189600321375
fpca256_20,outer_fold,4,11,0.0008227572962387694,0.9580417173283763
fpca256_20,outer_fold,4,12,0.0007896122509315744,0.9588313295793078
fpca256_20,outer_fold,4,13,0.0007611699257022111,0.95959249950501
fpca256_20,outer_fold,4,14,0.0007444976896205387,0.9603369971946306
fpca256_20,outer_fold,4,15,0.0007101779585405656,0.9610471751531712
fpca256_20,outer_fold,4,16,0.0006779048415507455,0.9617250799947219
fpca256_20,outer_fold,4,17,0.0006719757745865258,0.9623970557693085
fpca256_20,outer_fold,4,18,0.0006623381311607685,0.9630593939004692
fpca256_20,outer_fold,4,19,0.000643595075518654,0.9637029889759879
fpca256_20,outer_fold,4,20,0.0006246389597032386,0.9643276279356912
fpca256_20,outer_fold,5,1,0.6431408591174037,0.6431408591174037
fpca256_20,outer_fold,5,2,0.2559383643070669,0.8990792234244707
fpca256_20,outer_fold,5,3,0.03543817233347453,0.9345173957579452
fpca256_20,outer_fold,5,4,0.015434091192097162,0.9499514869500424
fpca256_20,outer_fold,5,5,0.004026957687619234,0.9539784446376616
fpca256_20,outer_fold,5,6,0.0015410784628697913,0.9555195231005313
fpca256_20,outer_fold,5,7,0.0012077757751119197,0.9567272988756432
fpca256_20,outer_fold,5,8,0.000979320957110333,0.9577066198327535
fpca256_20,outer_fold,5,9,0.0008853628233409689,0.9585919826560945
fpca256_20,outer_fold,5,10,0.0008455561956670443,0.9594375388517615
fpca256_20,outer_fold,5,11,0.0007565292019954714,0.960194068053757
fpca256_20,outer_fold,5,12,0.0007350487840775052,0.9609291168378344
fpca256_20,outer_fold,5,13,0.0007153656434843624,0.9616444824813188
fpca256_20,outer_fold,5,14,0.0006866873957635291,0.9623311698770823
fpca256_20,outer_fold,5,15,0.0006747533185652064,0.9630059231956476
fpca256_20,outer_fold,5,16,0.0006632007524923895,0.96366912394814
fpca256_20,outer_fold,5,17,0.0006505248187991846,0.9643196487669392
fpca256_20,outer_fold,5,18,0.0006344253188893061,0.9649540740858286
fpca256_20,outer_fold,5,19,0.0006223042365607589,0.9655763783223893
fpca256_20,outer_fold,5,20,0.0006019737621076332,0.966178352084497
fpca256_20,outer_fold,6,1,0.6488398007490208,0.6488398007490208
fpca256_20,outer_fold,6,2,0.24714810557279251,0.8959879063218134
fpca256_20,outer_fold,6,3,0.033987429814161994,0.9299753361359754
fpca256_20,outer_fold,6,4,0.017340251932976454,0.9473155880689519
fpca256_20,outer_fold,6,5,0.004319609495709445,0.9516351975646613
fpca256_20,outer_fold,6,6,0.0015867437789509893,0.9532219413436123
fpca256_20,outer_fold,6,7,0.001290603664597259,0.9545125450082095
fpca256_20,outer_fold,6,8,0.0010259378148518646,0.9555384828230613
fpca256_20,outer_fold,6,9,0.0009053804760140935,0.9564438632990754
fpca256_20,outer_fold,6,10,0.0008551070704809309,0.9572989703695564
fpca256_20,outer_fold,6,11,0.0008032081673563383,0.9581021785369127
fpca256_20,outer_fold,6,12,0.0007923554539199346,0.9588945339908327
fpca256_20,outer_fold,6,13,0.0007512782503010657,0.9596458122411338
fpca256_20,outer_fold,6,14,0.0007299273685852062,0.960375739609719
fpca256_20,outer_fold,6,15,0.0007195863822792363,0.9610953259919982
fpca256_20,outer_fold,6,16,0.0006907120487255912,0.9617860380407238
fpca256_20,outer_fold,6,17,0.0006824472121905061,0.9624684852529143
fpca256_20,outer_fold,6,18,0.0006699486487202858,0.9631384339016346
fpca256_20,outer_fold,6,19,0.0006339962562013391,0.9637724301578359
fpca256_20,outer_fold,6,20,0.0006216331018618365,0.9643940632596977
fpca256_20,outer_fold,7,1,0.63013887645128,0.63013887645128
fpca256_20,outer_fold,7,2,0.26458215289350556,0.8947210293447856
fpca256_20,outer_fold,7,3,0.03296520089855044,0.9276862302433361
fpca256_20,outer_fold,7,4,0.018291036932917934,0.945977267176254
fpca256_20,outer_fold,7,5,0.004554436657191368,0.9505317038334453
fpca256_20,outer_fold,7,6,0.0016357910332536918,0.952167494866699
fpca256_20,outer_fold,7,7,0.0013277789887039852,0.953495273855403
fpca256_20,outer_fold,7,8,0.0010312700263515563,0.9545265438817545
fpca256_20,outer_fold,7,9,0.0009326047420179604,0.9554591486237725
fpca256_20,outer_fold,7,10,0.0009101304239919285,0.9563692790477644
fpca256_20,outer_fold,7,11,0.0008078967515324745,0.9571771757992968
fpca256_20,outer_fold,7,12,0.0007745774036057153,0.9579517532029026
fpca256_20,outer_fold,7,13,0.0007655876149446902,0.9587173408178473
fpca256_20,outer_fold,7,14,0.0007509570980469397,0.9594682979158943
fpca256_20,outer_fold,7,15,0.0007320351237818055,0.9602003330396761
fpca256_20,outer_fold,7,16,0.0007129695914988083,0.9609133026311749
fpca256_20,outer_fold,7,17,0.000706040148242418,0.9616193427794173
fpca256_20,outer_fold,7,18,0.0006753011199597736,0.962294643899377
fpca256_20,outer_fold,7,19,0.0006422318338661108,0.9629368757332432
fpca256_20,outer_fold,7,20,0.0006376041609122221,0.9635744798941553
fpca256_20,outer_fold,8,1,0.626907064075867,0.626907064075867
fpca256_20,outer_fold,8,2,0.2657791551963602,0.8926862192722272
fpca256_20,outer_fold,8,3,0.03595785074356516,0.9286440700157924
fpca256_20,outer_fold,8,4,0.01795726898907512,0.9466013390048675
fpca256_20,outer_fold,8,5,0.0046601791062080115,0.9512615181110755
fpca256_20,outer_fold,8,6,0.0017701390031370637,0.9530316571142126
fpca256_20,outer_fold,8,7,0.001196239318311324,0.9542278964325239
fpca256_20,outer_fold,8,8,0.0010303306491738437,0.9552582270816977
fpca256_20,outer_fold,8,9,0.0009009436846568201,0.9561591707663546
fpca256_20,outer_fold,8,10,0.0008906618592736932,0.9570498326256283
fpca256_20,outer_fold,8,11,0.000776909486157503,0.9578267421117858
fpca256_20,outer_fold,8,12,0.0007731646226385229,0.9585999067344243
fpca256_20,outer_fold,8,13,0.0007469916349229792,0.9593468983693473
fpca256_20,outer_fold,8,14,0.000722063645908871,0.9600689620152562
fpca256_20,outer_fold,8,15,0.0007096554534363127,0.9607786174686924
fpca256_20,outer_fold,8,16,0.0007046515890217051,0.9614832690577141
fpca256_20,outer_fold,8,17,0.0006795714098078935,0.962162840467522
fpca256_20,outer_fold,8,18,0.0006593351580729443,0.9628221756255949
fpca256_20,outer_fold,8,19,0.0006466035267722672,0.9634687791523672
fpca256_20,outer_fold,8,20,0.0006161302238908335,0.964084909376258
fpca256_20,outer_fold,9,1,0.5878816987081966,0.5878816987081966
fpca256_20,outer_fold,9,2,0.29170076336040063,0.8795824620685972
fpca256_20,outer_fold,9,3,0.03877927141913422,0.9183617334877314
fpca256_20,outer_fold,9,4,0.021116405005205462,0.9394781384929369
fpca256_20,outer_fold,9,5,0.005304309413556041,0.944782447906493
fpca256_20,outer_fold,9,6,0.0019143289812243536,0.9466967768877174
fpca256_20,outer_fold,9,7,0.0012807041255433924,0.9479774810132607
fpca256_20,outer_fold,9,8,0.0011126243164388185,0.9490901053296995
fpca256_20,outer_fold,9,9,0.0010153217907184898,0.950105427120418
fpca256_20,outer_fold,9,10,0.0009439916782430473,0.951049418798661
fpca256_20,outer_fold,9,11,0.0009032172930403652,0.9519526360917013
fpca256_20,outer_fold,9,12,0.0008578555186953148,0.9528104916103967
fpca256_20,outer_fold,9,13,0.0008484423880006094,0.9536589339983973
fpca256_20,outer_fold,9,14,0.0008180533871084547,0.9544769873855058
fpca256_20,outer_fold,9,15,0.0008018572151401226,0.9552788446006459
fpca256_20,outer_fold,9,16,0.0007834407069608799,0.9560622853076068
fpca256_20,outer_fold,9,17,0.0007621218365446804,0.9568244071441515
fpca256_20,outer_fold,9,18,0.0007473272503904578,0.957571734394542
fpca256_20,outer_fold,9,19,0.0007322449808488732,0.9583039793753909
fpca256_20,outer_fold,9,20,0.0007135541626309728,0.9590175335380219
fpca256_20,outer_fold,10,1,0.6336743292819567,0.6336743292819567
fpca256_20,outer_fold,10,2,0.26351557874868303,0.8971899080306397
fpca256_20,outer_fold,10,3,0.03525112485204685,0.9324410328826865
fpca256_20,outer_fold,10,4,0.016861894262336204,0.9493029271450227
fpca256_20,outer_fold,10,5,0.004357031987315164,0.9536599591323379
fpca256_20,outer_fold,10,6,0.0015923483765436135,0.9552523075088816
fpca256_20,outer_fold,10,7,0.0012475156304137022,0.9564998231392953
fpca256_20,outer_fold,10,8,0.0010077522490263343,0.9575075753883217
fpca256_20,outer_fold,10,9,0.0008793537434967287,0.9583869291318183
fpca256_20,outer_fold,10,10,0.0008466119756493106,0.9592335411074676
fpca256_20,outer_fold,10,11,0.0007750917984349757,0.9600086329059025
fpca256_20,outer_fold,10,12,0.0007540607737931323,0.9607626936796957
fpca256_20,outer_fold,10,13,0.0007222884219850994,0.9614849821016808
fpca256_20,outer_fold,10,14,0.0006824678828637696,0.9621674499845445
fpca256_20,outer_fold,10,15,0.0006778842760908804,0.9628453342606353
fpca256_20,outer_fold,10,16,0.0006627211753462164,0.9635080554359816
fpca256_20,outer_fold,10,17,0.0006399109747727337,0.9641479664107544
fpca256_20,outer_fold,10,18,0.0006373491999193324,0.9647853156106737
fpca256_20,outer_fold,10,19,0.0006227180540303436,0.9654080336647041
fpca256_20,outer_fold,10,20,0.0006105955101642705,0.9660186291748684
fpca256_20,outer_fold,11,1,0.6163441816801122,0.6163441816801122
fpca256_20,outer_fold,11,2,0.27078064297043786,0.8871248246505501
fpca256_20,outer_fold,11,3,0.03688205631549303,0.9240068809660431
fpca256_20,outer_fold,11,4,0.01872222060713144,0.9427291015731746
fpca256_20,outer_fold,11,5,0.004875458329700307,0.9476045599028748
fpca256_20,outer_fold,11,6,0.0017668054522461001,0.9493713653551209
fpca256_20,outer_fold,11,7,0.0012451882653370407,0.9506165536204579
fpca256_20,outer_fold,11,8,0.001074142683025947,0.9516906963034839
fpca256_20,outer_fold,11,9,0.0009785705853156174,0.9526692668887995
fpca256_20,outer_fold,11,10,0.0008843455548509193,0.9535536124436504
fpca256_20,outer_fold,11,11,0.0008546385924364649,0.954408251036087
fpca256_20,outer_fold,11,12,0.0008479916599618357,0.9552562426960488
fpca256_20,outer_fold,11,13,0.0008026619878073805,0.9560589046838562
fpca256_20,outer_fold,11,14,0.0007953361644481498,0.9568542408483044
fpca256_20,outer_fold,11,15,0.0007623924655477265,0.9576166333138522
fpca256_20,outer_fold,11,16,0.0007393538656383256,0.9583559871794904
fpca256_20,outer_fold,11,17,0.0007284239795057733,0.9590844111589962
fpca256_20,outer_fold,11,18,0.0006964747093990682,0.9597808858683953
fpca256_20,outer_fold,11,19,0.0006885043428803277,0.9604693902112756
fpca256_20,outer_fold,11,20,0.0006765450467778146,0.9611459352580535
fpca256_20,outer_fold,12,1,0.628178773015146,0.628178773015146
fpca256_20,outer_fold,12,2,0.26043134756007463,0.8886101205752206
fpca256_20,outer_fold,12,3,0.03723071382782117,0.9258408344030418
fpca256_20,outer_fold,12,4,0.018739410706525125,0.9445802451095668
fpca256_20,outer_fold,12,5,0.004259205154896766,0.9488394502644636
fpca256_20,outer_fold,12,6,0.0017763322075752598,0.9506157824720388
fpca256_20,outer_fold,12,7,0.001362365100125036,0.9519781475721638
fpca256_20,outer_fold,12,8,0.0010489259302845328,0.9530270735024483
fpca256_20,outer_fold,12,9,0.0009157194722295111,0.9539427929746778
fpca256_20,outer_fold,12,10,0.0008916690339224825,0.9548344620086002
fpca256_20,outer_fold,12,11,0.0008401384361283833,0.9556746004447286
fpca256_20,outer_fold,12,12,0.0007952323880305367,0.9564698328327592
fpca256_20,outer_fold,12,13,0.0007902868052095234,0.9572601196379688
fpca256_20,outer_fold,12,14,0.0007595919285384678,0.9580197115665072
fpca256_20,outer_fold,12,15,0.0007440002519609463,0.9587637118184682
fpca256_20,outer_fold,12,16,0.0007289978998074874,0.9594927097182757
fpca256_20,outer_fold,12,17,0.0007004771395007405,0.9601931868577764
fpca256_20,outer_fold,12,18,0.0006803584108975437,0.960873545268674
fpca256_20,outer_fold,12,19,0.0006602680103580179,0.961533813279032
fpca256_20,outer_fold,12,20,0.0006467673157966101,0.9621805805948286
fpca256_20,outer_fold,13,1,0.6162037635468337,0.6162037635468337
fpca256_20,outer_fold,13,2,0.2723258439290213,0.8885296074758551
fpca256_20,outer_fold,13,3,0.03671317830531699,0.925242785781172
fpca256_20,outer_fold,13,4,0.0192622214325686,0.9445050072137406
fpca256_20,outer_fold,13,5,0.004898855598504332,0.949403862812245
fpca256_20,outer_fold,13,6,0.0017786020813769954,0.951182464893622
fpca256_20,outer_fold,13,7,0.0013124594508454601,0.9524949243444675
fpca256_20,outer_fold,13,8,0.0010943700416691272,0.9535892943861366
fpca256_20,outer_fold,13,9,0.0009583943239501718,0.9545476887100868
fpca256_20,outer_fold,13,10,0.0009238079458072196,0.955471496655894
fpca256_20,outer_fold,13,11,0.0008387044473987239,0.9563102011032928
fpca256_20,outer_fold,13,12,0.0007965537445064393,0.9571067548477993
fpca256_20,outer_fold,13,13,0.0007874304940019038,0.9578941853418012
fpca256_20,outer_fold,13,14,0.0007773572450609076,0.958671542586862
fpca256_20,outer_fold,13,15,0.0007456253463865928,0.9594171679332486
fpca256_20,outer_fold,13,16,0.000724401210152469,0.9601415691434011
fpca256_20,outer_fold,13,17,0.0007171848435858852,0.960858753986987
fpca256_20,outer_fold,13,18,0.0006971508746396354,0.9615559048616266
fpca256_20,outer_fold,13,19,0.0006752466428937948,0.9622311515045203
fpca256_20,outer_fold,13,20,0.0006465687291856553,0.962877720233706
fpca256_20,outer_fold,14,1,0.6424369962938206,0.6424369962938206
fpca256_20,outer_fold,14,2,0.25791784875818796,0.9003548450520085
fpca256_20,outer_fold,14,3,0.03181567301481799,0.9321705180668265
fpca256_20,outer_fold,14,4,0.016386598317743018,0.9485571163845695
fpca256_20,outer_fold,14,5,0.004433735263334368,0.9529908516479039
fpca256_20,outer_fold,14,6,0.0015731921941955717,0.9545640438420995
fpca256_20,outer_fold,14,7,0.0011785677495994341,0.9557426115916989
fpca256_20,outer_fold,14,8,0.000942158445843487,0.9566847700375424
fpca256_20,outer_fold,14,9,0.0008783519699600556,0.9575631220075024
fpca256_20,outer_fold,14,10,0.0008744897778788184,0.9584376117853812
fpca256_20,outer_fold,14,11,0.0007769122329296737,0.9592145240183109
fpca256_20,outer_fold,14,12,0.0007541780013223851,0.9599687020196332
fpca256_20,outer_fold,14,13,0.0007141643839296219,0.9606828664035628
fpca256_20,outer_fold,14,14,0.0006985086863426357,0.9613813750899054
fpca256_20,outer_fold,14,15,0.0006924995377057139,0.9620738746276111
fpca256_20,outer_fold,14,16,0.0006598515610520439,0.9627337261886632
fpca256_20,outer_fold,14,17,0.0006549874900024607,0.9633887136786656
fpca256_20,outer_fold,14,18,0.0006385204964143576,0.96402723417508
fpca256_20,outer_fold,14,19,0.0006104035072767558,0.9646376376823567
fpca256_20,outer_fold,14,20,0.0005990423311123224,0.965236680013469
fpca256_20,outer_fold,15,1,0.6186105251550695,0.6186105251550695
fpca256_20,outer_fold,15,2,0.27706583744108726,0.8956763625961568
fpca256_20,outer_fold,15,3,0.03401944202373594,0.9296958046198928
fpca256_20,outer_fold,15,4,0.01653170617476336,0.9462275107946562
fpca256_20,outer_fold,15,5,0.004668335899979826,0.950895846694636
fpca256_20,outer_fold,15,6,0.0015986514119782818,0.9524944981066142
fpca256_20,outer_fold,15,7,0.0012478250557924424,0.9537423231624067
fpca256_20,outer_fold,15,8,0.0009909800825935726,0.9547333032450003
fpca256_20,outer_fold,15,9,0.0009499007445180888,0.9556832039895183
fpca256_20,outer_fold,15,10,0.0008497250385984472,0.9565329290281168
fpca256_20,outer_fold,15,11,0.0008105922794462652,0.9573435213075631
fpca256_20,outer_fold,15,12,0.000762963092556118,0.9581064844001191
fpca256_20,outer_fold,15,13,0.0007431827197933247,0.9588496671199125
fpca256_20,outer_fold,15,14,0.0007408699782700548,0.9595905370981825
fpca256_20,outer_fold,15,15,0.000715484378349272,0.9603060214765318
fpca256_20,outer_fold,15,16,0.0006952828994441049,0.9610013043759759
fpca256_20,outer_fold,15,17,0.0006824915769914702,0.9616837959529674
fpca256_20,outer_fold,15,18,0.0006590780783449298,0.9623428740313124
fpca256_20,outer_fold,15,19,0.0006340765662621857,0.9629769505975745
fpca256_20,outer_fold,15,20,0.0006088359167482166,0.9635857865143227
fpca256_20,outer_fold,16,1,0.6385092909866165,0.6385092909866165
fpca256_20,outer_fold,16,2,0.25557640957501554,0.8940857005616321
fpca256_20,outer_fold,16,3,0.0349248063355598,0.9290105068971919
fpca256_20,outer_fold,16,4,0.01597156113646002,0.9449820680336519
fpca256_20,outer_fold,16,5,0.004371520900904629,0.9493535889345566
fpca256_20,outer_fold,16,6,0.0015667733013085701,0.9509203622358652
fpca256_20,outer_fold,16,7,0.0012917911446779348,0.9522121533805431
fpca256_20,outer_fold,16,8,0.0010712233256262495,0.9532833767061694
fpca256_20,outer_fold,16,9,0.0009548780661762577,0.9542382547723456
fpca256_20,outer_fold,16,10,0.0008762998939136746,0.9551145546662593
fpca256_20,outer_fold,16,11,0.0008390050688917885,0.9559535597351511
fpca256_20,outer_fold,16,12,0.0008159327732764426,0.9567694925084275
fpca256_20,outer_fold,16,13,0.0007680811574850853,0.9575375736659125
fpca256_20,outer_fold,16,14,0.0007629527247888606,0.9583005263907014
fpca256_20,outer_fold,16,15,0.0007393205771080934,0.9590398469678095
fpca256_20,outer_fold,16,16,0.0007267990780419662,0.9597666460458515
fpca256_20,outer_fold,16,17,0.0007194108535352444,0.9604860568993867
fpca256_20,outer_fold,16,18,0.00066946601782742,0.9611555229172142
fpca256_20,outer_fold,16,19,0.0006540835222451378,0.9618096064394593
fpca256_20,outer_fold,16,20,0.0006471393835311069,0.9624567458229905
fpca256_20,outer_fold,17,1,0.6323560208709471,0.6323560208709471
fpca256_20,outer_fold,17,2,0.2623908917474769,0.894746912618424
fpca256_20,outer_fold,17,3,0.03486909656875461,0.9296160091871786
fpca256_20,outer_fold,17,4,0.01803337173769687,0.9476493809248754
fpca256_20,outer_fold,17,5,0.004623597713040317,0.9522729786379157
fpca256_20,outer_fold,17,6,0.0017577717308115994,0.9540307503687273
fpca256_20,outer_fold,17,7,0.0012403026390202193,0.9552710530077475
fpca256_20,outer_fold,17,8,0.0010123649291905977,0.956283417936938
fpca256_20,outer_fold,17,9,0.000907959143710582,0.9571913770806486
fpca256_20,outer_fold,17,10,0.0008662963153466465,0.9580576733959952
fpca256_20,outer_fold,17,11,0.0008022758816319808,0.9588599492776272
fpca256_20,outer_fold,17,12,0.0007567708642630054,0.9596167201418901
fpca256_20,outer_fold,17,13,0.0007470124155388924,0.960363732557429
fpca256_20,outer_fold,17,14,0.0007174297631794345,0.9610811623206085
fpca256_20,outer_fold,17,15,0.000714422546647996,0.9617955848672565
fpca256_20,outer_fold,17,16,0.000689781697895259,0.9624853665651517
fpca256_20,outer_fold,17,17,0.0006580700500252749,0.963143436615177
fpca256_20,outer_fold,17,18,0.0006466122971978117,0.9637900489123747
fpca256_20,outer_fold,17,19,0.0006254001184160271,0.9644154490307908
fpca256_20,outer_fold,17,20,0.0006199549756521185,0.9650354040064429
fpca256_20,outer_fold,18,1,0.6142751681005277,0.6142751681005277
fpca256_20,outer_fold,18,2,0.270423184005173,0.8846983521057008
fpca256_20,outer_fold,18,3,0.04016766881145644,0.9248660209171572
fpca256_20,outer_fold,18,4,0.019972938345524507,0.9448389592626817
fpca256_20,outer_fold,18,5,0.004872074972514384,0.9497110342351961
fpca256_20,outer_fold,18,6,0.0016960177423184987,0.9514070519775146
fpca256_20,outer_fold,18,7,0.0012895868629184853,0.9526966388404331
fpca256_20,outer_fold,18,8,0.0009962718249249833,0.9536929106653581
fpca256_20,outer_fold,18,9,0.0009515887666168493,0.9546444994319749
fpca256_20,outer_fold,18,10,0.0008808424992526026,0.9555253419312275
fpca256_20,outer_fold,18,11,0.0008222675037078842,0.9563476094349354
fpca256_20,outer_fold,18,12,0.0008042025081466063,0.957151811943082
fpca256_20,outer_fold,18,13,0.0007818844289085523,0.9579336963719906
fpca256_20,outer_fold,18,14,0.0007601923019485488,0.9586938886739391
fpca256_20,outer_fold,18,15,0.000724199678380638,0.9594180883523198
fpca256_20,outer_fold,18,16,0.0007143612576309699,0.9601324496099508
fpca256_20,outer_fold,18,17,0.0007070680659072252,0.9608395176758581
fpca256_20,outer_fold,18,18,0.0006758364134435487,0.9615153540893017
fpca256_20,outer_fold,18,19,0.0006664448527095792,0.9621817989420113
fpca256_20,outer_fold,18,20,0.0006462373715585652,0.9628280363135698
fpca256_20,outer_fold,19,1,0.6356312441125145,0.6356312441125145
fpca256_20,outer_fold,19,2,0.2573760882261039,0.8930073323386184
fpca256_20,outer_fold,19,3,0.03466006217139839,0.9276673945100168
fpca256_20,outer_fold,19,4,0.018710038949740833,0.9463774334597577
fpca256_20,outer_fold,19,5,0.004269804102869908,0.9506472375626276
fpca256_20,outer_fold,19,6,0.001763440162170607,0.9524106777247981
fpca256_20,outer_fold,19,7,0.0013210197786482887,0.9537316975034464
fpca256_20,outer_fold,19,8,0.0010341746825245485,0.954765872185971
fpca256_20,outer_fold,19,9,0.0009429332217275357,0.9557088054076985
fpca256_20,outer_fold,19,10,0.0009033956250294055,0.9566122010327279
fpca256_20,outer_fold,19,11,0.0008002966409146787,0.9574124976736426
fpca256_20,outer_fold,19,12,0.000796761632893625,0.9582092593065362
fpca256_20,outer_fold,19,13,0.0007459161651492603,0.9589551754716855
fpca256_20,outer_fold,19,14,0.0007418453220252028,0.9596970207937107
fpca256_20,outer_fold,19,15,0.0007111182543116425,0.9604081390480224
fpca256_20,outer_fold,19,16,0.0007104257337438496,0.9611185647817662
fpca256_20,outer_fold,19,17,0.0006946659366704144,0.9618132307184366
fpca256_20,outer_fold,19,18,0.0006709582682408702,0.9624841889866774
fpca256_20,outer_fold,19,19,0.0006519005509614563,0.9631360895376389
fpca256_20,outer_fold,19,20,0.0006479913717394917,0.9637840809093784
fpca256_20,outer_fold,20,1,0.6290732332458625,0.6290732332458625
fpca256_20,outer_fold,20,2,0.26120890742920083,0.8902821406750634
fpca256_20,outer_fold,20,3,0.038440241513928594,0.928722382188992
fpca256_20,outer_fold,20,4,0.018373044254012715,0.9470954264430047
fpca256_20,outer_fold,20,5,0.004194998307703119,0.9512904247507078
fpca256_20,outer_fold,20,6,0.0017531264222851327,0.9530435511729929
fpca256_20,outer_fold,20,7,0.0012316944475827824,0.9542752456205756
fpca256_20,outer_fold,20,8,0.0010263750853444548,0.9553016207059201
fpca256_20,outer_fold,20,9,0.0008978570052501317,0.9561994777111702
fpca256_20,outer_fold,20,10,0.0008778765116922526,0.9570773542228624
fpca256_20,outer_fold,20,11,0.000822999116103176,0.9579003533389656
fpca256_20,outer_fold,20,12,0.0007763130374318339,0.9586766663763975
fpca256_20,outer_fold,20,13,0.0007691176151781935,0.9594457839915757
fpca256_20,outer_fold,20,14,0.0007616325244289116,0.9602074165160046
fpca256_20,outer_fold,20,15,0.0007196185527696102,0.9609270350687742
fpca256_20,outer_fold,20,16,0.0006938163133144934,0.9616208513820886
fpca256_20,outer_fold,20,17,0.0006910638063514817,0.9623119151884402
fpca256_20,outer_fold,20,18,0.0006559941589424056,0.9629679093473825
fpca256_20,outer_fold,20,19,0.0006457398011990204,0.9636136491485815
fpca256_20,outer_fold,20,20,0.0006356665520165928,0.9642493157005981
fpca256_20,outer_fold,21,1,0.57947773911905,0.57947773911905
fpca256_20,outer_fold,21,2,0.3023072277127798,0.8817849668318298
fpca256_20,outer_fold,21,3,0.03640237818882085,0.9181873450206507
fpca256_20,outer_fold,21,4,0.019647903122192095,0.9378352481428428
fpca256_20,outer_fold,21,5,0.005674252507269219,0.9435095006501121
fpca256_20,outer_fold,21,6,0.0018316607479489395,0.945341161398061
fpca256_20,outer_fold,21,7,0.00138634044650745,0.9467275018445684
fpca256_20,outer_fold,21,8,0.0011165187320564258,0.9478440205766249
fpca256_20,outer_fold,21,9,0.0010950115763834285,0.9489390321530083
fpca256_20,outer_fold,21,10,0.0009651253549549224,0.9499041575079633
fpca256_20,outer_fold,21,11,0.0009427468979171693,0.9508469044058805
fpca256_20,outer_fold,21,12,0.0009123877839657274,0.9517592921898462
fpca256_20,outer_fold,21,13,0.0008961038091249762,0.9526553959989712
fpca256_20,outer_fold,21,14,0.0008586529371316747,0.9535140489361029
fpca256_20,outer_fold,21,15,0.0008096106434185354,0.9543236595795215
fpca256_20,outer_fold,21,16,0.0007993853367398009,0.9551230449162613
fpca256_20,outer_fold,21,17,0.0007699167263596991,0.955892961642621
fpca256_20,outer_fold,21,18,0.0007428689283943525,0.9566358305710154
fpca256_20,outer_fold,21,19,0.0007289998607818132,0.9573648304317972
fpca256_20,outer_fold,21,20,0.0007243529923429776,0.9580891834241402
fpca256_20,outer_fold,22,1,0.6321428222751281,0.6321428222751281
fpca256_20,outer_fold,22,2,0.2630338726015453,0.8951766948766734
fpca256_20,outer_fold,22,3,0.034967131389248514,0.930143826265922
fpca256_20,outer_fold,22,4,0.01877823635709084,0.9489220626230128
fpca256_20,outer_fold,22,5,0.004366314276248495,0.9532883768992613
fpca256_20,outer_fold,22,6,0.0016748616075010843,0.9549632385067623
fpca256_20,outer_fold,22,7,0.0012595818179941998,0.9562228203247566
fpca256_20,outer_fold,22,8,0.0009502886713307616,0.9571731089960873
fpca256_20,outer_fold,22,9,0.0008644644063664298,0.9580375734024538
fpca256_20,outer_fold,22,10,0.0008330081856451313,0.9588705815880989
fpca256_20,outer_fold,22,11,0.0007657636538267291,0.9596363452419256
fpca256_20,outer_fold,22,12,0.0007609368337032125,0.9603972820756289
fpca256_20,outer_fold,22,13,0.0007305990575757214,0.9611278811332047
fpca256_20,outer_fold,22,14,0.0007130279831588613,0.9618409091163636
fpca256_20,outer_fold,22,15,0.0006909262993336273,0.9625318354156972
fpca256_20,outer_fold,22,16,0.0006642262349902717,0.9631960616506875
fpca256_20,outer_fold,22,17,0.0006425311612677551,0.9638385928119553
fpca256_20,outer_fold,22,18,0.0006293858232433925,0.9644679786351986
fpca256_20,outer_fold,22,19,0.0006074078909203495,0.965075386526119
fpca256_20,outer_fold,22,20,0.0005864770095730024,0.965661863535692
fpca256_20,outer_fold,23,1,0.6420716369510365,0.6420716369510365
fpca256_20,outer_fold,23,2,0.25505869760736455,0.8971303345584011
fpca256_20,outer_fold,23,3,0.03429859024681625,0.9314289248052173
fpca256_20,outer_fold,23,4,0.015293904056930492,0.9467228288621479
fpca256_20,outer_fold,23,5,0.004158972317956441,0.9508818011801043
fpca256_20,outer_fold,23,6,0.0015668718272449714,0.9524486730073494
fpca256_20,outer_fold,23,7,0.0012539201013336489,0.953702593108683
fpca256_20,outer_fold,23,8,0.0009878603274464878,0.9546904534361295
fpca256_20,outer_fold,23,9,0.000944351447555034,0.9556348048836845
fpca256_20,outer_fold,23,10,0.0008849000194979632,0.9565197049031824
fpca256_20,outer_fold,23,11,0.0007887222121248836,0.9573084271153073
fpca256_20,outer_fold,23,12,0.0007820495488379925,0.9580904766641453
fpca256_20,outer_fold,23,13,0.0007627226709970219,0.9588531993351422
fpca256_20,outer_fold,23,14,0.0007434987849219643,0.9595966981200642
fpca256_20,outer_fold,23,15,0.0007324993639383799,0.9603291974840026
fpca256_20,outer_fold,23,16,0.0007057126885913864,0.961034910172594
fpca256_20,outer_fold,23,17,0.0006792238908932086,0.9617141340634873
fpca256_20,outer_fold,23,18,0.0006585747663190649,0.9623727088298063
fpca256_20,outer_fold,23,19,0.0006376579472320078,0.9630103667770383
fpca256_20,outer_fold,23,20,0.0006307257204153318,0.9636410924974537
fpca256_20,outer_fold,24,1,0.6509115475554766,0.6509115475554766
fpca256_20,outer_fold,24,2,0.2463272794335301,0.8972388269890068
fpca256_20,outer_fold,24,3,0.033715564480423905,0.9309543914694307
fpca256_20,outer_fold,24,4,0.01725036029521707,0.9482047517646478
fpca256_20,outer_fold,24,5,0.004498401221496485,0.9527031529861443
fpca256_20,outer_fold,24,6,0.0016500543591144012,0.9543532073452586
fpca256_20,outer_fold,24,7,0.0012650181166819958,0.9556182254619406
fpca256_20,outer_fold,24,8,0.0010252791184284299,0.9566435045803691
fpca256_20,outer_fold,24,9,0.0008916116502223597,0.9575351162305914
fpca256_20,outer_fold,24,10,0.0008774124024683584,0.9584125286330598
fpca256_20,outer_fold,24,11,0.0007692625593552663,0.9591817911924151
fpca256_20,outer_fold,24,12,0.0007485930899326129,0.9599303842823477
fpca256_20,outer_fold,24,13,0.0007228087896732101,0.9606531930720209
fpca256_20,outer_fold,24,14,0.0007045584607842162,0.9613577515328051
fpca256_20,outer_fold,24,15,0.0006808738861277695,0.9620386254189329
fpca256_20,outer_fold,24,16,0.0006682547417927555,0.9627068801607257
fpca256_20,outer_fold,24,17,0.0006649705513955274,0.9633718507121213
fpca256_20,outer_fold,24,18,0.0006425571970045884,0.9640144079091258
fpca256_20,outer_fold,24,19,0.0006215119466164502,0.9646359198557423
fpca256_20,outer_fold,24,20,0.0006087728813929099,0.9652446927371352
fpca256_20,outer_fold,25,1,0.6040469879767318,0.6040469879767318
fpca256_20,outer_fold,25,2,0.28280753001865405,0.886854517995386
fpca256_20,outer_fold,25,3,0.03677338464002031,0.9236279026354063
fpca256_20,outer_fold,25,4,0.018427467448662378,0.9420553700840687
fpca256_20,outer_fold,25,5,0.004943327981851778,0.9469986980659205
fpca256_20,outer_fold,25,6,0.0017349599468758214,0.9487336580127963
fpca256_20,outer_fold,25,7,0.0012544758387137732,0.94998813385151
fpca256_20,outer_fold,25,8,0.001068174906661044,0.951056308758171
fpca256_20,outer_fold,25,9,0.0010135988477586405,0.9520699076059297
fpca256_20,outer_fold,25,10,0.0008801451857434419,0.9529500527916731
fpca256_20,outer_fold,25,11,0.0008694282095009056,0.953819481001174
fpca256_20,outer_fold,25,12,0.0008267835853057427,0.9546462645864797
fpca256_20,outer_fold,25,13,0.0008189530589229393,0.9554652176454027
fpca256_20,outer_fold,25,14,0.0008024958564380127,0.9562677135018407
fpca256_20,outer_fold,25,15,0.0007798121392499834,0.9570475256410906
fpca256_20,outer_fold,25,16,0.0007432131398695974,0.9577907387809602
fpca256_20,outer_fold,25,17,0.0007301960729178073,0.958520934853878
fpca256_20,outer_fold,25,18,0.0007071417808183957,0.9592280766346964
fpca256_20,outer_fold,25,19,0.0006814522912205078,0.959909528925917
fpca256_20,outer_fold,25,20,0.000672095088553004,0.96058162401447
fpca256_20,outer_fold,26,1,0.6442350985823535,0.6442350985823535
fpca256_20,outer_fold,26,2,0.2512135742258948,0.8954486728082482
fpca256_20,outer_fold,26,3,0.03452793541269954,0.9299766082209477
fpca256_20,outer_fold,26,4,0.01755173285543146,0.9475283410763792
fpca256_20,outer_fold,26,5,0.004563735557196567,0.9520920766335758
fpca256_20,outer_fold,26,6,0.00165725374893268,0.9537493303825084
fpca256_20,outer_fold,26,7,0.0012540636442424458,0.9550033940267508
fpca256_20,outer_fold,26,8,0.0010033561806420282,0.9560067502073929
fpca256_20,outer_fold,26,9,0.0009004344842399565,0.9569071846916328
fpca256_20,outer_fold,26,10,0.0008624855090301059,0.957769670200663
fpca256_20,outer_fold,26,11,0.0007811071132055108,0.9585507773138685
fpca256_20,outer_fold,26,12,0.0007568088395359838,0.9593075861534045
fpca256_20,outer_fold,26,13,0.0007445763082061202,0.9600521624616106
fpca256_20,outer_fold,26,14,0.0007183224377842283,0.9607704848993949
fpca256_20,outer_fold,26,15,0.0007005729933259373,0.9614710578927208
fpca256_20,outer_fold,26,16,0.0006881757327210351,0.9621592336254419
fpca256_20,outer_fold,26,17,0.0006554638949690474,0.9628146975204109
fpca256_20,outer_fold,26,18,0.0006511993895074052,0.9634658969099184
fpca256_20,outer_fold,26,19,0.0006146800566591621,0.9640805769665776
fpca256_20,outer_fold,26,20,0.0006020732303808313,0.9646826501969584
fpca256_20,outer_fold,27,1,0.6222560665252355,0.6222560665252355
fpca256_20,outer_fold,27,2,0.2597378922316685,0.8819939587569039
fpca256_20,outer_fold,27,3,0.04223133770748874,0.9242252964643927
fpca256_20,outer_fold,27,4,0.019289536227334102,0.9435148326917268
fpca256_20,outer_fold,27,5,0.0047605372711772365,0.948275369962904
fpca256_20,outer_fold,27,6,0.0017388674623029705,0.950014237425207
fpca256_20,outer_fold,27,7,0.0013905152391456533,0.9514047526643526
fpca256_20,outer_fold,27,8,0.0010999340231198375,0.9525046866874725
fpca256_20,outer_fold,27,9,0.0009911958626055394,0.953495882550078
fpca256_20,outer_fold,27,10,0.0009313439537887447,0.9544272265038668
fpca256_20,outer_fold,27,11,0.0008329937984138426,0.9552602203022806
fpca256_20,outer_fold,27,12,0.0008150886061969509,0.9560753089084776
fpca256_20,outer_fold,27,13,0.0007883149121060615,0.9568636238205837
fpca256_20,outer_fold,27,14,0.000777275651359468,0.9576408994719431
fpca256_20,outer_fold,27,15,0.0007656047563135495,0.9584065042282567
fpca256_20,outer_fold,27,16,0.0007512615728117447,0.9591577658010684
fpca256_20,outer_fold,27,17,0.0007219186346663306,0.9598796844357347
fpca256_20,outer_fold,27,18,0.0007110712265078052,0.9605907556622425
fpca256_20,outer_fold,27,19,0.0006922938503937612,0.9612830495126362
fpca256_20,outer_fold,27,20,0.0006906675508541543,0.9619737170634903
fpca256_20,outer_fold,28,1,0.6365096336447504,0.6365096336447504
fpca256_20,outer_fold,28,2,0.26206415515274223,0.8985737887974927
fpca256_20,outer_fold,28,3,0.03242298431896723,0.9309967731164599
fpca256_20,outer_fold,28,4,0.01672109181531098,0.9477178649317709
fpca256_20,outer_fold,28,5,0.0043477775514478775,0.9520656424832188
fpca256_20,outer_fold,28,6,0.001584960761112595,0.9536506032443314
fpca256_20,outer_fold,28,7,0.0011866589852651715,0.9548372622295965
fpca256_20,outer_fold,28,8,0.0009452222487641837,0.9557824844783607
fpca256_20,outer_fold,28,9,0.00088637721221182,0.9566688616905725
fpca256_20,outer_fold,28,10,0.0008471670060554604,0.957516028696628
fpca256_20,outer_fold,28,11,0.0007937501462704751,0.9583097788428985
fpca256_20,outer_fold,28,12,0.000771625879756234,0.9590814047226547
fpca256_20,outer_fold,28,13,0.0007458859622042979,0.959827290684859
fpca256_20,outer_fold,28,14,0.0007227457461073833,0.9605500364309664
fpca256_20,outer_fold,28,15,0.000697677238806556,0.9612477136697729
fpca256_20,outer_fold,28,16,0.000689797941176036,0.961937511610949
fpca256_20,outer_fold,28,17,0.0006773299912778835,0.9626148416022269
fpca256_20,outer_fold,28,18,0.0006533415535362582,0.9632681831557631
fpca256_20,outer_fold,28,19,0.0006370363066065252,0.9639052194623696
fpca256_20,outer_fold,28,20,0.0006108935223373465,0.964516112984707
fpca256_20,outer_fold,29,1,0.6268643884218884,0.6268643884218884
fpca256_20,outer_fold,29,2,0.271082546657226,0.8979469350791144
fpca256_20,outer_fold,29,3,0.0333384658573542,0.9312854009364686
fpca256_20,outer_fold,29,4,0.017124995470594064,0.9484103964070627
fpca256_20,outer_fold,29,5,0.004283207814580101,0.9526936042216428
fpca256_20,outer_fold,29,6,0.0016237460107604682,0.9543173502324033
fpca256_20,outer_fold,29,7,0.0012735280112947031,0.9555908782436979
fpca256_20,outer_fold,29,8,0.0010275003918618934,0.9566183786355599
fpca256_20,outer_fold,29,9,0.0009013687883252204,0.9575197474238851
fpca256_20,outer_fold,29,10,0.0008489948221260664,0.9583687422460112
fpca256_20,outer_fold,29,11,0.0007934300853734896,0.9591621723313847
fpca256_20,outer_fold,29,12,0.0007634201474645848,0.9599255924788492
fpca256_20,outer_fold,29,13,0.0007514733968455957,0.9606770658756948
fpca256_20,outer_fold,29,14,0.0007417186970944214,0.9614187845727892
fpca256_20,outer_fold,29,15,0.0006863432316817403,0.9621051278044709
fpca256_20,outer_fold,29,16,0.0006643088728322413,0.9627694366773031
fpca256_20,outer_fold,29,17,0.0006570718337734075,0.9634265085110765
fpca256_20,outer_fold,29,18,0.0006425129934521956,0.9640690215045287
fpca256_20,outer_fold,29,19,0.0006241257644991889,0.9646931472690279
fpca256_20,outer_fold,29,20,0.0006080539042883499,0.9653012011733162
fpca256_20,outer_fold,30,1,0.6263637738873737,0.6263637738873737
fpca256_20,outer_fold,30,2,0.26289996820231487,0.8892637420896886
fpca256_20,outer_fold,30,3,0.03617878271418517,0.9254425248038738
fpca256_20,outer_fold,30,4,0.019921820898649346,0.9453643457025231
fpca256_20,outer_fold,30,5,0.004610064914124937,0.9499744106166481
fpca256_20,outer_fold,30,6,0.0018384021598210917,0.9518128127764692
fpca256_20,outer_fold,30,7,0.0012670199086285488,0.9530798326850978
fpca256_20,outer_fold,30,8,0.001087062394869635,0.9541668950799674
fpca256_20,outer_fold,30,9,0.0009687494962809576,0.9551356445762484
fpca256_20,outer_fold,30,10,0.000898038169845608,0.956033682746094
fpca256_20,outer_fold,30,11,0.0008013590041774108,0.9568350417502715
fpca256_20,outer_fold,30,12,0.0007820929982798966,0.9576171347485514
fpca256_20,outer_fold,30,13,0.0007579344449042641,0.9583750691934556
fpca256_20,outer_fold,30,14,0.0007529237417739753,0.9591279929352295
fpca256_20,outer_fold,30,15,0.000728295997020218,0.9598562889322497
fpca256_20,outer_fold,30,16,0.0007170282705715542,0.9605733172028212
fpca256_20,outer_fold,30,17,0.0006879002359848323,0.9612612174388061
fpca256_20,outer_fold,30,18,0.0006744711810205467,0.9619356886198267
fpca256_20,outer_fold,30,19,0.0006593222224410507,0.9625950108422677
fpca256_20,outer_fold,30,20,0.0006508188574756057,0.9632458296997434
fpca256_20,outer_fold,31,1,0.6271313800164047,0.6271313800164047
fpca256_20,outer_fold,31,2,0.2666356961288274,0.8937670761452321
fpca256_20,outer_fold,31,3,0.036126350484880915,0.929893426630113
fpca256_20,outer_fold,31,4,0.016722323374836007,0.946615750004949
fpca256_20,outer_fold,31,5,0.004444611984486089,0.9510603619894351
fpca256_20,outer_fold,31,6,0.0016497297765498075,0.9527100917659849
fpca256_20,outer_fold,31,7,0.001215202210015084,0.9539252939759999
fpca256_20,outer_fold,31,8,0.000933858802876931,0.9548591527788768
fpca256_20,outer_fold,31,9,0.0009210861292961283,0.9557802389081729
fpca256_20,outer_fold,31,10,0.0008692583436954783,0.9566494972518683
fpca256_20,outer_fold,31,11,0.0008142088017379132,0.9574637060536062
fpca256_20,outer_fold,31,12,0.0007740092937074723,0.9582377153473137
fpca256_20,outer_fold,31,13,0.0007527638601130508,0.9589904792074267
fpca256_20,outer_fold,31,14,0.0007234419496944649,0.9597139211571212
fpca256_20,outer_fold,31,15,0.0007181504516859168,0.9604320716088071
fpca256_20,outer_fold,31,16,0.0006962311896099436,0.961128302798417
fpca256_20,outer_fold,31,17,0.0006652780676659993,0.961793580866083
fpca256_20,outer_fold,31,18,0.0006550719548821376,0.9624486528209651
fpca256_20,outer_fold,31,19,0.0006387941622406473,0.9630874469832058
fpca256_20,outer_fold,31,20,0.000625562874109299,0.9637130098573151
fpca256_20,outer_fold,32,1,0.5972761255405402,0.5972761255405402
fpca256_20,outer_fold,32,2,0.289548396678384,0.8868245222189242
fpca256_20,outer_fold,32,3,0.03615374179021436,0.9229782640091385
fpca256_20,outer_fold,32,4,0.01896056781434565,0.9419388318234841
fpca256_20,outer_fold,32,5,0.005012118947568054,0.9469509507710522
fpca256_20,outer_fold,32,6,0.001811317561344757,0.948762268332397
fpca256_20,outer_fold,32,7,0.0012915293495094305,0.9500537976819063
fpca256_20,outer_fold,32,8,0.0011219110098554521,0.9511757086917618
fpca256_20,outer_fold,32,9,0.0009750062644494315,0.9521507149562113
fpca256_20,outer_fold,32,10,0.0009087895385479969,0.9530595044947593
fpca256_20,outer_fold,32,11,0.0008704680849247379,0.953929972579684
fpca256_20,outer_fold,32,12,0.0008431440246883575,0.9547731166043724
fpca256_20,outer_fold,32,13,0.0008097435847852445,0.9555828601891576
fpca256_20,outer_fold,32,14,0.0007983295482807468,0.9563811897374384
fpca256_20,outer_fold,32,15,0.0007707987243719251,0.9571519884618103
fpca256_20,outer_fold,32,16,0.0007564102751948808,0.9579083987370052
fpca256_20,outer_fold,32,17,0.0007313555329942727,0.9586397542699995
fpca256_20,outer_fold,32,18,0.0007167238013375696,0.9593564780713371
fpca256_20,outer_fold,32,19,0.0007032745481993855,0.9600597526195365
fpca256_20,outer_fold,32,20,0.0006841009174147746,0.9607438535369512
fpca256_20,outer_fold,33,1,0.6215028618979435,0.6215028618979435
fpca256_20,outer_fold,33,2,0.27406594756217906,0.8955688094601225
fpca256_20,outer_fold,33,3,0.035351534161957486,0.93092034362208
fpca256_20,outer_fold,33,4,0.017549314902997406,0.9484696585250774
fpca256_20,outer_fold,33,5,0.0043739033726920675,0.9528435618977694
fpca256_20,outer_fold,33,6,0.001633635630120954,0.9544771975278904
fpca256_20,outer_fold,33,7,0.0012792968161580377,0.9557564943440484
fpca256_20,outer_fold,33,8,0.000978645557290554,0.956735139901339
fpca256_20,outer_fold,33,9,0.0008716450177128799,0.9576067849190518
fpca256_20,outer_fold,33,10,0.0008319683175930864,0.958438753236645
fpca256_20,outer_fold,33,11,0.0007790340416662233,0.9592177872783112
fpca256_20,outer_fold,33,12,0.0007555348488680394,0.9599733221271792
fpca256_20,outer_fold,33,13,0.0007324789508774951,0.9607058010780567
fpca256_20,outer_fold,33,14,0.0007064162620513549,0.9614122173401081
fpca256_20,outer_fold,33,15,0.0006998071460198004,0.9621120244861279
fpca256_20,outer_fold,33,16,0.00068511235147326,0.9627971368376012
fpca256_20,outer_fold,33,17,0.0006753109384306431,0.9634724477760318
fpca256_20,outer_fold,33,18,0.0006513860730768694,0.9641238338491087
fpca256_20,outer_fold,33,19,0.0006310947883795406,0.9647549286374882
fpca256_20,outer_fold,33,20,0.0006078493314985309,0.9653627779689867
fpca256_20,outer_fold,34,1,0.6607383838426787,0.6607383838426787
fpca256_20,outer_fold,34,2,0.2360620501899331,0.8968004340326118
fpca256_20,outer_fold,34,3,0.034073364354189214,0.930873798386801
fpca256_20,outer_fold,34,4,0.016598419516554046,0.947472217903355
fpca256_20,outer_fold,34,5,0.0043825184539902475,0.9518547363573453
fpca256_20,outer_fold,34,6,0.0014679196571364447,0.9533226560144817
fpca256_20,outer_fold,34,7,0.001237512284159515,0.9545601682986412
fpca256_20,outer_fold,34,8,0.0009889260458021737,0.9555490943444434
fpca256_20,outer_fold,34,9,0.0009115214445081262,0.9564606157889515
fpca256_20,outer_fold,34,10,0.0008852708995405563,0.9573458866884921
fpca256_20,outer_fold,34,11,0.0008110788612528957,0.9581569655497449
fpca256_20,outer_fold,34,12,0.0007722630593265878,0.9589292286090715
fpca256_20,outer_fold,34,13,0.000748603573145939,0.9596778321822175
fpca256_20,outer_fold,34,14,0.0007425009179228493,0.9604203331001403
fpca256_20,outer_fold,34,15,0.0007140580501883751,0.9611343911503287
fpca256_20,outer_fold,34,16,0.0006947693136539032,0.9618291604639826
fpca256_20,outer_fold,34,17,0.0006802815046796245,0.9625094419686622
fpca256_20,outer_fold,34,18,0.0006556679961395776,0.9631651099648018
fpca256_20,outer_fold,34,19,0.0006464227512112381,0.9638115327160129
fpca256_20,outer_fold,34,20,0.0006313858959940717,0.964442918612007
fpca256_20,outer_fold,35,1,0.6054220716987311,0.6054220716987311
fpca256_20,outer_fold,35,2,0.28555539283091613,0.8909774645296472
fpca256_20,outer_fold,35,3,0.036499616885366265,0.9274770814150135
fpca256_20,outer_fold,35,4,0.018921832441636335,0.9463989138566499
fpca256_20,outer_fold,35,5,0.004547586556730554,0.9509465004133805
fpca256_20,outer_fold,35,6,0.0017949071492049447,0.9527414075625854
fpca256_20,outer_fold,35,7,0.0012984435063928283,0.9540398510689783
fpca256_20,outer_fold,35,8,0.0010221586765113717,0.9550620097454896
fpca256_20,outer_fold,35,9,0.0008933393251506218,0.9559553490706403
fpca256_20,outer_fold,35,10,0.0008691237181082078,0.9568244727887485
fpca256_20,outer_fold,35,11,0.0008347334214747014,0.9576592062102232
fpca256_20,outer_fold,35,12,0.0007811587711113153,0.9584403649813344
fpca256_20,outer_fold,35,13,0.0007720242595587221,0.9592123892408931
fpca256_20,outer_fold,35,14,0.0007391640331217352,0.9599515532740148
fpca256_20,outer_fold,35,15,0.0007321207650193413,0.9606836740390342
fpca256_20,outer_fold,35,16,0.0007077504483828449,0.9613914244874171
fpca256_20,outer_fold,35,17,0.0007058138582144647,0.9620972383456315
fpca256_20,outer_fold,35,18,0.000676483591187382,0.9627737219368189
fpca256_20,outer_fold,35,19,0.0006493108509093235,0.9634230327877282
fpca256_20,outer_fold,35,20,0.000639304222965935,0.9640623370106942
fpca256_20,outer_fold,36,1,0.6456364754729175,0.6456364754729175
fpca256_20,outer_fold,36,2,0.2530844131758745,0.898720888648792
fpca256_20,outer_fold,36,3,0.033597782665497185,0.9323186713142891
fpca256_20,outer_fold,36,4,0.017089462200245382,0.9494081335145346
fpca256_20,outer_fold,36,5,0.004355735102588078,0.9537638686171227
fpca256_20,outer_fold,36,6,0.0016796411007828842,0.9554435097179056
fpca256_20,outer_fold,36,7,0.001249634124249977,0.9566931438421555
fpca256_20,outer_fold,36,8,0.0009236886700221364,0.9576168325121777
fpca256_20,outer_fold,36,9,0.0008659224644454621,0.9584827549766232
fpca256_20,outer_fold,36,10,0.0008176500597389852,0.9593004050363622
fpca256_20,outer_fold,36,11,0.0007448793962992286,0.9600452844326613
fpca256_20,outer_fold,36,12,0.0007378751938981773,0.9607831596265596
fpca256_20,outer_fold,36,13,0.0007016485953246913,0.9614848082218843
fpca256_20,outer_fold,36,14,0.0006981829020525699,0.9621829911239369
fpca256_20,outer_fold,36,15,0.000686324676504127,0.962869315800441
fpca256_20,outer_fold,36,16,0.0006533099526141694,0.9635226257530551
fpca256_20,outer_fold,36,17,0.0006312995984293723,0.9641539253514845
fpca256_20,outer_fold,36,18,0.0006254780608525772,0.964779403412337
fpca256_20,outer_fold,36,19,0.0006141016632899444,0.9653935050756269
fpca256_20,outer_fold,36,20,0.000602245663462974,0.9659957507390899
fpca256_20,outer_fold,37,1,0.608377414000323,0.608377414000323
fpca256_20,outer_fold,37,2,0.28214155006396147,0.8905189640642844
fpca256_20,outer_fold,37,3,0.036505716921917855,0.9270246809862023
fpca256_20,outer_fold,37,4,0.01815310843930744,0.9451777894255097
fpca256_20,outer_fold,37,5,0.004595092091823336,0.949772881517333
fpca256_20,outer_fold,37,6,0.001596969840790828,0.9513698513581238
fpca256_20,outer_fold,37,7,0.0013361554543519954,0.9527060068124757
fpca256_20,outer_fold,37,8,0.0010326392706421978,0.953738646083118
fpca256_20,outer_fold,37,9,0.0009810293134449317,0.9547196753965629
fpca256_20,outer_fold,37,10,0.0008810049056495786,0.9556006803022125
fpca256_20,outer_fold,37,11,0.0008250909519364638,0.956425771254149
fpca256_20,outer_fold,37,12,0.000791633158124835,0.9572174044122738
fpca256_20,outer_fold,37,13,0.0007734809855798646,0.9579908853978536
fpca256_20,outer_fold,37,14,0.0007556404098239073,0.9587465258076775
fpca256_20,outer_fold,37,15,0.0007385894002499796,0.9594851152079275
fpca256_20,outer_fold,37,16,0.0007225499226009238,0.9602076651305284
fpca256_20,outer_fold,37,17,0.0007037996342485815,0.960911464764777
fpca256_20,outer_fold,37,18,0.0006958354365533387,0.9616073002013303
fpca256_20,outer_fold,37,19,0.0006437878830793394,0.9622510880844097
fpca256_20,outer_fold,37,20,0.0006402930627963126,0.9628913811472061
fpca256_20,outer_fold,38,1,0.6282651286788609,0.6282651286788609
fpca256_20,outer_fold,38,2,0.26059165084507063,0.8888567795239315
fpca256_20,outer_fold,38,3,0.03576161581868035,0.9246183953426118
fpca256_20,outer_fold,38,4,0.018800221481173447,0.9434186168237852
fpca256_20,outer_fold,38,5,0.004855745769491745,0.948274362593277
fpca256_20,outer_fold,38,6,0.0017911359414312126,0.9500654985347082
fpca256_20,outer_fold,38,7,0.0011897218008126824,0.9512552203355209
fpca256_20,outer_fold,38,8,0.0010660494871615309,0.9523212698226824
fpca256_20,outer_fold,38,9,0.000957099483205852,0.9532783693058883
fpca256_20,outer_fold,38,10,0.0008813364134865435,0.9541597057193748
fpca256_20,outer_fold,38,11,0.0008616082011728285,0.9550213139205477
fpca256_20,outer_fold,38,12,0.0008286418316877838,0.9558499557522354
fpca256_20,outer_fold,38,13,0.0008093136424658295,0.9566592693947013
fpca256_20,outer_fold,38,14,0.00077968623334807,0.9574389556280494
fpca256_20,outer_fold,38,15,0.0007487259291661099,0.9581876815572155
fpca256_20,outer_fold,38,16,0.0007246598106656999,0.9589123413678812
fpca256_20,outer_fold,38,17,0.0006923677381715114,0.9596047091060527
fpca256_20,outer_fold,38,18,0.0006765672858454605,0.9602812763918981
fpca256_20,outer_fold,38,19,0.000666881004229852,0.9609481573961279
fpca256_20,outer_fold,38,20,0.0006639179558592595,0.9616120753519872
fpca256_20,outer_fold,39,1,0.6491853792290155,0.6491853792290155
fpca256_20,outer_fold,39,2,0.243968202849098,0.8931535820781136
fpca256_20,outer_fold,39,3,0.03560921143631181,0.9287627935144254
fpca256_20,outer_fold,39,4,0.016984848822677173,0.9457476423371025
fpca256_20,outer_fold,39,5,0.00436050116172988,0.9501081434988324
fpca256_20,outer_fold,39,6,0.001534950663044767,0.9516430941618772
fpca256_20,outer_fold,39,7,0.0012682613278025012,0.9529113554896798
fpca256_20,outer_fold,39,8,0.0010613060334406115,0.9539726615231203
fpca256_20,outer_fold,39,9,0.0009543350923832252,0.9549269966155035
fpca256_20,outer_fold,39,10,0.0009220185604700757,0.9558490151759735
fpca256_20,outer_fold,39,11,0.0008270615617970177,0.9566760767377706
fpca256_20,outer_fold,39,12,0.0008063172578846326,0.9574823939956552
fpca256_20,outer_fold,39,13,0.0007618845300356276,0.9582442785256908
fpca256_20,outer_fold,39,14,0.0007474761093043346,0.9589917546349952
fpca256_20,outer_fold,39,15,0.0007408722625720863,0.9597326268975673
fpca256_20,outer_fold,39,16,0.000722124260050728,0.960454751157618
fpca256_20,outer_fold,39,17,0.0006951827285203822,0.9611499338861385
fpca256_20,outer_fold,39,18,0.0006707168586662719,0.9618206507448047
fpca256_20,outer_fold,39,19,0.0006580643640559522,0.9624787151088606
fpca256_20,outer_fold,39,20,0.0006400583624616778,0.9631187734713224
fpca256_20,outer_fold,40,1,0.6450880069585276,0.6450880069585276
fpca256_20,outer_fold,40,2,0.24792882826593443,0.8930168352244621
fpca256_20,outer_fold,40,3,0.03549488494536588,0.928511720169828
fpca256_20,outer_fold,40,4,0.0177178454911494,0.9462295656609774
fpca256_20,outer_fold,40,5,0.004313301572744981,0.9505428672337224
fpca256_20,outer_fold,40,6,0.001634819949973997,0.9521776871836963
fpca256_20,outer_fold,40,7,0.0013228957321182698,0.9535005829158146
fpca256_20,outer_fold,40,8,0.0010269330390849886,0.9545275159548996
fpca256_20,outer_fold,40,9,0.0009397645059338818,0.9554672804608335
fpca256_20,outer_fold,40,10,0.0008784517156362572,0.9563457321764698
fpca256_20,outer_fold,40,11,0.0008255257220163445,0.9571712578984861
fpca256_20,outer_fold,40,12,0.0007785123113500022,0.9579497702098361
fpca256_20,outer_fold,40,13,0.0007758931832792768,0.9587256633931154
fpca256_20,outer_fold,40,14,0.0007590748521741289,0.9594847382452895
fpca256_20,outer_fold,40,15,0.0007382409452924731,0.960222979190582
fpca256_20,outer_fold,40,16,0.0007093108062087288,0.9609322899967907
fpca256_20,outer_fold,40,17,0.0006722071224555573,0.9616044971192462
fpca256_20,outer_fold,40,18,0.0006573394828249003,0.9622618366020711
fpca256_20,outer_fold,40,19,0.0006388559778998965,0.962900692579971
fpca256_20,outer_fold,40,20,0.0006220245092833457,0.9635227170892544
fpca256_20,outer_fold,41,1,0.629833973665995,0.629833973665995
fpca256_20,outer_fold,41,2,0.2549428422633983,0.8847768159293934
fpca256_20,outer_fold,41,3,0.038245751133502426,0.9230225670628958
fpca256_20,outer_fold,41,4,0.020005525209530133,0.9430280922724259
fpca256_20,outer_fold,41,5,0.004775457924878461,0.9478035501973043
fpca256_20,outer_fold,41,6,0.0017774538988174365,0.9495810040961218
fpca256_20,outer_fold,41,7,0.00136085196397111,0.9509418560600928
fpca256_20,outer_fold,41,8,0.0011101801995368858,0.9520520362596298
fpca256_20,outer_fold,41,9,0.0010057494659243321,0.9530577857255541
fpca256_20,outer_fold,41,10,0.0009296970087618292,0.9539874827343159
fpca256_20,outer_fold,41,11,0.0008720444255400406,0.9548595271598559
fpca256_20,outer_fold,41,12,0.0008292025539893249,0.9556887297138452
fpca256_20,outer_fold,41,13,0.0007998648467849226,0.9564885945606302
fpca256_20,outer_fold,41,14,0.0007818131632367887,0.957270407723867
fpca256_20,outer_fold,41,15,0.0007714241998065993,0.9580418319236735
fpca256_20,outer_fold,41,16,0.0007422914414994421,0.9587841233651729
fpca256_20,outer_fold,41,17,0.0007308535097863665,0.9595149768749593
fpca256_20,outer_fold,41,18,0.0007220498906294342,0.9602370267655888
fpca256_20,outer_fold,41,19,0.0007101486257042435,0.960947175391293
fpca256_20,outer_fold,41,20,0.0006696769835483239,0.9616168523748414
fpca256_20,outer_fold,42,1,0.6400978746287354,0.6400978746287354
fpca256_20,outer_fold,42,2,0.2593755727893622,0.8994734474180975
fpca256_20,outer_fold,42,3,0.03319240305512388,0.9326658504732214
fpca256_20,outer_fold,42,4,0.015170471053433313,0.9478363215266546
fpca256_20,outer_fold,42,5,0.004429586669459706,0.9522659081961143
fpca256_20,outer_fold,42,6,0.001472348296611735,0.953738256492726
fpca256_20,outer_fold,42,7,0.0012129833016032256,0.9549512397943293
fpca256_20,outer_fold,42,8,0.0009902816417785168,0.9559415214361078
fpca256_20,outer_fold,42,9,0.0009075671285544239,0.9568490885646622
fpca256_20,outer_fold,42,10,0.000864077133356457,0.9577131656980187
fpca256_20,outer_fold,42,11,0.0007865932742942231,0.9584997589723129
fpca256_20,outer_fold,42,12,0.0007703836362828462,0.9592701426085958
fpca256_20,outer_fold,42,13,0.0007426020058345634,0.9600127446144303
fpca256_20,outer_fold,42,14,0.0007365001043267192,0.960749244718757
fpca256_20,outer_fold,42,15,0.0006883358885613925,0.9614375806073184
fpca256_20,outer_fold,42,16,0.0006787876381347171,0.9621163682454531
fpca256_20,outer_fold,42,17,0.0006691140852800195,0.9627854823307331
fpca256_20,outer_fold,42,18,0.0006381747597861234,0.9634236570905192
fpca256_20,outer_fold,42,19,0.0006348233462188003,0.964058480436738
fpca256_20,outer_fold,42,20,0.0006295946673752241,0.9646880751041133
fpca256_20,outer_fold,43,1,0.6051345932697232,0.6051345932697232
fpca256_20,outer_fold,43,2,0.2860656196361237,0.891200212905847
fpca256_20,outer_fold,43,3,0.03465313985162199,0.9258533527574689
fpca256_20,outer_fold,43,4,0.018674150736696343,0.9445275034941653
fpca256_20,outer_fold,43,5,0.004511214950863821,0.9490387184450291
fpca256_20,outer_fold,43,6,0.0017151876051038947,0.950753906050133
fpca256_20,outer_fold,43,7,0.0012135256005331625,0.9519674316506661
fpca256_20,outer_fold,43,8,0.0010520902519754263,0.9530195219026415
fpca256_20,outer_fold,43,9,0.0009438969861249544,0.9539634188887665
fpca256_20,outer_fold,43,10,0.0008672122589072343,0.9548306311476736
fpca256_20,outer_fold,43,11,0.0008529046641141378,0.9556835358117878
fpca256_20,outer_fold,43,12,0.0008014831094209077,0.9564850189212086
fpca256_20,outer_fold,43,13,0.000780752326810837,0.9572657712480195
fpca256_20,outer_fold,43,14,0.000766398396996658,0.9580321696450161
fpca256_20,outer_fold,43,15,0.0007553593269586559,0.9587875289719748
fpca256_20,outer_fold,43,16,0.0007429808911846157,0.9595305098631595
fpca256_20,outer_fold,43,17,0.0007151790276298413,0.9602456888907893
fpca256_20,outer_fold,43,18,0.0006945977105615514,0.9609402866013509
fpca256_20,outer_fold,43,19,0.0006727692879219155,0.9616130558892728
fpca256_20,outer_fold,43,20,0.0006576955699559388,0.9622707514592288
fpca256_20,outer_fold,44,1,0.6170027063347431,0.6170027063347431
fpca256_20,outer_fold,44,2,0.27744242692364385,0.8944451332583869
fpca256_20,outer_fold,44,3,0.03572485020869155,0.9301699834670785
fpca256_20,outer_fold,44,4,0.018331836762597368,0.9485018202296759
fpca256_20,outer_fold,44,5,0.0046372714942275696,0.9531390917239034
fpca256_20,outer_fold,44,6,0.0018112305893922057,0.9549503223132957
fpca256_20,outer_fold,44,7,0.0012375784881310567,0.9561879008014268
fpca256_20,outer_fold,44,8,0.0009396347093263202,0.9571275355107531
fpca256_20,outer_fold,44,9,0.0009063679735037296,0.9580339034842569
fpca256_20,outer_fold,44,10,0.0008197549780703269,0.9588536584623272
fpca256_20,outer_fold,44,11,0.0007526563695604509,0.9596063148318876
fpca256_20,outer_fold,44,12,0.0007380721235797142,0.9603443869554673
fpca256_20,outer_fold,44,13,0.0007157037165815309,0.9610600906720489
fpca256_20,outer_fold,44,14,0.0007142468892604824,0.9617743375613094
fpca256_20,outer_fold,44,15,0.0007016151670075183,0.9624759527283169
fpca256_20,outer_fold,44,16,0.0006737003133858424,0.9631496530417027
fpca256_20,outer_fold,44,17,0.0006545939351769238,0.9638042469768797
fpca256_20,outer_fold,44,18,0.0006465045453552794,0.964450751522235
fpca256_20,outer_fold,44,19,0.0006360288463158474,0.9650867803685509
fpca256_20,outer_fold,44,20,0.0006130446397394548,0.9656998250082903
fpca256_20,outer_fold,45,1,0.6404332434201176,0.6404332434201176
fpca256_20,outer_fold,45,2,0.25249541040772544,0.8929286538278431
fpca256_20,outer_fold,45,3,0.0345359583476428,0.9274646121754859
fpca256_20,outer_fold,45,4,0.017780894558361644,0.9452455067338476
fpca256_20,outer_fold,45,5,0.0043995139915862635,0.9496450207254338
fpca256_20,outer_fold,45,6,0.0017078609594963652,0.9513528816849302
fpca256_20,outer_fold,45,7,0.0012911159495583354,0.9526439976344885
fpca256_20,outer_fold,45,8,0.0010337938007548638,0.9536777914352433
fpca256_20,outer_fold,45,9,0.0009423092317245586,0.9546201006669679
fpca256_20,outer_fold,45,10,0.0008945613060819639,0.9555146619730499
fpca256_20,outer_fold,45,11,0.0008004371243524504,0.9563150990974023
fpca256_20,outer_fold,45,12,0.000776321068693733,0.957091420166096
fpca256_20,outer_fold,45,13,0.0007717959895394592,0.9578632161556355
fpca256_20,outer_fold,45,14,0.0007565038837186025,0.9586197200393541
fpca256_20,outer_fold,45,15,0.0007458321984162,0.9593655522377703
fpca256_20,outer_fold,45,16,0.0007239059118788747,0.9600894581496492
fpca256_20,outer_fold,45,17,0.0006891398993887065,0.9607785980490379
fpca256_20,outer_fold,45,18,0.0006757638476225943,0.9614543618966604
fpca256_20,outer_fold,45,19,0.0006531934135076045,0.962107555310168
fpca256_20,outer_fold,45,20,0.0006421990221337997,0.9627497543323018
fpca256_20,outer_fold,46,1,0.6457263338908409,0.6457263338908409
fpca256_20,outer_fold,46,2,0.24665934508031412,0.8923856789711551
fpca256_20,outer_fold,46,3,0.03649939409284558,0.9288850730640006
fpca256_20,outer_fold,46,4,0.018111111626210468,0.9469961846902111
fpca256_20,outer_fold,46,5,0.004479946406664898,0.951476131096876
fpca256_20,outer_fold,46,6,0.0016546067064429455,0.9531307378033189
fpca256_20,outer_fold,46,7,0.0013041278388581004,0.954434865642177
fpca256_20,outer_fold,46,8,0.001019781124010054,0.9554546467661871
fpca256_20,outer_fold,46,9,0.0009032759006194593,0.9563579226668065
fpca256_20,outer_fold,46,10,0.0008793009934491148,0.9572372236602557
fpca256_20,outer_fold,46,11,0.0007973578108625732,0.9580345814711182
fpca256_20,outer_fold,46,12,0.0007561206735886448,0.9587907021447069
fpca256_20,outer_fold,46,13,0.0007437230054425395,0.9595344251501494
fpca256_20,outer_fold,46,14,0.0007347905030244237,0.9602692156531738
fpca256_20,outer_fold,46,15,0.0007136904910494466,0.9609829061442232
fpca256_20,outer_fold,46,16,0.0006894193432176508,0.9616723254874409
fpca256_20,outer_fold,46,17,0.0006629190388437311,0.9623352445262846
fpca256_20,outer_fold,46,18,0.0006572879315418707,0.9629925324578265
fpca256_20,outer_fold,46,19,0.0006479697805426168,0.9636405022383691
fpca256_20,outer_fold,46,20,0.0006158640582626103,0.9642563662966317
fpca256_20,outer_fold,47,1,0.6318205800034331,0.6318205800034331
fpca256_20,outer_fold,47,2,0.26477082210082115,0.8965914021042543
fpca256_20,outer_fold,47,3,0.03258718720735603,0.9291785893116102
fpca256_20,outer_fold,47,4,0.016536868355328915,0.9457154576669391
fpca256_20,outer_fold,47,5,0.004639437244949692,0.9503548949118887
fpca256_20,outer_fold,47,6,0.0015472517234497369,0.9519021466353385
fpca256_20,outer_fold,47,7,0.0012131017872439886,0.9531152484225824
fpca256_20,outer_fold,47,8,0.0010451617130349893,0.9541604101356175
fpca256_20,outer_fold,47,9,0.0009652271354827626,0.9551256372711002
fpca256_20,outer_fold,47,10,0.000912659364434161,0.9560382966355344
fpca256_20,outer_fold,47,11,0.0008407985851208242,0.9568790952206553
fpca256_20,outer_fold,47,12,0.0008229809765927825,0.9577020761972481
fpca256_20,outer_fold,47,13,0.000775978342550794,0.958478054539799
fpca256_20,outer_fold,47,14,0.000741573740870875,0.9592196282806699
fpca256_20,outer_fold,47,15,0.0007355231856593211,0.9599551514663291
fpca256_20,outer_fold,47,16,0.0007072235517988498,0.960662375018128
fpca256_20,outer_fold,47,17,0.0006940359514643436,0.9613564109695923
fpca256_20,outer_fold,47,18,0.0006780016716376994,0.96203441264123
fpca256_20,outer_fold,47,19,0.0006642670634773133,0.9626986797047073
fpca256_20,outer_fold,47,20,0.0006414964237205848,0.9633401761284279
fpca256_20,outer_fold,48,1,0.641089844527469,0.641089844527469
fpca256_20,outer_fold,48,2,0.25553084216723465,0.8966206866947036
fpca256_20,outer_fold,48,3,0.03462468115153929,0.9312453678462429
fpca256_20,outer_fold,48,4,0.01735189583299144,0.9485972636792344
fpca256_20,outer_fold,48,5,0.004465895734275032,0.9530631594135094
fpca256_20,outer_fold,48,6,0.001707966011592441,0.9547711254251018
fpca256_20,outer_fold,48,7,0.0012447053903880429,0.9560158308154898
fpca256_20,outer_fold,48,8,0.0009573436147943579,0.9569731744302842
fpca256_20,outer_fold,48,9,0.0008971239502013485,0.9578702983804855
fpca256_20,outer_fold,48,10,0.0008499940982445641,0.9587202924787301
fpca256_20,outer_fold,48,11,0.0007941241861639433,0.9595144166648941
fpca256_20,outer_fold,48,12,0.0007375903165748572,0.960252006981469
fpca256_20,outer_fold,48,13,0.0007273679349247823,0.9609793749163937
fpca256_20,outer_fold,48,14,0.0007136869609170015,0.9616930618773107
fpca256_20,outer_fold,48,15,0.0007033424164160317,0.9623964042937267
fpca256_20,outer_fold,48,16,0.0006736183706013437,0.9630700226643281
fpca256_20,outer_fold,48,17,0.000665797811644352,0.9637358204759724
fpca256_20,outer_fold,48,18,0.000635369131978687,0.9643711896079511
fpca256_20,outer_fold,48,19,0.0006265306449844125,0.9649977202529355
fpca256_20,outer_fold,48,20,0.0006054045691798835,0.9656031248221154
fpca256_20,outer_fold,49,1,0.5752956838151554,0.5752956838151554
fpca256_20,outer_fold,49,2,0.30792495082365146,0.8832206346388068
fpca256_20,outer_fold,49,3,0.03945337769383891,0.9226740123326458
fpca256_20,outer_fold,49,4,0.020276125954368656,0.9429501382870145
fpca256_20,outer_fold,49,5,0.0048214141997337725,0.9477715524867483
fpca256_20,outer_fold,49,6,0.001840899338104142,0.9496124518248524
fpca256_20,outer_fold,49,7,0.0012877026302632833,0.9509001544551157
fpca256_20,outer_fold,49,8,0.0010655775516215397,0.9519657320067372
fpca256_20,outer_fold,49,9,0.0009485803612100774,0.9529143123679472
fpca256_20,outer_fold,49,10,0.0008928628882074086,0.9538071752561547
fpca256_20,outer_fold,49,11,0.000856122286302316,0.9546632975424569
fpca256_20,outer_fold,49,12,0.0008278372223843135,0.9554911347648413
fpca256_20,outer_fold,49,13,0.0007993947857009474,0.9562905295505422
fpca256_20,outer_fold,49,14,0.0007901404465577843,0.9570806699971
fpca256_20,outer_fold,49,15,0.0007612456493486154,0.9578419156464486
fpca256_20,outer_fold,49,16,0.0007452579553661803,0.9585871736018148
fpca256_20,outer_fold,49,17,0.0007305352017486396,0.9593177088035634
fpca256_20,outer_fold,49,18,0.0007067988478162632,0.9600245076513796
fpca256_20,outer_fold,49,19,0.000689362022246424,0.960713869673626
fpca256_20,outer_fold,49,20,0.0006689847117698597,0.961382854385396
fpca256_20,outer_fold,50,1,0.6195344641174463,0.6195344641174463
fpca256_20,outer_fold,50,2,0.2702269787506216,0.8897614428680679
fpca256_20,outer_fold,50,3,0.03560580407225851,0.9253672469403265
fpca256_20,outer_fold,50,4,0.01969793227116643,0.9450651792114929
fpca256_20,outer_fold,50,5,0.004851154410612378,0.9499163336221053
fpca256_20,outer_fold,50,6,0.0016606736743726897,0.951577007296478
fpca256_20,outer_fold,50,7,0.00122817094891121,0.9528051782453892
fpca256_20,outer_fold,50,8,0.0010537484190578355,0.953858926664447
fpca256_20,outer_fold,50,9,0.0009451668922870654,0.9548040935567341
fpca256_20,outer_fold,50,10,0.0008575083987405075,0.9556616019554747
fpca256_20,outer_fold,50,11,0.0008181172569486372,0.9564797192124234
fpca256_20,outer_fold,50,12,0.0008013180094014178,0.9572810372218248
fpca256_20,outer_fold,50,13,0.0007932323154343792,0.9580742695372592
fpca256_20,outer_fold,50,14,0.0007484158039834272,0.9588226853412426
fpca256_20,outer_fold,50,15,0.0007375815154794934,0.9595602668567221
fpca256_20,outer_fold,50,16,0.0007257788456369311,0.9602860457023591
fpca256_20,outer_fold,50,17,0.0007141444607862834,0.9610001901631454
fpca256_20,outer_fold,50,18,0.0006815116362474475,0.9616817017993928
fpca256_20,outer_fold,50,19,0.0006806941494875829,0.9623623959488804
fpca256_20,outer_fold,50,20,0.0006598906042034077,0.9630222865530839
fpca256_20,outer_fold,51,1,0.6417857592002919,0.6417857592002919
fpca256_20,outer_fold,51,2,0.25591758656966446,0.8977033457699564
fpca256_20,outer_fold,51,3,0.032015525121498516,0.9297188708914549
fpca256_20,outer_fold,51,4,0.01756522415263994,0.9472840950440948
fpca256_20,outer_fold,51,5,0.004639265630875311,0.9519233606749702
fpca256_20,outer_fold,51,6,0.0017248369506832541,0.9536481976256534
fpca256_20,outer_fold,51,7,0.0012731409370616432,0.9549213385627151
fpca256_20,outer_fold,51,8,0.0009957867877367363,0.9559171253504518
fpca256_20,outer_fold,51,9,0.0008880906474327734,0.9568052159978846
fpca256_20,outer_fold,51,10,0.0008593699292390243,0.9576645859271237
fpca256_20,outer_fold,51,11,0.0008064259972973154,0.958471011924421
fpca256_20,outer_fold,51,12,0.0007749093392942799,0.9592459212637152
fpca256_20,outer_fold,51,13,0.0007486107538922118,0.9599945320176074
fpca256_20,outer_fold,51,14,0.0007282164162532613,0.9607227484338607
fpca256_20,outer_fold,51,15,0.0006976373479102503,0.961420385781771
fpca256_20,outer_fold,51,16,0.0006774836342855706,0.9620978694160566
fpca256_20,outer_fold,51,17,0.0006562966630873932,0.962754166079144
fpca256_20,outer_fold,51,18,0.0006386327316403261,0.9633927988107843
fpca256_20,outer_fold,51,19,0.0006240906049055725,0.9640168894156899
fpca256_20,outer_fold,51,20,0.0006097251230987217,0.9646266145387886
fpca256_20,outer_fold,52,1,0.6152464703386944,0.6152464703386944
fpca256_20,outer_fold,52,2,0.2759219584515179,0.8911684287902123
fpca256_20,outer_fold,52,3,0.03567779810423846,0.9268462268944507
fpca256_20,outer_fold,52,4,0.01731274746484811,0.9441589743592989
fpca256_20,outer_fold,52,5,0.00442822611297034,0.9485872004722692
fpca256_20,outer_fold,52,6,0.0017126596086190825,0.9502998600808883
fpca256_20,outer_fold,52,7,0.0012880599084825928,0.9515879199893709
fpca256_20,outer_fold,52,8,0.001087584240006344,0.9526755042293772
fpca256_20,outer_fold,52,9,0.0009658722695370326,0.9536413764989142
fpca256_20,outer_fold,52,10,0.0008831538723720435,0.9545245303712863
fpca256_20,outer_fold,52,11,0.0008539697113203756,0.9553785000826066
fpca256_20,outer_fold,52,12,0.0008151568073930621,0.9561936568899997
fpca256_20,outer_fold,52,13,0.0008015172063234368,0.9569951740963232
fpca256_20,outer_fold,52,14,0.0007763415616254572,0.9577715156579486
fpca256_20,outer_fold,52,15,0.0007583761318041332,0.9585298917897528
fpca256_20,outer_fold,52,16,0.0007402575385404461,0.9592701493282932
fpca256_20,outer_fold,52,17,0.0007287392556072434,0.9599988885839005
fpca256_20,outer_fold,52,18,0.0006974825395339034,0.9606963711234344
fpca256_20,outer_fold,52,19,0.000679321992940759,0.9613756931163752
fpca256_20,outer_fold,52,20,0.0006673033592028498,0.962042996475578
fpca256_20,outer_fold,53,1,0.6153892747757478,0.6153892747757478
fpca256_20,outer_fold,53,2,0.2776181229688541,0.8930073977446018
fpca256_20,outer_fold,53,3,0.03817787945988898,0.9311852772044907
fpca256_20,outer_fold,53,4,0.016441159932893638,0.9476264371373844
fpca256_20,outer_fold,53,5,0.004459397850473526,0.9520858349878579
fpca256_20,outer_fold,53,6,0.0015839492639473443,0.9536697842518053
fpca256_20,outer_fold,53,7,0.0012713131476060524,0.9549410973994114
fpca256_20,outer_fold,53,8,0.0009251251248735249,0.9558662225242849
fpca256_20,outer_fold,53,9,0.0008946305361737408,0.9567608530604587
fpca256_20,outer_fold,53,10,0.0008540223834489437,0.9576148754439076
fpca256_20,outer_fold,53,11,0.0008085279946758746,0.9584234034385835
fpca256_20,outer_fold,53,12,0.0007601163691171969,0.9591835198077007
fpca256_20,outer_fold,53,13,0.0007369388708836297,0.9599204586785843
fpca256_20,outer_fold,53,14,0.0007191865994089624,0.9606396452779933
fpca256_20,outer_fold,53,15,0.0006972984355184263,0.9613369437135117
fpca256_20,outer_fold,53,16,0.000686912278465032,0.9620238559919768
fpca256_20,outer_fold,53,17,0.0006670243914901862,0.962690880383467
fpca256_20,outer_fold,53,18,0.0006425121985054733,0.9633333925819724
fpca256_20,outer_fold,53,19,0.0006356505848698586,0.9639690431668422
fpca256_20,outer_fold,53,20,0.0006208592036703977,0.9645899023705126
fpca256_20,outer_fold,54,1,0.6451087117345334,0.6451087117345334
fpca256_20,outer_fold,54,2,0.24592519199511959,0.8910339037296531
fpca256_20,outer_fold,54,3,0.036332830147478276,0.9273667338771313
fpca256_20,outer_fold,54,4,0.018707300481561776,0.9460740343586931
fpca256_20,outer_fold,54,5,0.00439753420231343,0.9504715685610066
fpca256_20,outer_fold,54,6,0.001717930670490308,0.9521894992314969
fpca256_20,outer_fold,54,7,0.0012559321152352334,0.9534454313467321
fpca256_20,outer_fold,54,8,0.0010618771046892708,0.9545073084514214
fpca256_20,outer_fold,54,9,0.0009508985694191252,0.9554582070208405
fpca256_20,outer_fold,54,10,0.0009100772317385075,0.956368284252579
fpca256_20,outer_fold,54,11,0.0008007648773439905,0.9571690491299231
fpca256_20,outer_fold,54,12,0.0007754557336107488,0.9579445048635338
fpca256_20,outer_fold,54,13,0.0007571953432873096,0.9587017002068211
fpca256_20,outer_fold,54,14,0.0007435887224832066,0.9594452889293044
fpca256_20,outer_fold,54,15,0.0007261582820319082,0.9601714472113363
fpca256_20,outer_fold,54,16,0.0007170223095697381,0.960888469520906
fpca256_20,outer_fold,54,17,0.0006900855438712625,0.9615785550647773
fpca256_20,outer_fold,54,18,0.000673967512716554,0.9622525225774938
fpca256_20,outer_fold,54,19,0.0006556981674977612,0.9629082207449916
fpca256_20,outer_fold,54,20,0.000639693479168842,0.9635479142241604
fpca256_20,outer_fold,55,1,0.6389605819004999,0.6389605819004999
fpca256_20,outer_fold,55,2,0.2571795220461025,0.8961401039466024
fpca256_20,outer_fold,55,3,0.034387076442583764,0.9305271803891861
fpca256_20,outer_fold,55,4,0.017830160117804184,0.9483573405069903
fpca256_20,outer_fold,55,5,0.004356265948228385,0.9527136064552186
fpca256_20,outer_fold,55,6,0.0017551056017182439,0.9544687120569368
fpca256_20,outer_fold,55,7,0.001204834454938159,0.955673546511875
fpca256_20,outer_fold,55,8,0.001020172438028569,0.9566937189499035
fpca256_20,outer_fold,55,9,0.0008995642544764057,0.95759328320438
fpca256_20,outer_fold,55,10,0.0008683501331880402,0.9584616333375681
fpca256_20,outer_fold,55,11,0.0007760565182226399,0.9592376898557907
fpca256_20,outer_fold,55,12,0.0007499092057101443,0.9599875990615009
fpca256_20,outer_fold,55,13,0.0007443159879132311,0.9607319150494141
fpca256_20,outer_fold,55,14,0.0006973252726482351,0.9614292403220623
fpca256_20,outer_fold,55,15,0.0006913718901595864,0.9621206122122219
fpca256_20,outer_fold,55,16,0.0006735565707948439,0.9627941687830167
fpca256_20,outer_fold,55,17,0.0006644406210694857,0.9634586094040862
fpca256_20,outer_fold,55,18,0.0006247620651313408,0.9640833714692175
fpca256_20,outer_fold,55,19,0.0006206582286678016,0.9647040296978853
fpca256_20,outer_fold,55,20,0.0006016042103530776,0.9653056339082383
fpca256_20,outer_fold,56,1,0.6188788359628075,0.6188788359628075
fpca256_20,outer_fold,56,2,0.2666228150546251,0.8855016510174325
fpca256_20,outer_fold,56,3,0.03899873867457153,0.924500389692004
fpca256_20,outer_fold,56,4,0.018660655566952965,0.9431610452589569
fpca256_20,outer_fold,56,5,0.004765668037281966,0.9479267132962389
fpca256_20,outer_fold,56,6,0.0017100004704899475,0.9496367137667289
fpca256_20,outer_fold,56,7,0.0012797217463631967,0.950916435513092
fpca256_20,outer_fold,56,8,0.0010901630597222878,0.9520065985728143
fpca256_20,outer_fold,56,9,0.0009679985559105321,0.9529745971287249
fpca256_20,outer_fold,56,10,0.000948859425313845,0.9539234565540388
fpca256_20,outer_fold,56,11,0.0008583780676361027,0.9547818346216749
fpca256_20,outer_fold,56,12,0.0008351383729382901,0.9556169729946131
fpca256_20,outer_fold,56,13,0.0008055315637993711,0.9564225045584125
fpca256_20,outer_fold,56,14,0.0007736232022236408,0.9571961277606361
fpca256_20,outer_fold,56,15,0.000764445443991446,0.9579605732046276
fpca256_20,outer_fold,56,16,0.0007507017950902599,0.9587112749997179
fpca256_20,outer_fold,56,17,0.0007245705404606483,0.9594358455401785
fpca256_20,outer_fold,56,18,0.0007119367771262696,0.9601477823173047
fpca256_20,outer_fold,56,19,0.0006989832122681137,0.9608467655295728
fpca256_20,outer_fold,56,20,0.0006670488484062355,0.961513814377979
fpca256_20,outer_fold,57,1,0.6194352248837979,0.6194352248837979
fpca256_20,outer_fold,57,2,0.2727535722983435,0.8921887971821414
fpca256_20,outer_fold,57,3,0.03210082513006397,0.9242896223122054
fpca256_20,outer_fold,57,4,0.019671702072011524,0.9439613243842169
fpca256_20,outer_fold,57,5,0.0046427392478967525,0.9486040636321136
fpca256_20,outer_fold,57,6,0.0016332843697891705,0.9502373480019027
fpca256_20,outer_fold,57,7,0.0012922723346905744,0.9515296203365933
fpca256_20,outer_fold,57,8,0.0009955640535295226,0.9525251843901228
fpca256_20,outer_fold,57,9,0.0009384012236388073,0.9534635856137617
fpca256_20,outer_fold,57,10,0.000863744528098228,0.9543273301418599
fpca256_20,outer_fold,57,11,0.0008556909999061426,0.955183021141766
fpca256_20,outer_fold,57,12,0.0008138997857960246,0.955996920927562
fpca256_20,outer_fold,57,13,0.000790916224200565,0.9567878371517626
fpca256_20,outer_fold,57,14,0.0007785384061012976,0.957566375557864
fpca256_20,outer_fold,57,15,0.0007545721546224247,0.9583209477124863
fpca256_20,outer_fold,57,16,0.0007345467873661412,0.9590554944998525
fpca256_20,outer_fold,57,17,0.0007023384745804252,0.959757832974433
fpca256_20,outer_fold,57,18,0.000695402473887398,0.9604532354483204
fpca256_20,outer_fold,57,19,0.0006843891812482394,0.9611376246295686
fpca256_20,outer_fold,57,20,0.0006602595949377168,0.9617978842245064
fpca256_20,outer_fold,58,1,0.6185863085404412,0.6185863085404412
fpca256_20,outer_fold,58,2,0.27570400975837345,0.8942903182988147
fpca256_20,outer_fold,58,3,0.03450313139686219,0.9287934496956769
fpca256_20,outer_fold,58,4,0.018106838013384318,0.9469002877090612
fpca256_20,outer_fold,58,5,0.004575244880115595,0.9514755325891768
fpca256_20,outer_fold,58,6,0.001720809690907937,0.9531963422800848
fpca256_20,outer_fold,58,7,0.0012648784381243843,0.9544612207182092
fpca256_20,outer_fold,58,8,0.001007302243824967,0.9554685229620341
fpca256_20,outer_fold,58,9,0.0009131453434227375,0.9563816683054568
fpca256_20,outer_fold,58,10,0.0008245835983947467,0.9572062519038516
fpca256_20,outer_fold,58,11,0.0008071931800418297,0.9580134450838934
fpca256_20,outer_fold,58,12,0.0007713057732757087,0.9587847508571691
fpca256_20,outer_fold,58,13,0.0007527301246916113,0.9595374809818606
fpca256_20,outer_fold,58,14,0.000742123011501923,0.9602796039933625
fpca256_20,outer_fold,58,15,0.0007086456386725169,0.9609882496320351
fpca256_20,outer_fold,58,16,0.0006927822374787256,0.9616810318695138
fpca256_20,outer_fold,58,17,0.0006662247177845294,0.9623472565872984
fpca256_20,outer_fold,58,18,0.0006342638951237547,0.9629815204824221
fpca256_20,outer_fold,58,19,0.0006258340842075858,0.9636073545666297
fpca256_20,outer_fold,58,20,0.0006147340071927613,0.9642220885738225
fpca256_20,outer_fold,59,1,0.640046864055755,0.640046864055755
fpca256_20,outer_fold,59,2,0.2547839604691127,0.8948308245248677
fpca256_20,outer_fold,59,3,0.03698189681144324,0.931812721336311
fpca256_20,outer_fold,59,4,0.015853258055819008,0.94766597939213
fpca256_20,outer_fold,59,5,0.004565293847434459,0.9522312732395645
fpca256_20,outer_fold,59,6,0.0015299965401233658,0.9537612697796878
fpca256_20,outer_fold,59,7,0.0012989750639608264,0.9550602448436486
fpca256_20,outer_fold,59,8,0.001001266303059006,0.9560615111467076
fpca256_20,outer_fold,59,9,0.0009089822637956193,0.9569704934105032
fpca256_20,outer_fold,59,10,0.0008616717763258363,0.957832165186829
fpca256_20,outer_fold,59,11,0.0007961322346206626,0.9586282974214497
fpca256_20,outer_fold,59,12,0.0007690222883462196,0.9593973197097959
fpca256_20,outer_fold,59,13,0.0007468947939491405,0.9601442145037451
fpca256_20,outer_fold,59,14,0.0007199993008368757,0.960864213804582
fpca256_20,outer_fold,59,15,0.0007120065458465076,0.9615762203504284
fpca256_20,outer_fold,59,16,0.0006748804671589554,0.9622511008175874
fpca256_20,outer_fold,59,17,0.000669399257267384,0.9629205000748547
fpca256_20,outer_fold,59,18,0.0006311540587281838,0.9635516541335829
fpca256_20,outer_fold,59,19,0.0006190052085722564,0.9641706593421552
fpca256_20,outer_fold,59,20,0.0006183048140907842,0.9647889641562459
fpca256_20,outer_fold,60,1,0.605384258174667,0.605384258174667
fpca256_20,outer_fold,60,2,0.281327869803395,0.8867121279780621
fpca256_20,outer_fold,60,3,0.035935632318122135,0.9226477602961842
fpca256_20,outer_fold,60,4,0.01911637722574666,0.9417641375219309
fpca256_20,outer_fold,60,5,0.005266109153546946,0.9470302466754779
fpca256_20,outer_fold,60,6,0.0018246472079682667,0.9488548938834461
fpca256_20,outer_fold,60,7,0.0012083957776307154,0.9500632896610769
fpca256_20,outer_fold,60,8,0.0010803161440230886,0.9511436058050999
fpca256_20,outer_fold,60,9,0.0010046692750135648,0.9521482750801135
fpca256_20,outer_fold,60,10,0.0009049075696980077,0.9530531826498114
fpca256_20,outer_fold,60,11,0.0008651827738651006,0.9539183654236765
fpca256_20,outer_fold,60,12,0.0008444328541785874,0.954762798277855
fpca256_20,outer_fold,60,13,0.0008230034465281122,0.9555858017243831
fpca256_20,outer_fold,60,14,0.0007887076004374345,0.9563745093248206
fpca256_20,outer_fold,60,15,0.0007709251143262698,0.9571454344391469
fpca256_20,outer_fold,60,16,0.0007466996803099196,0.9578921341194568
fpca256_20,outer_fold,60,17,0.0007136090228781976,0.958605743142335
fpca256_20,outer_fold,60,18,0.0007074760590535899,0.9593132192013887
fpca256_20,outer_fold,60,19,0.0006950039057951336,0.9600082231071838
fpca256_20,outer_fold,60,20,0.0006878070907600441,0.9606960301979438
fpca256_20,outer_fold,61,1,0.6326529337123376,0.6326529337123376
fpca256_20,outer_fold,61,2,0.26058149459822333,0.8932344283105609
fpca256_20,outer_fold,61,3,0.03592277553086067,0.9291572038414215
fpca256_20,outer_fold,61,4,0.018230969203200303,0.9473881730446219
fpca256_20,outer_fold,61,5,0.004396991671689356,0.9517851647163112
fpca256_20,outer_fold,61,6,0.0017179521276661821,0.9535031168439775
fpca256_20,outer_fold,61,7,0.001278997731978361,0.9547821145759559
fpca256_20,outer_fold,61,8,0.0010313756964783153,0.9558134902724341
fpca256_20,outer_fold,61,9,0.0009306315201021328,0.9567441217925362
fpca256_20,outer_fold,61,10,0.0008740522875067922,0.957618174080043
fpca256_20,outer_fold,61,11,0.0007977737871597907,0.9584159478672029
fpca256_20,outer_fold,61,12,0.0007757017788582232,0.9591916496460611
fpca256_20,outer_fold,61,13,0.0007489138030057443,0.9599405634490669
fpca256_20,outer_fold,61,14,0.000742784400308724,0.9606833478493756
fpca256_20,outer_fold,61,15,0.0007098259653589273,0.9613931738147345
fpca256_20,outer_fold,61,16,0.0006964184399154376,0.96208959225465
fpca256_20,outer_fold,61,17,0.0006832059589844097,0.9627727982136344
fpca256_20,outer_fold,61,18,0.0006736261000947549,0.9634464243137292
fpca256_20,outer_fold,61,19,0.0006495821648547708,0.964096006478584
fpca256_20,outer_fold,61,20,0.0006148124363177502,0.9647108189149017
fpca256_20,outer_fold,62,1,0.6586201649395005,0.6586201649395005
fpca256_20,outer_fold,62,2,0.2361873709441725,0.894807535883673
fpca256_20,outer_fold,62,3,0.03361826801477689,0.9284258038984499
fpca256_20,outer_fold,62,4,0.017265895257377737,0.9456916991558276
fpca256_20,outer_fold,62,5,0.004223594309150143,0.9499152934649777
fpca256_20,outer_fold,62,6,0.0016072204564815842,0.9515225139214593
fpca256_20,outer_fold,62,7,0.0012451377404834269,0.9527676516619427
fpca256_20,outer_fold,62,8,0.0010436001734432459,0.953811251835386
fpca256_20,outer_fold,62,9,0.0009171911825228768,0.9547284430179088
fpca256_20,outer_fold,62,10,0.0009015490833154372,0.9556299921012242
fpca256_20,outer_fold,62,11,0.0008156429012076879,0.956445635002432
fpca256_20,outer_fold,62,12,0.0007875173301817956,0.9572331523326137
fpca256_20,outer_fold,62,13,0.000771560258139555,0.9580047125907533
fpca256_20,outer_fold,62,14,0.0007539744683956507,0.9587586870591489
fpca256_20,outer_fold,62,15,0.0007372901041879416,0.9594959771633369
fpca256_20,outer_fold,62,16,0.0007019103152578662,0.9601978874785948
fpca256_20,outer_fold,62,17,0.000688615280163087,0.9608865027587579
fpca256_20,outer_fold,62,18,0.0006794121600041064,0.961565914918762
fpca256_20,outer_fold,62,19,0.000654137772670118,0.9622200526914321
fpca256_20,outer_fold,62,20,0.0006388188368934741,0.9628588715283255
fpca256_20,outer_fold,63,1,0.6283428553371768,0.6283428553371768
fpca256_20,outer_fold,63,2,0.2638208875046668,0.8921637428418436
fpca256_20,outer_fold,63,3,0.03593826045667999,0.9281020032985237
fpca256_20,outer_fold,63,4,0.01942014675410381,0.9475221500526275
fpca256_20,outer_fold,63,5,0.004359340591266676,0.9518814906438942
fpca256_20,outer_fold,63,6,0.0016757171366011694,0.9535572077804954
fpca256_20,outer_fold,63,7,0.0013221075648447596,0.9548793153453401
fpca256_20,outer_fold,63,8,0.001059709979789624,0.9559390253251298
fpca256_20,outer_fold,63,9,0.0009259732426479358,0.9568649985677777
fpca256_20,outer_fold,63,10,0.0008979540676284973,0.9577629526354062
fpca256_20,outer_fold,63,11,0.0007966023417791564,0.9585595549771854
fpca256_20,outer_fold,63,12,0.000764622756504207,0.9593241777336896
fpca256_20,outer_fold,63,13,0.0007508353616147909,0.9600750130953044
fpca256_20,outer_fold,63,14,0.0007349386339544135,0.9608099517292589
fpca256_20,outer_fold,63,15,0.0007188546104687034,0.9615288063397276
fpca256_20,outer_fold,63,16,0.0006774820545547928,0.9622062883942823
fpca256_20,outer_fold,63,17,0.0006679530298644218,0.9628742414241468
fpca256_20,outer_fold,63,18,0.0006559052982846344,0.9635301467224314
fpca256_20,outer_fold,63,19,0.0006487786371677653,0.9641789253595991
fpca256_20,outer_fold,63,20,0.000628149641405805,0.9648070750010049
fpca256_20,outer_fold,64,1,0.6199990056829456,0.6199990056829456
fpca256_20,outer_fold,64,2,0.27526539212956835,0.895264397812514
fpca256_20,outer_fold,64,3,0.03583339494349323,0.9310977927560072
fpca256_20,outer_fold,64,4,0.016078046276929128,0.9471758390329363
fpca256_20,outer_fold,64,5,0.0045566217162551865,0.9517324607491915
fpca256_20,outer_fold,64,6,0.0015792651956487058,0.9533117259448401
fpca256_20,outer_fold,64,7,0.0012479939723788107,0.954559719917219
fpca256_20,outer_fold,64,8,0.0009171590496263529,0.9554768789668453
fpca256_20,outer_fold,64,9,0.000899451750471448,0.9563763307173168
fpca256_20,outer_fold,64,10,0.0008602912431943133,0.9572366219605111
fpca256_20,outer_fold,64,11,0.0008023909422098882,0.958039012902721
fpca256_20,outer_fold,64,12,0.0007685695432763103,0.9588075824459973
fpca256_20,outer_fold,64,13,0.0007265662301994041,0.9595341486761967
fpca256_20,outer_fold,64,14,0.0007122866959215849,0.9602464353721183
fpca256_20,outer_fold,64,15,0.0007074854244422907,0.9609539207965606
fpca256_20,outer_fold,64,16,0.00068441225610662,0.9616383330526672
fpca256_20,outer_fold,64,17,0.0006624350202229434,0.9623007680728901
fpca256_20,outer_fold,64,18,0.0006591149929226156,0.9629598830658127
fpca256_20,outer_fold,64,19,0.000632439790322966,0.9635923228561357
fpca256_20,outer_fold,64,20,0.0006242544974048917,0.9642165773535406
fpca256_20,outer_fold,65,1,0.6390910888229823,0.6390910888229823
fpca256_20,outer_fold,65,2,0.25597131826201586,0.8950624070849982
fpca256_20,outer_fold,65,3,0.03421136417174375,0.9292737712567419
fpca256_20,outer_fold,65,4,0.01771809883473761,0.9469918700914796
fpca256_20,outer_fold,65,5,0.0042916514491247275,0.9512835215406042
fpca256_20,outer_fold,65,6,0.001653343385734299,0.9529368649263386
fpca256_20,outer_fold,65,7,0.001303852922636826,0.9542407178489754
fpca256_20,outer_fold,65,8,0.0010516279313467932,0.9552923457803222
fpca256_20,outer_fold,65,9,0.0009384782445566731,0.9562308240248789
fpca256_20,outer_fold,65,10,0.0008833397799238149,0.9571141638048027
fpca256_20,outer_fold,65,11,0.0008044758423037677,0.9579186396471066
fpca256_20,outer_fold,65,12,0.0007736749072938243,0.9586923145544004
fpca256_20,outer_fold,65,13,0.0007569287950573157,0.9594492433494577
fpca256_20,outer_fold,65,14,0.0007409889032679836,0.9601902322527257
fpca256_20,outer_fold,65,15,0.0007259932935209469,0.9609162255462467
fpca256_20,outer_fold,65,16,0.0007178987239391306,0.9616341242701858
fpca256_20,outer_fold,65,17,0.0006829551718840826,0.9623170794420699
fpca256_20,outer_fold,65,18,0.0006578411713793588,0.9629749206134492
fpca256_20,outer_fold,65,19,0.0006403536611803788,0.9636152742746297
fpca256_20,outer_fold,65,20,0.0006208673183223074,0.964236141592952
fpca256_20,outer_fold,66,1,0.638353779309739,0.638353779309739
fpca256_20,outer_fold,66,2,0.2571488262792686,0.8955026055890076
fpca256_20,outer_fold,66,3,0.034168689055709474,0.9296712946447171
fpca256_20,outer_fold,66,4,0.01770127963843735,0.9473725742831545
fpca256_20,outer_fold,66,5,0.00455155677156557,0.9519241310547201
fpca256_20,outer_fold,66,6,0.0016546500154064267,0.9535787810701265
fpca256_20,outer_fold,66,7,0.0012156630694995284,0.954794444139626
fpca256_20,outer_fold,66,8,0.0009862447589508334,0.9557806888985768
fpca256_20,outer_fold,66,9,0.0008963952139151865,0.956677084112492
fpca256_20,outer_fold,66,10,0.0008875374384498912,0.9575646215509419
fpca256_20,outer_fold,66,11,0.0007976712522585334,0.9583622928032004
fpca256_20,outer_fold,66,12,0.0007928700092223817,0.9591551628124227
fpca256_20,outer_fold,66,13,0.0007348517522675236,0.9598900145646903
fpca256_20,outer_fold,66,14,0.0007247265701839068,0.9606147411348741
fpca256_20,outer_fold,66,15,0.000723256673384077,0.9613379978082582
fpca256_20,outer_fold,66,16,0.0006969028624410709,0.9620349006706993
fpca256_20,outer_fold,66,17,0.000695921725960386,0.9627308223966596
fpca256_20,outer_fold,66,18,0.0006566519978935227,0.9633874743945532
fpca256_20,outer_fold,66,19,0.0006335368571015928,0.9640210112516547
fpca256_20,outer_fold,66,20,0.0006177617791409846,0.9646387730307957
fpca256_20,outer_fold,67,1,0.615252856937671,0.615252856937671
fpca256_20,outer_fold,67,2,0.27668449100087084,0.8919373479385417
fpca256_20,outer_fold,67,3,0.037606789750132485,0.9295441376886742
fpca256_20,outer_fold,67,4,0.01768520232254988,0.947229340011224
fpca256_20,outer_fold,67,5,0.004697359164564097,0.9519266991757882
fpca256_20,outer_fold,67,6,0.001678688833938078,0.9536053880097263
fpca256_20,outer_fold,67,7,0.0012332831631957355,0.954838671172922
fpca256_20,outer_fold,67,8,0.0009942263880631432,0.9558328975609851
fpca256_20,outer_fold,67,9,0.0008908899831365847,0.9567237875441217
fpca256_20,outer_fold,67,10,0.0008365100465658937,0.9575602975906876
fpca256_20,outer_fold,67,11,0.0008036537677692041,0.9583639513584569
fpca256_20,outer_fold,67,12,0.0007625416788970785,0.959126493037354
fpca256_20,outer_fold,67,13,0.0007409068273872707,0.9598673998647412
fpca256_20,outer_fold,67,14,0.0007258503909221592,0.9605932502556634
fpca256_20,outer_fold,67,15,0.0007090167721067533,0.9613022670277702
fpca256_20,outer_fold,67,16,0.0006824792359195909,0.9619847462636898
fpca256_20,outer_fold,67,17,0.0006635087952921634,0.962648255058982
fpca256_20,outer_fold,67,18,0.0006481527013729802,0.963296407760355
fpca256_20,outer_fold,67,19,0.0006372442562059717,0.9639336520165609
fpca256_20,outer_fold,67,20,0.0006246358409862833,0.9645582878575472
fpca256_20,outer_fold,68,1,0.6100564793334067,0.6100564793334067
fpca256_20,outer_fold,68,2,0.27722391294257803,0.8872803922759847
fpca256_20,outer_fold,68,3,0.036424586150958685,0.9237049784269433
fpca256_20,outer_fold,68,4,0.019442927047654372,0.9431479054745977
fpca256_20,outer_fold,68,5,0.0047881595810958175,0.9479360650556935
fpca256_20,outer_fold,68,6,0.001812507603066848,0.9497485726587603
fpca256_20,outer_fold,68,7,0.001247657653424799,0.9509962303121852
fpca256_20,outer_fold,68,8,0.0010776117144918353,0.952073842026677
fpca256_20,outer_fold,68,9,0.00096216231630363,0.9530360043429806
fpca256_20,outer_fold,68,10,0.0008810849449855755,0.9539170892879663
fpca256_20,outer_fold,68,11,0.0008636524316589355,0.9547807417196252
fpca256_20,outer_fold,68,12,0.0008287592928648918,0.9556095010124901
fpca256_20,outer_fold,68,13,0.0007903961220134019,0.9563998971345035
fpca256_20,outer_fold,68,14,0.0007778829323651157,0.9571777800668686
fpca256_20,outer_fold,68,15,0.0007707149858556945,0.9579484950527243
fpca256_20,outer_fold,68,16,0.0007459962728997449,0.958694491325624
fpca256_20,outer_fold,68,17,0.0007261678268456476,0.9594206591524697
fpca256_20,outer_fold,68,18,0.0007058637102818265,0.9601265228627515
fpca256_20,outer_fold,68,19,0.0006909769818038109,0.9608174998445552
fpca256_20,outer_fold,68,20,0.0006755080566415748,0.9614930079011969
fpca256_20,outer_fold,69,1,0.6355454238025205,0.6355454238025205
fpca256_20,outer_fold,69,2,0.25740332269668664,0.8929487464992072
fpca256_20,outer_fold,69,3,0.03577310240217069,0.9287218489013779
fpca256_20,outer_fold,69,4,0.0166204308056605,0.9453422797070383
fpca256_20,outer_fold,69,5,0.004554851688229992,0.9498971313952683
fpca256_20,outer_fold,69,6,0.0015766726540435059,0.9514738040493118
fpca256_20,outer_fold,69,7,0.0013271324548262669,0.9528009365041381
fpca256_20,outer_fold,69,8,0.001042790464506915,0.9538437269686451
fpca256_20,outer_fold,69,9,0.0009578527162935439,0.9548015796849386
fpca256_20,outer_fold,69,10,0.0008808548610209862,0.9556824345459596
fpca256_20,outer_fold,69,11,0.0008311752843233304,0.9565136098302829
fpca256_20,outer_fold,69,12,0.0007794107055674511,0.9572930205358503
fpca256_20,outer_fold,69,13,0.0007619402527234981,0.9580549607885738
fpca256_20,outer_fold,69,14,0.000742553368173296,0.9587975141567471
fpca256_20,outer_fold,69,15,0.0007256353366956814,0.9595231494934428
fpca256_20,outer_fold,69,16,0.0007134886778564492,0.9602366381712992
fpca256_20,outer_fold,69,17,0.0006852596415478642,0.9609218978128471
fpca256_20,outer_fold,69,18,0.0006653777302083402,0.9615872755430555
fpca256_20,outer_fold,69,19,0.000652248607944595,0.962239524151
fpca256_20,outer_fold,69,20,0.0006370591391238383,0.9628765832901238
fpca256_20,outer_fold,70,1,0.5878160234337383,0.5878160234337383
fpca256_20,outer_fold,70,2,0.301607752599252,0.8894237760329903
fpca256_20,outer_fold,70,3,0.03652873295479908,0.9259525089877894
fpca256_20,outer_fold,70,4,0.018683912224989576,0.9446364212127789
fpca256_20,outer_fold,70,5,0.00467057012874132,0.9493069913415202
fpca256_20,outer_fold,70,6,0.0017141501646434057,0.9510211415061636
fpca256_20,outer_fold,70,7,0.0012210871747003246,0.952242228680864
fpca256_20,outer_fold,70,8,0.0010339330882772027,0.9532761617691411
fpca256_20,outer_fold,70,9,0.0009441274799109649,0.9542202892490521
fpca256_20,outer_fold,70,10,0.0008977068534421923,0.9551179961024943
fpca256_20,outer_fold,70,11,0.0008475063154936857,0.955965502417988
fpca256_20,outer_fold,70,12,0.0008143219866124485,0.9567798244046004
fpca256_20,outer_fold,70,13,0.0007677616160823826,0.9575475860206828
fpca256_20,outer_fold,70,14,0.0007598607604890558,0.9583074467811719
fpca256_20,outer_fold,70,15,0.0007467140496652013,0.959054160830837
fpca256_20,outer_fold,70,16,0.0007378663814221538,0.9597920272122592
fpca256_20,outer_fold,70,17,0.0007117099867713347,0.9605037371990305
fpca256_20,outer_fold,70,18,0.0006997383427774069,0.9612034755418079
fpca256_20,outer_fold,70,19,0.0006719448123718041,0.9618754203541796
fpca256_20,outer_fold,70,20,0.0006708883212923562,0.962546308675472
fpca256_20,outer_fold,71,1,0.6264264715857693,0.6264264715857693
fpca256_20,outer_fold,71,2,0.26657262987885044,0.8929991014646197
fpca256_20,outer_fold,71,3,0.03629094431474677,0.9292900457793665
fpca256_20,outer_fold,71,4,0.016507201309121904,0.9457972470884883
fpca256_20,outer_fold,71,5,0.0042527284846755305,0.9500499755731638
fpca256_20,outer_fold,71,6,0.0016030244534196165,0.9516530000265835
fpca256_20,outer_fold,71,7,0.00128379422463131,0.9529367942512148
fpca256_20,outer_fold,71,8,0.0010620412154976593,0.9539988354667125
fpca256_20,outer_fold,71,9,0.0009337895202468561,0.9549326249869593
fpca256_20,outer_fold,71,10,0.0009244123639352608,0.9558570373508946
fpca256_20,outer_fold,71,11,0.0008329996660975869,0.9566900370169922
fpca256_20,outer_fold,71,12,0.0007961362875770341,0.9574861733045692
fpca256_20,outer_fold,71,13,0.0007667204764204366,0.9582528937809897
fpca256_20,outer_fold,71,14,0.00075006861950782,0.9590029624004974
fpca256_20,outer_fold,71,15,0.0007341186242951207,0.9597370810247925
fpca256_20,outer_fold,71,16,0.0007153316235520911,0.9604524126483446
fpca256_20,outer_fold,71,17,0.0006976842104325176,0.9611500968587771
fpca256_20,outer_fold,71,18,0.0006890217022037308,0.9618391185609808
fpca256_20,outer_fold,71,19,0.0006459463393544849,0.9624850649003353
fpca256_20,outer_fold,71,20,0.0006392905508246522,0.9631243554511599
fpca256_20,outer_fold,72,1,0.6437932862402036,0.6437932862402036
fpca256_20,outer_fold,72,2,0.25116939010489603,0.8949626763450996
fpca256_20,outer_fold,72,3,0.03519424763390617,0.9301569239790058
fpca256_20,outer_fold,72,4,0.016629140434010158,0.946786064413016
fpca256_20,outer_fold,72,5,0.004691001656800225,0.9514770660698163
fpca256_20,outer_fold,72,6,0.0015606254446670605,0.9530376915144834
fpca256_20,outer_fold,72,7,0.0012845384450792037,0.9543222299595626
fpca256_20,outer_fold,72,8,0.0009959411551618506,0.9553181711147245
fpca256_20,outer_fold,72,9,0.0009333191231100272,0.9562514902378345
fpca256_20,outer_fold,72,10,0.0009023103343560852,0.9571538005721906
fpca256_20,outer_fold,72,11,0.0008157328880279548,0.9579695334602185
fpca256_20,outer_fold,72,12,0.0007627916375028398,0.9587323250977213
fpca256_20,outer_fold,72,13,0.0007538828057955869,0.9594862079035169
fpca256_20,outer_fold,72,14,0.0007404640019964239,0.9602266719055134
fpca256_20,outer_fold,72,15,0.0007141484039627653,0.9609408203094761
fpca256_20,outer_fold,72,16,0.0006993712489918898,0.961640191558468
fpca256_20,outer_fold,72,17,0.0006706824785099383,0.962310874036978
fpca256_20,outer_fold,72,18,0.0006672923960678797,0.9629781664330459
fpca256_20,outer_fold,72,19,0.0006549714978537338,0.9636331379308997
fpca256_20,outer_fold,72,20,0.0006323154303416968,0.9642654533612414
fpca256_20,outer_fold,73,1,0.6373988718682553,0.6373988718682553
fpca256_20,outer_fold,73,2,0.2584726297696111,0.8958715016378664
fpca256_20,outer_fold,73,3,0.03222391804771885,0.9280954196855853
fpca256_20,outer_fold,73,4,0.018458051108724397,0.9465534707943097
fpca256_20,outer_fold,73,5,0.0046164334235821725,0.9511699042178919
fpca256_20,outer_fold,73,6,0.001770027048478552,0.9529399312663704
fpca256_20,outer_fold,73,7,0.0012847244680425215,0.954224655734413
fpca256_20,outer_fold,73,8,0.0009642069440000691,0.9551888626784131
fpca256_20,outer_fold,73,9,0.0009054602396916093,0.9560943229181047
fpca256_20,outer_fold,73,10,0.0008817385036781497,0.9569760614217828
fpca256_20,outer_fold,73,11,0.0007800091516957833,0.9577560705734786
fpca256_20,outer_fold,73,12,0.0007731409244667541,0.9585292114979453
fpca256_20,outer_fold,73,13,0.0007468875424700845,0.9592760990404154
fpca256_20,outer_fold,73,14,0.0007425620761849267,0.9600186611166004
fpca256_20,outer_fold,73,15,0.0007242227914516464,0.9607428839080521
fpca256_20,outer_fold,73,16,0.0006641238364130717,0.9614070077444652
fpca256_20,outer_fold,73,17,0.000652185699076232,0.9620591934435414
fpca256_20,outer_fold,73,18,0.0006360703253110891,0.9626952637688525
fpca256_20,outer_fold,73,19,0.0006327839064390763,0.9633280476752916
fpca256_20,outer_fold,73,20,0.0006193630045608553,0.9639474106798525
fpca256_20,outer_fold,74,1,0.644100864658889,0.644100864658889
fpca256_20,outer_fold,74,2,0.24575929223949347,0.8898601568983825
fpca256_20,outer_fold,74,3,0.037270018187283746,0.9271301750856662
fpca256_20,outer_fold,74,4,0.019330405018022308,0.9464605801036885
fpca256_20,outer_fold,74,5,0.004444138685140043,0.9509047187888285
fpca256_20,outer_fold,74,6,0.0017660996494933776,0.9526708184383219
fpca256_20,outer_fold,74,7,0.0012449343348085284,0.9539157527731305
fpca256_20,outer_fold,74,8,0.0010192775996625274,0.954935030372793
fpca256_20,outer_fold,74,9,0.0008922002057972936,0.9558272305785903
fpca256_20,outer_fold,74,10,0.0008750153637810844,0.9567022459423714
fpca256_20,outer_fold,74,11,0.0008145886346524203,0.9575168345770239
fpca256_20,outer_fold,74,12,0.0008004221583855758,0.9583172567354095
fpca256_20,outer_fold,74,13,0.0007745753407941451,0.9590918320762036
fpca256_20,outer_fold,74,14,0.000741496185041703,0.9598333282612453
fpca256_20,outer_fold,74,15,0.0007259683901513185,0.9605592966513966
fpca256_20,outer_fold,74,16,0.0007068365510215747,0.9612661332024182
fpca256_20,outer_fold,74,17,0.0006897144755862405,0.9619558476780043
fpca256_20,outer_fold,74,18,0.0006680843184337928,0.9626239319964381
fpca256_20,outer_fold,74,19,0.0006535649629749328,0.9632774969594131
fpca256_20,outer_fold,74,20,0.0006300362774093973,0.9639075332368225
fpca256_20,outer_fold,75,1,0.644890495323852,0.644890495323852
fpca256_20,outer_fold,75,2,0.24846466796845207,0.893355163292304
fpca256_20,outer_fold,75,3,0.03467869161626061,0.9280338549085646
fpca256_20,outer_fold,75,4,0.01959085420288441,0.947624709111449
fpca256_20,outer_fold,75,5,0.00436527170062926,0.9519899808120783
fpca256_20,outer_fold,75,6,0.0017653825546328137,0.9537553633667111
fpca256_20,outer_fold,75,7,0.001196644962678538,0.9549520083293896
fpca256_20,outer_fold,75,8,0.0010646267839627365,0.9560166351133523
fpca256_20,outer_fold,75,9,0.0009357903559285658,0.9569524254692809
fpca256_20,outer_fold,75,10,0.0008828982674622672,0.9578353237367432
fpca256_20,outer_fold,75,11,0.0007985859500707439,0.958633909686814
fpca256_20,outer_fold,75,12,0.0007687364429507059,0.9594026461297647
fpca256_20,outer_fold,75,13,0.000745232901162873,0.9601478790309276
fpca256_20,outer_fold,75,14,0.0007321397118755196,0.960880018742803
fpca256_20,outer_fold,75,15,0.0007094724023928372,0.9615894911451959
fpca256_20,outer_fold,75,16,0.0006992495665315497,0.9622887407117274
fpca256_20,outer_fold,75,17,0.0006831441480006035,0.9629718848597281
fpca256_20,outer_fold,75,18,0.000671989041857079,0.9636438739015851
fpca256_20,outer_fold,75,19,0.0006564559628525442,0.9643003298644377
fpca256_20,outer_fold,75,20,0.0006189671151432827,0.964919296979581
fpca256_20,outer_fold,76,1,0.6306968139491772,0.6306968139491772
fpca256_20,outer_fold,76,2,0.2656130442084352,0.8963098581576123
fpca256_20,outer_fold,76,3,0.03434925616616782,0.9306591143237801
fpca256_20,outer_fold,76,4,0.016589900404132045,0.9472490147279121
fpca256_20,outer_fold,76,5,0.00447024572007619,0.9517192604479883
fpca256_20,outer_fold,76,6,0.001555066675364844,0.9532743271233531
fpca256_20,outer_fold,76,7,0.001290554875191277,0.9545648819985444
fpca256_20,outer_fold,76,8,0.0009402827200930742,0.9555051647186374
fpca256_20,outer_fold,76,9,0.0009019121479412817,0.9564070768665788
fpca256_20,outer_fold,76,10,0.0008745106437884312,0.9572815875103672
fpca256_20,outer_fold,76,11,0.0007883762476361947,0.9580699637580034
fpca256_20,outer_fold,76,12,0.0007795055535569933,0.9588494693115603
fpca256_20,outer_fold,76,13,0.0007656900775783245,0.9596151593891387
fpca256_20,outer_fold,76,14,0.0007360436278775258,0.9603512030170162
fpca256_20,outer_fold,76,15,0.0006939500217925536,0.9610451530388087
fpca256_20,outer_fold,76,16,0.0006787290721736373,0.9617238821109823
fpca256_20,outer_fold,76,17,0.0006748507293573595,0.9623987328403396
fpca256_20,outer_fold,76,18,0.0006388793186816875,0.9630376121590213
fpca256_20,outer_fold,76,19,0.0006116695255410106,0.9636492816845623
fpca256_20,outer_fold,76,20,0.0006080599766470191,0.9642573416612094
fpca256_20,outer_fold,77,1,0.6444651680236662,0.6444651680236662
fpca256_20,outer_fold,77,2,0.24867124866350412,0.8931364166871703
fpca256_20,outer_fold,77,3,0.037343342470826914,0.9304797591579972
fpca256_20,outer_fold,77,4,0.017108987542298955,0.9475887467002961
fpca256_20,outer_fold,77,5,0.004595870422927129,0.9521846171232232
fpca256_20,outer_fold,77,6,0.0016619513640567293,0.95384656848728
fpca256_20,outer_fold,77,7,0.0012597660738319098,0.9551063345611119
fpca256_20,outer_fold,77,8,0.0010119195943797841,0.9561182541554917
fpca256_20,outer_fold,77,9,0.0008964177639763847,0.9570146719194681
fpca256_20,outer_fold,77,10,0.0008668884319291167,0.9578815603513973
fpca256_20,outer_fold,77,11,0.0008100218141829727,0.9586915821655803
fpca256_20,outer_fold,77,12,0.0007740753019091054,0.9594656574674894
fpca256_20,outer_fold,77,13,0.0007356145275950724,0.9602012719950844
fpca256_20,outer_fold,77,14,0.0007175384998605006,0.9609188104949449
fpca256_20,outer_fold,77,15,0.0007064009988402788,0.9616252114937851
fpca256_20,outer_fold,77,16,0.0006737806456222934,0.9622989921394074
fpca256_20,outer_fold,77,17,0.0006667614932298443,0.9629657536326373
fpca256_20,outer_fold,77,18,0.0006451340966413616,0.9636108877292786
fpca256_20,outer_fold,77,19,0.0006352095909628566,0.9642460973202415
fpca256_20,outer_fold,77,20,0.0006241715579727926,0.9648702688782143
fpca256_20,outer_fold,78,1,0.6182257863483326,0.6182257863483326
fpca256_20,outer_fold,78,2,0.27510703463498015,0.8933328209833127
fpca256_20,outer_fold,78,3,0.03283825033445982,0.9261710713177725
fpca256_20,outer_fold,78,4,0.017494944654597912,0.9436660159723704
fpca256_20,outer_fold,78,5,0.004423681158135943,0.9480896971305064
fpca256_20,outer_fold,78,6,0.001710105288141448,0.9497998024186478
fpca256_20,outer_fold,78,7,0.0013200170310322687,0.95111981944968
fpca256_20,outer_fold,78,8,0.0010402413759575033,0.9521600608256375
fpca256_20,outer_fold,78,9,0.0009734210098483425,0.9531334818354859
fpca256_20,outer_fold,78,10,0.0009612234726772598,0.9540947053081631
fpca256_20,outer_fold,78,11,0.0008858384466843524,0.9549805437548474
fpca256_20,outer_fold,78,12,0.0008127886990441558,0.9557933324538915
fpca256_20,outer_fold,78,13,0.000795904745956094,0.9565892371998477
fpca256_20,outer_fold,78,14,0.0007818566323440333,0.9573710938321917
fpca256_20,outer_fold,78,15,0.0007619922160793954,0.9581330860482711
fpca256_20,outer_fold,78,16,0.0007342231634298782,0.9588673092117009
fpca256_20,outer_fold,78,17,0.0007280240842636144,0.9595953332959646
fpca256_20,outer_fold,78,18,0.0007156890531040675,0.9603110223490686
fpca256_20,outer_fold,78,19,0.0006946542906878717,0.9610056766397564
fpca256_20,outer_fold,78,20,0.0006826697533573722,0.9616883463931138
fpca256_20,outer_fold,79,1,0.6035849122018931,0.6035849122018931
fpca256_20,outer_fold,79,2,0.28349210457627394,0.8870770167781671
fpca256_20,outer_fold,79,3,0.037349983947652585,0.9244270007258196
fpca256_20,outer_fold,79,4,0.01913670102802149,0.9435637017538411
fpca256_20,outer_fold,79,5,0.0048976655308875005,0.9484613672847286
fpca256_20,outer_fold,79,6,0.0017950397086008193,0.9502564069933295
fpca256_20,outer_fold,79,7,0.0012590906746387488,0.9515154976679682
fpca256_20,outer_fold,79,8,0.0010523434631762522,0.9525678411311445
fpca256_20,outer_fold,79,9,0.0009709827351726142,0.953538823866317
fpca256_20,outer_fold,79,10,0.0008556398180490262,0.9543944636843661
fpca256_20,outer_fold,79,11,0.0008282418475407792,0.9552227055319069
fpca256_20,outer_fold,79,12,0.0008097023020301404,0.9560324078339371
fpca256_20,outer_fold,79,13,0.0008047566718727666,0.9568371645058098
fpca256_20,outer_fold,79,14,0.000758677740777387,0.9575958422465872
fpca256_20,outer_fold,79,15,0.0007455812469877928,0.958341423493575
fpca256_20,outer_fold,79,16,0.0007221875137995071,0.9590636110073745
fpca256_20,outer_fold,79,17,0.0006992408483313445,0.9597628518557059
fpca256_20,outer_fold,79,18,0.0006918835213702366,0.9604547353770762
fpca256_20,outer_fold,79,19,0.0006751439568262413,0.9611298793339024
fpca256_20,outer_fold,79,20,0.0006653934628071113,0.9617952727967095
fpca256_20,outer_fold,80,1,0.6275003712657418,0.6275003712657418
fpca256_20,outer_fold,80,2,0.2653397808349947,0.8928401521007365
fpca256_20,outer_fold,80,3,0.03601100790969689,0.9288511600104334
fpca256_20,outer_fold,80,4,0.019097584623029212,0.9479487446334627
fpca256_20,outer_fold,80,5,0.004570871110138571,0.9525196157436012
fpca256_20,outer_fold,80,6,0.001712851845780936,0.9542324675893822
fpca256_20,outer_fold,80,7,0.0012132026736707173,0.9554456702630529
fpca256_20,outer_fold,80,8,0.0009587795805965389,0.9564044498436495
fpca256_20,outer_fold,80,9,0.000890809517340788,0.9572952593609902
fpca256_20,outer_fold,80,10,0.0008592821639129707,0.9581545415249032
fpca256_20,outer_fold,80,11,0.0007799203251342405,0.9589344618500374
fpca256_20,outer_fold,80,12,0.0007717101125049289,0.9597061719625423
fpca256_20,outer_fold,80,13,0.0007573754691769911,0.9604635474317192
fpca256_20,outer_fold,80,14,0.0007085408791078704,0.9611720883108271
fpca256_20,outer_fold,80,15,0.0007064955404498366,0.961878583851277
fpca256_20,outer_fold,80,16,0.0006835651760972926,0.9625621490273742
fpca256_20,outer_fold,80,17,0.0006812759579492071,0.9632434249853234
fpca256_20,outer_fold,80,18,0.0006466285594965244,0.9638900535448199
fpca256_20,outer_fold,80,19,0.0006280685835810154,0.9645181221284009
fpca256_20,outer_fold,80,20,0.0006089527877156156,0.9651270749161166
fpca256_20,outer_fold,81,1,0.6138787159030954,0.6138787159030954
fpca256_20,outer_fold,81,2,0.2753405184677559,0.8892192343708514
fpca256_20,outer_fold,81,3,0.034350410894935436,0.9235696452657868
fpca256_20,outer_fold,81,4,0.017629746825293342,0.9411993920910802
fpca256_20,outer_fold,81,5,0.004717221880542941,0.9459166139716231
fpca256_20,outer_fold,81,6,0.001452424412374759,0.9473690383839979
fpca256_20,outer_fold,81,7,0.0012808245053886193,0.9486498628893865
fpca256_20,outer_fold,81,8,0.001046117672007324,0.9496959805613938
fpca256_20,outer_fold,81,9,0.001030307215249862,0.9507262877766437
fpca256_20,outer_fold,81,10,0.0009557266226703756,0.9516820143993141
fpca256_20,outer_fold,81,11,0.0008977116978129172,0.952579726097127
fpca256_20,outer_fold,81,12,0.0008759205022254829,0.9534556465993526
fpca256_20,outer_fold,81,13,0.000824888477572772,0.9542805350769253
fpca256_20,outer_fold,81,14,0.0008195803225194885,0.9551001153994448
fpca256_20,outer_fold,81,15,0.0007941082120528161,0.9558942236114977
fpca256_20,outer_fold,81,16,0.0007681463315253423,0.956662369943023
fpca256_20,outer_fold,81,17,0.0007522615929052295,0.9574146315359282
fpca256_20,outer_fold,81,18,0.0007345574596044765,0.9581491889955327
fpca256_20,outer_fold,81,19,0.0007201322038250258,0.9588693211993577
fpca256_20,outer_fold,81,20,0.000706771326281619,0.9595760925256394
fpca256_20,outer_fold,82,1,0.6464172156434101,0.6464172156434101
fpca256_20,outer_fold,82,2,0.24745828275640033,0.8938754983998105
fpca256_20,outer_fold,82,3,0.0367882497757256,0.9306637481755361
fpca256_20,outer_fold,82,4,0.016334215733875886,0.9469979639094119
fpca256_20,outer_fold,82,5,0.0045763093269681,0.95157427323638
fpca256_20,outer_fold,82,6,0.0017622860061255463,0.9533365592425056
fpca256_20,outer_fold,82,7,0.0012965644412701739,0.9546331236837757
fpca256_20,outer_fold,82,8,0.001039027587044078,0.9556721512708198
fpca256_20,outer_fold,82,9,0.0009216984730453304,0.9565938497438652
fpca256_20,outer_fold,82,10,0.0008781588464493893,0.9574720085903146
fpca256_20,outer_fold,82,11,0.0007925344462291956,0.9582645430365437
fpca256_20,outer_fold,82,12,0.0007639271588368601,0.9590284701953806
fpca256_20,outer_fold,82,13,0.0007447530687560552,0.9597732232641367
fpca256_20,outer_fold,82,14,0.0007368097073652203,0.960510032971502
fpca256_20,outer_fold,82,15,0.0007181170945154164,0.9612281500660174
fpca256_20,outer_fold,82,16,0.0007130832202468365,0.9619412332862642
fpca256_20,outer_fold,82,17,0.0006848516479831897,0.9626260849342474
fpca256_20,outer_fold,82,18,0.0006742482644708725,0.9633003331987182
fpca256_20,outer_fold,82,19,0.0006488494997500594,0.9639491826984683
fpca256_20,outer_fold,82,20,0.0006139000963753331,0.9645630827948436
fpca256_20,outer_fold,83,1,0.6351089246880873,0.6351089246880873
fpca256_20,outer_fold,83,2,0.2596861539163067,0.894795078604394
fpca256_20,outer_fold,83,3,0.03468216914056543,0.9294772477449594
fpca256_20,outer_fold,83,4,0.017808616627126378,0.9472858643720858
fpca256_20,outer_fold,83,5,0.004438205567913887,0.9517240699399997
fpca256_20,outer_fold,83,6,0.001641967024932149,0.9533660369649318
fpca256_20,outer_fold,83,7,0.0012637607244342893,0.9546297976893661
fpca256_20,outer_fold,83,8,0.0010302288949160347,0.9556600265842821
fpca256_20,outer_fold,83,9,0.0008979694249963631,0.9565579960092784
fpca256_20,outer_fold,83,10,0.0008596331077673615,0.9574176291170458
fpca256_20,outer_fold,83,11,0.0007846174809054867,0.9582022465979513
fpca256_20,outer_fold,83,12,0.0007722088655936814,0.958974455463545
fpca256_20,outer_fold,83,13,0.0007473450629998087,0.9597218005265448
fpca256_20,outer_fold,83,14,0.0007077857527893445,0.9604295862793341
fpca256_20,outer_fold,83,15,0.0007003094815888819,0.9611298957609229
fpca256_20,outer_fold,83,16,0.0006737714042678221,0.9618036671651907
fpca256_20,outer_fold,83,17,0.0006644779543824745,0.9624681451195732
fpca256_20,outer_fold,83,18,0.0006405610393897326,0.9631087061589629
fpca256_20,outer_fold,83,19,0.0006268978956122475,0.9637356040545751
fpca256_20,outer_fold,83,20,0.0006147154356959182,0.9643503194902711
fpca256_20,outer_fold,84,1,0.6179754998168073,0.6179754998168073
fpca256_20,outer_fold,84,2,0.27447052826643575,0.8924460280832431
fpca256_20,outer_fold,84,3,0.035188416712818124,0.9276344447960613
fpca256_20,outer_fold,84,4,0.018561653914753833,0.9461960987108151
fpca256_20,outer_fold,84,5,0.0044981246445913465,0.9506942233554064
fpca256_20,outer_fold,84,6,0.001744977565210947,0.9524392009206174
fpca256_20,outer_fold,84,7,0.0012367227110425417,0.95367592363166
fpca256_20,outer_fold,84,8,0.001038014671994216,0.9547139383036543
fpca256_20,outer_fold,84,9,0.000919321859625698,0.95563326016328
fpca256_20,outer_fold,84,10,0.0008880092370219839,0.956521269400302
fpca256_20,outer_fold,84,11,0.0008016809957658327,0.9573229503960679
fpca256_20,outer_fold,84,12,0.0007981510397442038,0.9581211014358121
fpca256_20,outer_fold,84,13,0.0007625565757487863,0.9588836580115608
fpca256_20,outer_fold,84,14,0.0007311894141043475,0.9596148474256652
fpca256_20,outer_fold,84,15,0.0007194634347851641,0.9603343108604503
fpca256_20,outer_fold,84,16,0.0007043680170910128,0.9610386788775414
fpca256_20,outer_fold,84,17,0.0006848844106726397,0.961723563288214
fpca256_20,outer_fold,84,18,0.0006654543706628158,0.9623890176588767
fpca256_20,outer_fold,84,19,0.0006425752389585474,0.9630315928978352
fpca256_20,outer_fold,84,20,0.0006354787631427262,0.963667071660978
fpca256_20,outer_fold,85,1,0.6322247985487071,0.6322247985487071
fpca256_20,outer_fold,85,2,0.2584641199222364,0.8906889184709434
fpca256_20,outer_fold,85,3,0.03729147673901598,0.9279803952099595
fpca256_20,outer_fold,85,4,0.017493974329793317,0.9454743695397527
fpca256_20,outer_fold,85,5,0.004524091630165414,0.9499984611699182
fpca256_20,outer_fold,85,6,0.0017811011247157642,0.9517795622946339
fpca256_20,outer_fold,85,7,0.0013481223119087746,0.9531276846065426
fpca256_20,outer_fold,85,8,0.001071939619038213,0.9541996242255808
fpca256_20,outer_fold,85,9,0.000948767345612283,0.9551483915711931
fpca256_20,outer_fold,85,10,0.0009405958919331852,0.9560889874631263
fpca256_20,outer_fold,85,11,0.0008166280365320772,0.9569056154996584
fpca256_20,outer_fold,85,12,0.0007755397403747079,0.957681155240033
fpca256_20,outer_fold,85,13,0.0007578165604929951,0.9584389718005261
fpca256_20,outer_fold,85,14,0.0007459810362047522,0.9591849528367308
fpca256_20,outer_fold,85,15,0.0007317606225214871,0.9599167134592522
fpca256_20,outer_fold,85,16,0.0007240837885829105,0.9606407972478351
fpca256_20,outer_fold,85,17,0.0006935628332728727,0.961334360081108
fpca256_20,outer_fold,85,18,0.0006696621623395579,0.9620040222434475
fpca256_20,outer_fold,85,19,0.0006661832428513166,0.9626702054862988
fpca256_20,outer_fold,85,20,0.0006325787878324879,0.9633027842741313
fpca256_20,outer_fold,86,1,0.626985434837338,0.626985434837338
fpca256_20,outer_fold,86,2,0.2688459703335605,0.8958314051708985
fpca256_20,outer_fold,86,3,0.034082731948414775,0.9299141371193134
fpca256_20,outer_fold,86,4,0.01584790806071711,0.9457620451800305
fpca256_20,outer_fold,86,5,0.004643243567859866,0.9504052887478903
fpca256_20,outer_fold,86,6,0.0015111597239995975,0.9519164484718899
fpca256_20,outer_fold,86,7,0.0012565300577529134,0.9531729785296429
fpca256_20,outer_fold,86,8,0.0009335813325777411,0.9541065598622206
fpca256_20,outer_fold,86,9,0.0009144026321424703,0.9550209624943631
fpca256_20,outer_fold,86,10,0.0008341332801418196,0.9558550957745049
fpca256_20,outer_fold,86,11,0.0008195031651792307,0.9566745989396841
fpca256_20,outer_fold,86,12,0.0007892067660226851,0.9574638057057068
fpca256_20,outer_fold,86,13,0.0007631283778106585,0.9582269340835174
fpca256_20,outer_fold,86,14,0.0007272363074978267,0.9589541703910153
fpca256_20,outer_fold,86,15,0.0007074871831897451,0.959661657574205
fpca256_20,outer_fold,86,16,0.0006844315353992201,0.9603460891096042
fpca256_20,outer_fold,86,17,0.0006707177446784911,0.9610168068542827
fpca256_20,outer_fold,86,18,0.0006478118644833792,0.9616646187187661
fpca256_20,outer_fold,86,19,0.0006403174000305384,0.9623049361187966
fpca256_20,outer_fold,86,20,0.0006253908060463906,0.962930326924843
fpca256_20,outer_fold,87,1,0.6363544615471104,0.6363544615471104
fpca256_20,outer_fold,87,2,0.2573932862340258,0.8937477477811362
fpca256_20,outer_fold,87,3,0.035345672475724274,0.9290934202568605
fpca256_20,outer_fold,87,4,0.01862277889351463,0.9477161991503751
fpca256_20,outer_fold,87,5,0.004367359078063922,0.952083558228439
fpca256_20,outer_fold,87,6,0.0015868628232987927,0.9536704210517378
fpca256_20,outer_fold,87,7,0.0012518591616312315,0.9549222802133691
fpca256_20,outer_fold,87,8,0.001010705179469072,0.9559329853928382
fpca256_20,outer_fold,87,9,0.0009128366845608343,0.9568458220773991
fpca256_20,outer_fold,87,10,0.0008445887617325761,0.9576904108391316
fpca256_20,outer_fold,87,11,0.0007932006895379862,0.9584836115286697
fpca256_20,outer_fold,87,12,0.0007722358573741184,0.9592558473860437
fpca256_20,outer_fold,87,13,0.0007303139219971209,0.9599861613080408
fpca256_20,outer_fold,87,14,0.0007243268486495675,0.9607104881566904
fpca256_20,outer_fold,87,15,0.0007089990631457856,0.9614194872198362
fpca256_20,outer_fold,87,16,0.0006899693751165074,0.9621094565949527
fpca256_20,outer_fold,87,17,0.0006645819616276664,0.9627740385565804
fpca256_20,outer_fold,87,18,0.0006436345818945749,0.9634176731384749
fpca256_20,outer_fold,87,19,0.0006269402319356984,0.9640446133704106
fpca256_20,outer_fold,87,20,0.0006088844304849952,0.9646534978008956
fpca256_20,outer_fold,88,1,0.6293194426591737,0.6293194426591737
fpca256_20,outer_fold,88,2,0.267291046424592,0.8966104890837657
fpca256_20,outer_fold,88,3,0.03312022063863215,0.9297307097223979
fpca256_20,outer_fold,88,4,0.017206096481461867,0.9469368062038598
fpca256_20,outer_fold,88,5,0.004591062112955067,0.9515278683168148
fpca256_20,outer_fold,88,6,0.0018091039758037896,0.9533369722926186
fpca256_20,outer_fold,88,7,0.0012092756950036236,0.9545462479876222
fpca256_20,outer_fold,88,8,0.0010226715158544643,0.9555689195034767
fpca256_20,outer_fold,88,9,0.0009116399027833917,0.9564805594062601
fpca256_20,outer_fold,88,10,0.0008756356309867131,0.9573561950372468
fpca256_20,outer_fold,88,11,0.0008019508948453224,0.9581581459320921
fpca256_20,outer_fold,88,12,0.0007550068137920735,0.9589131527458842
fpca256_20,outer_fold,88,13,0.0007478293186465098,0.9596609820645307
fpca256_20,outer_fold,88,14,0.0007439012683028532,0.9604048833328335
fpca256_20,outer_fold,88,15,0.0007234418600082368,0.9611283251928417
fpca256_20,outer_fold,88,16,0.0007169085551024898,0.9618452337479443
fpca256_20,outer_fold,88,17,0.000689038957645688,0.96253427270559
fpca256_20,outer_fold,88,18,0.0006618241927621297,0.9631960968983522
fpca256_20,outer_fold,88,19,0.0006520016847950328,0.9638480985831472
fpca256_20,outer_fold,88,20,0.0006118736367489207,0.9644599722198962
fpca256_20,outer_fold,89,1,0.6118826408480033,0.6118826408480033
fpca256_20,outer_fold,89,2,0.273613412237097,0.8854960530851003
fpca256_20,outer_fold,89,3,0.038204730306996906,0.9237007833920972
fpca256_20,outer_fold,89,4,0.020473342565748977,0.9441741259578461
fpca256_20,outer_fold,89,5,0.004688217203724255,0.9488623431615704
fpca256_20,outer_fold,89,6,0.0017432765035109144,0.9506056196650813
fpca256_20,outer_fold,89,7,0.0013114095560193154,0.9519170292211006
fpca256_20,outer_fold,89,8,0.0010591406556654686,0.952976169876766
fpca256_20,outer_fold,89,9,0.0009968296900710295,0.953972999566837
fpca256_20,outer_fold,89,10,0.0008739247930565484,0.9548469243598936
fpca256_20,outer_fold,89,11,0.0008567462375975879,0.9557036705974912
fpca256_20,outer_fold,89,12,0.0008067661820211915,0.9565104367795124
fpca256_20,outer_fold,89,13,0.0008012668513770081,0.9573117036308895
fpca256_20,outer_fold,89,14,0.0007746066710391761,0.9580863103019286
fpca256_20,outer_fold,89,15,0.0007593883677276826,0.9588456986696563
fpca256_20,outer_fold,89,16,0.0007407090087661624,0.9595864076784225
fpca256_20,outer_fold,89,17,0.0007224797081990193,0.9603088873866216
fpca256_20,outer_fold,89,18,0.0007074950962180133,0.9610163824828396
fpca256_20,outer_fold,89,19,0.0006776933401160714,0.9616940758229556
fpca256_20,outer_fold,89,20,0.0006544025301600372,0.9623484783531157
fpca256_20,outer_fold,90,1,0.6353145751743529,0.6353145751743529
fpca256_20,outer_fold,90,2,0.2555349743180561,0.8908495494924089
fpca256_20,outer_fold,90,3,0.03778378363251114,0.92863333312492
fpca256_20,outer_fold,90,4,0.017145790008468845,0.9457791231333889
fpca256_20,outer_fold,90,5,0.004993878682853825,0.9507730018162427
fpca256_20,outer_fold,90,6,0.0017257817986692132,0.9524987836149119
fpca256_20,outer_fold,90,7,0.001342505580417983,0.9538412891953298
fpca256_20,outer_fold,90,8,0.0009934706241508378,0.9548347598194806
fpca256_20,outer_fold,90,9,0.0009499351155209739,0.9557846949350016
fpca256_20,outer_fold,90,10,0.0008979106248725024,0.9566826055598742
fpca256_20,outer_fold,90,11,0.0008131894014556167,0.9574957949613297
fpca256_20,outer_fold,90,12,0.0007842072600042696,0.958280002221334
fpca256_20,outer_fold,90,13,0.0007715829693674684,0.9590515851907015
fpca256_20,outer_fold,90,14,0.0007630903789207534,0.9598146755696223
fpca256_20,outer_fold,90,15,0.0007205527078297631,0.9605352282774521
fpca256_20,outer_fold,90,16,0.000716457278910601,0.9612516855563626
fpca256_20,outer_fold,90,17,0.0006985639294104459,0.9619502494857731
fpca256_20,outer_fold,90,18,0.0006558769841960775,0.9626061264699692
fpca256_20,outer_fold,90,19,0.0006407049233991514,0.9632468313933684
fpca256_20,outer_fold,90,20,0.0006239749932108678,0.9638708063865793
fpca256_20,outer_fold,91,1,0.6445099548745067,0.6445099548745067
fpca256_20,outer_fold,91,2,0.25076393134853403,0.8952738862230407
fpca256_20,outer_fold,91,3,0.035558489423073034,0.9308323756461138
fpca256_20,outer_fold,91,4,0.018010323763569855,0.9488426994096836
fpca256_20,outer_fold,91,5,0.004309918457088444,0.953152617866772
fpca256_20,outer_fold,91,6,0.001569083728019991,0.954721701594792
fpca256_20,outer_fold,91,7,0.0012388578406300694,0.955960559435422
fpca256_20,outer_fold,91,8,0.0010104060152927492,0.9569709654507148
fpca256_20,outer_fold,91,9,0.0008930506937221067,0.957864016144437
fpca256_20,outer_fold,91,10,0.0008379021545960562,0.958701918299033
fpca256_20,outer_fold,91,11,0.0007698081860119629,0.9594717264850449
fpca256_20,outer_fold,91,12,0.0007562500195266756,0.9602279765045716
fpca256_20,outer_fold,91,13,0.0007132548899576174,0.9609412313945292
fpca256_20,outer_fold,91,14,0.0007061656136105797,0.9616473970081398
fpca256_20,outer_fold,91,15,0.0006899945738762626,0.9623373915820161
fpca256_20,outer_fold,91,16,0.0006707843549400521,0.9630081759369562
fpca256_20,outer_fold,91,17,0.000649710956438984,0.9636578868933952
fpca256_20,outer_fold,91,18,0.000642683353183143,0.9643005702465783
fpca256_20,outer_fold,91,19,0.0006246584115444073,0.9649252286581227
fpca256_20,outer_fold,91,20,0.0006011905597391677,0.9655264192178619
fpca256_20,outer_fold,92,1,0.6134483492837073,0.6134483492837073
fpca256_20,outer_fold,92,2,0.2830706799126066,0.8965190291963139
fpca256_20,outer_fold,92,3,0.031120953896143375,0.9276399830924572
fpca256_20,outer_fold,92,4,0.017310706913517142,0.9449506900059743
fpca256_20,outer_fold,92,5,0.004453909059231855,0.9494045990652061
fpca256_20,outer_fold,92,6,0.0016196518374247363,0.9510242509026309
fpca256_20,outer_fold,92,7,0.0012530478002305467,0.9522772987028614
fpca256_20,outer_fold,92,8,0.0010158183382539458,0.9532931170411153
fpca256_20,outer_fold,92,9,0.0009128665614976111,0.9542059836026129
fpca256_20,outer_fold,92,10,0.0008420089197369347,0.9550479925223498
fpca256_20,outer_fold,92,11,0.0008108993601156823,0.9558588918824655
fpca256_20,outer_fold,92,12,0.0008045513510471951,0.9566634432335127
fpca256_20,outer_fold,92,13,0.000790213545289949,0.9574536567788027
fpca256_20,outer_fold,92,14,0.0007651755471122254,0.9582188323259149
fpca256_20,outer_fold,92,15,0.0007505382960279639,0.9589693706219429
fpca256_20,outer_fold,92,16,0.0007289458368940987,0.959698316458837
fpca256_20,outer_fold,92,17,0.0007084242405739644,0.9604067406994109
fpca256_20,outer_fold,92,18,0.0006877497821942394,0.9610944904816051
fpca256_20,outer_fold,92,19,0.0006702305678499858,0.9617647210494551
fpca256_20,outer_fold,92,20,0.0006517167159843087,0.9624164377654394
fpca256_20,outer_fold,93,1,0.617246673753536,0.617246673753536
fpca256_20,outer_fold,93,2,0.2732736195341475,0.8905202932876836
fpca256_20,outer_fold,93,3,0.03779398516969647,0.92831427845738
fpca256_20,outer_fold,93,4,0.017708734716795686,0.9460230131741757
fpca256_20,outer_fold,93,5,0.004632845050612422,0.9506558582247882
fpca256_20,outer_fold,93,6,0.0017479675450592376,0.9524038257698474
fpca256_20,outer_fold,93,7,0.0012162655116516247,0.953620091281499
fpca256_20,outer_fold,93,8,0.0010144493507207514,0.9546345406322198
fpca256_20,outer_fold,93,9,0.0008995178257203287,0.95553405845794
fpca256_20,outer_fold,93,10,0.0008606690106660995,0.9563947274686061
fpca256_20,outer_fold,93,11,0.0008509741708071204,0.9572457016394132
fpca256_20,outer_fold,93,12,0.0007651860767668931,0.9580108877161801
fpca256_20,outer_fold,93,13,0.0007413325648771937,0.9587522202810573
fpca256_20,outer_fold,93,14,0.0007363039815174412,0.9594885242625748
fpca256_20,outer_fold,93,15,0.0007219379981942181,0.960210462260769
fpca256_20,outer_fold,93,16,0.0006933720371846339,0.9609038342979537
fpca256_20,outer_fold,93,17,0.0006866223966863332,0.96159045669464
fpca256_20,outer_fold,93,18,0.0006635114403526102,0.9622539681349926
fpca256_20,outer_fold,93,19,0.0006373317659242869,0.9628912999009169
fpca256_20,outer_fold,93,20,0.000620901052204352,0.9635122009531213
fpca256_20,outer_fold,94,1,0.6253062064845482,0.6253062064845482
fpca256_20,outer_fold,94,2,0.2639272206932673,0.8892334271778155
fpca256_20,outer_fold,94,3,0.035882906052324644,0.9251163332301402
fpca256_20,outer_fold,94,4,0.019174725021749706,0.9442910582518899
fpca256_20,outer_fold,94,5,0.004455401269952546,0.9487464595218424
fpca256_20,outer_fold,94,6,0.0017872320873640827,0.9505336916092065
fpca256_20,outer_fold,94,7,0.001301914167385227,0.9518356057765918
fpca256_20,outer_fold,94,8,0.0010703912805046095,0.9529059970570963
fpca256_20,outer_fold,94,9,0.0009736645475111006,0.9538796616046075
fpca256_20,outer_fold,94,10,0.0009497532168478476,0.9548294148214553
fpca256_20,outer_fold,94,11,0.0008610537379582201,0.9556904685594135
fpca256_20,outer_fold,94,12,0.0008177050034899454,0.9565081735629035
fpca256_20,outer_fold,94,13,0.0008067083394662154,0.9573148819023697
fpca256_20,outer_fold,94,14,0.0007735639228767905,0.9580884458252464
fpca256_20,outer_fold,94,15,0.0007552757542963047,0.9588437215795428
fpca256_20,outer_fold,94,16,0.0007339390158087856,0.9595776605953515
fpca256_20,outer_fold,94,17,0.0007280012969149384,0.9603056618922665
fpca256_20,outer_fold,94,18,0.0007040236487394923,0.961009685541006
fpca256_20,outer_fold,94,19,0.0006736143363015601,0.9616832998773075
fpca256_20,outer_fold,94,20,0.0006617268186918612,0.9623450266959993
fpca256_20,outer_fold,95,1,0.5978184196963011,0.5978184196963011
fpca256_20,outer_fold,95,2,0.284231798719388,0.8820502184156891
fpca256_20,outer_fold,95,3,0.0400261576483497,0.9220763760640388
fpca256_20,outer_fold,95,4,0.02050859245973695,0.9425849685237757
fpca256_20,outer_fold,95,5,0.004970312904941039,0.9475552814287167
fpca256_20,outer_fold,95,6,0.00195468579861203,0.9495099672273287
fpca256_20,outer_fold,95,7,0.0012675515922821446,0.9507775188196108
fpca256_20,outer_fold,95,8,0.0010301347633044939,0.9518076535829153
fpca256_20,outer_fold,95,9,0.0009386782109021484,0.9527463317938174
fpca256_20,outer_fold,95,10,0.0008826591697949775,0.9536289909636124
fpca256_20,outer_fold,95,11,0.0008525870852032091,0.9544815780488156
fpca256_20,outer_fold,95,12,0.000826156822116194,0.9553077348709318
fpca256_20,outer_fold,95,13,0.0008166899485591884,0.956124424819491
fpca256_20,outer_fold,95,14,0.0007845492489492692,0.9569089740684402
fpca256_20,outer_fold,95,15,0.0007693638822603122,0.9576783379507006
fpca256_20,outer_fold,95,16,0.0007368970627264714,0.9584152350134271
fpca256_20,outer_fold,95,17,0.0007116300660699386,0.959126865079497
fpca256_20,outer_fold,95,18,0.0006922188857695847,0.9598190839652665
fpca256_20,outer_fold,95,19,0.0006851816666989657,0.9605042656319654
fpca256_20,outer_fold,95,20,0.0006671139004538045,0.9611713795324193
fpca256_20,outer_fold,96,1,0.6377288404219754,0.6377288404219754
fpca256_20,outer_fold,96,2,0.2549558957058044,0.8926847361277799
fpca256_20,outer_fold,96,3,0.034677068262626044,0.9273618043904059
fpca256_20,outer_fold,96,4,0.018379733280462836,0.9457415376708688
fpca256_20,outer_fold,96,5,0.004696180147416047,0.9504377178182848
fpca256_20,outer_fold,96,6,0.001667503578068712,0.9521052213963535
fpca256_20,outer_fold,96,7,0.0012909241797791186,0.9533961455761326
fpca256_20,outer_fold,96,8,0.001034612611722166,0.9544307581878548
fpca256_20,outer_fold,96,9,0.0009243052079363773,0.9553550633957912
fpca256_20,outer_fold,96,10,0.0008649584671027172,0.956220021862894
fpca256_20,outer_fold,96,11,0.0008015139663375601,0.9570215358292316
fpca256_20,outer_fold,96,12,0.0007999295516689587,0.9578214653809005
fpca256_20,outer_fold,96,13,0.0007736572909270192,0.9585951226718276
fpca256_20,outer_fold,96,14,0.0007326955163598939,0.9593278181881875
fpca256_20,outer_fold,96,15,0.0007225368925678386,0.9600503550807553
fpca256_20,outer_fold,96,16,0.0007074498141975543,0.9607578048949529
fpca256_20,outer_fold,96,17,0.0007014896141359178,0.9614592945090888
fpca256_20,outer_fold,96,18,0.000684740585742248,0.962144035094831
fpca256_20,outer_fold,96,19,0.0006549787234636554,0.9627990138182947
fpca256_20,outer_fold,96,20,0.0006427443958809017,0.9634417582141755
fpca256_20,outer_fold,97,1,0.6346431592614533,0.6346431592614533
fpca256_20,outer_fold,97,2,0.26190002826779835,0.8965431875292517
fpca256_20,outer_fold,97,3,0.03425191969640014,0.9307951072256518
fpca256_20,outer_fold,97,4,0.017157267387470542,0.9479523746131224
fpca256_20,outer_fold,97,5,0.004435810872401546,0.952388185485524
fpca256_20,outer_fold,97,6,0.0016463981790214891,0.9540345836645454
fpca256_20,outer_fold,97,7,0.0012140536045096957,0.9552486372690551
fpca256_20,outer_fold,97,8,0.0009925011234543568,0.9562411383925095
fpca256_20,outer_fold,97,9,0.0008890641968299048,0.9571302025893393
fpca256_20,outer_fold,97,10,0.0008499417314335425,0.9579801443207728
fpca256_20,outer_fold,97,11,0.0007944724437667417,0.9587746167645396
fpca256_20,outer_fold,97,12,0.0007679177920434548,0.959542534556583
fpca256_20,outer_fold,97,13,0.0007429211271775248,0.9602854556837606
fpca256_20,outer_fold,97,14,0.0007292212558463625,0.961014676939607
fpca256_20,outer_fold,97,15,0.00069367017135618,0.9617083471109631
fpca256_20,outer_fold,97,16,0.0006696038336790356,0.9623779509446422
fpca256_20,outer_fold,97,17,0.0006478072534414414,0.9630257581980837
fpca256_20,outer_fold,97,18,0.000628859218558341,0.963654617416642
fpca256_20,outer_fold,97,19,0.0006193668111062112,0.9642739842277482
fpca256_20,outer_fold,97,20,0.000607556319958311,0.9648815405477066
fpca256_20,outer_fold,98,1,0.6408896865582484,0.6408896865582484
fpca256_20,outer_fold,98,2,0.25086866246851064,0.8917583490267591
fpca256_20,outer_fold,98,3,0.03689575123814031,0.9286541002648994
fpca256_20,outer_fold,98,4,0.018480342144557172,0.9471344424094565
fpca256_20,outer_fold,98,5,0.004377805952062057,0.9515122483615186
fpca256_20,outer_fold,98,6,0.0016080901986052945,0.9531203385601239
fpca256_20,outer_fold,98,7,0.0012608550892801997,0.9543811936494041
fpca256_20,outer_fold,98,8,0.0010410150079333284,0.9554222086573374
fpca256_20,outer_fold,98,9,0.0009506061949602696,0.9563728148522976
fpca256_20,outer_fold,98,10,0.000882687791446622,0.9572555026437443
fpca256_20,outer_fold,98,11,0.0008017202342283678,0.9580572228779727
fpca256_20,outer_fold,98,12,0.0007808712610041204,0.9588380941389768
fpca256_20,outer_fold,98,13,0.000750705178269503,0.9595887993172463
fpca256_20,outer_fold,98,14,0.0007365817010053131,0.9603253810182516
fpca256_20,outer_fold,98,15,0.0007118767672208367,0.9610372577854724
fpca256_20,outer_fold,98,16,0.0006852130342790164,0.9617224708197515
fpca256_20,outer_fold,98,17,0.0006805522309477458,0.9624030230506992
fpca256_20,outer_fold,98,18,0.0006636077464550996,0.9630666307971544
fpca256_20,outer_fold,98,19,0.0006328724491508654,0.9636995032463053
fpca256_20,outer_fold,98,20,0.0006286625416265483,0.9643281657879318
fpca256_20,outer_fold,99,1,0.6243807953221133,0.6243807953221133
fpca256_20,outer_fold,99,2,0.2754218931904413,0.8998026885125546
fpca256_20,outer_fold,99,3,0.031556826047357135,0.9313595145599117
fpca256_20,outer_fold,99,4,0.015146830971057932,0.9465063455309697
fpca256_20,outer_fold,99,5,0.00438930383999211,0.9508956493709618
fpca256_20,outer_fold,99,6,0.0015614783284248895,0.9524571276993867
fpca256_20,outer_fold,99,7,0.0013397716421404175,0.9537968993415271
fpca256_20,outer_fold,99,8,0.0009958650936629221,0.95479276443519
fpca256_20,outer_fold,99,9,0.0009378009957052923,0.9557305654308953
fpca256_20,outer_fold,99,10,0.0009229318282157899,0.9566534972591111
fpca256_20,outer_fold,99,11,0.0008079976674141667,0.9574614949265252
fpca256_20,outer_fold,99,12,0.0007837187363156588,0.9582452136628409
fpca256_20,outer_fold,99,13,0.0007730383762161304,0.959018252039057
fpca256_20,outer_fold,99,14,0.0007488912786441525,0.9597671433177012
fpca256_20,outer_fold,99,15,0.0007304262874013394,0.9604975696051026
fpca256_20,outer_fold,99,16,0.0007022714593369242,0.9611998410644395
fpca256_20,outer_fold,99,17,0.0006993692801374759,0.9618992103445769
fpca256_20,outer_fold,99,18,0.0006740169920394569,0.9625732273366164
fpca256_20,outer_fold,99,19,0.00065464996256637,0.9632278772991828
fpca256_20,outer_fold,99,20,0.0006226711257805551,0.9638505484249633
fpca256_20,train_all,-1,1,0.6271078545075195,0.6271078545075195
fpca256_20,train_all,-1,2,0.26525530413765086,0.8923631586451704
fpca256_20,train_all,-1,3,0.035554427210622276,0.9279175858557926
fpca256_20,train_all,-1,4,0.0179957117370007,0.9459132975927933
fpca256_20,train_all,-1,5,0.0045452802922641275,0.9504585778850574
fpca256_20,train_all,-1,6,0.001653306984919975,0.9521118848699773
fpca256_20,train_all,-1,7,0.001222568523345012,0.9533344533933223
fpca256_20,train_all,-1,8,0.0009605026711028749,0.9542949560644253
fpca256_20,train_all,-1,9,0.0008683644065313421,0.9551633204709566
fpca256_20,train_all,-1,10,0.0008260524741645456,0.9559893729451212
fpca256_20,train_all,-1,11,0.0007538166343137122,0.9567431895794349
fpca256_20,train_all,-1,12,0.0007372109503579491,0.9574804005297929
fpca256_20,train_all,-1,13,0.0007088435181576851,0.9581892440479506
fpca256_20,train_all,-1,14,0.0007003792454530092,0.9588896232934035
fpca256_20,train_all,-1,15,0.0006838301519085621,0.9595734534453121
fpca256_20,train_all,-1,16,0.0006693485684416612,0.9602428020137538
fpca256_20,train_all,-1,17,0.0006506678585405749,0.9608934698722944
fpca256_20,train_all,-1,18,0.000621258407320604,0.961514728279615
fpca256_20,train_all,-1,19,0.0006176602880141295,0.9621323885676292
fpca256_20,train_all,-1,20,0.0005910445971038406,0.962723433164733
fpca256_25,outer_fold,0,1,0.5962228543092989,0.5962228543092989
fpca256_25,outer_fold,0,2,0.2877403604939902,0.8839632148032891
fpca256_25,outer_fold,0,3,0.037655443193419534,0.9216186579967086
fpca256_25,outer_fold,0,4,0.02079599522465567,0.9424146532213643
fpca256_25,outer_fold,0,5,0.005193944995995749,0.9476085982173601
fpca256_25,outer_fold,0,6,0.001918991647146901,0.949527589864507
fpca256_25,outer_fold,0,7,0.0012721468353007728,0.9507997366998078
fpca256_25,outer_fold,0,8,0.0010039237798313847,0.9518036604796392
fpca256_25,outer_fold,0,9,0.0009731892997849463,0.9527768497794241
fpca256_25,outer_fold,0,10,0.0008869319354051319,0.9536637817148292
fpca256_25,outer_fold,0,11,0.0008398706001217309,0.9545036523149509
fpca256_25,outer_fold,0,12,0.0008238815960680044,0.955327533911019
fpca256_25,outer_fold,0,13,0.0007945276459907965,0.9561220615570097
fpca256_25,outer_fold,0,14,0.0007621661887481312,0.9568842277457579
fpca256_25,outer_fold,0,15,0.0007594069278100375,0.957643634673568
fpca256_25,outer_fold,0,16,0.0007402890747457851,0.9583839237483137
fpca256_25,outer_fold,0,17,0.0007166439998249559,0.9591005677481387
fpca256_25,outer_fold,0,18,0.0006880404358362887,0.9597886081839749
fpca256_25,outer_fold,0,19,0.0006744915953109835,0.9604630997792859
fpca256_25,outer_fold,0,20,0.0006684112115071766,0.9611315109907931
fpca256_25,outer_fold,0,21,0.00065766139126537,0.9617891723820584
fpca256_25,outer_fold,0,22,0.0006419168194594827,0.9624310892015179
fpca256_25,outer_fold,0,23,0.0006215066652791054,0.963052595866797
fpca256_25,outer_fold,0,24,0.0006131576696170935,0.9636657535364141
fpca256_25,outer_fold,0,25,0.0006003950251765551,0.9642661485615907
fpca256_25,outer_fold,1,1,0.6363370813266912,0.6363370813266912
fpca256_25,outer_fold,1,2,0.26367876252951183,0.900015843856203
fpca256_25,outer_fold,1,3,0.03353732175910825,0.9335531656153113
fpca256_25,outer_fold,1,4,0.016190985494279747,0.9497441511095911
fpca256_25,outer_fold,1,5,0.004295661902100834,0.9540398130116919
fpca256_25,outer_fold,1,6,0.0015879342409612204,0.9556277472526532
fpca256_25,outer_fold,1,7,0.0011498277939022894,0.9567775750465555
fpca256_25,outer_fold,1,8,0.000978846328878009,0.9577564213754335
fpca256_25,outer_fold,1,9,0.0008564912270993208,0.9586129126025328
fpca256_25,outer_fold,1,10,0.0008307918540198063,0.9594437044565526
fpca256_25,outer_fold,1,11,0.0007535384673176162,0.9601972429238702
fpca256_25,outer_fold,1,12,0.000740723527751689,0.9609379664516219
fpca256_25,outer_fold,1,13,0.0007168414295939587,0.9616548078812158
fpca256_25,outer_fold,1,14,0.0006937494366509624,0.9623485573178668
fpca256_25,outer_fold,1,15,0.000679878125809114,0.963028435443676
fpca256_25,outer_fold,1,16,0.000673189630870369,0.9637016250745464
fpca256_25,outer_fold,1,17,0.0006570956780140103,0.9643587207525603
fpca256_25,outer_fold,1,18,0.0006298822781644782,0.9649886030307249
fpca256_25,outer_fold,1,19,0.000606098116782327,0.9655947011475072
fpca256_25,outer_fold,1,20,0.0005883685840446595,0.9661830697315519
fpca256_25,outer_fold,1,21,0.000583065786582635,0.9667661355181345
fpca256_25,outer_fold,1,22,0.000581008228465076,0.9673471437465996
fpca256_25,outer_fold,1,23,0.0005608696049391744,0.9679080133515388
fpca256_25,outer_fold,1,24,0.0005513060259340043,0.9684593193774728
fpca256_25,outer_fold,1,25,0.0005395925571547931,0.9689989119346275
fpca256_25,outer_fold,2,1,0.645937751028479,0.645937751028479
fpca256_25,outer_fold,2,2,0.24857013587229465,0.8945078869007737
fpca256_25,outer_fold,2,3,0.034397648959243673,0.9289055358600173
fpca256_25,outer_fold,2,4,0.017342118475756032,0.9462476543357734
fpca256_25,outer_fold,2,5,0.00412866093387592,0.9503763152696493
fpca256_25,outer_fold,2,6,0.0015945406928855115,0.9519708559625348
fpca256_25,outer_fold,2,7,0.0012486820731712645,0.9532195380357061
fpca256_25,outer_fold,2,8,0.0010348689819235494,0.9542544070176296
fpca256_25,outer_fold,2,9,0.0009261673593443343,0.955180574376974
fpca256_25,outer_fold,2,10,0.0009109307099130232,0.956091505086887
fpca256_25,outer_fold,2,11,0.0008031031698815916,0.9568946082567686
fpca256_25,outer_fold,2,12,0.0007771612221422462,0.9576717694789109
fpca256_25,outer_fold,2,13,0.0007467871366838238,0.9584185566155947
fpca256_25,outer_fold,2,14,0.0007367457842084353,0.9591553023998032
fpca256_25,outer_fold,2,15,0.0007226875376273526,0.9598779899374306
fpca256_25,outer_fold,2,16,0.0007088961045381371,0.9605868860419687
fpca256_25,outer_fold,2,17,0.0006943596666118022,0.9612812457085805
fpca256_25,outer_fold,2,18,0.0006475240886347801,0.9619287697972153
fpca256_25,outer_fold,2,19,0.0006328789250299897,0.9625616487222453
fpca256_25,outer_fold,2,20,0.00063017773087239,0.9631918264531176
fpca256_25,outer_fold,2,21,0.0006197737474334603,0.9638116002005511
fpca256_25,outer_fold,2,22,0.0006066681901248659,0.964418268390676
fpca256_25,outer_fold,2,23,0.0006029995269860471,0.9650212679176621
fpca256_25,outer_fold,2,24,0.0005845320443694925,0.9656057999620316
fpca256_25,outer_fold,2,25,0.0005772869509754213,0.966183086913007
fpca256_25,outer_fold,3,1,0.593067669964185,0.593067669964185
fpca256_25,outer_fold,3,2,0.29416320060641077,0.8872308705705958
fpca256_25,outer_fold,3,3,0.03759950278427228,0.9248303733548681
fpca256_25,outer_fold,3,4,0.019226617737353922,0.944056991092222
fpca256_25,outer_fold,3,5,0.0047921649406667925,0.9488491560328888
fpca256_25,outer_fold,3,6,0.0017788410091782215,0.950627997042067
fpca256_25,outer_fold,3,7,0.00132092326187217,0.9519489203039392
fpca256_25,outer_fold,3,8,0.0010469831555315024,0.9529959034594707
fpca256_25,outer_fold,3,9,0.0009208282158256622,0.9539167316752963
fpca256_25,outer_fold,3,10,0.0008907584791196149,0.9548074901544159
fpca256_25,outer_fold,3,11,0.0008528142649888311,0.9556603044194047
fpca256_25,outer_fold,3,12,0.0008318284372073956,0.9564921328566122
fpca256_25,outer_fold,3,13,0.0007887244377158072,0.957280857294328
fpca256_25,outer_fold,3,14,0.0007588610497467616,0.9580397183440748
fpca256_25,outer_fold,3,15,0.00075272236700623,0.9587924407110809
fpca256_25,outer_fold,3,16,0.0007431398499187337,0.9595355805609996
fpca256_25,outer_fold,3,17,0.000723090249265697,0.9602586708102653
fpca256_25,outer_fold,3,18,0.0007172471931342889,0.9609759180033995
fpca256_25,outer_fold,3,19,0.0006884040031023779,0.9616643220065019
fpca256_25,outer_fold,3,20,0.0006783891828846385,0.9623427111893865
fpca256_25,outer_fold,3,21,0.0006487555673155871,0.9629914667567021
fpca256_25,outer_fold,3,22,0.0006450081496550765,0.9636364749063572
fpca256_25,outer_fold,3,23,0.0006239132920035557,0.9642603881983607
fpca256_25,outer_fold,3,24,0.000600392946633467,0.9648607811449942
fpca256_25,outer_fold,3,25,0.000589120021707987,0.9654499011667022
fpca256_25,outer_fold,4,1,0.6599399922385685,0.6599399922385685
fpca256_25,outer_fold,4,2,0.23602504892985707,0.8959650411684256
fpca256_25,outer_fold,4,3,0.034053978213744326,0.9300190193821699
fpca256_25,outer_fold,4,4,0.01686521184470233,0.9468842312268723
fpca256_25,outer_fold,4,5,0.004505146865846841,0.9513893780927191
fpca256_25,outer_fold,4,6,0.0016117475313868364,0.9530011256241059
fpca256_25,outer_fold,4,7,0.00135323105546897,0.9543543566795748
fpca256_25,outer_fold,4,8,0.0010279753832218796,0.9553823320627967
fpca256_25,outer_fold,4,9,0.0009286800639767246,0.9563110121267734
fpca256_25,outer_fold,4,10,0.000907947905364137,0.9572189600321375
fpca256_25,outer_fold,4,11,0.0008227572962387694,0.9580417173283763
fpca256_25,outer_fold,4,12,0.0007896122509315744,0.9588313295793078
fpca256_25,outer_fold,4,13,0.0007611699257022111,0.95959249950501
fpca256_25,outer_fold,4,14,0.0007444976896205387,0.9603369971946306
fpca256_25,outer_fold,4,15,0.0007101779585405656,0.9610471751531712
fpca256_25,outer_fold,4,16,0.0006779048415507455,0.9617250799947219
fpca256_25,outer_fold,4,17,0.0006719757745865258,0.9623970557693085
fpca256_25,outer_fold,4,18,0.0006623381311607685,0.9630593939004692
fpca256_25,outer_fold,4,19,0.000643595075518654,0.9637029889759879
fpca256_25,outer_fold,4,20,0.0006246389597032386,0.9643276279356912
fpca256_25,outer_fold,4,21,0.0006211482560608071,0.964948776191752
fpca256_25,outer_fold,4,22,0.0005938473424274781,0.9655426235341795
fpca256_25,outer_fold,4,23,0.0005796762601267155,0.9661222997943062
fpca256_25,outer_fold,4,24,0.0005742497660066692,0.9666965495603128
fpca256_25,outer_fold,4,25,0.0005699502901583454,0.9672664998504712
fpca256_25,outer_fold,5,1,0.6431408591174037,0.6431408591174037
fpca256_25,outer_fold,5,2,0.2559383643070669,0.8990792234244707
fpca256_25,outer_fold,5,3,0.03543817233347453,0.9345173957579452
fpca256_25,outer_fold,5,4,0.015434091192097162,0.9499514869500424
fpca256_25,outer_fold,5,5,0.004026957687619234,0.9539784446376616
fpca256_25,outer_fold,5,6,0.0015410784628697913,0.9555195231005313
fpca256_25,outer_fold,5,7,0.0012077757751119197,0.9567272988756432
fpca256_25,outer_fold,5,8,0.000979320957110333,0.9577066198327535
fpca256_25,outer_fold,5,9,0.0008853628233409689,0.9585919826560945
fpca256_25,outer_fold,5,10,0.0008455561956670443,0.9594375388517615
fpca256_25,outer_fold,5,11,0.0007565292019954714,0.960194068053757
fpca256_25,outer_fold,5,12,0.0007350487840775052,0.9609291168378344
fpca256_25,outer_fold,5,13,0.0007153656434843624,0.9616444824813188
fpca256_25,outer_fold,5,14,0.0006866873957635291,0.9623311698770823
fpca256_25,outer_fold,5,15,0.0006747533185652064,0.9630059231956476
fpca256_25,outer_fold,5,16,0.0006632007524923895,0.96366912394814
fpca256_25,outer_fold,5,17,0.0006505248187991846,0.9643196487669392
fpca256_25,outer_fold,5,18,0.0006344253188893061,0.9649540740858286
fpca256_25,outer_fold,5,19,0.0006223042365607589,0.9655763783223893
fpca256_25,outer_fold,5,20,0.0006019737621076332,0.966178352084497
fpca256_25,outer_fold,5,21,0.0005958497533244998,0.9667742018378215
fpca256_25,outer_fold,5,22,0.0005834191223983403,0.9673576209602198
fpca256_25,outer_fold,5,23,0.0005600096323072218,0.967917630592527
fpca256_25,outer_fold,5,24,0.0005466428858180483,0.9684642734783451
fpca256_25,outer_fold,5,25,0.0005312944443894648,0.9689955679227346
fpca256_25,outer_fold,6,1,0.6488398007490208,0.6488398007490208
fpca256_25,outer_fold,6,2,0.24714810557279251,0.8959879063218134
fpca256_25,outer_fold,6,3,0.033987429814161994,0.9299753361359754
fpca256_25,outer_fold,6,4,0.017340251932976454,0.9473155880689519
fpca256_25,outer_fold,6,5,0.004319609495709445,0.9516351975646613
fpca256_25,outer_fold,6,6,0.0015867437789509893,0.9532219413436123
fpca256_25,outer_fold,6,7,0.001290603664597259,0.9545125450082095
fpca256_25,outer_fold,6,8,0.0010259378148518646,0.9555384828230613
fpca256_25,outer_fold,6,9,0.0009053804760140935,0.9564438632990754
fpca256_25,outer_fold,6,10,0.0008551070704809309,0.9572989703695564
fpca256_25,outer_fold,6,11,0.0008032081673563383,0.9581021785369127
fpca256_25,outer_fold,6,12,0.0007923554539199346,0.9588945339908327
fpca256_25,outer_fold,6,13,0.0007512782503010657,0.9596458122411338
fpca256_25,outer_fold,6,14,0.0007299273685852062,0.960375739609719
fpca256_25,outer_fold,6,15,0.0007195863822792363,0.9610953259919982
fpca256_25,outer_fold,6,16,0.0006907120487255912,0.9617860380407238
fpca256_25,outer_fold,6,17,0.0006824472121905061,0.9624684852529143
fpca256_25,outer_fold,6,18,0.0006699486487202858,0.9631384339016346
fpca256_25,outer_fold,6,19,0.0006339962562013391,0.9637724301578359
fpca256_25,outer_fold,6,20,0.0006216331018618365,0.9643940632596977
fpca256_25,outer_fold,6,21,0.0006129070283837384,0.9650069702880815
fpca256_25,outer_fold,6,22,0.0005891289043705614,0.965596099192452
fpca256_25,outer_fold,6,23,0.0005833080242248754,0.9661794072166769
fpca256_25,outer_fold,6,24,0.0005665383429252626,0.9667459455596022
fpca256_25,outer_fold,6,25,0.0005579277266463315,0.9673038732862486
fpca256_25,outer_fold,7,1,0.63013887645128,0.63013887645128
fpca256_25,outer_fold,7,2,0.26458215289350556,0.8947210293447856
fpca256_25,outer_fold,7,3,0.03296520089855044,0.9276862302433361
fpca256_25,outer_fold,7,4,0.018291036932917934,0.945977267176254
fpca256_25,outer_fold,7,5,0.004554436657191368,0.9505317038334453
fpca256_25,outer_fold,7,6,0.0016357910332536918,0.952167494866699
fpca256_25,outer_fold,7,7,0.0013277789887039852,0.953495273855403
fpca256_25,outer_fold,7,8,0.0010312700263515563,0.9545265438817545
fpca256_25,outer_fold,7,9,0.0009326047420179604,0.9554591486237725
fpca256_25,outer_fold,7,10,0.0009101304239919285,0.9563692790477644
fpca256_25,outer_fold,7,11,0.0008078967515324745,0.9571771757992968
fpca256_25,outer_fold,7,12,0.0007745774036057153,0.9579517532029026
fpca256_25,outer_fold,7,13,0.0007655876149446902,0.9587173408178473
fpca256_25,outer_fold,7,14,0.0007509570980469397,0.9594682979158943
fpca256_25,outer_fold,7,15,0.0007320351237818055,0.9602003330396761
fpca256_25,outer_fold,7,16,0.0007129695914988083,0.9609133026311749
fpca256_25,outer_fold,7,17,0.000706040148242418,0.9616193427794173
fpca256_25,outer_fold,7,18,0.0006753011199597736,0.962294643899377
fpca256_25,outer_fold,7,19,0.0006422318338661108,0.9629368757332432
fpca256_25,outer_fold,7,20,0.0006376041609122221,0.9635744798941553
fpca256_25,outer_fold,7,21,0.0006216059528087473,0.9641960858469641
fpca256_25,outer_fold,7,22,0.0006061959447498816,0.964802281791714
fpca256_25,outer_fold,7,23,0.0006035389391512957,0.9654058207308653
fpca256_25,outer_fold,7,24,0.0005830268765775578,0.9659888476074429
fpca256_25,outer_fold,7,25,0.000577678342253979,0.9665665259496968
fpca256_25,outer_fold,8,1,0.626907064075867,0.626907064075867
fpca256_25,outer_fold,8,2,0.2657791551963602,0.8926862192722272
fpca256_25,outer_fold,8,3,0.03595785074356516,0.9286440700157924
fpca256_25,outer_fold,8,4,0.01795726898907512,0.9466013390048675
fpca256_25,outer_fold,8,5,0.0046601791062080115,0.9512615181110755
fpca256_25,outer_fold,8,6,0.0017701390031370637,0.9530316571142126
fpca256_25,outer_fold,8,7,0.001196239318311324,0.9542278964325239
fpca256_25,outer_fold,8,8,0.0010303306491738437,0.9552582270816977
fpca256_25,outer_fold,8,9,0.0009009436846568201,0.9561591707663546
fpca256_25,outer_fold,8,10,0.0008906618592736932,0.9570498326256283
fpca256_25,outer_fold,8,11,0.000776909486157503,0.9578267421117858
fpca256_25,outer_fold,8,12,0.0007731646226385229,0.9585999067344243
fpca256_25,outer_fold,8,13,0.0007469916349229792,0.9593468983693473
fpca256_25,outer_fold,8,14,0.000722063645908871,0.9600689620152562
fpca256_25,outer_fold,8,15,0.0007096554534363127,0.9607786174686924
fpca256_25,outer_fold,8,16,0.0007046515890217051,0.9614832690577141
fpca256_25,outer_fold,8,17,0.0006795714098078935,0.962162840467522
fpca256_25,outer_fold,8,18,0.0006593351580729443,0.9628221756255949
fpca256_25,outer_fold,8,19,0.0006466035267722672,0.9634687791523672
fpca256_25,outer_fold,8,20,0.0006161302238908335,0.964084909376258
fpca256_25,outer_fold,8,21,0.0006077209150410697,0.964692630291299
fpca256_25,outer_fold,8,22,0.0006052652616004868,0.9652978955528996
fpca256_25,outer_fold,8,23,0.0005778121850201626,0.9658757077379198
fpca256_25,outer_fold,8,24,0.0005729057509838047,0.9664486134889035
fpca256_25,outer_fold,8,25,0.0005498224340618807,0.9669984359229654
fpca256_25,outer_fold,9,1,0.5878816987081966,0.5878816987081966
fpca256_25,outer_fold,9,2,0.29170076336040063,0.8795824620685972
fpca256_25,outer_fold,9,3,0.03877927141913422,0.9183617334877314
fpca256_25,outer_fold,9,4,0.021116405005205462,0.9394781384929369
fpca256_25,outer_fold,9,5,0.005304309413556041,0.944782447906493
fpca256_25,outer_fold,9,6,0.0019143289812243536,0.9466967768877174
fpca256_25,outer_fold,9,7,0.0012807041255433924,0.9479774810132607
fpca256_25,outer_fold,9,8,0.0011126243164388185,0.9490901053296995
fpca256_25,outer_fold,9,9,0.0010153217907184898,0.950105427120418
fpca256_25,outer_fold,9,10,0.0009439916782430473,0.951049418798661
fpca256_25,outer_fold,9,11,0.0009032172930403652,0.9519526360917013
fpca256_25,outer_fold,9,12,0.0008578555186953148,0.9528104916103967
fpca256_25,outer_fold,9,13,0.0008484423880006094,0.9536589339983973
fpca256_25,outer_fold,9,14,0.0008180533871084547,0.9544769873855058
fpca256_25,outer_fold,9,15,0.0008018572151401226,0.9552788446006459
fpca256_25,outer_fold,9,16,0.0007834407069608799,0.9560622853076068
fpca256_25,outer_fold,9,17,0.0007621218365446804,0.9568244071441515
fpca256_25,outer_fold,9,18,0.0007473272503904578,0.957571734394542
fpca256_25,outer_fold,9,19,0.0007322449808488732,0.9583039793753909
fpca256_25,outer_fold,9,20,0.0007135541626309728,0.9590175335380219
fpca256_25,outer_fold,9,21,0.0006950853104453904,0.9597126188484673
fpca256_25,outer_fold,9,22,0.0006788073875709003,0.9603914262360381
fpca256_25,outer_fold,9,23,0.0006589788889843712,0.9610504051250225
fpca256_25,outer_fold,9,24,0.0006417164683061092,0.9616921215933286
fpca256_25,outer_fold,9,25,0.0006277225802243709,0.962319844173553
fpca256_25,outer_fold,10,1,0.6336743292819567,0.6336743292819567
fpca256_25,outer_fold,10,2,0.26351557874868303,0.8971899080306397
fpca256_25,outer_fold,10,3,0.03525112485204685,0.9324410328826865
fpca256_25,outer_fold,10,4,0.016861894262336204,0.9493029271450227
fpca256_25,outer_fold,10,5,0.004357031987315164,0.9536599591323379
fpca256_25,outer_fold,10,6,0.0015923483765436135,0.9552523075088816
fpca256_25,outer_fold,10,7,0.0012475156304137022,0.9564998231392953
fpca256_25,outer_fold,10,8,0.0010077522490263343,0.9575075753883217
fpca256_25,outer_fold,10,9,0.0008793537434967287,0.9583869291318183
fpca256_25,outer_fold,10,10,0.0008466119756493106,0.9592335411074676
fpca256_25,outer_fold,10,11,0.0007750917984349757,0.9600086329059025
fpca256_25,outer_fold,10,12,0.0007540607737931323,0.9607626936796957
fpca256_25,outer_fold,10,13,0.0007222884219850994,0.9614849821016808
fpca256_25,outer_fold,10,14,0.0006824678828637696,0.9621674499845445
fpca256_25,outer_fold,10,15,0.0006778842760908804,0.9628453342606353
fpca256_25,outer_fold,10,16,0.0006627211753462164,0.9635080554359816
fpca256_25,outer_fold,10,17,0.0006399109747727337,0.9641479664107544
fpca256_25,outer_fold,10,18,0.0006373491999193324,0.9647853156106737
fpca256_25,outer_fold,10,19,0.0006227180540303436,0.9654080336647041
fpca256_25,outer_fold,10,20,0.0006105955101642705,0.9660186291748684
fpca256_25,outer_fold,10,21,0.0006060296531303886,0.9666246588279988
fpca256_25,outer_fold,10,22,0.0005749045277299564,0.9671995633557287
fpca256_25,outer_fold,10,23,0.0005701407099850041,0.9677697040657136
fpca256_25,outer_fold,10,24,0.0005557212216710045,0.9683254252873846
fpca256_25,outer_fold,10,25,0.0005340627033841221,0.9688594879907687
fpca256_25,outer_fold,11,1,0.6163441816801122,0.6163441816801122
fpca256_25,outer_fold,11,2,0.27078064297043786,0.8871248246505501
fpca256_25,outer_fold,11,3,0.03688205631549303,0.9240068809660431
fpca256_25,outer_fold,11,4,0.01872222060713144,0.9427291015731746
fpca256_25,outer_fold,11,5,0.004875458329700307,0.9476045599028748
fpca256_25,outer_fold,11,6,0.0017668054522461001,0.9493713653551209
fpca256_25,outer_fold,11,7,0.0012451882653370407,0.9506165536204579
fpca256_25,outer_fold,11,8,0.001074142683025947,0.9516906963034839
fpca256_25,outer_fold,11,9,0.0009785705853156174,0.9526692668887995
fpca256_25,outer_fold,11,10,0.0008843455548509193,0.9535536124436504
fpca256_25,outer_fold,11,11,0.0008546385924364649,0.954408251036087
fpca256_25,outer_fold,11,12,0.0008479916599618357,0.9552562426960488
fpca256_25,outer_fold,11,13,0.0008026619878073805,0.9560589046838562
fpca256_25,outer_fold,11,14,0.0007953361644481498,0.9568542408483044
fpca256_25,outer_fold,11,15,0.0007623924655477265,0.9576166333138522
fpca256_25,outer_fold,11,16,0.0007393538656383256,0.9583559871794904
fpca256_25,outer_fold,11,17,0.0007284239795057733,0.9590844111589962
fpca256_25,outer_fold,11,18,0.0006964747093990682,0.9597808858683953
fpca256_25,outer_fold,11,19,0.0006885043428803277,0.9604693902112756
fpca256_25,outer_fold,11,20,0.0006765450467778146,0.9611459352580535
fpca256_25,outer_fold,11,21,0.0006569986920806047,0.961802933950134
fpca256_25,outer_fold,11,22,0.0006535613033820921,0.9624564952535162
fpca256_25,outer_fold,11,23,0.0006417370694017704,0.9630982323229179
fpca256_25,outer_fold,11,24,0.0006224792104370521,0.9637207115333549
fpca256_25,outer_fold,11,25,0.0006149631706986222,0.9643356747040536
fpca256_25,outer_fold,12,1,0.628178773015146,0.628178773015146
fpca256_25,outer_fold,12,2,0.26043134756007463,0.8886101205752206
fpca256_25,outer_fold,12,3,0.03723071382782117,0.9258408344030418
fpca256_25,outer_fold,12,4,0.018739410706525125,0.9445802451095668
fpca256_25,outer_fold,12,5,0.004259205154896766,0.9488394502644636
fpca256_25,outer_fold,12,6,0.0017763322075752598,0.9506157824720388
fpca256_25,outer_fold,12,7,0.001362365100125036,0.9519781475721638
fpca256_25,outer_fold,12,8,0.0010489259302845328,0.9530270735024483
fpca256_25,outer_fold,12,9,0.0009157194722295111,0.9539427929746778
fpca256_25,outer_fold,12,10,0.0008916690339224825,0.9548344620086002
fpca256_25,outer_fold,12,11,0.0008401384361283833,0.9556746004447286
fpca256_25,outer_fold,12,12,0.0007952323880305367,0.9564698328327592
fpca256_25,outer_fold,12,13,0.0007902868052095234,0.9572601196379688
fpca256_25,outer_fold,12,14,0.0007595919285384678,0.9580197115665072
fpca256_25,outer_fold,12,15,0.0007440002519609463,0.9587637118184682
fpca256_25,outer_fold,12,16,0.0007289978998074874,0.9594927097182757
fpca256_25,outer_fold,12,17,0.0007004771395007405,0.9601931868577764
fpca256_25,outer_fold,12,18,0.0006803584108975437,0.960873545268674
fpca256_25,outer_fold,12,19,0.0006602680103580179,0.961533813279032
fpca256_25,outer_fold,12,20,0.0006467673157966101,0.9621805805948286
fpca256_25,outer_fold,12,21,0.0006331688046197411,0.9628137493994483
fpca256_25,outer_fold,12,22,0.0006195258053110815,0.9634332752047594
fpca256_25,outer_fold,12,23,0.0006106734710505634,0.96404394867581
fpca256_25,outer_fold,12,24,0.0005922189743939239,0.9646361676502039
fpca256_25,outer_fold,12,25,0.0005842090854489437,0.9652203767356529
fpca256_25,outer_fold,13,1,0.6162037635468337,0.6162037635468337
fpca256_25,outer_fold,13,2,0.2723258439290213,0.8885296074758551
fpca256_25,outer_fold,13,3,0.03671317830531699,0.925242785781172
fpca256_25,outer_fold,13,4,0.0192622214325686,0.9445050072137406
fpca256_25,outer_fold,13,5,0.004898855598504332,0.949403862812245
fpca256_25,outer_fold,13,6,0.0017786020813769954,0.951182464893622
fpca256_25,outer_fold,13,7,0.0013124594508454601,0.9524949243444675
fpca256_25,outer_fold,13,8,0.0010943700416691272,0.9535892943861366
fpca256_25,outer_fold,13,9,0.0009583943239501718,0.9545476887100868
fpca256_25,outer_fold,13,10,0.0009238079458072196,0.955471496655894
fpca256_25,outer_fold,13,11,0.0008387044473987239,0.9563102011032928
fpca256_25,outer_fold,13,12,0.0007965537445064393,0.9571067548477993
fpca256_25,outer_fold,13,13,0.0007874304940019038,0.9578941853418012
fpca256_25,outer_fold,13,14,0.0007773572450609076,0.958671542586862
fpca256_25,outer_fold,13,15,0.0007456253463865928,0.9594171679332486
fpca256_25,outer_fold,13,16,0.000724401210152469,0.9601415691434011
fpca256_25,outer_fold,13,17,0.0007171848435858852,0.960858753986987
fpca256_25,outer_fold,13,18,0.0006971508746396354,0.9615559048616266
fpca256_25,outer_fold,13,19,0.0006752466428937948,0.9622311515045203
fpca256_25,outer_fold,13,20,0.0006465687291856553,0.962877720233706
fpca256_25,outer_fold,13,21,0.0006416797615851258,0.9635193999952911
fpca256_25,outer_fold,13,22,0.0006281588996505098,0.9641475588949416
fpca256_25,outer_fold,13,23,0.0006015365019100137,0.9647490953968516
fpca256_25,outer_fold,13,24,0.0005888384907930146,0.9653379338876447
fpca256_25,outer_fold,13,25,0.0005798314446106103,0.9659177653322553
fpca256_25,outer_fold,14,1,0.6424369962938206,0.6424369962938206
fpca256_25,outer_fold,14,2,0.25791784875818796,0.9003548450520085
fpca256_25,outer_fold,14,3,0.03181567301481799,0.9321705180668265
fpca256_25,outer_fold,14,4,0.016386598317743018,0.9485571163845695
fpca256_25,outer_fold,14,5,0.004433735263334368,0.9529908516479039
fpca256_25,outer_fold,14,6,0.0015731921941955717,0.9545640438420995
fpca256_25,outer_fold,14,7,0.0011785677495994341,0.9557426115916989
fpca256_25,outer_fold,14,8,0.000942158445843487,0.9566847700375424
fpca256_25,outer_fold,14,9,0.0008783519699600556,0.9575631220075024
fpca256_25,outer_fold,14,10,0.0008744897778788184,0.9584376117853812
fpca256_25,outer_fold,14,11,0.0007769122329296737,0.9592145240183109
fpca256_25,outer_fold,14,12,0.0007541780013223851,0.9599687020196332
fpca256_25,outer_fold,14,13,0.0007141643839296219,0.9606828664035628
fpca256_25,outer_fold,14,14,0.0006985086863426357,0.9613813750899054
fpca256_25,outer_fold,14,15,0.0006924995377057139,0.9620738746276111
fpca256_25,outer_fold,14,16,0.0006598515610520439,0.9627337261886632
fpca256_25,outer_fold,14,17,0.0006549874900024607,0.9633887136786656
fpca256_25,outer_fold,14,18,0.0006385204964143576,0.96402723417508
fpca256_25,outer_fold,14,19,0.0006104035072767558,0.9646376376823567
fpca256_25,outer_fold,14,20,0.0005990423311123224,0.965236680013469
fpca256_25,outer_fold,14,21,0.0005946883153787793,0.9658313683288478
fpca256_25,outer_fold,14,22,0.0005909640099136867,0.9664223323387614
fpca256_25,outer_fold,14,23,0.0005811211177695891,0.9670034534565309
fpca256_25,outer_fold,14,24,0.0005647064892559136,0.9675681599457868
fpca256_25,outer_fold,14,25,0.0005507523759893323,0.9681189123217762
fpca256_25,outer_fold,15,1,0.6186105251550695,0.6186105251550695
fpca256_25,outer_fold,15,2,0.27706583744108726,0.8956763625961568
fpca256_25,outer_fold,15,3,0.03401944202373594,0.9296958046198928
fpca256_25,outer_fold,15,4,0.01653170617476336,0.9462275107946562
fpca256_25,outer_fold,15,5,0.004668335899979826,0.950895846694636
fpca256_25,outer_fold,15,6,0.0015986514119782818,0.9524944981066142
fpca256_25,outer_fold,15,7,0.0012478250557924424,0.9537423231624067
fpca256_25,outer_fold,15,8,0.0009909800825935726,0.9547333032450003
fpca256_25,outer_fold,15,9,0.0009499007445180888,0.9556832039895183
fpca256_25,outer_fold,15,10,0.0008497250385984472,0.9565329290281168
fpca256_25,outer_fold,15,11,0.0008105922794462652,0.9573435213075631
fpca256_25,outer_fold,15,12,0.000762963092556118,0.9581064844001191
fpca256_25,outer_fold,15,13,0.0007431827197933247,0.9588496671199125
fpca256_25,outer_fold,15,14,0.0007408699782700548,0.9595905370981825
fpca256_25,outer_fold,15,15,0.000715484378349272,0.9603060214765318
fpca256_25,outer_fold,15,16,0.0006952828994441049,0.9610013043759759
fpca256_25,outer_fold,15,17,0.0006824915769914702,0.9616837959529674
fpca256_25,outer_fold,15,18,0.0006590780783449298,0.9623428740313124
fpca256_25,outer_fold,15,19,0.0006340765662621857,0.9629769505975745
fpca256_25,outer_fold,15,20,0.0006088359167482166,0.9635857865143227
fpca256_25,outer_fold,15,21,0.0005952529381790106,0.9641810394525017
fpca256_25,outer_fold,15,22,0.000589622490607222,0.9647706619431089
fpca256_25,outer_fold,15,23,0.000579890029652553,0.9653505519727614
fpca256_25,outer_fold,15,24,0.0005728892016037885,0.9659234411743652
fpca256_25,outer_fold,15,25,0.0005569070742495631,0.9664803482486148
fpca256_25,outer_fold,16,1,0.6385092909866165,0.6385092909866165
fpca256_25,outer_fold,16,2,0.25557640957501554,0.8940857005616321
fpca256_25,outer_fold,16,3,0.0349248063355598,0.9290105068971919
fpca256_25,outer_fold,16,4,0.01597156113646002,0.9449820680336519
fpca256_25,outer_fold,16,5,0.004371520900904629,0.9493535889345566
fpca256_25,outer_fold,16,6,0.0015667733013085701,0.9509203622358652
fpca256_25,outer_fold,16,7,0.0012917911446779348,0.9522121533805431
fpca256_25,outer_fold,16,8,0.0010712233256262495,0.9532833767061694
fpca256_25,outer_fold,16,9,0.0009548780661762577,0.9542382547723456
fpca256_25,outer_fold,16,10,0.0008762998939136746,0.9551145546662593
fpca256_25,outer_fold,16,11,0.0008390050688917885,0.9559535597351511
fpca256_25,outer_fold,16,12,0.0008159327732764426,0.9567694925084275
fpca256_25,outer_fold,16,13,0.0007680811574850853,0.9575375736659125
fpca256_25,outer_fold,16,14,0.0007629527247888606,0.9583005263907014
fpca256_25,outer_fold,16,15,0.0007393205771080934,0.9590398469678095
fpca256_25,outer_fold,16,16,0.0007267990780419662,0.9597666460458515
fpca256_25,outer_fold,16,17,0.0007194108535352444,0.9604860568993867
fpca256_25,outer_fold,16,18,0.00066946601782742,0.9611555229172142
fpca256_25,outer_fold,16,19,0.0006540835222451378,0.9618096064394593
fpca256_25,outer_fold,16,20,0.0006471393835311069,0.9624567458229905
fpca256_25,outer_fold,16,21,0.0006303230779976408,0.963087068900988
fpca256_25,outer_fold,16,22,0.0006215378264108769,0.9637086067273989
fpca256_25,outer_fold,16,23,0.0006141320861194513,0.9643227388135184
fpca256_25,outer_fold,16,24,0.0006020129623513194,0.9649247517758697
fpca256_25,outer_fold,16,25,0.0005950387125940047,0.9655197904884637
fpca256_25,outer_fold,17,1,0.6323560208709471,0.6323560208709471
fpca256_25,outer_fold,17,2,0.2623908917474769,0.894746912618424
fpca256_25,outer_fold,17,3,0.03486909656875461,0.9296160091871786
fpca256_25,outer_fold,17,4,0.01803337173769687,0.9476493809248754
fpca256_25,outer_fold,17,5,0.004623597713040317,0.9522729786379157
fpca256_25,outer_fold,17,6,0.0017577717308115994,0.9540307503687273
fpca256_25,outer_fold,17,7,0.0012403026390202193,0.9552710530077475
fpca256_25,outer_fold,17,8,0.0010123649291905977,0.956283417936938
fpca256_25,outer_fold,17,9,0.000907959143710582,0.9571913770806486
fpca256_25,outer_fold,17,10,0.0008662963153466465,0.9580576733959952
fpca256_25,outer_fold,17,11,0.0008022758816319808,0.9588599492776272
fpca256_25,outer_fold,17,12,0.0007567708642630054,0.9596167201418901
fpca256_25,outer_fold,17,13,0.0007470124155388924,0.960363732557429
fpca256_25,outer_fold,17,14,0.0007174297631794345,0.9610811623206085
fpca256_25,outer_fold,17,15,0.000714422546647996,0.9617955848672565
fpca256_25,outer_fold,17,16,0.000689781697895259,0.9624853665651517
fpca256_25,outer_fold,17,17,0.0006580700500252749,0.963143436615177
fpca256_25,outer_fold,17,18,0.0006466122971978117,0.9637900489123747
fpca256_25,outer_fold,17,19,0.0006254001184160271,0.9644154490307908
fpca256_25,outer_fold,17,20,0.0006199549756521185,0.9650354040064429
fpca256_25,outer_fold,17,21,0.000597787773925191,0.9656331917803681
fpca256_25,outer_fold,17,22,0.0005790647374821578,0.9662122565178503
fpca256_25,outer_fold,17,23,0.0005758609369300393,0.9667881174547803
fpca256_25,outer_fold,17,24,0.0005679699838858798,0.9673560874386662
fpca256_25,outer_fold,17,25,0.0005569384103937196,0.9679130258490599
fpca256_25,outer_fold,18,1,0.6142751681005277,0.6142751681005277
fpca256_25,outer_fold,18,2,0.270423184005173,0.8846983521057008
fpca256_25,outer_fold,18,3,0.04016766881145644,0.9248660209171572
fpca256_25,outer_fold,18,4,0.019972938345524507,0.9448389592626817
fpca256_25,outer_fold,18,5,0.004872074972514384,0.9497110342351961
fpca256_25,outer_fold,18,6,0.0016960177423184987,0.9514070519775146
fpca256_25,outer_fold,18,7,0.0012895868629184853,0.9526966388404331
fpca256_25,outer_fold,18,8,0.0009962718249249833,0.9536929106653581
fpca256_25,outer_fold,18,9,0.0009515887666168493,0.9546444994319749
fpca256_25,outer_fold,18,10,0.0008808424992526026,0.9555253419312275
fpca256_25,outer_fold,18,11,0.0008222675037078842,0.9563476094349354
fpca256_25,outer_fold,18,12,0.0008042025081466063,0.957151811943082
fpca256_25,outer_fold,18,13,0.0007818844289085523,0.9579336963719906
fpca256_25,outer_fold,18,14,0.0007601923019485488,0.9586938886739391
fpca256_25,outer_fold,18,15,0.000724199678380638,0.9594180883523198
fpca256_25,outer_fold,18,16,0.0007143612576309699,0.9601324496099508
fpca256_25,outer_fold,18,17,0.0007070680659072252,0.9608395176758581
fpca256_25,outer_fold,18,18,0.0006758364134435487,0.9615153540893017
fpca256_25,outer_fold,18,19,0.0006664448527095792,0.9621817989420113
fpca256_25,outer_fold,18,20,0.0006462373715585652,0.9628280363135698
fpca256_25,outer_fold,18,21,0.0006359711748666894,0.9634640074884365
fpca256_25,outer_fold,18,22,0.0006197686355722518,0.9640837761240088
fpca256_25,outer_fold,18,23,0.0006103576542530206,0.9646941337782617
fpca256_25,outer_fold,18,24,0.000601122188560882,0.9652952559668226
fpca256_25,outer_fold,18,25,0.0005923675233359953,0.9658876234901587
fpca256_25,outer_fold,19,1,0.6356312441125145,0.6356312441125145
fpca256_25,outer_fold,19,2,0.2573760882261039,0.8930073323386184
fpca256_25,outer_fold,19,3,0.03466006217139839,0.9276673945100168
fpca256_25,outer_fold,19,4,0.018710038949740833,0.9463774334597577
fpca256_25,outer_fold,19,5,0.004269804102869908,0.9506472375626276
fpca256_25,outer_fold,19,6,0.001763440162170607,0.9524106777247981
fpca256_25,outer_fold,19,7,0.0013210197786482887,0.9537316975034464
fpca256_25,outer_fold,19,8,0.0010341746825245485,0.954765872185971
fpca256_25,outer_fold,19,9,0.0009429332217275357,0.9557088054076985
fpca256_25,outer_fold,19,10,0.0009033956250294055,0.9566122010327279
fpca256_25,outer_fold,19,11,0.0008002966409146787,0.9574124976736426
fpca256_25,outer_fold,19,12,0.000796761632893625,0.9582092593065362
fpca256_25,outer_fold,19,13,0.0007459161651492603,0.9589551754716855
fpca256_25,outer_fold,19,14,0.0007418453220252028,0.9596970207937107
fpca256_25,outer_fold,19,15,0.0007111182543116425,0.9604081390480224
fpca256_25,outer_fold,19,16,0.0007104257337438496,0.9611185647817662
fpca256_25,outer_fold,19,17,0.0006946659366704144,0.9618132307184366
fpca256_25,outer_fold,19,18,0.0006709582682408702,0.9624841889866774
fpca256_25,outer_fold,19,19,0.0006519005509614563,0.9631360895376389
fpca256_25,outer_fold,19,20,0.0006479913717394917,0.9637840809093784
fpca256_25,outer_fold,19,21,0.0006329466286349227,0.9644170275380133
fpca256_25,outer_fold,19,22,0.0006290046991302822,0.9650460322371436
fpca256_25,outer_fold,19,23,0.0006108883172232768,0.9656569205543668
fpca256_25,outer_fold,19,24,0.0005957326099173364,0.9662526531642841
fpca256_25,outer_fold,19,25,0.0005781156981898381,0.966830768862474
fpca256_25,outer_fold,20,1,0.6290732332458625,0.6290732332458625
fpca256_25,outer_fold,20,2,0.26120890742920083,0.8902821406750634
fpca256_25,outer_fold,20,3,0.038440241513928594,0.928722382188992
fpca256_25,outer_fold,20,4,0.018373044254012715,0.9470954264430047
fpca256_25,outer_fold,20,5,0.004194998307703119,0.9512904247507078
fpca256_25,outer_fold,20,6,0.0017531264222851327,0.9530435511729929
fpca256_25,outer_fold,20,7,0.0012316944475827824,0.9542752456205756
fpca256_25,outer_fold,20,8,0.0010263750853444548,0.9553016207059201
fpca256_25,outer_fold,20,9,0.0008978570052501317,0.9561994777111702
fpca256_25,outer_fold,20,10,0.0008778765116922526,0.9570773542228624
fpca256_25,outer_fold,20,11,0.000822999116103176,0.9579003533389656
fpca256_25,outer_fold,20,12,0.0007763130374318339,0.9586766663763975
fpca256_25,outer_fold,20,13,0.0007691176151781935,0.9594457839915757
fpca256_25,outer_fold,20,14,0.0007616325244289116,0.9602074165160046
fpca256_25,outer_fold,20,15,0.0007196185527696102,0.9609270350687742
fpca256_25,outer_fold,20,16,0.0006938163133144934,0.9616208513820886
fpca256_25,outer_fold,20,17,0.0006910638063514817,0.9623119151884402
fpca256_25,outer_fold,20,18,0.0006559941589424056,0.9629679093473825
fpca256_25,outer_fold,20,19,0.0006457398011990204,0.9636136491485815
fpca256_25,outer_fold,20,20,0.0006356665520165928,0.9642493157005981
fpca256_25,outer_fold,20,21,0.0006158417251000265,0.9648651574256981
fpca256_25,outer_fold,20,22,0.0006071156586600008,0.9654722730843581
fpca256_25,outer_fold,20,23,0.0005816149918891544,0.9660538880762473
fpca256_25,outer_fold,20,24,0.0005658132562475298,0.9666197013324948
fpca256_25,outer_fold,20,25,0.0005555163926471454,0.9671752177251419
fpca256_25,outer_fold,21,1,0.57947773911905,0.57947773911905
fpca256_25,outer_fold,21,2,0.3023072277127798,0.8817849668318298
fpca256_25,outer_fold,21,3,0.03640237818882085,0.9181873450206507
fpca256_25,outer_fold,21,4,0.019647903122192095,0.9378352481428428
fpca256_25,outer_fold,21,5,0.005674252507269219,0.9435095006501121
fpca256_25,outer_fold,21,6,0.0018316607479489395,0.945341161398061
fpca256_25,outer_fold,21,7,0.00138634044650745,0.9467275018445684
fpca256_25,outer_fold,21,8,0.0011165187320564258,0.9478440205766249
fpca256_25,outer_fold,21,9,0.0010950115763834285,0.9489390321530083
fpca256_25,outer_fold,21,10,0.0009651253549549224,0.9499041575079633
fpca256_25,outer_fold,21,11,0.0009427468979171693,0.9508469044058805
fpca256_25,outer_fold,21,12,0.0009123877839657274,0.9517592921898462
fpca256_25,outer_fold,21,13,0.0008961038091249762,0.9526553959989712
fpca256_25,outer_fold,21,14,0.0008586529371316747,0.9535140489361029
fpca256_25,outer_fold,21,15,0.0008096106434185354,0.9543236595795215
fpca256_25,outer_fold,21,16,0.0007993853367398009,0.9551230449162613
fpca256_25,outer_fold,21,17,0.0007699167263596991,0.955892961642621
fpca256_25,outer_fold,21,18,0.0007428689283943525,0.9566358305710154
fpca256_25,outer_fold,21,19,0.0007289998607818132,0.9573648304317972
fpca256_25,outer_fold,21,20,0.0007243529923429776,0.9580891834241402
fpca256_25,outer_fold,21,21,0.0007080679286078688,0.9587972513527481
fpca256_25,outer_fold,21,22,0.000692836985454493,0.9594900883382026
fpca256_25,outer_fold,21,23,0.0006900890133088528,0.9601801773515114
fpca256_25,outer_fold,21,24,0.0006785374922513703,0.9608587148437627
fpca256_25,outer_fold,21,25,0.0006656059538374369,0.9615243207976002
fpca256_25,outer_fold,22,1,0.6321428222751281,0.6321428222751281
fpca256_25,outer_fold,22,2,0.2630338726015453,0.8951766948766734
fpca256_25,outer_fold,22,3,0.034967131389248514,0.930143826265922
fpca256_25,outer_fold,22,4,0.01877823635709084,0.9489220626230128
fpca256_25,outer_fold,22,5,0.004366314276248495,0.9532883768992613
fpca256_25,outer_fold,22,6,0.0016748616075010843,0.9549632385067623
fpca256_25,outer_fold,22,7,0.0012595818179941998,0.9562228203247566
fpca256_25,outer_fold,22,8,0.0009502886713307616,0.9571731089960873
fpca256_25,outer_fold,22,9,0.0008644644063664298,0.9580375734024538
fpca256_25,outer_fold,22,10,0.0008330081856451313,0.9588705815880989
fpca256_25,outer_fold,22,11,0.0007657636538267291,0.9596363452419256
fpca256_25,outer_fold,22,12,0.0007609368337032125,0.9603972820756289
fpca256_25,outer_fold,22,13,0.0007305990575757214,0.9611278811332047
fpca256_25,outer_fold,22,14,0.0007130279831588613,0.9618409091163636
fpca256_25,outer_fold,22,15,0.0006909262993336273,0.9625318354156972
fpca256_25,outer_fold,22,16,0.0006642262349902717,0.9631960616506875
fpca256_25,outer_fold,22,17,0.0006425311612677551,0.9638385928119553
fpca256_25,outer_fold,22,18,0.0006293858232433925,0.9644679786351986
fpca256_25,outer_fold,22,19,0.0006074078909203495,0.965075386526119
fpca256_25,outer_fold,22,20,0.0005864770095730024,0.965661863535692
fpca256_25,outer_fold,22,21,0.0005782666486746837,0.9662401301843667
fpca256_25,outer_fold,22,22,0.00057237407277905,0.9668125042571458
fpca256_25,outer_fold,22,23,0.0005526650802141829,0.96736516933736
fpca256_25,outer_fold,22,24,0.00054620686122564,0.9679113761985857
fpca256_25,outer_fold,22,25,0.0005408201257162209,0.9684521963243019
fpca256_25,outer_fold,23,1,0.6420716369510365,0.6420716369510365
fpca256_25,outer_fold,23,2,0.25505869760736455,0.8971303345584011
fpca256_25,outer_fold,23,3,0.03429859024681625,0.9314289248052173
fpca256_25,outer_fold,23,4,0.015293904056930492,0.9467228288621479
fpca256_25,outer_fold,23,5,0.004158972317956441,0.9508818011801043
fpca256_25,outer_fold,23,6,0.0015668718272449714,0.9524486730073494
fpca256_25,outer_fold,23,7,0.0012539201013336489,0.953702593108683
fpca256_25,outer_fold,23,8,0.0009878603274464878,0.9546904534361295
fpca256_25,outer_fold,23,9,0.000944351447555034,0.9556348048836845
fpca256_25,outer_fold,23,10,0.0008849000194979632,0.9565197049031824
fpca256_25,outer_fold,23,11,0.0007887222121248836,0.9573084271153073
fpca256_25,outer_fold,23,12,0.0007820495488379925,0.9580904766641453
fpca256_25,outer_fold,23,13,0.0007627226709970219,0.9588531993351422
fpca256_25,outer_fold,23,14,0.0007434987849219643,0.9595966981200642
fpca256_25,outer_fold,23,15,0.0007324993639383799,0.9603291974840026
fpca256_25,outer_fold,23,16,0.0007057126885913864,0.961034910172594
fpca256_25,outer_fold,23,17,0.0006792238908932086,0.9617141340634873
fpca256_25,outer_fold,23,18,0.0006585747663190649,0.9623727088298063
fpca256_25,outer_fold,23,19,0.0006376579472320078,0.9630103667770383
fpca256_25,outer_fold,23,20,0.0006307257204153318,0.9636410924974537
fpca256_25,outer_fold,23,21,0.0006160429417798016,0.9642571354392334
fpca256_25,outer_fold,23,22,0.00059978247510667,0.9648569179143401
fpca256_25,outer_fold,23,23,0.0005984567459021652,0.9654553746602423
fpca256_25,outer_fold,23,24,0.0005815642788433925,0.9660369389390857
fpca256_25,outer_fold,23,25,0.0005696333798941994,0.96660657231898
fpca256_25,outer_fold,24,1,0.6509115475554766,0.6509115475554766
fpca256_25,outer_fold,24,2,0.2463272794335301,0.8972388269890068
fpca256_25,outer_fold,24,3,0.033715564480423905,0.9309543914694307
fpca256_25,outer_fold,24,4,0.01725036029521707,0.9482047517646478
fpca256_25,outer_fold,24,5,0.004498401221496485,0.9527031529861443
fpca256_25,outer_fold,24,6,0.0016500543591144012,0.9543532073452586
fpca256_25,outer_fold,24,7,0.0012650181166819958,0.9556182254619406
fpca256_25,outer_fold,24,8,0.0010252791184284299,0.9566435045803691
fpca256_25,outer_fold,24,9,0.0008916116502223597,0.9575351162305914
fpca256_25,outer_fold,24,10,0.0008774124024683584,0.9584125286330598
fpca256_25,outer_fold,24,11,0.0007692625593552663,0.9591817911924151
fpca256_25,outer_fold,24,12,0.0007485930899326129,0.9599303842823477
fpca256_25,outer_fold,24,13,0.0007228087896732101,0.9606531930720209
fpca256_25,outer_fold,24,14,0.0007045584607842162,0.9613577515328051
fpca256_25,outer_fold,24,15,0.0006808738861277695,0.9620386254189329
fpca256_25,outer_fold,24,16,0.0006682547417927555,0.9627068801607257
fpca256_25,outer_fold,24,17,0.0006649705513955274,0.9633718507121213
fpca256_25,outer_fold,24,18,0.0006425571970045884,0.9640144079091258
fpca256_25,outer_fold,24,19,0.0006215119466164502,0.9646359198557423
fpca256_25,outer_fold,24,20,0.0006087728813929099,0.9652446927371352
fpca256_25,outer_fold,24,21,0.0005972116688903273,0.9658419044060256
fpca256_25,outer_fold,24,22,0.0005853620970327036,0.9664272665030583
fpca256_25,outer_fold,24,23,0.0005804936706372009,0.9670077601736955
fpca256_25,outer_fold,24,24,0.0005686970175034598,0.967576457191199
fpca256_25,outer_fold,24,25,0.0005620921727153549,0.9681385493639143
fpca256_25,outer_fold,25,1,0.6040469879767318,0.6040469879767318
fpca256_25,outer_fold,25,2,0.28280753001865405,0.886854517995386
fpca256_25,outer_fold,25,3,0.03677338464002031,0.9236279026354063
fpca256_25,outer_fold,25,4,0.018427467448662378,0.9420553700840687
fpca256_25,outer_fold,25,5,0.004943327981851778,0.9469986980659205
fpca256_25,outer_fold,25,6,0.0017349599468758214,0.9487336580127963
fpca256_25,outer_fold,25,7,0.0012544758387137732,0.94998813385151
fpca256_25,outer_fold,25,8,0.001068174906661044,0.951056308758171
fpca256_25,outer_fold,25,9,0.0010135988477586405,0.9520699076059297
fpca256_25,outer_fold,25,10,0.0008801451857434419,0.9529500527916731
fpca256_25,outer_fold,25,11,0.0008694282095009056,0.953819481001174
fpca256_25,outer_fold,25,12,0.0008267835853057427,0.9546462645864797
fpca256_25,outer_fold,25,13,0.0008189530589229393,0.9554652176454027
fpca256_25,outer_fold,25,14,0.0008024958564380127,0.9562677135018407
fpca256_25,outer_fold,25,15,0.0007798121392499834,0.9570475256410906
fpca256_25,outer_fold,25,16,0.0007432131398695974,0.9577907387809602
fpca256_25,outer_fold,25,17,0.0007301960729178073,0.958520934853878
fpca256_25,outer_fold,25,18,0.0007071417808183957,0.9592280766346964
fpca256_25,outer_fold,25,19,0.0006814522912205078,0.959909528925917
fpca256_25,outer_fold,25,20,0.000672095088553004,0.96058162401447
fpca256_25,outer_fold,25,21,0.0006626220876312759,0.9612442461021012
fpca256_25,outer_fold,25,22,0.0006490912763195849,0.9618933373784209
fpca256_25,outer_fold,25,23,0.000638606044693634,0.9625319434231145
fpca256_25,outer_fold,25,24,0.0006231065706943671,0.963155049993809
fpca256_25,outer_fold,25,25,0.0006016934124773154,0.9637567434062863
fpca256_25,outer_fold,26,1,0.6442350985823535,0.6442350985823535
fpca256_25,outer_fold,26,2,0.2512135742258948,0.8954486728082482
fpca256_25,outer_fold,26,3,0.03452793541269954,0.9299766082209477
fpca256_25,outer_fold,26,4,0.01755173285543146,0.9475283410763792
fpca256_25,outer_fold,26,5,0.004563735557196567,0.9520920766335758
fpca256_25,outer_fold,26,6,0.00165725374893268,0.9537493303825084
fpca256_25,outer_fold,26,7,0.0012540636442424458,0.9550033940267508
fpca256_25,outer_fold,26,8,0.0010033561806420282,0.9560067502073929
fpca256_25,outer_fold,26,9,0.0009004344842399565,0.9569071846916328
fpca256_25,outer_fold,26,10,0.0008624855090301059,0.957769670200663
fpca256_25,outer_fold,26,11,0.0007811071132055108,0.9585507773138685
fpca256_25,outer_fold,26,12,0.0007568088395359838,0.9593075861534045
fpca256_25,outer_fold,26,13,0.0007445763082061202,0.9600521624616106
fpca256_25,outer_fold,26,14,0.0007183224377842283,0.9607704848993949
fpca256_25,outer_fold,26,15,0.0007005729933259373,0.9614710578927208
fpca256_25,outer_fold,26,16,0.0006881757327210351,0.9621592336254419
fpca256_25,outer_fold,26,17,0.0006554638949690474,0.9628146975204109
fpca256_25,outer_fold,26,18,0.0006511993895074052,0.9634658969099184
fpca256_25,outer_fold,26,19,0.0006146800566591621,0.9640805769665776
fpca256_25,outer_fold,26,20,0.0006020732303808313,0.9646826501969584
fpca256_25,outer_fold,26,21,0.0005948710294467883,0.9652775212264052
fpca256_25,outer_fold,26,22,0.0005936252940405843,0.9658711465204458
fpca256_25,outer_fold,26,23,0.0005833791196917685,0.9664545256401376
fpca256_25,outer_fold,26,24,0.0005647797738483522,0.967019305413986
fpca256_25,outer_fold,26,25,0.0005606149843746133,0.9675799203983606
fpca256_25,outer_fold,27,1,0.6222560665252355,0.6222560665252355
fpca256_25,outer_fold,27,2,0.2597378922316685,0.8819939587569039
fpca256_25,outer_fold,27,3,0.04223133770748874,0.9242252964643927
fpca256_25,outer_fold,27,4,0.019289536227334102,0.9435148326917268
fpca256_25,outer_fold,27,5,0.0047605372711772365,0.948275369962904
fpca256_25,outer_fold,27,6,0.0017388674623029705,0.950014237425207
fpca256_25,outer_fold,27,7,0.0013905152391456533,0.9514047526643526
fpca256_25,outer_fold,27,8,0.0010999340231198375,0.9525046866874725
fpca256_25,outer_fold,27,9,0.0009911958626055394,0.953495882550078
fpca256_25,outer_fold,27,10,0.0009313439537887447,0.9544272265038668
fpca256_25,outer_fold,27,11,0.0008329937984138426,0.9552602203022806
fpca256_25,outer_fold,27,12,0.0008150886061969509,0.9560753089084776
fpca256_25,outer_fold,27,13,0.0007883149121060615,0.9568636238205837
fpca256_25,outer_fold,27,14,0.000777275651359468,0.9576408994719431
fpca256_25,outer_fold,27,15,0.0007656047563135495,0.9584065042282567
fpca256_25,outer_fold,27,16,0.0007512615728117447,0.9591577658010684
fpca256_25,outer_fold,27,17,0.0007219186346663306,0.9598796844357347
fpca256_25,outer_fold,27,18,0.0007110712265078052,0.9605907556622425
fpca256_25,outer_fold,27,19,0.0006922938503937612,0.9612830495126362
fpca256_25,outer_fold,27,20,0.0006906675508541543,0.9619737170634903
fpca256_25,outer_fold,27,21,0.0006788434548988673,0.9626525605183892
fpca256_25,outer_fold,27,22,0.0006613671828051214,0.9633139277011943
fpca256_25,outer_fold,27,23,0.0006480492900034212,0.9639619769911977
fpca256_25,outer_fold,27,24,0.0006243949510267258,0.9645863719422244
fpca256_25,outer_fold,27,25,0.0006070235869428916,0.9651933955291673
fpca256_25,outer_fold,28,1,0.6365096336447504,0.6365096336447504
fpca256_25,outer_fold,28,2,0.26206415515274223,0.8985737887974927
fpca256_25,outer_fold,28,3,0.03242298431896723,0.9309967731164599
fpca256_25,outer_fold,28,4,0.01672109181531098,0.9477178649317709
fpca256_25,outer_fold,28,5,0.0043477775514478775,0.9520656424832188
fpca256_25,outer_fold,28,6,0.001584960761112595,0.9536506032443314
fpca256_25,outer_fold,28,7,0.0011866589852651715,0.9548372622295965
fpca256_25,outer_fold,28,8,0.0009452222487641837,0.9557824844783607
fpca256_25,outer_fold,28,9,0.00088637721221182,0.9566688616905725
fpca256_25,outer_fold,28,10,0.0008471670060554604,0.957516028696628
fpca256_25,outer_fold,28,11,0.0007937501462704751,0.9583097788428985
fpca256_25,outer_fold,28,12,0.000771625879756234,0.9590814047226547
fpca256_25,outer_fold,28,13,0.0007458859622042979,0.959827290684859
fpca256_25,outer_fold,28,14,0.0007227457461073833,0.9605500364309664
fpca256_25,outer_fold,28,15,0.000697677238806556,0.9612477136697729
fpca256_25,outer_fold,28,16,0.000689797941176036,0.961937511610949
fpca256_25,outer_fold,28,17,0.0006773299912778835,0.9626148416022269
fpca256_25,outer_fold,28,18,0.0006533415535362582,0.9632681831557631
fpca256_25,outer_fold,28,19,0.0006370363066065252,0.9639052194623696
fpca256_25,outer_fold,28,20,0.0006108935223373465,0.964516112984707
fpca256_25,outer_fold,28,21,0.0005981282077481032,0.965114241192455
fpca256_25,outer_fold,28,22,0.0005877376780708672,0.9657019788705259
fpca256_25,outer_fold,28,23,0.0005810210045443608,0.9662829998750703
fpca256_25,outer_fold,28,24,0.0005685938183440156,0.9668515936934143
fpca256_25,outer_fold,28,25,0.0005595856666838305,0.9674111793600981
fpca256_25,outer_fold,29,1,0.6268643884218884,0.6268643884218884
fpca256_25,outer_fold,29,2,0.271082546657226,0.8979469350791144
fpca256_25,outer_fold,29,3,0.0333384658573542,0.9312854009364686
fpca256_25,outer_fold,29,4,0.017124995470594064,0.9484103964070627
fpca256_25,outer_fold,29,5,0.004283207814580101,0.9526936042216428
fpca256_25,outer_fold,29,6,0.0016237460107604682,0.9543173502324033
fpca256_25,outer_fold,29,7,0.0012735280112947031,0.9555908782436979
fpca256_25,outer_fold,29,8,0.0010275003918618934,0.9566183786355599
fpca256_25,outer_fold,29,9,0.0009013687883252204,0.9575197474238851
fpca256_25,outer_fold,29,10,0.0008489948221260664,0.9583687422460112
fpca256_25,outer_fold,29,11,0.0007934300853734896,0.9591621723313847
fpca256_25,outer_fold,29,12,0.0007634201474645848,0.9599255924788492
fpca256_25,outer_fold,29,13,0.0007514733968455957,0.9606770658756948
fpca256_25,outer_fold,29,14,0.0007417186970944214,0.9614187845727892
fpca256_25,outer_fold,29,15,0.0006863432316817403,0.9621051278044709
fpca256_25,outer_fold,29,16,0.0006643088728322413,0.9627694366773031
fpca256_25,outer_fold,29,17,0.0006570718337734075,0.9634265085110765
fpca256_25,outer_fold,29,18,0.0006425129934521956,0.9640690215045287
fpca256_25,outer_fold,29,19,0.0006241257644991889,0.9646931472690279
fpca256_25,outer_fold,29,20,0.0006080539042883499,0.9653012011733162
fpca256_25,outer_fold,29,21,0.0006033002240235241,0.9659045013973397
fpca256_25,outer_fold,29,22,0.0005807899473796775,0.9664852913447194
fpca256_25,outer_fold,29,23,0.0005633135884813787,0.9670486049332008
fpca256_25,outer_fold,29,24,0.0005596853416422909,0.9676082902748431
fpca256_25,outer_fold,29,25,0.0005497396141074221,0.9681580298889505
fpca256_25,outer_fold,30,1,0.6263637738873737,0.6263637738873737
fpca256_25,outer_fold,30,2,0.26289996820231487,0.8892637420896886
fpca256_25,outer_fold,30,3,0.03617878271418517,0.9254425248038738
fpca256_25,outer_fold,30,4,0.019921820898649346,0.9453643457025231
fpca256_25,outer_fold,30,5,0.004610064914124937,0.9499744106166481
fpca256_25,outer_fold,30,6,0.0018384021598210917,0.9518128127764692
fpca256_25,outer_fold,30,7,0.0012670199086285488,0.9530798326850978
fpca256_25,outer_fold,30,8,0.001087062394869635,0.9541668950799674
fpca256_25,outer_fold,30,9,0.0009687494962809576,0.9551356445762484
fpca256_25,outer_fold,30,10,0.000898038169845608,0.956033682746094
fpca256_25,outer_fold,30,11,0.0008013590041774108,0.9568350417502715
fpca256_25,outer_fold,30,12,0.0007820929982798966,0.9576171347485514
fpca256_25,outer_fold,30,13,0.0007579344449042641,0.9583750691934556
fpca256_25,outer_fold,30,14,0.0007529237417739753,0.9591279929352295
fpca256_25,outer_fold,30,15,0.000728295997020218,0.9598562889322497
fpca256_25,outer_fold,30,16,0.0007170282705715542,0.9605733172028212
fpca256_25,outer_fold,30,17,0.0006879002359848323,0.9612612174388061
fpca256_25,outer_fold,30,18,0.0006744711810205467,0.9619356886198267
fpca256_25,outer_fold,30,19,0.0006593222224410507,0.9625950108422677
fpca256_25,outer_fold,30,20,0.0006508188574756057,0.9632458296997434
fpca256_25,outer_fold,30,21,0.0006373687126018475,0.9638831984123453
fpca256_25,outer_fold,30,22,0.0006124727715878159,0.9644956711839331
fpca256_25,outer_fold,30,23,0.0005924586877301809,0.9650881298716633
fpca256_25,outer_fold,30,24,0.0005758366729294711,0.9656639665445927
fpca256_25,outer_fold,30,25,0.0005648244068889073,0.9662287909514816
fpca256_25,outer_fold,31,1,0.6271313800164047,0.6271313800164047
fpca256_25,outer_fold,31,2,0.2666356961288274,0.8937670761452321
fpca256_25,outer_fold,31,3,0.036126350484880915,0.929893426630113
fpca256_25,outer_fold,31,4,0.016722323374836007,0.946615750004949
fpca256_25,outer_fold,31,5,0.004444611984486089,0.9510603619894351
fpca256_25,outer_fold,31,6,0.0016497297765498075,0.9527100917659849
fpca256_25,outer_fold,31,7,0.001215202210015084,0.9539252939759999
fpca256_25,outer_fold,31,8,0.000933858802876931,0.9548591527788768
fpca256_25,outer_fold,31,9,0.0009210861292961283,0.9557802389081729
fpca256_25,outer_fold,31,10,0.0008692583436954783,0.9566494972518683
fpca256_25,outer_fold,31,11,0.0008142088017379132,0.9574637060536062
fpca256_25,outer_fold,31,12,0.0007740092937074723,0.9582377153473137
fpca256_25,outer_fold,31,13,0.0007527638601130508,0.9589904792074267
fpca256_25,outer_fold,31,14,0.0007234419496944649,0.9597139211571212
fpca256_25,outer_fold,31,15,0.0007181504516859168,0.9604320716088071
fpca256_25,outer_fold,31,16,0.0006962311896099436,0.961128302798417
fpca256_25,outer_fold,31,17,0.0006652780676659993,0.961793580866083
fpca256_25,outer_fold,31,18,0.0006550719548821376,0.9624486528209651
fpca256_25,outer_fold,31,19,0.0006387941622406473,0.9630874469832058
fpca256_25,outer_fold,31,20,0.000625562874109299,0.9637130098573151
fpca256_25,outer_fold,31,21,0.000609406195206027,0.9643224160525211
fpca256_25,outer_fold,31,22,0.0006023785930956801,0.9649247946456168
fpca256_25,outer_fold,31,23,0.000591271253943903,0.9655160658995606
fpca256_25,outer_fold,31,24,0.0005693024405061119,0.9660853683400668
fpca256_25,outer_fold,31,25,0.0005660649895405416,0.9666514333296073
fpca256_25,outer_fold,32,1,0.5972761255405402,0.5972761255405402
fpca256_25,outer_fold,32,2,0.289548396678384,0.8868245222189242
fpca256_25,outer_fold,32,3,0.03615374179021436,0.9229782640091385
fpca256_25,outer_fold,32,4,0.01896056781434565,0.9419388318234841
fpca256_25,outer_fold,32,5,0.005012118947568054,0.9469509507710522
fpca256_25,outer_fold,32,6,0.001811317561344757,0.948762268332397
fpca256_25,outer_fold,32,7,0.0012915293495094305,0.9500537976819063
fpca256_25,outer_fold,32,8,0.0011219110098554521,0.9511757086917618
fpca256_25,outer_fold,32,9,0.0009750062644494315,0.9521507149562113
fpca256_25,outer_fold,32,10,0.0009087895385479969,0.9530595044947593
fpca256_25,outer_fold,32,11,0.0008704680849247379,0.953929972579684
fpca256_25,outer_fold,32,12,0.0008431440246883575,0.9547731166043724
fpca256_25,outer_fold,32,13,0.0008097435847852445,0.9555828601891576
fpca256_25,outer_fold,32,14,0.0007983295482807468,0.9563811897374384
fpca256_25,outer_fold,32,15,0.0007707987243719251,0.9571519884618103
fpca256_25,outer_fold,32,16,0.0007564102751948808,0.9579083987370052
fpca256_25,outer_fold,32,17,0.0007313555329942727,0.9586397542699995
fpca256_25,outer_fold,32,18,0.0007167238013375696,0.9593564780713371
fpca256_25,outer_fold,32,19,0.0007032745481993855,0.9600597526195365
fpca256_25,outer_fold,32,20,0.0006841009174147746,0.9607438535369512
fpca256_25,outer_fold,32,21,0.000675680792953087,0.9614195343299043
fpca256_25,outer_fold,32,22,0.0006614987452451741,0.9620810330751495
fpca256_25,outer_fold,32,23,0.0006428879315684131,0.9627239210067179
fpca256_25,outer_fold,32,24,0.0006355786047619371,0.9633594996114798
fpca256_25,outer_fold,32,25,0.0006216596312395072,0.9639811592427193
fpca256_25,outer_fold,33,1,0.6215028618979435,0.6215028618979435
fpca256_25,outer_fold,33,2,0.27406594756217906,0.8955688094601225
fpca256_25,outer_fold,33,3,0.035351534161957486,0.93092034362208
fpca256_25,outer_fold,33,4,0.017549314902997406,0.9484696585250774
fpca256_25,outer_fold,33,5,0.0043739033726920675,0.9528435618977694
fpca256_25,outer_fold,33,6,0.001633635630120954,0.9544771975278904
fpca256_25,outer_fold,33,7,0.0012792968161580377,0.9557564943440484
fpca256_25,outer_fold,33,8,0.000978645557290554,0.956735139901339
fpca256_25,outer_fold,33,9,0.0008716450177128799,0.9576067849190518
fpca256_25,outer_fold,33,10,0.0008319683175930864,0.958438753236645
fpca256_25,outer_fold,33,11,0.0007790340416662233,0.9592177872783112
fpca256_25,outer_fold,33,12,0.0007555348488680394,0.9599733221271792
fpca256_25,outer_fold,33,13,0.0007324789508774951,0.9607058010780567
fpca256_25,outer_fold,33,14,0.0007064162620513549,0.9614122173401081
fpca256_25,outer_fold,33,15,0.0006998071460198004,0.9621120244861279
fpca256_25,outer_fold,33,16,0.00068511235147326,0.9627971368376012
fpca256_25,outer_fold,33,17,0.0006753109384306431,0.9634724477760318
fpca256_25,outer_fold,33,18,0.0006513860730768694,0.9641238338491087
fpca256_25,outer_fold,33,19,0.0006310947883795406,0.9647549286374882
fpca256_25,outer_fold,33,20,0.0006078493314985309,0.9653627779689867
fpca256_25,outer_fold,33,21,0.00059801433734044,0.9659607923063271
fpca256_25,outer_fold,33,22,0.0005929905090493105,0.9665537828153764
fpca256_25,outer_fold,33,23,0.0005861279396624928,0.9671399107550389
fpca256_25,outer_fold,33,24,0.0005782608931954577,0.9677181716482344
fpca256_25,outer_fold,33,25,0.0005526987623866003,0.968270870410621
fpca256_25,outer_fold,34,1,0.6607383838426787,0.6607383838426787
fpca256_25,outer_fold,34,2,0.2360620501899331,0.8968004340326118
fpca256_25,outer_fold,34,3,0.034073364354189214,0.930873798386801
fpca256_25,outer_fold,34,4,0.016598419516554046,0.947472217903355
fpca256_25,outer_fold,34,5,0.0043825184539902475,0.9518547363573453
fpca256_25,outer_fold,34,6,0.0014679196571364447,0.9533226560144817
fpca256_25,outer_fold,34,7,0.001237512284159515,0.9545601682986412
fpca256_25,outer_fold,34,8,0.0009889260458021737,0.9555490943444434
fpca256_25,outer_fold,34,9,0.0009115214445081262,0.9564606157889515
fpca256_25,outer_fold,34,10,0.0008852708995405563,0.9573458866884921
fpca256_25,outer_fold,34,11,0.0008110788612528957,0.9581569655497449
fpca256_25,outer_fold,34,12,0.0007722630593265878,0.9589292286090715
fpca256_25,outer_fold,34,13,0.000748603573145939,0.9596778321822175
fpca256_25,outer_fold,34,14,0.0007425009179228493,0.9604203331001403
fpca256_25,outer_fold,34,15,0.0007140580501883751,0.9611343911503287
fpca256_25,outer_fold,34,16,0.0006947693136539032,0.9618291604639826
fpca256_25,outer_fold,34,17,0.0006802815046796245,0.9625094419686622
fpca256_25,outer_fold,34,18,0.0006556679961395776,0.9631651099648018
fpca256_25,outer_fold,34,19,0.0006464227512112381,0.9638115327160129
fpca256_25,outer_fold,34,20,0.0006313858959940717,0.964442918612007
fpca256_25,outer_fold,34,21,0.0006083493476541076,0.9650512679596611
fpca256_25,outer_fold,34,22,0.0005929843760148148,0.965644252335676
fpca256_25,outer_fold,34,23,0.0005727906303734815,0.9662170429660495
fpca256_25,outer_fold,34,24,0.0005656507584755493,0.9667826937245251
fpca256_25,outer_fold,34,25,0.0005596696822627925,0.9673423634067879
fpca256_25,outer_fold,35,1,0.6054220716987311,0.6054220716987311
fpca256_25,outer_fold,35,2,0.28555539283091613,0.8909774645296472
fpca256_25,outer_fold,35,3,0.036499616885366265,0.9274770814150135
fpca256_25,outer_fold,35,4,0.018921832441636335,0.9463989138566499
fpca256_25,outer_fold,35,5,0.004547586556730554,0.9509465004133805
fpca256_25,outer_fold,35,6,0.0017949071492049447,0.9527414075625854
fpca256_25,outer_fold,35,7,0.0012984435063928283,0.9540398510689783
fpca256_25,outer_fold,35,8,0.0010221586765113717,0.9550620097454896
fpca256_25,outer_fold,35,9,0.0008933393251506218,0.9559553490706403
fpca256_25,outer_fold,35,10,0.0008691237181082078,0.9568244727887485
fpca256_25,outer_fold,35,11,0.0008347334214747014,0.9576592062102232
fpca256_25,outer_fold,35,12,0.0007811587711113153,0.9584403649813344
fpca256_25,outer_fold,35,13,0.0007720242595587221,0.9592123892408931
fpca256_25,outer_fold,35,14,0.0007391640331217352,0.9599515532740148
fpca256_25,outer_fold,35,15,0.0007321207650193413,0.9606836740390342
fpca256_25,outer_fold,35,16,0.0007077504483828449,0.9613914244874171
fpca256_25,outer_fold,35,17,0.0007058138582144647,0.9620972383456315
fpca256_25,outer_fold,35,18,0.000676483591187382,0.9627737219368189
fpca256_25,outer_fold,35,19,0.0006493108509093235,0.9634230327877282
fpca256_25,outer_fold,35,20,0.000639304222965935,0.9640623370106942
fpca256_25,outer_fold,35,21,0.0006239008136536251,0.9646862378243478
fpca256_25,outer_fold,35,22,0.000610786670242426,0.9652970244945902
fpca256_25,outer_fold,35,23,0.000605536141606085,0.9659025606361963
fpca256_25,outer_fold,35,24,0.0005926677239730729,0.9664952283601693
fpca256_25,outer_fold,35,25,0.0005812920883785939,0.967076520448548
fpca256_25,outer_fold,36,1,0.6456364754729175,0.6456364754729175
fpca256_25,outer_fold,36,2,0.2530844131758745,0.898720888648792
fpca256_25,outer_fold,36,3,0.033597782665497185,0.9323186713142891
fpca256_25,outer_fold,36,4,0.017089462200245382,0.9494081335145346
fpca256_25,outer_fold,36,5,0.004355735102588078,0.9537638686171227
fpca256_25,outer_fold,36,6,0.0016796411007828842,0.9554435097179056
fpca256_25,outer_fold,36,7,0.001249634124249977,0.9566931438421555
fpca256_25,outer_fold,36,8,0.0009236886700221364,0.9576168325121777
fpca256_25,outer_fold,36,9,0.0008659224644454621,0.9584827549766232
fpca256_25,outer_fold,36,10,0.0008176500597389852,0.9593004050363622
fpca256_25,outer_fold,36,11,0.0007448793962992286,0.9600452844326613
fpca256_25,outer_fold,36,12,0.0007378751938981773,0.9607831596265596
fpca256_25,outer_fold,36,13,0.0007016485953246913,0.9614848082218843
fpca256_25,outer_fold,36,14,0.0006981829020525699,0.9621829911239369
fpca256_25,outer_fold,36,15,0.000686324676504127,0.962869315800441
fpca256_25,outer_fold,36,16,0.0006533099526141694,0.9635226257530551
fpca256_25,outer_fold,36,17,0.0006312995984293723,0.9641539253514845
fpca256_25,outer_fold,36,18,0.0006254780608525772,0.964779403412337
fpca256_25,outer_fold,36,19,0.0006141016632899444,0.9653935050756269
fpca256_25,outer_fold,36,20,0.000602245663462974,0.9659957507390899
fpca256_25,outer_fold,36,21,0.0005810012963810766,0.966576752035471
fpca256_25,outer_fold,36,22,0.0005724185760335077,0.9671491706115045
fpca256_25,outer_fold,36,23,0.0005603094363352317,0.9677094800478397
fpca256_25,outer_fold,36,24,0.0005496849542036469,0.9682591650020433
fpca256_25,outer_fold,36,25,0.0005355549966796388,0.968794719998723
fpca256_25,outer_fold,37,1,0.608377414000323,0.608377414000323
fpca256_25,outer_fold,37,2,0.28214155006396147,0.8905189640642844
fpca256_25,outer_fold,37,3,0.036505716921917855,0.9270246809862023
fpca256_25,outer_fold,37,4,0.01815310843930744,0.9451777894255097
fpca256_25,outer_fold,37,5,0.004595092091823336,0.949772881517333
fpca256_25,outer_fold,37,6,0.001596969840790828,0.9513698513581238
fpca256_25,outer_fold,37,7,0.0013361554543519954,0.9527060068124757
fpca256_25,outer_fold,37,8,0.0010326392706421978,0.953738646083118
fpca256_25,outer_fold,37,9,0.0009810293134449317,0.9547196753965629
fpca256_25,outer_fold,37,10,0.0008810049056495786,0.9556006803022125
fpca256_25,outer_fold,37,11,0.0008250909519364638,0.956425771254149
fpca256_25,outer_fold,37,12,0.000791633158124835,0.9572174044122738
fpca256_25,outer_fold,37,13,0.0007734809855798646,0.9579908853978536
fpca256_25,outer_fold,37,14,0.0007556404098239073,0.9587465258076775
fpca256_25,outer_fold,37,15,0.0007385894002499796,0.9594851152079275
fpca256_25,outer_fold,37,16,0.0007225499226009238,0.9602076651305284
fpca256_25,outer_fold,37,17,0.0007037996342485815,0.960911464764777
fpca256_25,outer_fold,37,18,0.0006958354365533387,0.9616073002013303
fpca256_25,outer_fold,37,19,0.0006437878830793394,0.9622510880844097
fpca256_25,outer_fold,37,20,0.0006402930627963126,0.9628913811472061
fpca256_25,outer_fold,37,21,0.000622528106053267,0.9635139092532593
fpca256_25,outer_fold,37,22,0.0006121336610661907,0.9641260429143255
fpca256_25,outer_fold,37,23,0.0006059492171809341,0.9647319921315064
fpca256_25,outer_fold,37,24,0.0005969288762190228,0.9653289210077254
fpca256_25,outer_fold,37,25,0.0005827132677312026,0.9659116342754566
fpca256_25,outer_fold,38,1,0.6282651286788609,0.6282651286788609
fpca256_25,outer_fold,38,2,0.26059165084507063,0.8888567795239315
fpca256_25,outer_fold,38,3,0.03576161581868035,0.9246183953426118
fpca256_25,outer_fold,38,4,0.018800221481173447,0.9434186168237852
fpca256_25,outer_fold,38,5,0.004855745769491745,0.948274362593277
fpca256_25,outer_fold,38,6,0.0017911359414312126,0.9500654985347082
fpca256_25,outer_fold,38,7,0.0011897218008126824,0.9512552203355209
fpca256_25,outer_fold,38,8,0.0010660494871615309,0.9523212698226824
fpca256_25,outer_fold,38,9,0.000957099483205852,0.9532783693058883
fpca256_25,outer_fold,38,10,0.0008813364134865435,0.9541597057193748
fpca256_25,outer_fold,38,11,0.0008616082011728285,0.9550213139205477
fpca256_25,outer_fold,38,12,0.0008286418316877838,0.9558499557522354
fpca256_25,outer_fold,38,13,0.0008093136424658295,0.9566592693947013
fpca256_25,outer_fold,38,14,0.00077968623334807,0.9574389556280494
fpca256_25,outer_fold,38,15,0.0007487259291661099,0.9581876815572155
fpca256_25,outer_fold,38,16,0.0007246598106656999,0.9589123413678812
fpca256_25,outer_fold,38,17,0.0006923677381715114,0.9596047091060527
fpca256_25,outer_fold,38,18,0.0006765672858454605,0.9602812763918981
fpca256_25,outer_fold,38,19,0.000666881004229852,0.9609481573961279
fpca256_25,outer_fold,38,20,0.0006639179558592595,0.9616120753519872
fpca256_25,outer_fold,38,21,0.0006451300165598799,0.9622572053685471
fpca256_25,outer_fold,38,22,0.0006379039948895554,0.9628951093634367
fpca256_25,outer_fold,38,23,0.0006220946461605139,0.9635172040095972
fpca256_25,outer_fold,38,24,0.0006168177845983337,0.9641340217941955
fpca256_25,outer_fold,38,25,0.0006020687111875457,0.964736090505383
fpca256_25,outer_fold,39,1,0.6491853792290155,0.6491853792290155
fpca256_25,outer_fold,39,2,0.243968202849098,0.8931535820781136
fpca256_25,outer_fold,39,3,0.03560921143631181,0.9287627935144254
fpca256_25,outer_fold,39,4,0.016984848822677173,0.9457476423371025
fpca256_25,outer_fold,39,5,0.00436050116172988,0.9501081434988324
fpca256_25,outer_fold,39,6,0.001534950663044767,0.9516430941618772
fpca256_25,outer_fold,39,7,0.0012682613278025012,0.9529113554896798
fpca256_25,outer_fold,39,8,0.0010613060334406115,0.9539726615231203
fpca256_25,outer_fold,39,9,0.0009543350923832252,0.9549269966155035
fpca256_25,outer_fold,39,10,0.0009220185604700757,0.9558490151759735
fpca256_25,outer_fold,39,11,0.0008270615617970177,0.9566760767377706
fpca256_25,outer_fold,39,12,0.0008063172578846326,0.9574823939956552
fpca256_25,outer_fold,39,13,0.0007618845300356276,0.9582442785256908
fpca256_25,outer_fold,39,14,0.0007474761093043346,0.9589917546349952
fpca256_25,outer_fold,39,15,0.0007408722625720863,0.9597326268975673
fpca256_25,outer_fold,39,16,0.000722124260050728,0.960454751157618
fpca256_25,outer_fold,39,17,0.0006951827285203822,0.9611499338861385
fpca256_25,outer_fold,39,18,0.0006707168586662719,0.9618206507448047
fpca256_25,outer_fold,39,19,0.0006580643640559522,0.9624787151088606
fpca256_25,outer_fold,39,20,0.0006400583624616778,0.9631187734713224
fpca256_25,outer_fold,39,21,0.0006211988217772574,0.9637399722930996
fpca256_25,outer_fold,39,22,0.000608792994137196,0.9643487652872368
fpca256_25,outer_fold,39,23,0.0006001337808129388,0.9649488990680497
fpca256_25,outer_fold,39,24,0.0005936733563686172,0.9655425724244183
fpca256_25,outer_fold,39,25,0.0005856587626113754,0.9661282311870297
fpca256_25,outer_fold,40,1,0.6450880069585276,0.6450880069585276
fpca256_25,outer_fold,40,2,0.24792882826593443,0.8930168352244621
fpca256_25,outer_fold,40,3,0.03549488494536588,0.928511720169828
fpca256_25,outer_fold,40,4,0.0177178454911494,0.9462295656609774
fpca256_25,outer_fold,40,5,0.004313301572744981,0.9505428672337224
fpca256_25,outer_fold,40,6,0.001634819949973997,0.9521776871836963
fpca256_25,outer_fold,40,7,0.0013228957321182698,0.9535005829158146
fpca256_25,outer_fold,40,8,0.0010269330390849886,0.9545275159548996
fpca256_25,outer_fold,40,9,0.0009397645059338818,0.9554672804608335
fpca256_25,outer_fold,40,10,0.0008784517156362572,0.9563457321764698
fpca256_25,outer_fold,40,11,0.0008255257220163445,0.9571712578984861
fpca256_25,outer_fold,40,12,0.0007785123113500022,0.9579497702098361
fpca256_25,outer_fold,40,13,0.0007758931832792768,0.9587256633931154
fpca256_25,outer_fold,40,14,0.0007590748521741289,0.9594847382452895
fpca256_25,outer_fold,40,15,0.0007382409452924731,0.960222979190582
fpca256_25,outer_fold,40,16,0.0007093108062087288,0.9609322899967907
fpca256_25,outer_fold,40,17,0.0006722071224555573,0.9616044971192462
fpca256_25,outer_fold,40,18,0.0006573394828249003,0.9622618366020711
fpca256_25,outer_fold,40,19,0.0006388559778998965,0.962900692579971
fpca256_25,outer_fold,40,20,0.0006220245092833457,0.9635227170892544
fpca256_25,outer_fold,40,21,0.0006099004390083412,0.9641326175282627
fpca256_25,outer_fold,40,22,0.0006078391484178415,0.9647404566766806
fpca256_25,outer_fold,40,23,0.0005991935332470836,0.9653396502099277
fpca256_25,outer_fold,40,24,0.0005946380083414516,0.9659342882182692
fpca256_25,outer_fold,40,25,0.0005756546263798081,0.966509942844649
fpca256_25,outer_fold,41,1,0.629833973665995,0.629833973665995
fpca256_25,outer_fold,41,2,0.2549428422633983,0.8847768159293934
fpca256_25,outer_fold,41,3,0.038245751133502426,0.9230225670628958
fpca256_25,outer_fold,41,4,0.020005525209530133,0.9430280922724259
fpca256_25,outer_fold,41,5,0.004775457924878461,0.9478035501973043
fpca256_25,outer_fold,41,6,0.0017774538988174365,0.9495810040961218
fpca256_25,outer_fold,41,7,0.00136085196397111,0.9509418560600928
fpca256_25,outer_fold,41,8,0.0011101801995368858,0.9520520362596298
fpca256_25,outer_fold,41,9,0.0010057494659243321,0.9530577857255541
fpca256_25,outer_fold,41,10,0.0009296970087618292,0.9539874827343159
fpca256_25,outer_fold,41,11,0.0008720444255400406,0.9548595271598559
fpca256_25,outer_fold,41,12,0.0008292025539893249,0.9556887297138452
fpca256_25,outer_fold,41,13,0.0007998648467849226,0.9564885945606302
fpca256_25,outer_fold,41,14,0.0007818131632367887,0.957270407723867
fpca256_25,outer_fold,41,15,0.0007714241998065993,0.9580418319236735
fpca256_25,outer_fold,41,16,0.0007422914414994421,0.9587841233651729
fpca256_25,outer_fold,41,17,0.0007308535097863665,0.9595149768749593
fpca256_25,outer_fold,41,18,0.0007220498906294342,0.9602370267655888
fpca256_25,outer_fold,41,19,0.0007101486257042435,0.960947175391293
fpca256_25,outer_fold,41,20,0.0006696769835483239,0.9616168523748414
fpca256_25,outer_fold,41,21,0.0006463292228409627,0.9622631815976823
fpca256_25,outer_fold,41,22,0.000640066244265853,0.9629032478419481
fpca256_25,outer_fold,41,23,0.0006260268862030125,0.9635292747281512
fpca256_25,outer_fold,41,24,0.0006070903524496944,0.9641363650806009
fpca256_25,outer_fold,41,25,0.0005997262992964417,0.9647360913798972
fpca256_25,outer_fold,42,1,0.6400978746287354,0.6400978746287354
fpca256_25,outer_fold,42,2,0.2593755727893622,0.8994734474180975
fpca256_25,outer_fold,42,3,0.03319240305512388,0.9326658504732214
fpca256_25,outer_fold,42,4,0.015170471053433313,0.9478363215266546
fpca256_25,outer_fold,42,5,0.004429586669459706,0.9522659081961143
fpca256_25,outer_fold,42,6,0.001472348296611735,0.953738256492726
fpca256_25,outer_fold,42,7,0.0012129833016032256,0.9549512397943293
fpca256_25,outer_fold,42,8,0.0009902816417785168,0.9559415214361078
fpca256_25,outer_fold,42,9,0.0009075671285544239,0.9568490885646622
fpca256_25,outer_fold,42,10,0.000864077133356457,0.9577131656980187
fpca256_25,outer_fold,42,11,0.0007865932742942231,0.9584997589723129
fpca256_25,outer_fold,42,12,0.0007703836362828462,0.9592701426085958
fpca256_25,outer_fold,42,13,0.0007426020058345634,0.9600127446144303
fpca256_25,outer_fold,42,14,0.0007365001043267192,0.960749244718757
fpca256_25,outer_fold,42,15,0.0006883358885613925,0.9614375806073184
fpca256_25,outer_fold,42,16,0.0006787876381347171,0.9621163682454531
fpca256_25,outer_fold,42,17,0.0006691140852800195,0.9627854823307331
fpca256_25,outer_fold,42,18,0.0006381747597861234,0.9634236570905192
fpca256_25,outer_fold,42,19,0.0006348233462188003,0.964058480436738
fpca256_25,outer_fold,42,20,0.0006295946673752241,0.9646880751041133
fpca256_25,outer_fold,42,21,0.0005981365801841267,0.9652862116842974
fpca256_25,outer_fold,42,22,0.0005884304767184728,0.9658746421610159
fpca256_25,outer_fold,42,23,0.0005712496126209421,0.9664458917736368
fpca256_25,outer_fold,42,24,0.0005631488926885535,0.9670090406663254
fpca256_25,outer_fold,42,25,0.000552554965674575,0.967561595632
fpca256_25,outer_fold,43,1,0.6051345932697232,0.6051345932697232
fpca256_25,outer_fold,43,2,0.2860656196361237,0.891200212905847
fpca256_25,outer_fold,43,3,0.03465313985162199,0.9258533527574689
fpca256_25,outer_fold,43,4,0.018674150736696343,0.9445275034941653
fpca256_25,outer_fold,43,5,0.004511214950863821,0.9490387184450291
fpca256_25,outer_fold,43,6,0.0017151876051038947,0.950753906050133
fpca256_25,outer_fold,43,7,0.0012135256005331625,0.9519674316506661
fpca256_25,outer_fold,43,8,0.0010520902519754263,0.9530195219026415
fpca256_25,outer_fold,43,9,0.0009438969861249544,0.9539634188887665
fpca256_25,outer_fold,43,10,0.0008672122589072343,0.9548306311476736
fpca256_25,outer_fold,43,11,0.0008529046641141378,0.9556835358117878
fpca256_25,outer_fold,43,12,0.0008014831094209077,0.9564850189212086
fpca256_25,outer_fold,43,13,0.000780752326810837,0.9572657712480195
fpca256_25,outer_fold,43,14,0.000766398396996658,0.9580321696450161
fpca256_25,outer_fold,43,15,0.0007553593269586559,0.9587875289719748
fpca256_25,outer_fold,43,16,0.0007429808911846157,0.9595305098631595
fpca256_25,outer_fold,43,17,0.0007151790276298413,0.9602456888907893
fpca256_25,outer_fold,43,18,0.0006945977105615514,0.9609402866013509
fpca256_25,outer_fold,43,19,0.0006727692879219155,0.9616130558892728
fpca256_25,outer_fold,43,20,0.0006576955699559388,0.9622707514592288
fpca256_25,outer_fold,43,21,0.0006533567390893572,0.9629241081983182
fpca256_25,outer_fold,43,22,0.0006380258717195249,0.9635621340700378
fpca256_25,outer_fold,43,23,0.0006267003133335726,0.9641888343833713
fpca256_25,outer_fold,43,24,0.0006009706160856944,0.964789804999457
fpca256_25,outer_fold,43,25,0.0005863749691474326,0.9653761799686045
fpca256_25,outer_fold,44,1,0.6170027063347431,0.6170027063347431
fpca256_25,outer_fold,44,2,0.27744242692364385,0.8944451332583869
fpca256_25,outer_fold,44,3,0.03572485020869155,0.9301699834670785
fpca256_25,outer_fold,44,4,0.018331836762597368,0.9485018202296759
fpca256_25,outer_fold,44,5,0.0046372714942275696,0.9531390917239034
fpca256_25,outer_fold,44,6,0.0018112305893922057,0.9549503223132957
fpca256_25,outer_fold,44,7,0.0012375784881310567,0.9561879008014268
fpca256_25,outer_fold,44,8,0.0009396347093263202,0.9571275355107531
fpca256_25,outer_fold,44,9,0.0009063679735037296,0.9580339034842569
fpca256_25,outer_fold,44,10,0.0008197549780703269,0.9588536584623272
fpca256_25,outer_fold,44,11,0.0007526563695604509,0.9596063148318876
fpca256_25,outer_fold,44,12,0.0007380721235797142,0.9603443869554673
fpca256_25,outer_fold,44,13,0.0007157037165815309,0.9610600906720489
fpca256_25,outer_fold,44,14,0.0007142468892604824,0.9617743375613094
fpca256_25,outer_fold,44,15,0.0007016151670075183,0.9624759527283169
fpca256_25,outer_fold,44,16,0.0006737003133858424,0.9631496530417027
fpca256_25,outer_fold,44,17,0.0006545939351769238,0.9638042469768797
fpca256_25,outer_fold,44,18,0.0006465045453552794,0.964450751522235
fpca256_25,outer_fold,44,19,0.0006360288463158474,0.9650867803685509
fpca256_25,outer_fold,44,20,0.0006130446397394548,0.9656998250082903
fpca256_25,outer_fold,44,21,0.0005920083457842442,0.9662918333540745
fpca256_25,outer_fold,44,22,0.000573328437255798,0.9668651617913303
fpca256_25,outer_fold,44,23,0.0005625243078322958,0.9674276860991626
fpca256_25,outer_fold,44,24,0.0005488079407208029,0.9679764940398834
fpca256_25,outer_fold,44,25,0.000546480807552597,0.968522974847436
fpca256_25,outer_fold,45,1,0.6404332434201176,0.6404332434201176
fpca256_25,outer_fold,45,2,0.25249541040772544,0.8929286538278431
fpca256_25,outer_fold,45,3,0.0345359583476428,0.9274646121754859
fpca256_25,outer_fold,45,4,0.017780894558361644,0.9452455067338476
fpca256_25,outer_fold,45,5,0.0043995139915862635,0.9496450207254338
fpca256_25,outer_fold,45,6,0.0017078609594963652,0.9513528816849302
fpca256_25,outer_fold,45,7,0.0012911159495583354,0.9526439976344885
fpca256_25,outer_fold,45,8,0.0010337938007548638,0.9536777914352433
fpca256_25,outer_fold,45,9,0.0009423092317245586,0.9546201006669679
fpca256_25,outer_fold,45,10,0.0008945613060819639,0.9555146619730499
fpca256_25,outer_fold,45,11,0.0008004371243524504,0.9563150990974023
fpca256_25,outer_fold,45,12,0.000776321068693733,0.957091420166096
fpca256_25,outer_fold,45,13,0.0007717959895394592,0.9578632161556355
fpca256_25,outer_fold,45,14,0.0007565038837186025,0.9586197200393541
fpca256_25,outer_fold,45,15,0.0007458321984162,0.9593655522377703
fpca256_25,outer_fold,45,16,0.0007239059118788747,0.9600894581496492
fpca256_25,outer_fold,45,17,0.0006891398993887065,0.9607785980490379
fpca256_25,outer_fold,45,18,0.0006757638476225943,0.9614543618966604
fpca256_25,outer_fold,45,19,0.0006531934135076045,0.962107555310168
fpca256_25,outer_fold,45,20,0.0006421990221337997,0.9627497543323018
fpca256_25,outer_fold,45,21,0.0006261221061683639,0.9633758764384702
fpca256_25,outer_fold,45,22,0.000621360938585712,0.9639972373770559
fpca256_25,outer_fold,45,23,0.0006079057142502262,0.9646051430913061
fpca256_25,outer_fold,45,24,0.0005908970683725716,0.9651960401596786
fpca256_25,outer_fold,45,25,0.0005799737407468558,0.9657760139004254
fpca256_25,outer_fold,46,1,0.6457263338908409,0.6457263338908409
fpca256_25,outer_fold,46,2,0.24665934508031412,0.8923856789711551
fpca256_25,outer_fold,46,3,0.03649939409284558,0.9288850730640006
fpca256_25,outer_fold,46,4,0.018111111626210468,0.9469961846902111
fpca256_25,outer_fold,46,5,0.004479946406664898,0.951476131096876
fpca256_25,outer_fold,46,6,0.0016546067064429455,0.9531307378033189
fpca256_25,outer_fold,46,7,0.0013041278388581004,0.954434865642177
fpca256_25,outer_fold,46,8,0.001019781124010054,0.9554546467661871
fpca256_25,outer_fold,46,9,0.0009032759006194593,0.9563579226668065
fpca256_25,outer_fold,46,10,0.0008793009934491148,0.9572372236602557
fpca256_25,outer_fold,46,11,0.0007973578108625732,0.9580345814711182
fpca256_25,outer_fold,46,12,0.0007561206735886448,0.9587907021447069
fpca256_25,outer_fold,46,13,0.0007437230054425395,0.9595344251501494
fpca256_25,outer_fold,46,14,0.0007347905030244237,0.9602692156531738
fpca256_25,outer_fold,46,15,0.0007136904910494466,0.9609829061442232
fpca256_25,outer_fold,46,16,0.0006894193432176508,0.9616723254874409
fpca256_25,outer_fold,46,17,0.0006629190388437311,0.9623352445262846
fpca256_25,outer_fold,46,18,0.0006572879315418707,0.9629925324578265
fpca256_25,outer_fold,46,19,0.0006479697805426168,0.9636405022383691
fpca256_25,outer_fold,46,20,0.0006158640582626103,0.9642563662966317
fpca256_25,outer_fold,46,21,0.0006065551317721252,0.9648629214284038
fpca256_25,outer_fold,46,22,0.0005977749903847102,0.9654606964187885
fpca256_25,outer_fold,46,23,0.0005851498522234304,0.966045846271012
fpca256_25,outer_fold,46,24,0.0005782439971201925,0.9666240902681321
fpca256_25,outer_fold,46,25,0.000567811267341409,0.9671919015354735
fpca256_25,outer_fold,47,1,0.6318205800034331,0.6318205800034331
fpca256_25,outer_fold,47,2,0.26477082210082115,0.8965914021042543
fpca256_25,outer_fold,47,3,0.03258718720735603,0.9291785893116102
fpca256_25,outer_fold,47,4,0.016536868355328915,0.9457154576669391
fpca256_25,outer_fold,47,5,0.004639437244949692,0.9503548949118887
fpca256_25,outer_fold,47,6,0.0015472517234497369,0.9519021466353385
fpca256_25,outer_fold,47,7,0.0012131017872439886,0.9531152484225824
fpca256_25,outer_fold,47,8,0.0010451617130349893,0.9541604101356175
fpca256_25,outer_fold,47,9,0.0009652271354827626,0.9551256372711002
fpca256_25,outer_fold,47,10,0.000912659364434161,0.9560382966355344
fpca256_25,outer_fold,47,11,0.0008407985851208242,0.9568790952206553
fpca256_25,outer_fold,47,12,0.0008229809765927825,0.9577020761972481
fpca256_25,outer_fold,47,13,0.000775978342550794,0.958478054539799
fpca256_25,outer_fold,47,14,0.000741573740870875,0.9592196282806699
fpca256_25,outer_fold,47,15,0.0007355231856593211,0.9599551514663291
fpca256_25,outer_fold,47,16,0.0007072235517988498,0.960662375018128
fpca256_25,outer_fold,47,17,0.0006940359514643436,0.9613564109695923
fpca256_25,outer_fold,47,18,0.0006780016716376994,0.96203441264123
fpca256_25,outer_fold,47,19,0.0006642670634773133,0.9626986797047073
fpca256_25,outer_fold,47,20,0.0006414964237205848,0.9633401761284279
fpca256_25,outer_fold,47,21,0.0006358513016270979,0.9639760274300551
fpca256_25,outer_fold,47,22,0.0006150081777224768,0.9645910356077776
fpca256_25,outer_fold,47,23,0.0006065619894883251,0.9651975975972659
fpca256_25,outer_fold,47,24,0.0005950138236588832,0.9657926114209248
fpca256_25,outer_fold,47,25,0.000569870096830971,0.9663624815177557
fpca256_25,outer_fold,48,1,0.641089844527469,0.641089844527469
fpca256_25,outer_fold,48,2,0.25553084216723465,0.8966206866947036
fpca256_25,outer_fold,48,3,0.03462468115153929,0.9312453678462429
fpca256_25,outer_fold,48,4,0.01735189583299144,0.9485972636792344
fpca256_25,outer_fold,48,5,0.004465895734275032,0.9530631594135094
fpca256_25,outer_fold,48,6,0.001707966011592441,0.9547711254251018
fpca256_25,outer_fold,48,7,0.0012447053903880429,0.9560158308154898
fpca256_25,outer_fold,48,8,0.0009573436147943579,0.9569731744302842
fpca256_25,outer_fold,48,9,0.0008971239502013485,0.9578702983804855
fpca256_25,outer_fold,48,10,0.0008499940982445641,0.9587202924787301
fpca256_25,outer_fold,48,11,0.0007941241861639433,0.9595144166648941
fpca256_25,outer_fold,48,12,0.0007375903165748572,0.960252006981469
fpca256_25,outer_fold,48,13,0.0007273679349247823,0.9609793749163937
fpca256_25,outer_fold,48,14,0.0007136869609170015,0.9616930618773107
fpca256_25,outer_fold,48,15,0.0007033424164160317,0.9623964042937267
fpca256_25,outer_fold,48,16,0.0006736183706013437,0.9630700226643281
fpca256_25,outer_fold,48,17,0.000665797811644352,0.9637358204759724
fpca256_25,outer_fold,48,18,0.000635369131978687,0.9643711896079511
fpca256_25,outer_fold,48,19,0.0006265306449844125,0.9649977202529355
fpca256_25,outer_fold,48,20,0.0006054045691798835,0.9656031248221154
fpca256_25,outer_fold,48,21,0.0005993713150972883,0.9662024961372127
fpca256_25,outer_fold,48,22,0.0005793989488794373,0.9667818950860921
fpca256_25,outer_fold,48,23,0.0005673562474046085,0.9673492513334967
fpca256_25,outer_fold,48,24,0.0005591587660136627,0.9679084100995103
fpca256_25,outer_fold,48,25,0.0005551342268425585,0.968463544326353
fpca256_25,outer_fold,49,1,0.5752956838151554,0.5752956838151554
fpca256_25,outer_fold,49,2,0.30792495082365146,0.8832206346388068
fpca256_25,outer_fold,49,3,0.03945337769383891,0.9226740123326458
fpca256_25,outer_fold,49,4,0.020276125954368656,0.9429501382870145
fpca256_25,outer_fold,49,5,0.0048214141997337725,0.9477715524867483
fpca256_25,outer_fold,49,6,0.001840899338104142,0.9496124518248524
fpca256_25,outer_fold,49,7,0.0012877026302632833,0.9509001544551157
fpca256_25,outer_fold,49,8,0.0010655775516215397,0.9519657320067372
fpca256_25,outer_fold,49,9,0.0009485803612100774,0.9529143123679472
fpca256_25,outer_fold,49,10,0.0008928628882074086,0.9538071752561547
fpca256_25,outer_fold,49,11,0.000856122286302316,0.9546632975424569
fpca256_25,outer_fold,49,12,0.0008278372223843135,0.9554911347648413
fpca256_25,outer_fold,49,13,0.0007993947857009474,0.9562905295505422
fpca256_25,outer_fold,49,14,0.0007901404465577843,0.9570806699971
fpca256_25,outer_fold,49,15,0.0007612456493486154,0.9578419156464486
fpca256_25,outer_fold,49,16,0.0007452579553661803,0.9585871736018148
fpca256_25,outer_fold,49,17,0.0007305352017486396,0.9593177088035634
fpca256_25,outer_fold,49,18,0.0007067988478162632,0.9600245076513796
fpca256_25,outer_fold,49,19,0.000689362022246424,0.960713869673626
fpca256_25,outer_fold,49,20,0.0006689847117698597,0.961382854385396
fpca256_25,outer_fold,49,21,0.0006506610385144952,0.9620335154239105
fpca256_25,outer_fold,49,22,0.000632531151116199,0.9626660465750266
fpca256_25,outer_fold,49,23,0.0006247508071209976,0.9632907973821476
fpca256_25,outer_fold,49,24,0.000613623340477847,0.9639044207226255
fpca256_25,outer_fold,49,25,0.0005849951032456695,0.9644894158258712
fpca256_25,outer_fold,50,1,0.6195344641174463,0.6195344641174463
fpca256_25,outer_fold,50,2,0.2702269787506216,0.8897614428680679
fpca256_25,outer_fold,50,3,0.03560580407225851,0.9253672469403265
fpca256_25,outer_fold,50,4,0.01969793227116643,0.9450651792114929
fpca256_25,outer_fold,50,5,0.004851154410612378,0.9499163336221053
fpca256_25,outer_fold,50,6,0.0016606736743726897,0.951577007296478
fpca256_25,outer_fold,50,7,0.00122817094891121,0.9528051782453892
fpca256_25,outer_fold,50,8,0.0010537484190578355,0.953858926664447
fpca256_25,outer_fold,50,9,0.0009451668922870654,0.9548040935567341
fpca256_25,outer_fold,50,10,0.0008575083987405075,0.9556616019554747
fpca256_25,outer_fold,50,11,0.0008181172569486372,0.9564797192124234
fpca256_25,outer_fold,50,12,0.0008013180094014178,0.9572810372218248
fpca256_25,outer_fold,50,13,0.0007932323154343792,0.9580742695372592
fpca256_25,outer_fold,50,14,0.0007484158039834272,0.9588226853412426
fpca256_25,outer_fold,50,15,0.0007375815154794934,0.9595602668567221
fpca256_25,outer_fold,50,16,0.0007257788456369311,0.9602860457023591
fpca256_25,outer_fold,50,17,0.0007141444607862834,0.9610001901631454
fpca256_25,outer_fold,50,18,0.0006815116362474475,0.9616817017993928
fpca256_25,outer_fold,50,19,0.0006806941494875829,0.9623623959488804
fpca256_25,outer_fold,50,20,0.0006598906042034077,0.9630222865530839
fpca256_25,outer_fold,50,21,0.0006410735171549987,0.9636633600702389
fpca256_25,outer_fold,50,22,0.0006327981810957196,0.9642961582513346
fpca256_25,outer_fold,50,23,0.0006071226823896796,0.9649032809337243
fpca256_25,outer_fold,50,24,0.0005991416175736687,0.965502422551298
fpca256_25,outer_fold,50,25,0.0005855285882674806,0.9660879511395655
fpca256_25,outer_fold,51,1,0.6417857592002919,0.6417857592002919
fpca256_25,outer_fold,51,2,0.25591758656966446,0.8977033457699564
fpca256_25,outer_fold,51,3,0.032015525121498516,0.9297188708914549
fpca256_25,outer_fold,51,4,0.01756522415263994,0.9472840950440948
fpca256_25,outer_fold,51,5,0.004639265630875311,0.9519233606749702
fpca256_25,outer_fold,51,6,0.0017248369506832541,0.9536481976256534
fpca256_25,outer_fold,51,7,0.0012731409370616432,0.9549213385627151
fpca256_25,outer_fold,51,8,0.0009957867877367363,0.9559171253504518
fpca256_25,outer_fold,51,9,0.0008880906474327734,0.9568052159978846
fpca256_25,outer_fold,51,10,0.0008593699292390243,0.9576645859271237
fpca256_25,outer_fold,51,11,0.0008064259972973154,0.958471011924421
fpca256_25,outer_fold,51,12,0.0007749093392942799,0.9592459212637152
fpca256_25,outer_fold,51,13,0.0007486107538922118,0.9599945320176074
fpca256_25,outer_fold,51,14,0.0007282164162532613,0.9607227484338607
fpca256_25,outer_fold,51,15,0.0006976373479102503,0.961420385781771
fpca256_25,outer_fold,51,16,0.0006774836342855706,0.9620978694160566
fpca256_25,outer_fold,51,17,0.0006562966630873932,0.962754166079144
fpca256_25,outer_fold,51,18,0.0006386327316403261,0.9633927988107843
fpca256_25,outer_fold,51,19,0.0006240906049055725,0.9640168894156899
fpca256_25,outer_fold,51,20,0.0006097251230987217,0.9646266145387886
fpca256_25,outer_fold,51,21,0.0006077898247353208,0.9652344043635239
fpca256_25,outer_fold,51,22,0.0005804572707121059,0.965814861634236
fpca256_25,outer_fold,51,23,0.0005762694595518783,0.9663911310937879
fpca256_25,outer_fold,51,24,0.0005712733452209132,0.9669624044390088
fpca256_25,outer_fold,51,25,0.0005561920606316655,0.9675185964996404
fpca256_25,outer_fold,52,1,0.6152464703386944,0.6152464703386944
fpca256_25,outer_fold,52,2,0.2759219584515179,0.8911684287902123
fpca256_25,outer_fold,52,3,0.03567779810423846,0.9268462268944507
fpca256_25,outer_fold,52,4,0.01731274746484811,0.9441589743592989
fpca256_25,outer_fold,52,5,0.00442822611297034,0.9485872004722692
fpca256_25,outer_fold,52,6,0.0017126596086190825,0.9502998600808883
fpca256_25,outer_fold,52,7,0.0012880599084825928,0.9515879199893709
fpca256_25,outer_fold,52,8,0.001087584240006344,0.9526755042293772
fpca256_25,outer_fold,52,9,0.0009658722695370326,0.9536413764989142
fpca256_25,outer_fold,52,10,0.0008831538723720435,0.9545245303712863
fpca256_25,outer_fold,52,11,0.0008539697113203756,0.9553785000826066
fpca256_25,outer_fold,52,12,0.0008151568073930621,0.9561936568899997
fpca256_25,outer_fold,52,13,0.0008015172063234368,0.9569951740963232
fpca256_25,outer_fold,52,14,0.0007763415616254572,0.9577715156579486
fpca256_25,outer_fold,52,15,0.0007583761318041332,0.9585298917897528
fpca256_25,outer_fold,52,16,0.0007402575385404461,0.9592701493282932
fpca256_25,outer_fold,52,17,0.0007287392556072434,0.9599988885839005
fpca256_25,outer_fold,52,18,0.0006974825395339034,0.9606963711234344
fpca256_25,outer_fold,52,19,0.000679321992940759,0.9613756931163752
fpca256_25,outer_fold,52,20,0.0006673033592028498,0.962042996475578
fpca256_25,outer_fold,52,21,0.0006560427471689389,0.9626990392227469
fpca256_25,outer_fold,52,22,0.000640140908356768,0.9633391801311036
fpca256_25,outer_fold,52,23,0.0006205964316986842,0.9639597765628023
fpca256_25,outer_fold,52,24,0.0006102066800555056,0.9645699832428578
fpca256_25,outer_fold,52,25,0.000607255014427116,0.965177238257285
fpca256_25,outer_fold,53,1,0.6153892747757478,0.6153892747757478
fpca256_25,outer_fold,53,2,0.2776181229688541,0.8930073977446018
fpca256_25,outer_fold,53,3,0.03817787945988898,0.9311852772044907
fpca256_25,outer_fold,53,4,0.016441159932893638,0.9476264371373844
fpca256_25,outer_fold,53,5,0.004459397850473526,0.9520858349878579
fpca256_25,outer_fold,53,6,0.0015839492639473443,0.9536697842518053
fpca256_25,outer_fold,53,7,0.0012713131476060524,0.9549410973994114
fpca256_25,outer_fold,53,8,0.0009251251248735249,0.9558662225242849
fpca256_25,outer_fold,53,9,0.0008946305361737408,0.9567608530604587
fpca256_25,outer_fold,53,10,0.0008540223834489437,0.9576148754439076
fpca256_25,outer_fold,53,11,0.0008085279946758746,0.9584234034385835
fpca256_25,outer_fold,53,12,0.0007601163691171969,0.9591835198077007
fpca256_25,outer_fold,53,13,0.0007369388708836297,0.9599204586785843
fpca256_25,outer_fold,53,14,0.0007191865994089624,0.9606396452779933
fpca256_25,outer_fold,53,15,0.0006972984355184263,0.9613369437135117
fpca256_25,outer_fold,53,16,0.000686912278465032,0.9620238559919768
fpca256_25,outer_fold,53,17,0.0006670243914901862,0.962690880383467
fpca256_25,outer_fold,53,18,0.0006425121985054733,0.9633333925819724
fpca256_25,outer_fold,53,19,0.0006356505848698586,0.9639690431668422
fpca256_25,outer_fold,53,20,0.0006208592036703977,0.9645899023705126
fpca256_25,outer_fold,53,21,0.000606995768337661,0.9651968981388502
fpca256_25,outer_fold,53,22,0.0005937402714710165,0.9657906384103212
fpca256_25,outer_fold,53,23,0.0005734609389883077,0.9663640993493096
fpca256_25,outer_fold,53,24,0.000569901024681488,0.966934000373991
fpca256_25,outer_fold,53,25,0.0005535322365376655,0.9674875326105287
fpca256_25,outer_fold,54,1,0.6451087117345334,0.6451087117345334
fpca256_25,outer_fold,54,2,0.24592519199511959,0.8910339037296531
fpca256_25,outer_fold,54,3,0.036332830147478276,0.9273667338771313
fpca256_25,outer_fold,54,4,0.018707300481561776,0.9460740343586931
fpca256_25,outer_fold,54,5,0.00439753420231343,0.9504715685610066
fpca256_25,outer_fold,54,6,0.001717930670490308,0.9521894992314969
fpca256_25,outer_fold,54,7,0.0012559321152352334,0.9534454313467321
fpca256_25,outer_fold,54,8,0.0010618771046892708,0.9545073084514214
fpca256_25,outer_fold,54,9,0.0009508985694191252,0.9554582070208405
fpca256_25,outer_fold,54,10,0.0009100772317385075,0.956368284252579
fpca256_25,outer_fold,54,11,0.0008007648773439905,0.9571690491299231
fpca256_25,outer_fold,54,12,0.0007754557336107488,0.9579445048635338
fpca256_25,outer_fold,54,13,0.0007571953432873096,0.9587017002068211
fpca256_25,outer_fold,54,14,0.0007435887224832066,0.9594452889293044
fpca256_25,outer_fold,54,15,0.0007261582820319082,0.9601714472113363
fpca256_25,outer_fold,54,16,0.0007170223095697381,0.960888469520906
fpca256_25,outer_fold,54,17,0.0006900855438712625,0.9615785550647773
fpca256_25,outer_fold,54,18,0.000673967512716554,0.9622525225774938
fpca256_25,outer_fold,54,19,0.0006556981674977612,0.9629082207449916
fpca256_25,outer_fold,54,20,0.000639693479168842,0.9635479142241604
fpca256_25,outer_fold,54,21,0.0006216733466822245,0.9641695875708426
fpca256_25,outer_fold,54,22,0.0006121239546928208,0.9647817115255354
fpca256_25,outer_fold,54,23,0.0005989615490896163,0.965380673074625
fpca256_25,outer_fold,54,24,0.0005921516815584831,0.9659728247561835
fpca256_25,outer_fold,54,25,0.0005656896554626078,0.9665385144116461
fpca256_25,outer_fold,55,1,0.6389605819004999,0.6389605819004999
fpca256_25,outer_fold,55,2,0.2571795220461025,0.8961401039466024
fpca256_25,outer_fold,55,3,0.034387076442583764,0.9305271803891861
fpca256_25,outer_fold,55,4,0.017830160117804184,0.9483573405069903
fpca256_25,outer_fold,55,5,0.004356265948228385,0.9527136064552186
fpca256_25,outer_fold,55,6,0.0017551056017182439,0.9544687120569368
fpca256_25,outer_fold,55,7,0.001204834454938159,0.955673546511875
fpca256_25,outer_fold,55,8,0.001020172438028569,0.9566937189499035
fpca256_25,outer_fold,55,9,0.0008995642544764057,0.95759328320438
fpca256_25,outer_fold,55,10,0.0008683501331880402,0.9584616333375681
fpca256_25,outer_fold,55,11,0.0007760565182226399,0.9592376898557907
fpca256_25,outer_fold,55,12,0.0007499092057101443,0.9599875990615009
fpca256_25,outer_fold,55,13,0.0007443159879132311,0.9607319150494141
fpca256_25,outer_fold,55,14,0.0006973252726482351,0.9614292403220623
fpca256_25,outer_fold,55,15,0.0006913718901595864,0.9621206122122219
fpca256_25,outer_fold,55,16,0.0006735565707948439,0.9627941687830167
fpca256_25,outer_fold,55,17,0.0006644406210694857,0.9634586094040862
fpca256_25,outer_fold,55,18,0.0006247620651313408,0.9640833714692175
fpca256_25,outer_fold,55,19,0.0006206582286678016,0.9647040296978853
fpca256_25,outer_fold,55,20,0.0006016042103530776,0.9653056339082383
fpca256_25,outer_fold,55,21,0.0005942593639261268,0.9658998932721644
fpca256_25,outer_fold,55,22,0.0005743729809889761,0.9664742662531534
fpca256_25,outer_fold,55,23,0.0005580924257869571,0.9670323586789403
fpca256_25,outer_fold,55,24,0.0005523181437383385,0.9675846768226787
fpca256_25,outer_fold,55,25,0.0005409428548920922,0.9681256196775708
fpca256_25,outer_fold,56,1,0.6188788359628075,0.6188788359628075
fpca256_25,outer_fold,56,2,0.2666228150546251,0.8855016510174325
fpca256_25,outer_fold,56,3,0.03899873867457153,0.924500389692004
fpca256_25,outer_fold,56,4,0.018660655566952965,0.9431610452589569
fpca256_25,outer_fold,56,5,0.004765668037281966,0.9479267132962389
fpca256_25,outer_fold,56,6,0.0017100004704899475,0.9496367137667289
fpca256_25,outer_fold,56,7,0.0012797217463631967,0.950916435513092
fpca256_25,outer_fold,56,8,0.0010901630597222878,0.9520065985728143
fpca256_25,outer_fold,56,9,0.0009679985559105321,0.9529745971287249
fpca256_25,outer_fold,56,10,0.000948859425313845,0.9539234565540388
fpca256_25,outer_fold,56,11,0.0008583780676361027,0.9547818346216749
fpca256_25,outer_fold,56,12,0.0008351383729382901,0.9556169729946131
fpca256_25,outer_fold,56,13,0.0008055315637993711,0.9564225045584125
fpca256_25,outer_fold,56,14,0.0007736232022236408,0.9571961277606361
fpca256_25,outer_fold,56,15,0.000764445443991446,0.9579605732046276
fpca256_25,outer_fold,56,16,0.0007507017950902599,0.9587112749997179
fpca256_25,outer_fold,56,17,0.0007245705404606483,0.9594358455401785
fpca256_25,outer_fold,56,18,0.0007119367771262696,0.9601477823173047
fpca256_25,outer_fold,56,19,0.0006989832122681137,0.9608467655295728
fpca256_25,outer_fold,56,20,0.0006670488484062355,0.961513814377979
fpca256_25,outer_fold,56,21,0.0006604930836757409,0.9621743074616548
fpca256_25,outer_fold,56,22,0.0006410061176696807,0.9628153135793245
fpca256_25,outer_fold,56,23,0.0006353300364593861,0.9634506436157839
fpca256_25,outer_fold,56,24,0.0006202078336777517,0.9640708514494617
fpca256_25,outer_fold,56,25,0.000611909874171071,0.9646827613236327
fpca256_25,outer_fold,57,1,0.6194352248837979,0.6194352248837979
fpca256_25,outer_fold,57,2,0.2727535722983435,0.8921887971821414
fpca256_25,outer_fold,57,3,0.03210082513006397,0.9242896223122054
fpca256_25,outer_fold,57,4,0.019671702072011524,0.9439613243842169
fpca256_25,outer_fold,57,5,0.0046427392478967525,0.9486040636321136
fpca256_25,outer_fold,57,6,0.0016332843697891705,0.9502373480019027
fpca256_25,outer_fold,57,7,0.0012922723346905744,0.9515296203365933
fpca256_25,outer_fold,57,8,0.0009955640535295226,0.9525251843901228
fpca256_25,outer_fold,57,9,0.0009384012236388073,0.9534635856137617
fpca256_25,outer_fold,57,10,0.000863744528098228,0.9543273301418599
fpca256_25,outer_fold,57,11,0.0008556909999061426,0.955183021141766
fpca256_25,outer_fold,57,12,0.0008138997857960246,0.955996920927562
fpca256_25,outer_fold,57,13,0.000790916224200565,0.9567878371517626
fpca256_25,outer_fold,57,14,0.0007785384061012976,0.957566375557864
fpca256_25,outer_fold,57,15,0.0007545721546224247,0.9583209477124863
fpca256_25,outer_fold,57,16,0.0007345467873661412,0.9590554944998525
fpca256_25,outer_fold,57,17,0.0007023384745804252,0.959757832974433
fpca256_25,outer_fold,57,18,0.000695402473887398,0.9604532354483204
fpca256_25,outer_fold,57,19,0.0006843891812482394,0.9611376246295686
fpca256_25,outer_fold,57,20,0.0006602595949377168,0.9617978842245064
fpca256_25,outer_fold,57,21,0.0006463662177093758,0.9624442504422158
fpca256_25,outer_fold,57,22,0.0006410894170902298,0.963085339859306
fpca256_25,outer_fold,57,23,0.0006255416855269764,0.963710881544833
fpca256_25,outer_fold,57,24,0.0006114155221789342,0.9643222970670119
fpca256_25,outer_fold,57,25,0.0005931973865769492,0.9649154944535888
fpca256_25,outer_fold,58,1,0.6185863085404412,0.6185863085404412
fpca256_25,outer_fold,58,2,0.27570400975837345,0.8942903182988147
fpca256_25,outer_fold,58,3,0.03450313139686219,0.9287934496956769
fpca256_25,outer_fold,58,4,0.018106838013384318,0.9469002877090612
fpca256_25,outer_fold,58,5,0.004575244880115595,0.9514755325891768
fpca256_25,outer_fold,58,6,0.001720809690907937,0.9531963422800848
fpca256_25,outer_fold,58,7,0.0012648784381243843,0.9544612207182092
fpca256_25,outer_fold,58,8,0.001007302243824967,0.9554685229620341
fpca256_25,outer_fold,58,9,0.0009131453434227375,0.9563816683054568
fpca256_25,outer_fold,58,10,0.0008245835983947467,0.9572062519038516
fpca256_25,outer_fold,58,11,0.0008071931800418297,0.9580134450838934
fpca256_25,outer_fold,58,12,0.0007713057732757087,0.9587847508571691
fpca256_25,outer_fold,58,13,0.0007527301246916113,0.9595374809818606
fpca256_25,outer_fold,58,14,0.000742123011501923,0.9602796039933625
fpca256_25,outer_fold,58,15,0.0007086456386725169,0.9609882496320351
fpca256_25,outer_fold,58,16,0.0006927822374787256,0.9616810318695138
fpca256_25,outer_fold,58,17,0.0006662247177845294,0.9623472565872984
fpca256_25,outer_fold,58,18,0.0006342638951237547,0.9629815204824221
fpca256_25,outer_fold,58,19,0.0006258340842075858,0.9636073545666297
fpca256_25,outer_fold,58,20,0.0006147340071927613,0.9642220885738225
fpca256_25,outer_fold,58,21,0.0006097769171467063,0.9648318654909692
fpca256_25,outer_fold,58,22,0.0006020004081087574,0.965433865899078
fpca256_25,outer_fold,58,23,0.0005891827895285353,0.9660230486886066
fpca256_25,outer_fold,58,24,0.0005690261665937603,0.9665920748552003
fpca256_25,outer_fold,58,25,0.000553563672960141,0.9671456385281604
fpca256_25,outer_fold,59,1,0.640046864055755,0.640046864055755
fpca256_25,outer_fold,59,2,0.2547839604691127,0.8948308245248677
fpca256_25,outer_fold,59,3,0.03698189681144324,0.931812721336311
fpca256_25,outer_fold,59,4,0.015853258055819008,0.94766597939213
fpca256_25,outer_fold,59,5,0.004565293847434459,0.9522312732395645
fpca256_25,outer_fold,59,6,0.0015299965401233658,0.9537612697796878
fpca256_25,outer_fold,59,7,0.0012989750639608264,0.9550602448436486
fpca256_25,outer_fold,59,8,0.001001266303059006,0.9560615111467076
fpca256_25,outer_fold,59,9,0.0009089822637956193,0.9569704934105032
fpca256_25,outer_fold,59,10,0.0008616717763258363,0.957832165186829
fpca256_25,outer_fold,59,11,0.0007961322346206626,0.9586282974214497
fpca256_25,outer_fold,59,12,0.0007690222883462196,0.9593973197097959
fpca256_25,outer_fold,59,13,0.0007468947939491405,0.9601442145037451
fpca256_25,outer_fold,59,14,0.0007199993008368757,0.960864213804582
fpca256_25,outer_fold,59,15,0.0007120065458465076,0.9615762203504284
fpca256_25,outer_fold,59,16,0.0006748804671589554,0.9622511008175874
fpca256_25,outer_fold,59,17,0.000669399257267384,0.9629205000748547
fpca256_25,outer_fold,59,18,0.0006311540587281838,0.9635516541335829
fpca256_25,outer_fold,59,19,0.0006190052085722564,0.9641706593421552
fpca256_25,outer_fold,59,20,0.0006183048140907842,0.9647889641562459
fpca256_25,outer_fold,59,21,0.000604806612267933,0.9653937707685138
fpca256_25,outer_fold,59,22,0.0005939144319063894,0.9659876852004202
fpca256_25,outer_fold,59,23,0.0005851045602714844,0.9665727897606917
fpca256_25,outer_fold,59,24,0.0005809139808705619,0.9671537037415623
fpca256_25,outer_fold,59,25,0.0005611867586976216,0.9677148905002599
fpca256_25,outer_fold,60,1,0.605384258174667,0.605384258174667
fpca256_25,outer_fold,60,2,0.281327869803395,0.8867121279780621
fpca256_25,outer_fold,60,3,0.035935632318122135,0.9226477602961842
fpca256_25,outer_fold,60,4,0.01911637722574666,0.9417641375219309
fpca256_25,outer_fold,60,5,0.005266109153546946,0.9470302466754779
fpca256_25,outer_fold,60,6,0.0018246472079682667,0.9488548938834461
fpca256_25,outer_fold,60,7,0.0012083957776307154,0.9500632896610769
fpca256_25,outer_fold,60,8,0.0010803161440230886,0.9511436058050999
fpca256_25,outer_fold,60,9,0.0010046692750135648,0.9521482750801135
fpca256_25,outer_fold,60,10,0.0009049075696980077,0.9530531826498114
fpca256_25,outer_fold,60,11,0.0008651827738651006,0.9539183654236765
fpca256_25,outer_fold,60,12,0.0008444328541785874,0.954762798277855
fpca256_25,outer_fold,60,13,0.0008230034465281122,0.9555858017243831
fpca256_25,outer_fold,60,14,0.0007887076004374345,0.9563745093248206
fpca256_25,outer_fold,60,15,0.0007709251143262698,0.9571454344391469
fpca256_25,outer_fold,60,16,0.0007466996803099196,0.9578921341194568
fpca256_25,outer_fold,60,17,0.0007136090228781976,0.958605743142335
fpca256_25,outer_fold,60,18,0.0007074760590535899,0.9593132192013887
fpca256_25,outer_fold,60,19,0.0006950039057951336,0.9600082231071838
fpca256_25,outer_fold,60,20,0.0006878070907600441,0.9606960301979438
fpca256_25,outer_fold,60,21,0.0006804561530950231,0.9613764863510388
fpca256_25,outer_fold,60,22,0.000665414927764053,0.9620419012788028
fpca256_25,outer_fold,60,23,0.000652961341531627,0.9626948626203344
fpca256_25,outer_fold,60,24,0.0006385403382140753,0.9633334029585485
fpca256_25,outer_fold,60,25,0.0006113694228195839,0.9639447723813681
fpca256_25,outer_fold,61,1,0.6326529337123376,0.6326529337123376
fpca256_25,outer_fold,61,2,0.26058149459822333,0.8932344283105609
fpca256_25,outer_fold,61,3,0.03592277553086067,0.9291572038414215
fpca256_25,outer_fold,61,4,0.018230969203200303,0.9473881730446219
fpca256_25,outer_fold,61,5,0.004396991671689356,0.9517851647163112
fpca256_25,outer_fold,61,6,0.0017179521276661821,0.9535031168439775
fpca256_25,outer_fold,61,7,0.001278997731978361,0.9547821145759559
fpca256_25,outer_fold,61,8,0.0010313756964783153,0.9558134902724341
fpca256_25,outer_fold,61,9,0.0009306315201021328,0.9567441217925362
fpca256_25,outer_fold,61,10,0.0008740522875067922,0.957618174080043
fpca256_25,outer_fold,61,11,0.0007977737871597907,0.9584159478672029
fpca256_25,outer_fold,61,12,0.0007757017788582232,0.9591916496460611
fpca256_25,outer_fold,61,13,0.0007489138030057443,0.9599405634490669
fpca256_25,outer_fold,61,14,0.000742784400308724,0.9606833478493756
fpca256_25,outer_fold,61,15,0.0007098259653589273,0.9613931738147345
fpca256_25,outer_fold,61,16,0.0006964184399154376,0.96208959225465
fpca256_25,outer_fold,61,17,0.0006832059589844097,0.9627727982136344
fpca256_25,outer_fold,61,18,0.0006736261000947549,0.9634464243137292
fpca256_25,outer_fold,61,19,0.0006495821648547708,0.964096006478584
fpca256_25,outer_fold,61,20,0.0006148124363177502,0.9647108189149017
fpca256_25,outer_fold,61,21,0.0006107045299517039,0.9653215234448534
fpca256_25,outer_fold,61,22,0.0006029811128345449,0.965924504557688
fpca256_25,outer_fold,61,23,0.0005872342529404435,0.9665117388106285
fpca256_25,outer_fold,61,24,0.0005777025626945081,0.967089441373323
fpca256_25,outer_fold,61,25,0.0005733283426207585,0.9676627697159438
fpca256_25,outer_fold,62,1,0.6586201649395005,0.6586201649395005
fpca256_25,outer_fold,62,2,0.2361873709441725,0.894807535883673
fpca256_25,outer_fold,62,3,0.03361826801477689,0.9284258038984499
fpca256_25,outer_fold,62,4,0.017265895257377737,0.9456916991558276
fpca256_25,outer_fold,62,5,0.004223594309150143,0.9499152934649777
fpca256_25,outer_fold,62,6,0.0016072204564815842,0.9515225139214593
fpca256_25,outer_fold,62,7,0.0012451377404834269,0.9527676516619427
fpca256_25,outer_fold,62,8,0.0010436001734432459,0.953811251835386
fpca256_25,outer_fold,62,9,0.0009171911825228768,0.9547284430179088
fpca256_25,outer_fold,62,10,0.0009015490833154372,0.9556299921012242
fpca256_25,outer_fold,62,11,0.0008156429012076879,0.956445635002432
fpca256_25,outer_fold,62,12,0.0007875173301817956,0.9572331523326137
fpca256_25,outer_fold,62,13,0.000771560258139555,0.9580047125907533
fpca256_25,outer_fold,62,14,0.0007539744683956507,0.9587586870591489
fpca256_25,outer_fold,62,15,0.0007372901041879416,0.9594959771633369
fpca256_25,outer_fold,62,16,0.0007019103152578662,0.9601978874785948
fpca256_25,outer_fold,62,17,0.000688615280163087,0.9608865027587579
fpca256_25,outer_fold,62,18,0.0006794121600041064,0.961565914918762
fpca256_25,outer_fold,62,19,0.000654137772670118,0.9622200526914321
fpca256_25,outer_fold,62,20,0.0006388188368934741,0.9628588715283255
fpca256_25,outer_fold,62,21,0.0006224294696541888,0.9634813009979797
fpca256_25,outer_fold,62,22,0.0006103759142667134,0.9640916769122464
fpca256_25,outer_fold,62,23,0.0006017712741281349,0.9646934481863745
fpca256_25,outer_fold,62,24,0.0005742094493502674,0.9652676576357248
fpca256_25,outer_fold,62,25,0.0005688196332894669,0.9658364772690142
fpca256_25,outer_fold,63,1,0.6283428553371768,0.6283428553371768
fpca256_25,outer_fold,63,2,0.2638208875046668,0.8921637428418436
fpca256_25,outer_fold,63,3,0.03593826045667999,0.9281020032985237
fpca256_25,outer_fold,63,4,0.01942014675410381,0.9475221500526275
fpca256_25,outer_fold,63,5,0.004359340591266676,0.9518814906438942
fpca256_25,outer_fold,63,6,0.0016757171366011694,0.9535572077804954
fpca256_25,outer_fold,63,7,0.0013221075648447596,0.9548793153453401
fpca256_25,outer_fold,63,8,0.001059709979789624,0.9559390253251298
fpca256_25,outer_fold,63,9,0.0009259732426479358,0.9568649985677777
fpca256_25,outer_fold,63,10,0.0008979540676284973,0.9577629526354062
fpca256_25,outer_fold,63,11,0.0007966023417791564,0.9585595549771854
fpca256_25,outer_fold,63,12,0.000764622756504207,0.9593241777336896
fpca256_25,outer_fold,63,13,0.0007508353616147909,0.9600750130953044
fpca256_25,outer_fold,63,14,0.0007349386339544135,0.9608099517292589
fpca256_25,outer_fold,63,15,0.0007188546104687034,0.9615288063397276
fpca256_25,outer_fold,63,16,0.0006774820545547928,0.9622062883942823
fpca256_25,outer_fold,63,17,0.0006679530298644218,0.9628742414241468
fpca256_25,outer_fold,63,18,0.0006559052982846344,0.9635301467224314
fpca256_25,outer_fold,63,19,0.0006487786371677653,0.9641789253595991
fpca256_25,outer_fold,63,20,0.000628149641405805,0.9648070750010049
fpca256_25,outer_fold,63,21,0.0006038330448302618,0.9654109080458352
fpca256_25,outer_fold,63,22,0.0005912127657156593,0.9660021208115508
fpca256_25,outer_fold,63,23,0.0005866012882177077,0.9665887220997685
fpca256_25,outer_fold,63,24,0.0005735180804617695,0.9671622401802303
fpca256_25,outer_fold,63,25,0.0005663673837771755,0.9677286075640075
fpca256_25,outer_fold,64,1,0.6199990056829456,0.6199990056829456
fpca256_25,outer_fold,64,2,0.27526539212956835,0.895264397812514
fpca256_25,outer_fold,64,3,0.03583339494349323,0.9310977927560072
fpca256_25,outer_fold,64,4,0.016078046276929128,0.9471758390329363
fpca256_25,outer_fold,64,5,0.0045566217162551865,0.9517324607491915
fpca256_25,outer_fold,64,6,0.0015792651956487058,0.9533117259448401
fpca256_25,outer_fold,64,7,0.0012479939723788107,0.954559719917219
fpca256_25,outer_fold,64,8,0.0009171590496263529,0.9554768789668453
fpca256_25,outer_fold,64,9,0.000899451750471448,0.9563763307173168
fpca256_25,outer_fold,64,10,0.0008602912431943133,0.9572366219605111
fpca256_25,outer_fold,64,11,0.0008023909422098882,0.958039012902721
fpca256_25,outer_fold,64,12,0.0007685695432763103,0.9588075824459973
fpca256_25,outer_fold,64,13,0.0007265662301994041,0.9595341486761967
fpca256_25,outer_fold,64,14,0.0007122866959215849,0.9602464353721183
fpca256_25,outer_fold,64,15,0.0007074854244422907,0.9609539207965606
fpca256_25,outer_fold,64,16,0.00068441225610662,0.9616383330526672
fpca256_25,outer_fold,64,17,0.0006624350202229434,0.9623007680728901
fpca256_25,outer_fold,64,18,0.0006591149929226156,0.9629598830658127
fpca256_25,outer_fold,64,19,0.000632439790322966,0.9635923228561357
fpca256_25,outer_fold,64,20,0.0006242544974048917,0.9642165773535406
fpca256_25,outer_fold,64,21,0.0006174995556784694,0.9648340769092191
fpca256_25,outer_fold,64,22,0.0006000468755731354,0.9654341237847922
fpca256_25,outer_fold,64,23,0.0005756769551251224,0.9660098007399174
fpca256_25,outer_fold,64,24,0.0005712704321606402,0.966581071172078
fpca256_25,outer_fold,64,25,0.000554090692649786,0.9671351618647278
fpca256_25,outer_fold,65,1,0.6390910888229823,0.6390910888229823
fpca256_25,outer_fold,65,2,0.25597131826201586,0.8950624070849982
fpca256_25,outer_fold,65,3,0.03421136417174375,0.9292737712567419
fpca256_25,outer_fold,65,4,0.01771809883473761,0.9469918700914796
fpca256_25,outer_fold,65,5,0.0042916514491247275,0.9512835215406042
fpca256_25,outer_fold,65,6,0.001653343385734299,0.9529368649263386
fpca256_25,outer_fold,65,7,0.001303852922636826,0.9542407178489754
fpca256_25,outer_fold,65,8,0.0010516279313467932,0.9552923457803222
fpca256_25,outer_fold,65,9,0.0009384782445566731,0.9562308240248789
fpca256_25,outer_fold,65,10,0.0008833397799238149,0.9571141638048027
fpca256_25,outer_fold,65,11,0.0008044758423037677,0.9579186396471066
fpca256_25,outer_fold,65,12,0.0007736749072938243,0.9586923145544004
fpca256_25,outer_fold,65,13,0.0007569287950573157,0.9594492433494577
fpca256_25,outer_fold,65,14,0.0007409889032679836,0.9601902322527257
fpca256_25,outer_fold,65,15,0.0007259932935209469,0.9609162255462467
fpca256_25,outer_fold,65,16,0.0007178987239391306,0.9616341242701858
fpca256_25,outer_fold,65,17,0.0006829551718840826,0.9623170794420699
fpca256_25,outer_fold,65,18,0.0006578411713793588,0.9629749206134492
fpca256_25,outer_fold,65,19,0.0006403536611803788,0.9636152742746297
fpca256_25,outer_fold,65,20,0.0006208673183223074,0.964236141592952
fpca256_25,outer_fold,65,21,0.0006125529573785571,0.9648486945503306
fpca256_25,outer_fold,65,22,0.000606480799157751,0.9654551753494883
fpca256_25,outer_fold,65,23,0.0005947443104407363,0.966049919659929
fpca256_25,outer_fold,65,24,0.0005860860169271896,0.9666360056768563
fpca256_25,outer_fold,65,25,0.0005813151254412255,0.9672173208022975
fpca256_25,outer_fold,66,1,0.638353779309739,0.638353779309739
fpca256_25,outer_fold,66,2,0.2571488262792686,0.8955026055890076
fpca256_25,outer_fold,66,3,0.034168689055709474,0.9296712946447171
fpca256_25,outer_fold,66,4,0.01770127963843735,0.9473725742831545
fpca256_25,outer_fold,66,5,0.00455155677156557,0.9519241310547201
fpca256_25,outer_fold,66,6,0.0016546500154064267,0.9535787810701265
fpca256_25,outer_fold,66,7,0.0012156630694995284,0.954794444139626
fpca256_25,outer_fold,66,8,0.0009862447589508334,0.9557806888985768
fpca256_25,outer_fold,66,9,0.0008963952139151865,0.956677084112492
fpca256_25,outer_fold,66,10,0.0008875374384498912,0.9575646215509419
fpca256_25,outer_fold,66,11,0.0007976712522585334,0.9583622928032004
fpca256_25,outer_fold,66,12,0.0007928700092223817,0.9591551628124227
fpca256_25,outer_fold,66,13,0.0007348517522675236,0.9598900145646903
fpca256_25,outer_fold,66,14,0.0007247265701839068,0.9606147411348741
fpca256_25,outer_fold,66,15,0.000723256673384077,0.9613379978082582
fpca256_25,outer_fold,66,16,0.0006969028624410709,0.9620349006706993
fpca256_25,outer_fold,66,17,0.000695921725960386,0.9627308223966596
fpca256_25,outer_fold,66,18,0.0006566519978935227,0.9633874743945532
fpca256_25,outer_fold,66,19,0.0006335368571015928,0.9640210112516547
fpca256_25,outer_fold,66,20,0.0006177617791409846,0.9646387730307957
fpca256_25,outer_fold,66,21,0.0006069839722109519,0.9652457570030066
fpca256_25,outer_fold,66,22,0.0005968893715116709,0.9658426463745183
fpca256_25,outer_fold,66,23,0.0005911306474720996,0.9664337770219904
fpca256_25,outer_fold,66,24,0.0005739486358901077,0.9670077256578805
fpca256_25,outer_fold,66,25,0.0005681153428635517,0.9675758410007441
fpca256_25,outer_fold,67,1,0.615252856937671,0.615252856937671
fpca256_25,outer_fold,67,2,0.27668449100087084,0.8919373479385417
fpca256_25,outer_fold,67,3,0.037606789750132485,0.9295441376886742
fpca256_25,outer_fold,67,4,0.01768520232254988,0.947229340011224
fpca256_25,outer_fold,67,5,0.004697359164564097,0.9519266991757882
fpca256_25,outer_fold,67,6,0.001678688833938078,0.9536053880097263
fpca256_25,outer_fold,67,7,0.0012332831631957355,0.954838671172922
fpca256_25,outer_fold,67,8,0.0009942263880631432,0.9558328975609851
fpca256_25,outer_fold,67,9,0.0008908899831365847,0.9567237875441217
fpca256_25,outer_fold,67,10,0.0008365100465658937,0.9575602975906876
fpca256_25,outer_fold,67,11,0.0008036537677692041,0.9583639513584569
fpca256_25,outer_fold,67,12,0.0007625416788970785,0.959126493037354
fpca256_25,outer_fold,67,13,0.0007409068273872707,0.9598673998647412
fpca256_25,outer_fold,67,14,0.0007258503909221592,0.9605932502556634
fpca256_25,outer_fold,67,15,0.0007090167721067533,0.9613022670277702
fpca256_25,outer_fold,67,16,0.0006824792359195909,0.9619847462636898
fpca256_25,outer_fold,67,17,0.0006635087952921634,0.962648255058982
fpca256_25,outer_fold,67,18,0.0006481527013729802,0.963296407760355
fpca256_25,outer_fold,67,19,0.0006372442562059717,0.9639336520165609
fpca256_25,outer_fold,67,20,0.0006246358409862833,0.9645582878575472
fpca256_25,outer_fold,67,21,0.000596367575231362,0.9651546554327786
fpca256_25,outer_fold,67,22,0.0005942638334601124,0.9657489192662386
fpca256_25,outer_fold,67,23,0.0005826234183841797,0.9663315426846228
fpca256_25,outer_fold,67,24,0.0005727315238661522,0.966904274208489
fpca256_25,outer_fold,67,25,0.0005533628301682373,0.9674576370386573
fpca256_25,outer_fold,68,1,0.6100564793334067,0.6100564793334067
fpca256_25,outer_fold,68,2,0.27722391294257803,0.8872803922759847
fpca256_25,outer_fold,68,3,0.036424586150958685,0.9237049784269433
fpca256_25,outer_fold,68,4,0.019442927047654372,0.9431479054745977
fpca256_25,outer_fold,68,5,0.0047881595810958175,0.9479360650556935
fpca256_25,outer_fold,68,6,0.001812507603066848,0.9497485726587603
fpca256_25,outer_fold,68,7,0.001247657653424799,0.9509962303121852
fpca256_25,outer_fold,68,8,0.0010776117144918353,0.952073842026677
fpca256_25,outer_fold,68,9,0.00096216231630363,0.9530360043429806
fpca256_25,outer_fold,68,10,0.0008810849449855755,0.9539170892879663
fpca256_25,outer_fold,68,11,0.0008636524316589355,0.9547807417196252
fpca256_25,outer_fold,68,12,0.0008287592928648918,0.9556095010124901
fpca256_25,outer_fold,68,13,0.0007903961220134019,0.9563998971345035
fpca256_25,outer_fold,68,14,0.0007778829323651157,0.9571777800668686
fpca256_25,outer_fold,68,15,0.0007707149858556945,0.9579484950527243
fpca256_25,outer_fold,68,16,0.0007459962728997449,0.958694491325624
fpca256_25,outer_fold,68,17,0.0007261678268456476,0.9594206591524697
fpca256_25,outer_fold,68,18,0.0007058637102818265,0.9601265228627515
fpca256_25,outer_fold,68,19,0.0006909769818038109,0.9608174998445552
fpca256_25,outer_fold,68,20,0.0006755080566415748,0.9614930079011969
fpca256_25,outer_fold,68,21,0.0006721299576769293,0.9621651378588738
fpca256_25,outer_fold,68,22,0.0006419901241094977,0.9628071279829833
fpca256_25,outer_fold,68,23,0.0006385290413306904,0.963445657024314
fpca256_25,outer_fold,68,24,0.0006082413467481379,0.964053898371062
fpca256_25,outer_fold,68,25,0.000606293146673972,0.964660191517736
fpca256_25,outer_fold,69,1,0.6355454238025205,0.6355454238025205
fpca256_25,outer_fold,69,2,0.25740332269668664,0.8929487464992072
fpca256_25,outer_fold,69,3,0.03577310240217069,0.9287218489013779
fpca256_25,outer_fold,69,4,0.0166204308056605,0.9453422797070383
fpca256_25,outer_fold,69,5,0.004554851688229992,0.9498971313952683
fpca256_25,outer_fold,69,6,0.0015766726540435059,0.9514738040493118
fpca256_25,outer_fold,69,7,0.0013271324548262669,0.9528009365041381
fpca256_25,outer_fold,69,8,0.001042790464506915,0.9538437269686451
fpca256_25,outer_fold,69,9,0.0009578527162935439,0.9548015796849386
fpca256_25,outer_fold,69,10,0.0008808548610209862,0.9556824345459596
fpca256_25,outer_fold,69,11,0.0008311752843233304,0.9565136098302829
fpca256_25,outer_fold,69,12,0.0007794107055674511,0.9572930205358503
fpca256_25,outer_fold,69,13,0.0007619402527234981,0.9580549607885738
fpca256_25,outer_fold,69,14,0.000742553368173296,0.9587975141567471
fpca256_25,outer_fold,69,15,0.0007256353366956814,0.9595231494934428
fpca256_25,outer_fold,69,16,0.0007134886778564492,0.9602366381712992
fpca256_25,outer_fold,69,17,0.0006852596415478642,0.9609218978128471
fpca256_25,outer_fold,69,18,0.0006653777302083402,0.9615872755430555
fpca256_25,outer_fold,69,19,0.000652248607944595,0.962239524151
fpca256_25,outer_fold,69,20,0.0006370591391238383,0.9628765832901238
fpca256_25,outer_fold,69,21,0.0006276973647780974,0.9635042806549019
fpca256_25,outer_fold,69,22,0.0006114803242460777,0.964115760979148
fpca256_25,outer_fold,69,23,0.0006072096447643903,0.9647229706239123
fpca256_25,outer_fold,69,24,0.0005905241606920098,0.9653134947846044
fpca256_25,outer_fold,69,25,0.000574003415604301,0.9658874982002087
fpca256_25,outer_fold,70,1,0.5878160234337383,0.5878160234337383
fpca256_25,outer_fold,70,2,0.301607752599252,0.8894237760329903
fpca256_25,outer_fold,70,3,0.03652873295479908,0.9259525089877894
fpca256_25,outer_fold,70,4,0.018683912224989576,0.9446364212127789
fpca256_25,outer_fold,70,5,0.00467057012874132,0.9493069913415202
fpca256_25,outer_fold,70,6,0.0017141501646434057,0.9510211415061636
fpca256_25,outer_fold,70,7,0.0012210871747003246,0.952242228680864
fpca256_25,outer_fold,70,8,0.0010339330882772027,0.9532761617691411
fpca256_25,outer_fold,70,9,0.0009441274799109649,0.9542202892490521
fpca256_25,outer_fold,70,10,0.0008977068534421923,0.9551179961024943
fpca256_25,outer_fold,70,11,0.0008475063154936857,0.955965502417988
fpca256_25,outer_fold,70,12,0.0008143219866124485,0.9567798244046004
fpca256_25,outer_fold,70,13,0.0007677616160823826,0.9575475860206828
fpca256_25,outer_fold,70,14,0.0007598607604890558,0.9583074467811719
fpca256_25,outer_fold,70,15,0.0007467140496652013,0.959054160830837
fpca256_25,outer_fold,70,16,0.0007378663814221538,0.9597920272122592
fpca256_25,outer_fold,70,17,0.0007117099867713347,0.9605037371990305
fpca256_25,outer_fold,70,18,0.0006997383427774069,0.9612034755418079
fpca256_25,outer_fold,70,19,0.0006719448123718041,0.9618754203541796
fpca256_25,outer_fold,70,20,0.0006708883212923562,0.962546308675472
fpca256_25,outer_fold,70,21,0.0006582539940704847,0.9632045626695425
fpca256_25,outer_fold,70,22,0.0006452861759921606,0.9638498488455346
fpca256_25,outer_fold,70,23,0.0006391015648217907,0.9644889504103564
fpca256_25,outer_fold,70,24,0.0005954726834327672,0.9650844230937892
fpca256_25,outer_fold,70,25,0.0005831856748649552,0.9656676087686541
fpca256_25,outer_fold,71,1,0.6264264715857693,0.6264264715857693
fpca256_25,outer_fold,71,2,0.26657262987885044,0.8929991014646197
fpca256_25,outer_fold,71,3,0.03629094431474677,0.9292900457793665
fpca256_25,outer_fold,71,4,0.016507201309121904,0.9457972470884883
fpca256_25,outer_fold,71,5,0.0042527284846755305,0.9500499755731638
fpca256_25,outer_fold,71,6,0.0016030244534196165,0.9516530000265835
fpca256_25,outer_fold,71,7,0.00128379422463131,0.9529367942512148
fpca256_25,outer_fold,71,8,0.0010620412154976593,0.9539988354667125
fpca256_25,outer_fold,71,9,0.0009337895202468561,0.9549326249869593
fpca256_25,outer_fold,71,10,0.0009244123639352608,0.9558570373508946
fpca256_25,outer_fold,71,11,0.0008329996660975869,0.9566900370169922
fpca256_25,outer_fold,71,12,0.0007961362875770341,0.9574861733045692
fpca256_25,outer_fold,71,13,0.0007667204764204366,0.9582528937809897
fpca256_25,outer_fold,71,14,0.00075006861950782,0.9590029624004974
fpca256_25,outer_fold,71,15,0.0007341186242951207,0.9597370810247925
fpca256_25,outer_fold,71,16,0.0007153316235520911,0.9604524126483446
fpca256_25,outer_fold,71,17,0.0006976842104325176,0.9611500968587771
fpca256_25,outer_fold,71,18,0.0006890217022037308,0.9618391185609808
fpca256_25,outer_fold,71,19,0.0006459463393544849,0.9624850649003353
fpca256_25,outer_fold,71,20,0.0006392905508246522,0.9631243554511599
fpca256_25,outer_fold,71,21,0.0006184000332660114,0.9637427554844259
fpca256_25,outer_fold,71,22,0.0006057088906601741,0.964348464375086
fpca256_25,outer_fold,71,23,0.0005960633611250372,0.9649445277362111
fpca256_25,outer_fold,71,24,0.0005847234967259145,0.965529251232937
fpca256_25,outer_fold,71,25,0.0005782953742696834,0.9661075466072067
fpca256_25,outer_fold,72,1,0.6437932862402036,0.6437932862402036
fpca256_25,outer_fold,72,2,0.25116939010489603,0.8949626763450996
fpca256_25,outer_fold,72,3,0.03519424763390617,0.9301569239790058
fpca256_25,outer_fold,72,4,0.016629140434010158,0.946786064413016
fpca256_25,outer_fold,72,5,0.004691001656800225,0.9514770660698163
fpca256_25,outer_fold,72,6,0.0015606254446670605,0.9530376915144834
fpca256_25,outer_fold,72,7,0.0012845384450792037,0.9543222299595626
fpca256_25,outer_fold,72,8,0.0009959411551618506,0.9553181711147245
fpca256_25,outer_fold,72,9,0.0009333191231100272,0.9562514902378345
fpca256_25,outer_fold,72,10,0.0009023103343560852,0.9571538005721906
fpca256_25,outer_fold,72,11,0.0008157328880279548,0.9579695334602185
fpca256_25,outer_fold,72,12,0.0007627916375028398,0.9587323250977213
fpca256_25,outer_fold,72,13,0.0007538828057955869,0.9594862079035169
fpca256_25,outer_fold,72,14,0.0007404640019964239,0.9602266719055134
fpca256_25,outer_fold,72,15,0.0007141484039627653,0.9609408203094761
fpca256_25,outer_fold,72,16,0.0006993712489918898,0.961640191558468
fpca256_25,outer_fold,72,17,0.0006706824785099383,0.962310874036978
fpca256_25,outer_fold,72,18,0.0006672923960678797,0.9629781664330459
fpca256_25,outer_fold,72,19,0.0006549714978537338,0.9636331379308997
fpca256_25,outer_fold,72,20,0.0006323154303416968,0.9642654533612414
fpca256_25,outer_fold,72,21,0.0006183961297453657,0.9648838494909867
fpca256_25,outer_fold,72,22,0.0005980219585168319,0.9654818714495036
fpca256_25,outer_fold,72,23,0.0005872789373913114,0.9660691503868949
fpca256_25,outer_fold,72,24,0.0005673672893518534,0.9666365176762467
fpca256_25,outer_fold,72,25,0.000557720160134754,0.9671942378363815
fpca256_25,outer_fold,73,1,0.6373988718682553,0.6373988718682553
fpca256_25,outer_fold,73,2,0.2584726297696111,0.8958715016378664
fpca256_25,outer_fold,73,3,0.03222391804771885,0.9280954196855853
fpca256_25,outer_fold,73,4,0.018458051108724397,0.9465534707943097
fpca256_25,outer_fold,73,5,0.0046164334235821725,0.9511699042178919
fpca256_25,outer_fold,73,6,0.001770027048478552,0.9529399312663704
fpca256_25,outer_fold,73,7,0.0012847244680425215,0.954224655734413
fpca256_25,outer_fold,73,8,0.0009642069440000691,0.9551888626784131
fpca256_25,outer_fold,73,9,0.0009054602396916093,0.9560943229181047
fpca256_25,outer_fold,73,10,0.0008817385036781497,0.9569760614217828
fpca256_25,outer_fold,73,11,0.0007800091516957833,0.9577560705734786
fpca256_25,outer_fold,73,12,0.0007731409244667541,0.9585292114979453
fpca256_25,outer_fold,73,13,0.0007468875424700845,0.9592760990404154
fpca256_25,outer_fold,73,14,0.0007425620761849267,0.9600186611166004
fpca256_25,outer_fold,73,15,0.0007242227914516464,0.9607428839080521
fpca256_25,outer_fold,73,16,0.0006641238364130717,0.9614070077444652
fpca256_25,outer_fold,73,17,0.000652185699076232,0.9620591934435414
fpca256_25,outer_fold,73,18,0.0006360703253110891,0.9626952637688525
fpca256_25,outer_fold,73,19,0.0006327839064390763,0.9633280476752916
fpca256_25,outer_fold,73,20,0.0006193630045608553,0.9639474106798525
fpca256_25,outer_fold,73,21,0.0006064772852054617,0.9645538879650579
fpca256_25,outer_fold,73,22,0.0005912665826410272,0.965145154547699
fpca256_25,outer_fold,73,23,0.0005787059441058653,0.9657238604918049
fpca256_25,outer_fold,73,24,0.0005690546300047161,0.9662929151218096
fpca256_25,outer_fold,73,25,0.0005643623527551335,0.9668572774745647
fpca256_25,outer_fold,74,1,0.644100864658889,0.644100864658889
fpca256_25,outer_fold,74,2,0.24575929223949347,0.8898601568983825
fpca256_25,outer_fold,74,3,0.037270018187283746,0.9271301750856662
fpca256_25,outer_fold,74,4,0.019330405018022308,0.9464605801036885
fpca256_25,outer_fold,74,5,0.004444138685140043,0.9509047187888285
fpca256_25,outer_fold,74,6,0.0017660996494933776,0.9526708184383219
fpca256_25,outer_fold,74,7,0.0012449343348085284,0.9539157527731305
fpca256_25,outer_fold,74,8,0.0010192775996625274,0.954935030372793
fpca256_25,outer_fold,74,9,0.0008922002057972936,0.9558272305785903
fpca256_25,outer_fold,74,10,0.0008750153637810844,0.9567022459423714
fpca256_25,outer_fold,74,11,0.0008145886346524203,0.9575168345770239
fpca256_25,outer_fold,74,12,0.0008004221583855758,0.9583172567354095
fpca256_25,outer_fold,74,13,0.0007745753407941451,0.9590918320762036
fpca256_25,outer_fold,74,14,0.000741496185041703,0.9598333282612453
fpca256_25,outer_fold,74,15,0.0007259683901513185,0.9605592966513966
fpca256_25,outer_fold,74,16,0.0007068365510215747,0.9612661332024182
fpca256_25,outer_fold,74,17,0.0006897144755862405,0.9619558476780043
fpca256_25,outer_fold,74,18,0.0006680843184337928,0.9626239319964381
fpca256_25,outer_fold,74,19,0.0006535649629749328,0.9632774969594131
fpca256_25,outer_fold,74,20,0.0006300362774093973,0.9639075332368225
fpca256_25,outer_fold,74,21,0.0006236686009649659,0.9645312018377875
fpca256_25,outer_fold,74,22,0.0006011989457019268,0.9651324007834894
fpca256_25,outer_fold,74,23,0.0005860516930637217,0.9657184524765531
fpca256_25,outer_fold,74,24,0.0005683244831802189,0.9662867769597333
fpca256_25,outer_fold,74,25,0.0005553296106778359,0.9668421065704111
fpca256_25,outer_fold,75,1,0.644890495323852,0.644890495323852
fpca256_25,outer_fold,75,2,0.24846466796845207,0.893355163292304
fpca256_25,outer_fold,75,3,0.03467869161626061,0.9280338549085646
fpca256_25,outer_fold,75,4,0.01959085420288441,0.947624709111449
fpca256_25,outer_fold,75,5,0.00436527170062926,0.9519899808120783
fpca256_25,outer_fold,75,6,0.0017653825546328137,0.9537553633667111
fpca256_25,outer_fold,75,7,0.001196644962678538,0.9549520083293896
fpca256_25,outer_fold,75,8,0.0010646267839627365,0.9560166351133523
fpca256_25,outer_fold,75,9,0.0009357903559285658,0.9569524254692809
fpca256_25,outer_fold,75,10,0.0008828982674622672,0.9578353237367432
fpca256_25,outer_fold,75,11,0.0007985859500707439,0.958633909686814
fpca256_25,outer_fold,75,12,0.0007687364429507059,0.9594026461297647
fpca256_25,outer_fold,75,13,0.000745232901162873,0.9601478790309276
fpca256_25,outer_fold,75,14,0.0007321397118755196,0.960880018742803
fpca256_25,outer_fold,75,15,0.0007094724023928372,0.9615894911451959
fpca256_25,outer_fold,75,16,0.0006992495665315497,0.9622887407117274
fpca256_25,outer_fold,75,17,0.0006831441480006035,0.9629718848597281
fpca256_25,outer_fold,75,18,0.000671989041857079,0.9636438739015851
fpca256_25,outer_fold,75,19,0.0006564559628525442,0.9643003298644377
fpca256_25,outer_fold,75,20,0.0006189671151432827,0.964919296979581
fpca256_25,outer_fold,75,21,0.0005924946646931261,0.9655117916442741
fpca256_25,outer_fold,75,22,0.000583449418631675,0.9660952410629058
fpca256_25,outer_fold,75,23,0.0005693362751781567,0.966664577338084
fpca256_25,outer_fold,75,24,0.0005569333504429349,0.9672215106885269
fpca256_25,outer_fold,75,25,0.0005490439787253529,0.9677705546672523
fpca256_25,outer_fold,76,1,0.6306968139491772,0.6306968139491772
fpca256_25,outer_fold,76,2,0.2656130442084352,0.8963098581576123
fpca256_25,outer_fold,76,3,0.03434925616616782,0.9306591143237801
fpca256_25,outer_fold,76,4,0.016589900404132045,0.9472490147279121
fpca256_25,outer_fold,76,5,0.00447024572007619,0.9517192604479883
fpca256_25,outer_fold,76,6,0.001555066675364844,0.9532743271233531
fpca256_25,outer_fold,76,7,0.001290554875191277,0.9545648819985444
fpca256_25,outer_fold,76,8,0.0009402827200930742,0.9555051647186374
fpca256_25,outer_fold,76,9,0.0009019121479412817,0.9564070768665788
fpca256_25,outer_fold,76,10,0.0008745106437884312,0.9572815875103672
fpca256_25,outer_fold,76,11,0.0007883762476361947,0.9580699637580034
fpca256_25,outer_fold,76,12,0.0007795055535569933,0.9588494693115603
fpca256_25,outer_fold,76,13,0.0007656900775783245,0.9596151593891387
fpca256_25,outer_fold,76,14,0.0007360436278775258,0.9603512030170162
fpca256_25,outer_fold,76,15,0.0006939500217925536,0.9610451530388087
fpca256_25,outer_fold,76,16,0.0006787290721736373,0.9617238821109823
fpca256_25,outer_fold,76,17,0.0006748507293573595,0.9623987328403396
fpca256_25,outer_fold,76,18,0.0006388793186816875,0.9630376121590213
fpca256_25,outer_fold,76,19,0.0006116695255410106,0.9636492816845623
fpca256_25,outer_fold,76,20,0.0006080599766470191,0.9642573416612094
fpca256_25,outer_fold,76,21,0.0005987545025769742,0.9648560961637863
fpca256_25,outer_fold,76,22,0.0005853115280886581,0.9654414076918749
fpca256_25,outer_fold,76,23,0.0005769211930101822,0.9660183288848851
fpca256_25,outer_fold,76,24,0.0005591982139914608,0.9665775270988766
fpca256_25,outer_fold,76,25,0.0005411029837451407,0.9671186300826217
fpca256_25,outer_fold,77,1,0.6444651680236662,0.6444651680236662
fpca256_25,outer_fold,77,2,0.24867124866350412,0.8931364166871703
fpca256_25,outer_fold,77,3,0.037343342470826914,0.9304797591579972
fpca256_25,outer_fold,77,4,0.017108987542298955,0.9475887467002961
fpca256_25,outer_fold,77,5,0.004595870422927129,0.9521846171232232
fpca256_25,outer_fold,77,6,0.0016619513640567293,0.95384656848728
fpca256_25,outer_fold,77,7,0.0012597660738319098,0.9551063345611119
fpca256_25,outer_fold,77,8,0.0010119195943797841,0.9561182541554917
fpca256_25,outer_fold,77,9,0.0008964177639763847,0.9570146719194681
fpca256_25,outer_fold,77,10,0.0008668884319291167,0.9578815603513973
fpca256_25,outer_fold,77,11,0.0008100218141829727,0.9586915821655803
fpca256_25,outer_fold,77,12,0.0007740753019091054,0.9594656574674894
fpca256_25,outer_fold,77,13,0.0007356145275950724,0.9602012719950844
fpca256_25,outer_fold,77,14,0.0007175384998605006,0.9609188104949449
fpca256_25,outer_fold,77,15,0.0007064009988402788,0.9616252114937851
fpca256_25,outer_fold,77,16,0.0006737806456222934,0.9622989921394074
fpca256_25,outer_fold,77,17,0.0006667614932298443,0.9629657536326373
fpca256_25,outer_fold,77,18,0.0006451340966413616,0.9636108877292786
fpca256_25,outer_fold,77,19,0.0006352095909628566,0.9642460973202415
fpca256_25,outer_fold,77,20,0.0006241715579727926,0.9648702688782143
fpca256_25,outer_fold,77,21,0.0005992217391650381,0.9654694906173793
fpca256_25,outer_fold,77,22,0.0005921600698677045,0.966061650687247
fpca256_25,outer_fold,77,23,0.000575694252044576,0.9666373449392917
fpca256_25,outer_fold,77,24,0.000567798620094186,0.9672051435593858
fpca256_25,outer_fold,77,25,0.0005528905526792013,0.967758034112065
fpca256_25,outer_fold,78,1,0.6182257863483326,0.6182257863483326
fpca256_25,outer_fold,78,2,0.27510703463498015,0.8933328209833127
fpca256_25,outer_fold,78,3,0.03283825033445982,0.9261710713177725
fpca256_25,outer_fold,78,4,0.017494944654597912,0.9436660159723704
fpca256_25,outer_fold,78,5,0.004423681158135943,0.9480896971305064
fpca256_25,outer_fold,78,6,0.001710105288141448,0.9497998024186478
fpca256_25,outer_fold,78,7,0.0013200170310322687,0.95111981944968
fpca256_25,outer_fold,78,8,0.0010402413759575033,0.9521600608256375
fpca256_25,outer_fold,78,9,0.0009734210098483425,0.9531334818354859
fpca256_25,outer_fold,78,10,0.0009612234726772598,0.9540947053081631
fpca256_25,outer_fold,78,11,0.0008858384466843524,0.9549805437548474
fpca256_25,outer_fold,78,12,0.0008127886990441558,0.9557933324538915
fpca256_25,outer_fold,78,13,0.000795904745956094,0.9565892371998477
fpca256_25,outer_fold,78,14,0.0007818566323440333,0.9573710938321917
fpca256_25,outer_fold,78,15,0.0007619922160793954,0.9581330860482711
fpca256_25,outer_fold,78,16,0.0007342231634298782,0.9588673092117009
fpca256_25,outer_fold,78,17,0.0007280240842636144,0.9595953332959646
fpca256_25,outer_fold,78,18,0.0007156890531040675,0.9603110223490686
fpca256_25,outer_fold,78,19,0.0006946542906878717,0.9610056766397564
fpca256_25,outer_fold,78,20,0.0006826697533573722,0.9616883463931138
fpca256_25,outer_fold,78,21,0.0006678762621495076,0.9623562226552633
fpca256_25,outer_fold,78,22,0.0006509561029455374,0.9630071787582088
fpca256_25,outer_fold,78,23,0.0006320811817151299,0.9636392599399239
fpca256_25,outer_fold,78,24,0.0006290179432647935,0.9642682778831887
fpca256_25,outer_fold,78,25,0.00061753451219737,0.9648858123953861
fpca256_25,outer_fold,79,1,0.6035849122018931,0.6035849122018931
fpca256_25,outer_fold,79,2,0.28349210457627394,0.8870770167781671
fpca256_25,outer_fold,79,3,0.037349983947652585,0.9244270007258196
fpca256_25,outer_fold,79,4,0.01913670102802149,0.9435637017538411
fpca256_25,outer_fold,79,5,0.0048976655308875005,0.9484613672847286
fpca256_25,outer_fold,79,6,0.0017950397086008193,0.9502564069933295
fpca256_25,outer_fold,79,7,0.0012590906746387488,0.9515154976679682
fpca256_25,outer_fold,79,8,0.0010523434631762522,0.9525678411311445
fpca256_25,outer_fold,79,9,0.0009709827351726142,0.953538823866317
fpca256_25,outer_fold,79,10,0.0008556398180490262,0.9543944636843661
fpca256_25,outer_fold,79,11,0.0008282418475407792,0.9552227055319069
fpca256_25,outer_fold,79,12,0.0008097023020301404,0.9560324078339371
fpca256_25,outer_fold,79,13,0.0008047566718727666,0.9568371645058098
fpca256_25,outer_fold,79,14,0.000758677740777387,0.9575958422465872
fpca256_25,outer_fold,79,15,0.0007455812469877928,0.958341423493575
fpca256_25,outer_fold,79,16,0.0007221875137995071,0.9590636110073745
fpca256_25,outer_fold,79,17,0.0006992408483313445,0.9597628518557059
fpca256_25,outer_fold,79,18,0.0006918835213702366,0.9604547353770762
fpca256_25,outer_fold,79,19,0.0006751439568262413,0.9611298793339024
fpca256_25,outer_fold,79,20,0.0006653934628071113,0.9617952727967095
fpca256_25,outer_fold,79,21,0.000653902925388672,0.9624491757220982
fpca256_25,outer_fold,79,22,0.0006442246778598037,0.963093400399958
fpca256_25,outer_fold,79,23,0.0006322525519569767,0.963725652951915
fpca256_25,outer_fold,79,24,0.0006188257489597003,0.9643444787008747
fpca256_25,outer_fold,79,25,0.0006087769809163009,0.964953255681791
fpca256_25,outer_fold,80,1,0.6275003712657418,0.6275003712657418
fpca256_25,outer_fold,80,2,0.2653397808349947,0.8928401521007365
fpca256_25,outer_fold,80,3,0.03601100790969689,0.9288511600104334
fpca256_25,outer_fold,80,4,0.019097584623029212,0.9479487446334627
fpca256_25,outer_fold,80,5,0.004570871110138571,0.9525196157436012
fpca256_25,outer_fold,80,6,0.001712851845780936,0.9542324675893822
fpca256_25,outer_fold,80,7,0.0012132026736707173,0.9554456702630529
fpca256_25,outer_fold,80,8,0.0009587795805965389,0.9564044498436495
fpca256_25,outer_fold,80,9,0.000890809517340788,0.9572952593609902
fpca256_25,outer_fold,80,10,0.0008592821639129707,0.9581545415249032
fpca256_25,outer_fold,80,11,0.0007799203251342405,0.9589344618500374
fpca256_25,outer_fold,80,12,0.0007717101125049289,0.9597061719625423
fpca256_25,outer_fold,80,13,0.0007573754691769911,0.9604635474317192
fpca256_25,outer_fold,80,14,0.0007085408791078704,0.9611720883108271
fpca256_25,outer_fold,80,15,0.0007064955404498366,0.961878583851277
fpca256_25,outer_fold,80,16,0.0006835651760972926,0.9625621490273742
fpca256_25,outer_fold,80,17,0.0006812759579492071,0.9632434249853234
fpca256_25,outer_fold,80,18,0.0006466285594965244,0.9638900535448199
fpca256_25,outer_fold,80,19,0.0006280685835810154,0.9645181221284009
fpca256_25,outer_fold,80,20,0.0006089527877156156,0.9651270749161166
fpca256_25,outer_fold,80,21,0.0005910891863946148,0.9657181641025112
fpca256_25,outer_fold,80,22,0.0005706093408886786,0.9662887734433999
fpca256_25,outer_fold,80,23,0.0005612511999027006,0.9668500246433026
fpca256_25,outer_fold,80,24,0.0005554897721779926,0.9674055144154806
fpca256_25,outer_fold,80,25,0.0005471040283363811,0.967952618443817
fpca256_25,outer_fold,81,1,0.6138787159030954,0.6138787159030954
fpca256_25,outer_fold,81,2,0.2753405184677559,0.8892192343708514
fpca256_25,outer_fold,81,3,0.034350410894935436,0.9235696452657868
fpca256_25,outer_fold,81,4,0.017629746825293342,0.9411993920910802
fpca256_25,outer_fold,81,5,0.004717221880542941,0.9459166139716231
fpca256_25,outer_fold,81,6,0.001452424412374759,0.9473690383839979
fpca256_25,outer_fold,81,7,0.0012808245053886193,0.9486498628893865
fpca256_25,outer_fold,81,8,0.001046117672007324,0.9496959805613938
fpca256_25,outer_fold,81,9,0.001030307215249862,0.9507262877766437
fpca256_25,outer_fold,81,10,0.0009557266226703756,0.9516820143993141
fpca256_25,outer_fold,81,11,0.0008977116978129172,0.952579726097127
fpca256_25,outer_fold,81,12,0.0008759205022254829,0.9534556465993526
fpca256_25,outer_fold,81,13,0.000824888477572772,0.9542805350769253
fpca256_25,outer_fold,81,14,0.0008195803225194885,0.9551001153994448
fpca256_25,outer_fold,81,15,0.0007941082120528161,0.9558942236114977
fpca256_25,outer_fold,81,16,0.0007681463315253423,0.956662369943023
fpca256_25,outer_fold,81,17,0.0007522615929052295,0.9574146315359282
fpca256_25,outer_fold,81,18,0.0007345574596044765,0.9581491889955327
fpca256_25,outer_fold,81,19,0.0007201322038250258,0.9588693211993577
fpca256_25,outer_fold,81,20,0.000706771326281619,0.9595760925256394
fpca256_25,outer_fold,81,21,0.0006925557659732045,0.9602686482916125
fpca256_25,outer_fold,81,22,0.0006779993677941959,0.9609466476594067
fpca256_25,outer_fold,81,23,0.00065982619207032,0.961606473851477
fpca256_25,outer_fold,81,24,0.0006401324947113977,0.9622466063461884
fpca256_25,outer_fold,81,25,0.0006247801575292191,0.9628713865037176
fpca256_25,outer_fold,82,1,0.6464172156434101,0.6464172156434101
fpca256_25,outer_fold,82,2,0.24745828275640033,0.8938754983998105
fpca256_25,outer_fold,82,3,0.0367882497757256,0.9306637481755361
fpca256_25,outer_fold,82,4,0.016334215733875886,0.9469979639094119
fpca256_25,outer_fold,82,5,0.0045763093269681,0.95157427323638
fpca256_25,outer_fold,82,6,0.0017622860061255463,0.9533365592425056
fpca256_25,outer_fold,82,7,0.0012965644412701739,0.9546331236837757
fpca256_25,outer_fold,82,8,0.001039027587044078,0.9556721512708198
fpca256_25,outer_fold,82,9,0.0009216984730453304,0.9565938497438652
fpca256_25,outer_fold,82,10,0.0008781588464493893,0.9574720085903146
fpca256_25,outer_fold,82,11,0.0007925344462291956,0.9582645430365437
fpca256_25,outer_fold,82,12,0.0007639271588368601,0.9590284701953806
fpca256_25,outer_fold,82,13,0.0007447530687560552,0.9597732232641367
fpca256_25,outer_fold,82,14,0.0007368097073652203,0.960510032971502
fpca256_25,outer_fold,82,15,0.0007181170945154164,0.9612281500660174
fpca256_25,outer_fold,82,16,0.0007130832202468365,0.9619412332862642
fpca256_25,outer_fold,82,17,0.0006848516479831897,0.9626260849342474
fpca256_25,outer_fold,82,18,0.0006742482644708725,0.9633003331987182
fpca256_25,outer_fold,82,19,0.0006488494997500594,0.9639491826984683
fpca256_25,outer_fold,82,20,0.0006139000963753331,0.9645630827948436
fpca256_25,outer_fold,82,21,0.000607127256583783,0.9651702100514273
fpca256_25,outer_fold,82,22,0.0005991096864589617,0.9657693197378863
fpca256_25,outer_fold,82,23,0.000589357777495091,0.9663586775153814
fpca256_25,outer_fold,82,24,0.0005769820427088386,0.9669356595580902
fpca256_25,outer_fold,82,25,0.0005629565044514038,0.9674986160625416
fpca256_25,outer_fold,83,1,0.6351089246880873,0.6351089246880873
fpca256_25,outer_fold,83,2,0.2596861539163067,0.894795078604394
fpca256_25,outer_fold,83,3,0.03468216914056543,0.9294772477449594
fpca256_25,outer_fold,83,4,0.017808616627126378,0.9472858643720858
fpca256_25,outer_fold,83,5,0.004438205567913887,0.9517240699399997
fpca256_25,outer_fold,83,6,0.001641967024932149,0.9533660369649318
fpca256_25,outer_fold,83,7,0.0012637607244342893,0.9546297976893661
fpca256_25,outer_fold,83,8,0.0010302288949160347,0.9556600265842821
fpca256_25,outer_fold,83,9,0.0008979694249963631,0.9565579960092784
fpca256_25,outer_fold,83,10,0.0008596331077673615,0.9574176291170458
fpca256_25,outer_fold,83,11,0.0007846174809054867,0.9582022465979513
fpca256_25,outer_fold,83,12,0.0007722088655936814,0.958974455463545
fpca256_25,outer_fold,83,13,0.0007473450629998087,0.9597218005265448
fpca256_25,outer_fold,83,14,0.0007077857527893445,0.9604295862793341
fpca256_25,outer_fold,83,15,0.0007003094815888819,0.9611298957609229
fpca256_25,outer_fold,83,16,0.0006737714042678221,0.9618036671651907
fpca256_25,outer_fold,83,17,0.0006644779543824745,0.9624681451195732
fpca256_25,outer_fold,83,18,0.0006405610393897326,0.9631087061589629
fpca256_25,outer_fold,83,19,0.0006268978956122475,0.9637356040545751
fpca256_25,outer_fold,83,20,0.0006147154356959182,0.9643503194902711
fpca256_25,outer_fold,83,21,0.0006002555799249157,0.964950575070196
fpca256_25,outer_fold,83,22,0.0005933323158739655,0.96554390738607
fpca256_25,outer_fold,83,23,0.0005861996016451492,0.9661301069877152
fpca256_25,outer_fold,83,24,0.0005727549772167955,0.9667028619649319
fpca256_25,outer_fold,83,25,0.0005624070474775279,0.9672652690124095
fpca256_25,outer_fold,84,1,0.6179754998168073,0.6179754998168073
fpca256_25,outer_fold,84,2,0.27447052826643575,0.8924460280832431
fpca256_25,outer_fold,84,3,0.035188416712818124,0.9276344447960613
fpca256_25,outer_fold,84,4,0.018561653914753833,0.9461960987108151
fpca256_25,outer_fold,84,5,0.0044981246445913465,0.9506942233554064
fpca256_25,outer_fold,84,6,0.001744977565210947,0.9524392009206174
fpca256_25,outer_fold,84,7,0.0012367227110425417,0.95367592363166
fpca256_25,outer_fold,84,8,0.001038014671994216,0.9547139383036543
fpca256_25,outer_fold,84,9,0.000919321859625698,0.95563326016328
fpca256_25,outer_fold,84,10,0.0008880092370219839,0.956521269400302
fpca256_25,outer_fold,84,11,0.0008016809957658327,0.9573229503960679
fpca256_25,outer_fold,84,12,0.0007981510397442038,0.9581211014358121
fpca256_25,outer_fold,84,13,0.0007625565757487863,0.9588836580115608
fpca256_25,outer_fold,84,14,0.0007311894141043475,0.9596148474256652
fpca256_25,outer_fold,84,15,0.0007194634347851641,0.9603343108604503
fpca256_25,outer_fold,84,16,0.0007043680170910128,0.9610386788775414
fpca256_25,outer_fold,84,17,0.0006848844106726397,0.961723563288214
fpca256_25,outer_fold,84,18,0.0006654543706628158,0.9623890176588767
fpca256_25,outer_fold,84,19,0.0006425752389585474,0.9630315928978352
fpca256_25,outer_fold,84,20,0.0006354787631427262,0.963667071660978
fpca256_25,outer_fold,84,21,0.0006250179966520661,0.96429208965763
fpca256_25,outer_fold,84,22,0.0006042626495175479,0.9648963523071475
fpca256_25,outer_fold,84,23,0.0005859079520530043,0.9654822602592006
fpca256_25,outer_fold,84,24,0.0005697159281217145,0.9660519761873223
fpca256_25,outer_fold,84,25,0.0005644002953389923,0.9666163764826613
fpca256_25,outer_fold,85,1,0.6322247985487071,0.6322247985487071
fpca256_25,outer_fold,85,2,0.2584641199222364,0.8906889184709434
fpca256_25,outer_fold,85,3,0.03729147673901598,0.9279803952099595
fpca256_25,outer_fold,85,4,0.017493974329793317,0.9454743695397527
fpca256_25,outer_fold,85,5,0.004524091630165414,0.9499984611699182
fpca256_25,outer_fold,85,6,0.0017811011247157642,0.9517795622946339
fpca256_25,outer_fold,85,7,0.0013481223119087746,0.9531276846065426
fpca256_25,outer_fold,85,8,0.001071939619038213,0.9541996242255808
fpca256_25,outer_fold,85,9,0.000948767345612283,0.9551483915711931
fpca256_25,outer_fold,85,10,0.0009405958919331852,0.9560889874631263
fpca256_25,outer_fold,85,11,0.0008166280365320772,0.9569056154996584
fpca256_25,outer_fold,85,12,0.0007755397403747079,0.957681155240033
fpca256_25,outer_fold,85,13,0.0007578165604929951,0.9584389718005261
fpca256_25,outer_fold,85,14,0.0007459810362047522,0.9591849528367308
fpca256_25,outer_fold,85,15,0.0007317606225214871,0.9599167134592522
fpca256_25,outer_fold,85,16,0.0007240837885829105,0.9606407972478351
fpca256_25,outer_fold,85,17,0.0006935628332728727,0.961334360081108
fpca256_25,outer_fold,85,18,0.0006696621623395579,0.9620040222434475
fpca256_25,outer_fold,85,19,0.0006661832428513166,0.9626702054862988
fpca256_25,outer_fold,85,20,0.0006325787878324879,0.9633027842741313
fpca256_25,outer_fold,85,21,0.0006294402438289912,0.9639322245179602
fpca256_25,outer_fold,85,22,0.0006196108499692759,0.9645518353679295
fpca256_25,outer_fold,85,23,0.0006102810489902678,0.9651621164169198
fpca256_25,outer_fold,85,24,0.0006031286423100248,0.9657652450592299
fpca256_25,outer_fold,85,25,0.0005917720833806927,0.9663570171426106
fpca256_25,outer_fold,86,1,0.626985434837338,0.626985434837338
fpca256_25,outer_fold,86,2,0.2688459703335605,0.8958314051708985
fpca256_25,outer_fold,86,3,0.034082731948414775,0.9299141371193134
fpca256_25,outer_fold,86,4,0.01584790806071711,0.9457620451800305
fpca256_25,outer_fold,86,5,0.004643243567859866,0.9504052887478903
fpca256_25,outer_fold,86,6,0.0015111597239995975,0.9519164484718899
fpca256_25,outer_fold,86,7,0.0012565300577529134,0.9531729785296429
fpca256_25,outer_fold,86,8,0.0009335813325777411,0.9541065598622206
fpca256_25,outer_fold,86,9,0.0009144026321424703,0.9550209624943631
fpca256_25,outer_fold,86,10,0.0008341332801418196,0.9558550957745049
fpca256_25,outer_fold,86,11,0.0008195031651792307,0.9566745989396841
fpca256_25,outer_fold,86,12,0.0007892067660226851,0.9574638057057068
fpca256_25,outer_fold,86,13,0.0007631283778106585,0.9582269340835174
fpca256_25,outer_fold,86,14,0.0007272363074978267,0.9589541703910153
fpca256_25,outer_fold,86,15,0.0007074871831897451,0.959661657574205
fpca256_25,outer_fold,86,16,0.0006844315353992201,0.9603460891096042
fpca256_25,outer_fold,86,17,0.0006707177446784911,0.9610168068542827
fpca256_25,outer_fold,86,18,0.0006478118644833792,0.9616646187187661
fpca256_25,outer_fold,86,19,0.0006403174000305384,0.9623049361187966
fpca256_25,outer_fold,86,20,0.0006253908060463906,0.962930326924843
fpca256_25,outer_fold,86,21,0.0006113554747838943,0.9635416823996269
fpca256_25,outer_fold,86,22,0.0005977515815262964,0.9641394339811532
fpca256_25,outer_fold,86,23,0.000583535145007829,0.9647229691261611
fpca256_25,outer_fold,86,24,0.0005746641549259123,0.965297633281087
fpca256_25,outer_fold,86,25,0.0005655961094222281,0.9658632293905092
fpca256_25,outer_fold,87,1,0.6363544615471104,0.6363544615471104
fpca256_25,outer_fold,87,2,0.2573932862340258,0.8937477477811362
fpca256_25,outer_fold,87,3,0.035345672475724274,0.9290934202568605
fpca256_25,outer_fold,87,4,0.01862277889351463,0.9477161991503751
fpca256_25,outer_fold,87,5,0.004367359078063922,0.952083558228439
fpca256_25,outer_fold,87,6,0.0015868628232987927,0.9536704210517378
fpca256_25,outer_fold,87,7,0.0012518591616312315,0.9549222802133691
fpca256_25,outer_fold,87,8,0.001010705179469072,0.9559329853928382
fpca256_25,outer_fold,87,9,0.0009128366845608343,0.9568458220773991
fpca256_25,outer_fold,87,10,0.0008445887617325761,0.9576904108391316
fpca256_25,outer_fold,87,11,0.0007932006895379862,0.9584836115286697
fpca256_25,outer_fold,87,12,0.0007722358573741184,0.9592558473860437
fpca256_25,outer_fold,87,13,0.0007303139219971209,0.9599861613080408
fpca256_25,outer_fold,87,14,0.0007243268486495675,0.9607104881566904
fpca256_25,outer_fold,87,15,0.0007089990631457856,0.9614194872198362
fpca256_25,outer_fold,87,16,0.0006899693751165074,0.9621094565949527
fpca256_25,outer_fold,87,17,0.0006645819616276664,0.9627740385565804
fpca256_25,outer_fold,87,18,0.0006436345818945749,0.9634176731384749
fpca256_25,outer_fold,87,19,0.0006269402319356984,0.9640446133704106
fpca256_25,outer_fold,87,20,0.0006088844304849952,0.9646534978008956
fpca256_25,outer_fold,87,21,0.0006056913394700998,0.9652591891403657
fpca256_25,outer_fold,87,22,0.0005985045568215639,0.9658576936971872
fpca256_25,outer_fold,87,23,0.0005885617465400647,0.9664462554437273
fpca256_25,outer_fold,87,24,0.000561688955340771,0.9670079443990681
fpca256_25,outer_fold,87,25,0.0005596142941611614,0.9675675586932293
fpca256_25,outer_fold,88,1,0.6293194426591737,0.6293194426591737
fpca256_25,outer_fold,88,2,0.267291046424592,0.8966104890837657
fpca256_25,outer_fold,88,3,0.03312022063863215,0.9297307097223979
fpca256_25,outer_fold,88,4,0.017206096481461867,0.9469368062038598
fpca256_25,outer_fold,88,5,0.004591062112955067,0.9515278683168148
fpca256_25,outer_fold,88,6,0.0018091039758037896,0.9533369722926186
fpca256_25,outer_fold,88,7,0.0012092756950036236,0.9545462479876222
fpca256_25,outer_fold,88,8,0.0010226715158544643,0.9555689195034767
fpca256_25,outer_fold,88,9,0.0009116399027833917,0.9564805594062601
fpca256_25,outer_fold,88,10,0.0008756356309867131,0.9573561950372468
fpca256_25,outer_fold,88,11,0.0008019508948453224,0.9581581459320921
fpca256_25,outer_fold,88,12,0.0007550068137920735,0.9589131527458842
fpca256_25,outer_fold,88,13,0.0007478293186465098,0.9596609820645307
fpca256_25,outer_fold,88,14,0.0007439012683028532,0.9604048833328335
fpca256_25,outer_fold,88,15,0.0007234418600082368,0.9611283251928417
fpca256_25,outer_fold,88,16,0.0007169085551024898,0.9618452337479443
fpca256_25,outer_fold,88,17,0.000689038957645688,0.96253427270559
fpca256_25,outer_fold,88,18,0.0006618241927621297,0.9631960968983522
fpca256_25,outer_fold,88,19,0.0006520016847950328,0.9638480985831472
fpca256_25,outer_fold,88,20,0.0006118736367489207,0.9644599722198962
fpca256_25,outer_fold,88,21,0.0006045704439891555,0.9650645426638854
fpca256_25,outer_fold,88,22,0.000601196258431983,0.9656657389223174
fpca256_25,outer_fold,88,23,0.0005893803531154904,0.966255119275433
fpca256_25,outer_fold,88,24,0.0005683402204245822,0.9668234594958576
fpca256_25,outer_fold,88,25,0.0005569454016875536,0.9673804048975452
fpca256_25,outer_fold,89,1,0.6118826408480033,0.6118826408480033
fpca256_25,outer_fold,89,2,0.273613412237097,0.8854960530851003
fpca256_25,outer_fold,89,3,0.038204730306996906,0.9237007833920972
fpca256_25,outer_fold,89,4,0.020473342565748977,0.9441741259578461
fpca256_25,outer_fold,89,5,0.004688217203724255,0.9488623431615704
fpca256_25,outer_fold,89,6,0.0017432765035109144,0.9506056196650813
fpca256_25,outer_fold,89,7,0.0013114095560193154,0.9519170292211006
fpca256_25,outer_fold,89,8,0.0010591406556654686,0.952976169876766
fpca256_25,outer_fold,89,9,0.0009968296900710295,0.953972999566837
fpca256_25,outer_fold,89,10,0.0008739247930565484,0.9548469243598936
fpca256_25,outer_fold,89,11,0.0008567462375975879,0.9557036705974912
fpca256_25,outer_fold,89,12,0.0008067661820211915,0.9565104367795124
fpca256_25,outer_fold,89,13,0.0008012668513770081,0.9573117036308895
fpca256_25,outer_fold,89,14,0.0007746066710391761,0.9580863103019286
fpca256_25,outer_fold,89,15,0.0007593883677276826,0.9588456986696563
fpca256_25,outer_fold,89,16,0.0007407090087661624,0.9595864076784225
fpca256_25,outer_fold,89,17,0.0007224797081990193,0.9603088873866216
fpca256_25,outer_fold,89,18,0.0007074950962180133,0.9610163824828396
fpca256_25,outer_fold,89,19,0.0006776933401160714,0.9616940758229556
fpca256_25,outer_fold,89,20,0.0006544025301600372,0.9623484783531157
fpca256_25,outer_fold,89,21,0.000645544688848448,0.9629940230419641
fpca256_25,outer_fold,89,22,0.0006444240628166331,0.9636384471047807
fpca256_25,outer_fold,89,23,0.0006331624064653059,0.964271609511246
fpca256_25,outer_fold,89,24,0.0006250116669819993,0.964896621178228
fpca256_25,outer_fold,89,25,0.0006145494115493262,0.9655111705897774
fpca256_25,outer_fold,90,1,0.6353145751743529,0.6353145751743529
fpca256_25,outer_fold,90,2,0.2555349743180561,0.8908495494924089
fpca256_25,outer_fold,90,3,0.03778378363251114,0.92863333312492
fpca256_25,outer_fold,90,4,0.017145790008468845,0.9457791231333889
fpca256_25,outer_fold,90,5,0.004993878682853825,0.9507730018162427
fpca256_25,outer_fold,90,6,0.0017257817986692132,0.9524987836149119
fpca256_25,outer_fold,90,7,0.001342505580417983,0.9538412891953298
fpca256_25,outer_fold,90,8,0.0009934706241508378,0.9548347598194806
fpca256_25,outer_fold,90,9,0.0009499351155209739,0.9557846949350016
fpca256_25,outer_fold,90,10,0.0008979106248725024,0.9566826055598742
fpca256_25,outer_fold,90,11,0.0008131894014556167,0.9574957949613297
fpca256_25,outer_fold,90,12,0.0007842072600042696,0.958280002221334
fpca256_25,outer_fold,90,13,0.0007715829693674684,0.9590515851907015
fpca256_25,outer_fold,90,14,0.0007630903789207534,0.9598146755696223
fpca256_25,outer_fold,90,15,0.0007205527078297631,0.9605352282774521
fpca256_25,outer_fold,90,16,0.000716457278910601,0.9612516855563626
fpca256_25,outer_fold,90,17,0.0006985639294104459,0.9619502494857731
fpca256_25,outer_fold,90,18,0.0006558769841960775,0.9626061264699692
fpca256_25,outer_fold,90,19,0.0006407049233991514,0.9632468313933684
fpca256_25,outer_fold,90,20,0.0006239749932108678,0.9638708063865793
fpca256_25,outer_fold,90,21,0.0006170899999028005,0.9644878963864821
fpca256_25,outer_fold,90,22,0.0005999092433634502,0.9650878056298456
fpca256_25,outer_fold,90,23,0.0005907843410588907,0.9656785899709045
fpca256_25,outer_fold,90,24,0.0005850380058092062,0.9662636279767137
fpca256_25,outer_fold,90,25,0.0005675007002066294,0.9668311286769203
fpca256_25,outer_fold,91,1,0.6445099548745067,0.6445099548745067
fpca256_25,outer_fold,91,2,0.25076393134853403,0.8952738862230407
fpca256_25,outer_fold,91,3,0.035558489423073034,0.9308323756461138
fpca256_25,outer_fold,91,4,0.018010323763569855,0.9488426994096836
fpca256_25,outer_fold,91,5,0.004309918457088444,0.953152617866772
fpca256_25,outer_fold,91,6,0.001569083728019991,0.954721701594792
fpca256_25,outer_fold,91,7,0.0012388578406300694,0.955960559435422
fpca256_25,outer_fold,91,8,0.0010104060152927492,0.9569709654507148
fpca256_25,outer_fold,91,9,0.0008930506937221067,0.957864016144437
fpca256_25,outer_fold,91,10,0.0008379021545960562,0.958701918299033
fpca256_25,outer_fold,91,11,0.0007698081860119629,0.9594717264850449
fpca256_25,outer_fold,91,12,0.0007562500195266756,0.9602279765045716
fpca256_25,outer_fold,91,13,0.0007132548899576174,0.9609412313945292
fpca256_25,outer_fold,91,14,0.0007061656136105797,0.9616473970081398
fpca256_25,outer_fold,91,15,0.0006899945738762626,0.9623373915820161
fpca256_25,outer_fold,91,16,0.0006707843549400521,0.9630081759369562
fpca256_25,outer_fold,91,17,0.000649710956438984,0.9636578868933952
fpca256_25,outer_fold,91,18,0.000642683353183143,0.9643005702465783
fpca256_25,outer_fold,91,19,0.0006246584115444073,0.9649252286581227
fpca256_25,outer_fold,91,20,0.0006011905597391677,0.9655264192178619
fpca256_25,outer_fold,91,21,0.0005848144892461471,0.966111233707108
fpca256_25,outer_fold,91,22,0.0005664410233970319,0.966677674730505
fpca256_25,outer_fold,91,23,0.000556640124763352,0.9672343148552683
fpca256_25,outer_fold,91,24,0.0005497594473145867,0.967784074302583
fpca256_25,outer_fold,91,25,0.0005456986474599604,0.968329772950043
fpca256_25,outer_fold,92,1,0.6134483492837073,0.6134483492837073
fpca256_25,outer_fold,92,2,0.2830706799126066,0.8965190291963139
fpca256_25,outer_fold,92,3,0.031120953896143375,0.9276399830924572
fpca256_25,outer_fold,92,4,0.017310706913517142,0.9449506900059743
fpca256_25,outer_fold,92,5,0.004453909059231855,0.9494045990652061
fpca256_25,outer_fold,92,6,0.0016196518374247363,0.9510242509026309
fpca256_25,outer_fold,92,7,0.0012530478002305467,0.9522772987028614
fpca256_25,outer_fold,92,8,0.0010158183382539458,0.9532931170411153
fpca256_25,outer_fold,92,9,0.0009128665614976111,0.9542059836026129
fpca256_25,outer_fold,92,10,0.0008420089197369347,0.9550479925223498
fpca256_25,outer_fold,92,11,0.0008108993601156823,0.9558588918824655
fpca256_25,outer_fold,92,12,0.0008045513510471951,0.9566634432335127
fpca256_25,outer_fold,92,13,0.000790213545289949,0.9574536567788027
fpca256_25,outer_fold,92,14,0.0007651755471122254,0.9582188323259149
fpca256_25,outer_fold,92,15,0.0007505382960279639,0.9589693706219429
fpca256_25,outer_fold,92,16,0.0007289458368940987,0.959698316458837
fpca256_25,outer_fold,92,17,0.0007084242405739644,0.9604067406994109
fpca256_25,outer_fold,92,18,0.0006877497821942394,0.9610944904816051
fpca256_25,outer_fold,92,19,0.0006702305678499858,0.9617647210494551
fpca256_25,outer_fold,92,20,0.0006517167159843087,0.9624164377654394
fpca256_25,outer_fold,92,21,0.0006413763208402248,0.9630578140862797
fpca256_25,outer_fold,92,22,0.0006342930473520179,0.9636921071336316
fpca256_25,outer_fold,92,23,0.0006084088392550197,0.9643005159728867
fpca256_25,outer_fold,92,24,0.0006006619188068502,0.9649011778916935
fpca256_25,outer_fold,92,25,0.0005869505475110411,0.9654881284392045
fpca256_25,outer_fold,93,1,0.617246673753536,0.617246673753536
fpca256_25,outer_fold,93,2,0.2732736195341475,0.8905202932876836
fpca256_25,outer_fold,93,3,0.03779398516969647,0.92831427845738
fpca256_25,outer_fold,93,4,0.017708734716795686,0.9460230131741757
fpca256_25,outer_fold,93,5,0.004632845050612422,0.9506558582247882
fpca256_25,outer_fold,93,6,0.0017479675450592376,0.9524038257698474
fpca256_25,outer_fold,93,7,0.0012162655116516247,0.953620091281499
fpca256_25,outer_fold,93,8,0.0010144493507207514,0.9546345406322198
fpca256_25,outer_fold,93,9,0.0008995178257203287,0.95553405845794
fpca256_25,outer_fold,93,10,0.0008606690106660995,0.9563947274686061
fpca256_25,outer_fold,93,11,0.0008509741708071204,0.9572457016394132
fpca256_25,outer_fold,93,12,0.0007651860767668931,0.9580108877161801
fpca256_25,outer_fold,93,13,0.0007413325648771937,0.9587522202810573
fpca256_25,outer_fold,93,14,0.0007363039815174412,0.9594885242625748
fpca256_25,outer_fold,93,15,0.0007219379981942181,0.960210462260769
fpca256_25,outer_fold,93,16,0.0006933720371846339,0.9609038342979537
fpca256_25,outer_fold,93,17,0.0006866223966863332,0.96159045669464
fpca256_25,outer_fold,93,18,0.0006635114403526102,0.9622539681349926
fpca256_25,outer_fold,93,19,0.0006373317659242869,0.9628912999009169
fpca256_25,outer_fold,93,20,0.000620901052204352,0.9635122009531213
fpca256_25,outer_fold,93,21,0.0006048337774811649,0.9641170347306025
fpca256_25,outer_fold,93,22,0.0006024737599580898,0.9647195084905607
fpca256_25,outer_fold,93,23,0.0005876808871063878,0.965307189377667
fpca256_25,outer_fold,93,24,0.000567870193151589,0.9658750595708187
fpca256_25,outer_fold,93,25,0.000566740289017732,0.9664417998598364
fpca256_25,outer_fold,94,1,0.6253062064845482,0.6253062064845482
fpca256_25,outer_fold,94,2,0.2639272206932673,0.8892334271778155
fpca256_25,outer_fold,94,3,0.035882906052324644,0.9251163332301402
fpca256_25,outer_fold,94,4,0.019174725021749706,0.9442910582518899
fpca256_25,outer_fold,94,5,0.004455401269952546,0.9487464595218424
fpca256_25,outer_fold,94,6,0.0017872320873640827,0.9505336916092065
fpca256_25,outer_fold,94,7,0.001301914167385227,0.9518356057765918
fpca256_25,outer_fold,94,8,0.0010703912805046095,0.9529059970570963
fpca256_25,outer_fold,94,9,0.0009736645475111006,0.9538796616046075
fpca256_25,outer_fold,94,10,0.0009497532168478476,0.9548294148214553
fpca256_25,outer_fold,94,11,0.0008610537379582201,0.9556904685594135
fpca256_25,outer_fold,94,12,0.0008177050034899454,0.9565081735629035
fpca256_25,outer_fold,94,13,0.0008067083394662154,0.9573148819023697
fpca256_25,outer_fold,94,14,0.0007735639228767905,0.9580884458252464
fpca256_25,outer_fold,94,15,0.0007552757542963047,0.9588437215795428
fpca256_25,outer_fold,94,16,0.0007339390158087856,0.9595776605953515
fpca256_25,outer_fold,94,17,0.0007280012969149384,0.9603056618922665
fpca256_25,outer_fold,94,18,0.0007040236487394923,0.961009685541006
fpca256_25,outer_fold,94,19,0.0006736143363015601,0.9616832998773075
fpca256_25,outer_fold,94,20,0.0006617268186918612,0.9623450266959993
fpca256_25,outer_fold,94,21,0.0006459332210624974,0.9629909599170619
fpca256_25,outer_fold,94,22,0.000623270647705545,0.9636142305647674
fpca256_25,outer_fold,94,23,0.0006201860924021337,0.9642344166571695
fpca256_25,outer_fold,94,24,0.0005977460019716094,0.9648321626591411
fpca256_25,outer_fold,94,25,0.0005939455499773911,0.9654261082091184
fpca256_25,outer_fold,95,1,0.5978184196963011,0.5978184196963011
fpca256_25,outer_fold,95,2,0.284231798719388,0.8820502184156891
fpca256_25,outer_fold,95,3,0.0400261576483497,0.9220763760640388
fpca256_25,outer_fold,95,4,0.02050859245973695,0.9425849685237757
fpca256_25,outer_fold,95,5,0.004970312904941039,0.9475552814287167
fpca256_25,outer_fold,95,6,0.00195468579861203,0.9495099672273287
fpca256_25,outer_fold,95,7,0.0012675515922821446,0.9507775188196108
fpca256_25,outer_fold,95,8,0.0010301347633044939,0.9518076535829153
fpca256_25,outer_fold,95,9,0.0009386782109021484,0.9527463317938174
fpca256_25,outer_fold,95,10,0.0008826591697949775,0.9536289909636124
fpca256_25,outer_fold,95,11,0.0008525870852032091,0.9544815780488156
fpca256_25,outer_fold,95,12,0.000826156822116194,0.9553077348709318
fpca256_25,outer_fold,95,13,0.0008166899485591884,0.956124424819491
fpca256_25,outer_fold,95,14,0.0007845492489492692,0.9569089740684402
fpca256_25,outer_fold,95,15,0.0007693638822603122,0.9576783379507006
fpca256_25,outer_fold,95,16,0.0007368970627264714,0.9584152350134271
fpca256_25,outer_fold,95,17,0.0007116300660699386,0.959126865079497
fpca256_25,outer_fold,95,18,0.0006922188857695847,0.9598190839652665
fpca256_25,outer_fold,95,19,0.0006851816666989657,0.9605042656319654
fpca256_25,outer_fold,95,20,0.0006671139004538045,0.9611713795324193
fpca256_25,outer_fold,95,21,0.0006524355002087765,0.961823815032628
fpca256_25,outer_fold,95,22,0.0006376914308443319,0.9624615064634724
fpca256_25,outer_fold,95,23,0.000623498707663394,0.9630850051711358
fpca256_25,outer_fold,95,24,0.0006191097167282266,0.963704114887864
fpca256_25,outer_fold,95,25,0.0006124403627310333,0.964316555250595
fpca256_25,outer_fold,96,1,0.6377288404219754,0.6377288404219754
fpca256_25,outer_fold,96,2,0.2549558957058044,0.8926847361277799
fpca256_25,outer_fold,96,3,0.034677068262626044,0.9273618043904059
fpca256_25,outer_fold,96,4,0.018379733280462836,0.9457415376708688
fpca256_25,outer_fold,96,5,0.004696180147416047,0.9504377178182848
fpca256_25,outer_fold,96,6,0.001667503578068712,0.9521052213963535
fpca256_25,outer_fold,96,7,0.0012909241797791186,0.9533961455761326
fpca256_25,outer_fold,96,8,0.001034612611722166,0.9544307581878548
fpca256_25,outer_fold,96,9,0.0009243052079363773,0.9553550633957912
fpca256_25,outer_fold,96,10,0.0008649584671027172,0.956220021862894
fpca256_25,outer_fold,96,11,0.0008015139663375601,0.9570215358292316
fpca256_25,outer_fold,96,12,0.0007999295516689587,0.9578214653809005
fpca256_25,outer_fold,96,13,0.0007736572909270192,0.9585951226718276
fpca256_25,outer_fold,96,14,0.0007326955163598939,0.9593278181881875
fpca256_25,outer_fold,96,15,0.0007225368925678386,0.9600503550807553
fpca256_25,outer_fold,96,16,0.0007074498141975543,0.9607578048949529
fpca256_25,outer_fold,96,17,0.0007014896141359178,0.9614592945090888
fpca256_25,outer_fold,96,18,0.000684740585742248,0.962144035094831
fpca256_25,outer_fold,96,19,0.0006549787234636554,0.9627990138182947
fpca256_25,outer_fold,96,20,0.0006427443958809017,0.9634417582141755
fpca256_25,outer_fold,96,21,0.0006243217101756785,0.9640660799243512
fpca256_25,outer_fold,96,22,0.0006191613220796964,0.964685241246431
fpca256_25,outer_fold,96,23,0.0006156236285902713,0.9653008648750212
fpca256_25,outer_fold,96,24,0.0005968152149826232,0.9658976800900039
fpca256_25,outer_fold,96,25,0.0005737705200797862,0.9664714506100837
fpca256_25,outer_fold,97,1,0.6346431592614533,0.6346431592614533
fpca256_25,outer_fold,97,2,0.26190002826779835,0.8965431875292517
fpca256_25,outer_fold,97,3,0.03425191969640014,0.9307951072256518
fpca256_25,outer_fold,97,4,0.017157267387470542,0.9479523746131224
fpca256_25,outer_fold,97,5,0.004435810872401546,0.952388185485524
fpca256_25,outer_fold,97,6,0.0016463981790214891,0.9540345836645454
fpca256_25,outer_fold,97,7,0.0012140536045096957,0.9552486372690551
fpca256_25,outer_fold,97,8,0.0009925011234543568,0.9562411383925095
fpca256_25,outer_fold,97,9,0.0008890641968299048,0.9571302025893393
fpca256_25,outer_fold,97,10,0.0008499417314335425,0.9579801443207728
fpca256_25,outer_fold,97,11,0.0007944724437667417,0.9587746167645396
fpca256_25,outer_fold,97,12,0.0007679177920434548,0.959542534556583
fpca256_25,outer_fold,97,13,0.0007429211271775248,0.9602854556837606
fpca256_25,outer_fold,97,14,0.0007292212558463625,0.961014676939607
fpca256_25,outer_fold,97,15,0.00069367017135618,0.9617083471109631
fpca256_25,outer_fold,97,16,0.0006696038336790356,0.9623779509446422
fpca256_25,outer_fold,97,17,0.0006478072534414414,0.9630257581980837
fpca256_25,outer_fold,97,18,0.000628859218558341,0.963654617416642
fpca256_25,outer_fold,97,19,0.0006193668111062112,0.9642739842277482
fpca256_25,outer_fold,97,20,0.000607556319958311,0.9648815405477066
fpca256_25,outer_fold,97,21,0.0006021389998555238,0.9654836795475621
fpca256_25,outer_fold,97,22,0.000580853244937321,0.9660645327924994
fpca256_25,outer_fold,97,23,0.0005723664546642788,0.9666368992471637
fpca256_25,outer_fold,97,24,0.0005563316451515307,0.9671932308923152
fpca256_25,outer_fold,97,25,0.000549079182000599,0.9677423100743159
fpca256_25,outer_fold,98,1,0.6408896865582484,0.6408896865582484
fpca256_25,outer_fold,98,2,0.25086866246851064,0.8917583490267591
fpca256_25,outer_fold,98,3,0.03689575123814031,0.9286541002648994
fpca256_25,outer_fold,98,4,0.018480342144557172,0.9471344424094565
fpca256_25,outer_fold,98,5,0.004377805952062057,0.9515122483615186
fpca256_25,outer_fold,98,6,0.0016080901986052945,0.9531203385601239
fpca256_25,outer_fold,98,7,0.0012608550892801997,0.9543811936494041
fpca256_25,outer_fold,98,8,0.0010410150079333284,0.9554222086573374
fpca256_25,outer_fold,98,9,0.0009506061949602696,0.9563728148522976
fpca256_25,outer_fold,98,10,0.000882687791446622,0.9572555026437443
fpca256_25,outer_fold,98,11,0.0008017202342283678,0.9580572228779727
fpca256_25,outer_fold,98,12,0.0007808712610041204,0.9588380941389768
fpca256_25,outer_fold,98,13,0.000750705178269503,0.9595887993172463
fpca256_25,outer_fold,98,14,0.0007365817010053131,0.9603253810182516
fpca256_25,outer_fold,98,15,0.0007118767672208367,0.9610372577854724
fpca256_25,outer_fold,98,16,0.0006852130342790164,0.9617224708197515
fpca256_25,outer_fold,98,17,0.0006805522309477458,0.9624030230506992
fpca256_25,outer_fold,98,18,0.0006636077464550996,0.9630666307971544
fpca256_25,outer_fold,98,19,0.0006328724491508654,0.9636995032463053
fpca256_25,outer_fold,98,20,0.0006286625416265483,0.9643281657879318
fpca256_25,outer_fold,98,21,0.0006129469743860573,0.9649411127623179
fpca256_25,outer_fold,98,22,0.0005984960781572544,0.9655396088404751
fpca256_25,outer_fold,98,23,0.0005901367058351935,0.9661297455463103
fpca256_25,outer_fold,98,24,0.0005837110729689135,0.9667134566192792
fpca256_25,outer_fold,98,25,0.0005677912495806181,0.9672812478688598
fpca256_25,outer_fold,99,1,0.6243807953221133,0.6243807953221133
fpca256_25,outer_fold,99,2,0.2754218931904413,0.8998026885125546
fpca256_25,outer_fold,99,3,0.031556826047357135,0.9313595145599117
fpca256_25,outer_fold,99,4,0.015146830971057932,0.9465063455309697
fpca256_25,outer_fold,99,5,0.00438930383999211,0.9508956493709618
fpca256_25,outer_fold,99,6,0.0015614783284248895,0.9524571276993867
fpca256_25,outer_fold,99,7,0.0013397716421404175,0.9537968993415271
fpca256_25,outer_fold,99,8,0.0009958650936629221,0.95479276443519
fpca256_25,outer_fold,99,9,0.0009378009957052923,0.9557305654308953
fpca256_25,outer_fold,99,10,0.0009229318282157899,0.9566534972591111
fpca256_25,outer_fold,99,11,0.0008079976674141667,0.9574614949265252
fpca256_25,outer_fold,99,12,0.0007837187363156588,0.9582452136628409
fpca256_25,outer_fold,99,13,0.0007730383762161304,0.959018252039057
fpca256_25,outer_fold,99,14,0.0007488912786441525,0.9597671433177012
fpca256_25,outer_fold,99,15,0.0007304262874013394,0.9604975696051026
fpca256_25,outer_fold,99,16,0.0007022714593369242,0.9611998410644395
fpca256_25,outer_fold,99,17,0.0006993692801374759,0.9618992103445769
fpca256_25,outer_fold,99,18,0.0006740169920394569,0.9625732273366164
fpca256_25,outer_fold,99,19,0.00065464996256637,0.9632278772991828
fpca256_25,outer_fold,99,20,0.0006226711257805551,0.9638505484249633
fpca256_25,outer_fold,99,21,0.0006141277887188208,0.9644646762136821
fpca256_25,outer_fold,99,22,0.0006029583670184905,0.9650676345807007
fpca256_25,outer_fold,99,23,0.0005941585063537082,0.9656617930870544
fpca256_25,outer_fold,99,24,0.0005776227997873496,0.9662394158868417
fpca256_25,outer_fold,99,25,0.0005679026961058502,0.9668073185829476
fpca256_25,train_all,-1,1,0.6271078545075195,0.6271078545075195
fpca256_25,train_all,-1,2,0.26525530413765086,0.8923631586451704
fpca256_25,train_all,-1,3,0.035554427210622276,0.9279175858557926
fpca256_25,train_all,-1,4,0.0179957117370007,0.9459132975927933
fpca256_25,train_all,-1,5,0.0045452802922641275,0.9504585778850574
fpca256_25,train_all,-1,6,0.001653306984919975,0.9521118848699773
fpca256_25,train_all,-1,7,0.001222568523345012,0.9533344533933223
fpca256_25,train_all,-1,8,0.0009605026711028749,0.9542949560644253
fpca256_25,train_all,-1,9,0.0008683644065313421,0.9551633204709566
fpca256_25,train_all,-1,10,0.0008260524741645456,0.9559893729451212
fpca256_25,train_all,-1,11,0.0007538166343137122,0.9567431895794349
fpca256_25,train_all,-1,12,0.0007372109503579491,0.9574804005297929
fpca256_25,train_all,-1,13,0.0007088435181576851,0.9581892440479506
fpca256_25,train_all,-1,14,0.0007003792454530092,0.9588896232934035
fpca256_25,train_all,-1,15,0.0006838301519085621,0.9595734534453121
fpca256_25,train_all,-1,16,0.0006693485684416612,0.9602428020137538
fpca256_25,train_all,-1,17,0.0006506678585405749,0.9608934698722944
fpca256_25,train_all,-1,18,0.000621258407320604,0.961514728279615
fpca256_25,train_all,-1,19,0.0006176602880141295,0.9621323885676292
fpca256_25,train_all,-1,20,0.0005910445971038406,0.962723433164733
fpca256_25,train_all,-1,21,0.0005863987449360531,0.963309831909669
fpca256_25,train_all,-1,22,0.0005735620461623616,0.9638833939558313
fpca256_25,train_all,-1,23,0.00056351907862366,0.964446913034455
fpca256_25,train_all,-1,24,0.0005598549141944859,0.9650067679486495
fpca256_25,train_all,-1,25,0.0005472624054983559,0.9655540303541479
fpca256_30,outer_fold,0,1,0.5962228543092989,0.5962228543092989
fpca256_30,outer_fold,0,2,0.2877403604939902,0.8839632148032891
fpca256_30,outer_fold,0,3,0.037655443193419534,0.9216186579967086
fpca256_30,outer_fold,0,4,0.02079599522465567,0.9424146532213643
fpca256_30,outer_fold,0,5,0.005193944995995749,0.9476085982173601
fpca256_30,outer_fold,0,6,0.001918991647146901,0.949527589864507
fpca256_30,outer_fold,0,7,0.0012721468353007728,0.9507997366998078
fpca256_30,outer_fold,0,8,0.0010039237798313847,0.9518036604796392
fpca256_30,outer_fold,0,9,0.0009731892997849463,0.9527768497794241
fpca256_30,outer_fold,0,10,0.0008869319354051319,0.9536637817148292
fpca256_30,outer_fold,0,11,0.0008398706001217309,0.9545036523149509
fpca256_30,outer_fold,0,12,0.0008238815960680044,0.955327533911019
fpca256_30,outer_fold,0,13,0.0007945276459907965,0.9561220615570097
fpca256_30,outer_fold,0,14,0.0007621661887481312,0.9568842277457579
fpca256_30,outer_fold,0,15,0.0007594069278100375,0.957643634673568
fpca256_30,outer_fold,0,16,0.0007402890747457851,0.9583839237483137
fpca256_30,outer_fold,0,17,0.0007166439998249559,0.9591005677481387
fpca256_30,outer_fold,0,18,0.0006880404358362887,0.9597886081839749
fpca256_30,outer_fold,0,19,0.0006744915953109835,0.9604630997792859
fpca256_30,outer_fold,0,20,0.0006684112115071766,0.9611315109907931
fpca256_30,outer_fold,0,21,0.00065766139126537,0.9617891723820584
fpca256_30,outer_fold,0,22,0.0006419168194594827,0.9624310892015179
fpca256_30,outer_fold,0,23,0.0006215066652791054,0.963052595866797
fpca256_30,outer_fold,0,24,0.0006131576696170935,0.9636657535364141
fpca256_30,outer_fold,0,25,0.0006003950251765551,0.9642661485615907
fpca256_30,outer_fold,0,26,0.0005862151713457486,0.9648523637329364
fpca256_30,outer_fold,0,27,0.0005775445150433894,0.9654299082479798
fpca256_30,outer_fold,0,28,0.0005654045768169646,0.9659953128247968
fpca256_30,outer_fold,0,29,0.0005541599983781391,0.9665494728231749
fpca256_30,outer_fold,0,30,0.0005497741048111257,0.9670992469279861
fpca256_30,outer_fold,1,1,0.6363370813266912,0.6363370813266912
fpca256_30,outer_fold,1,2,0.26367876252951183,0.900015843856203
fpca256_30,outer_fold,1,3,0.03353732175910825,0.9335531656153113
fpca256_30,outer_fold,1,4,0.016190985494279747,0.9497441511095911
fpca256_30,outer_fold,1,5,0.004295661902100834,0.9540398130116919
fpca256_30,outer_fold,1,6,0.0015879342409612204,0.9556277472526532
fpca256_30,outer_fold,1,7,0.0011498277939022894,0.9567775750465555
fpca256_30,outer_fold,1,8,0.000978846328878009,0.9577564213754335
fpca256_30,outer_fold,1,9,0.0008564912270993208,0.9586129126025328
fpca256_30,outer_fold,1,10,0.0008307918540198063,0.9594437044565526
fpca256_30,outer_fold,1,11,0.0007535384673176162,0.9601972429238702
fpca256_30,outer_fold,1,12,0.000740723527751689,0.9609379664516219
fpca256_30,outer_fold,1,13,0.0007168414295939587,0.9616548078812158
fpca256_30,outer_fold,1,14,0.0006937494366509624,0.9623485573178668
fpca256_30,outer_fold,1,15,0.000679878125809114,0.963028435443676
fpca256_30,outer_fold,1,16,0.000673189630870369,0.9637016250745464
fpca256_30,outer_fold,1,17,0.0006570956780140103,0.9643587207525603
fpca256_30,outer_fold,1,18,0.0006298822781644782,0.9649886030307249
fpca256_30,outer_fold,1,19,0.000606098116782327,0.9655947011475072
fpca256_30,outer_fold,1,20,0.0005883685840446595,0.9661830697315519
fpca256_30,outer_fold,1,21,0.000583065786582635,0.9667661355181345
fpca256_30,outer_fold,1,22,0.000581008228465076,0.9673471437465996
fpca256_30,outer_fold,1,23,0.0005608696049391744,0.9679080133515388
fpca256_30,outer_fold,1,24,0.0005513060259340043,0.9684593193774728
fpca256_30,outer_fold,1,25,0.0005395925571547931,0.9689989119346275
fpca256_30,outer_fold,1,26,0.0005265007784372055,0.9695254127130647
fpca256_30,outer_fold,1,27,0.0005119679227985265,0.9700373806358632
fpca256_30,outer_fold,1,28,0.0004900543364825832,0.9705274349723458
fpca256_30,outer_fold,1,29,0.00048657972089150405,0.9710140146932373
fpca256_30,outer_fold,1,30,0.0004773578120710528,0.9714913725053084
fpca256_30,outer_fold,2,1,0.645937751028479,0.645937751028479
fpca256_30,outer_fold,2,2,0.24857013587229465,0.8945078869007737
fpca256_30,outer_fold,2,3,0.034397648959243673,0.9289055358600173
fpca256_30,outer_fold,2,4,0.017342118475756032,0.9462476543357734
fpca256_30,outer_fold,2,5,0.00412866093387592,0.9503763152696493
fpca256_30,outer_fold,2,6,0.0015945406928855115,0.9519708559625348
fpca256_30,outer_fold,2,7,0.0012486820731712645,0.9532195380357061
fpca256_30,outer_fold,2,8,0.0010348689819235494,0.9542544070176296
fpca256_30,outer_fold,2,9,0.0009261673593443343,0.955180574376974
fpca256_30,outer_fold,2,10,0.0009109307099130232,0.956091505086887
fpca256_30,outer_fold,2,11,0.0008031031698815916,0.9568946082567686
fpca256_30,outer_fold,2,12,0.0007771612221422462,0.9576717694789109
fpca256_30,outer_fold,2,13,0.0007467871366838238,0.9584185566155947
fpca256_30,outer_fold,2,14,0.0007367457842084353,0.9591553023998032
fpca256_30,outer_fold,2,15,0.0007226875376273526,0.9598779899374306
fpca256_30,outer_fold,2,16,0.0007088961045381371,0.9605868860419687
fpca256_30,outer_fold,2,17,0.0006943596666118022,0.9612812457085805
fpca256_30,outer_fold,2,18,0.0006475240886347801,0.9619287697972153
fpca256_30,outer_fold,2,19,0.0006328789250299897,0.9625616487222453
fpca256_30,outer_fold,2,20,0.00063017773087239,0.9631918264531176
fpca256_30,outer_fold,2,21,0.0006197737474334603,0.9638116002005511
fpca256_30,outer_fold,2,22,0.0006066681901248659,0.964418268390676
fpca256_30,outer_fold,2,23,0.0006029995269860471,0.9650212679176621
fpca256_30,outer_fold,2,24,0.0005845320443694925,0.9656057999620316
fpca256_30,outer_fold,2,25,0.0005772869509754213,0.966183086913007
fpca256_30,outer_fold,2,26,0.0005699861397387099,0.9667530730527457
fpca256_30,outer_fold,2,27,0.0005610119107659575,0.9673140849635117
fpca256_30,outer_fold,2,28,0.0005468986491842435,0.9678609836126959
fpca256_30,outer_fold,2,29,0.0005401880675844117,0.9684011716802803
fpca256_30,outer_fold,2,30,0.0005180480638679496,0.9689192197441482
fpca256_30,outer_fold,3,1,0.593067669964185,0.593067669964185
fpca256_30,outer_fold,3,2,0.29416320060641077,0.8872308705705958
fpca256_30,outer_fold,3,3,0.03759950278427228,0.9248303733548681
fpca256_30,outer_fold,3,4,0.019226617737353922,0.944056991092222
fpca256_30,outer_fold,3,5,0.0047921649406667925,0.9488491560328888
fpca256_30,outer_fold,3,6,0.0017788410091782215,0.950627997042067
fpca256_30,outer_fold,3,7,0.00132092326187217,0.9519489203039392
fpca256_30,outer_fold,3,8,0.0010469831555315024,0.9529959034594707
fpca256_30,outer_fold,3,9,0.0009208282158256622,0.9539167316752963
fpca256_30,outer_fold,3,10,0.0008907584791196149,0.9548074901544159
fpca256_30,outer_fold,3,11,0.0008528142649888311,0.9556603044194047
fpca256_30,outer_fold,3,12,0.0008318284372073956,0.9564921328566122
fpca256_30,outer_fold,3,13,0.0007887244377158072,0.957280857294328
fpca256_30,outer_fold,3,14,0.0007588610497467616,0.9580397183440748
fpca256_30,outer_fold,3,15,0.00075272236700623,0.9587924407110809
fpca256_30,outer_fold,3,16,0.0007431398499187337,0.9595355805609996
fpca256_30,outer_fold,3,17,0.000723090249265697,0.9602586708102653
fpca256_30,outer_fold,3,18,0.0007172471931342889,0.9609759180033995
fpca256_30,outer_fold,3,19,0.0006884040031023779,0.9616643220065019
fpca256_30,outer_fold,3,20,0.0006783891828846385,0.9623427111893865
fpca256_30,outer_fold,3,21,0.0006487555673155871,0.9629914667567021
fpca256_30,outer_fold,3,22,0.0006450081496550765,0.9636364749063572
fpca256_30,outer_fold,3,23,0.0006239132920035557,0.9642603881983607
fpca256_30,outer_fold,3,24,0.000600392946633467,0.9648607811449942
fpca256_30,outer_fold,3,25,0.000589120021707987,0.9654499011667022
fpca256_30,outer_fold,3,26,0.0005636386405831886,0.9660135398072853
fpca256_30,outer_fold,3,27,0.0005576311713586854,0.966571170978644
fpca256_30,outer_fold,3,28,0.0005484749292529452,0.9671196459078969
fpca256_30,outer_fold,3,29,0.000537402049397234,0.9676570479572941
fpca256_30,outer_fold,3,30,0.0005251090145904539,0.9681821569718846
fpca256_30,outer_fold,4,1,0.6599399922385685,0.6599399922385685
fpca256_30,outer_fold,4,2,0.23602504892985707,0.8959650411684256
fpca256_30,outer_fold,4,3,0.034053978213744326,0.9300190193821699
fpca256_30,outer_fold,4,4,0.01686521184470233,0.9468842312268723
fpca256_30,outer_fold,4,5,0.004505146865846841,0.9513893780927191
fpca256_30,outer_fold,4,6,0.0016117475313868364,0.9530011256241059
fpca256_30,outer_fold,4,7,0.00135323105546897,0.9543543566795748
fpca256_30,outer_fold,4,8,0.0010279753832218796,0.9553823320627967
fpca256_30,outer_fold,4,9,0.0009286800639767246,0.9563110121267734
fpca256_30,outer_fold,4,10,0.000907947905364137,0.9572189600321375
fpca256_30,outer_fold,4,11,0.0008227572962387694,0.9580417173283763
fpca256_30,outer_fold,4,12,0.0007896122509315744,0.9588313295793078
fpca256_30,outer_fold,4,13,0.0007611699257022111,0.95959249950501
fpca256_30,outer_fold,4,14,0.0007444976896205387,0.9603369971946306
fpca256_30,outer_fold,4,15,0.0007101779585405656,0.9610471751531712
fpca256_30,outer_fold,4,16,0.0006779048415507455,0.9617250799947219
fpca256_30,outer_fold,4,17,0.0006719757745865258,0.9623970557693085
fpca256_30,outer_fold,4,18,0.0006623381311607685,0.9630593939004692
fpca256_30,outer_fold,4,19,0.000643595075518654,0.9637029889759879
fpca256_30,outer_fold,4,20,0.0006246389597032386,0.9643276279356912
fpca256_30,outer_fold,4,21,0.0006211482560608071,0.964948776191752
fpca256_30,outer_fold,4,22,0.0005938473424274781,0.9655426235341795
fpca256_30,outer_fold,4,23,0.0005796762601267155,0.9661222997943062
fpca256_30,outer_fold,4,24,0.0005742497660066692,0.9666965495603128
fpca256_30,outer_fold,4,25,0.0005699502901583454,0.9672664998504712
fpca256_30,outer_fold,4,26,0.0005536148048784158,0.9678201146553496
fpca256_30,outer_fold,4,27,0.0005482668129914509,0.968368381468341
fpca256_30,outer_fold,4,28,0.0005366021775806398,0.9689049836459217
fpca256_30,outer_fold,4,29,0.000530792084851694,0.9694357757307734
fpca256_30,outer_fold,4,30,0.0005147918110716402,0.969950567541845
fpca256_30,outer_fold,5,1,0.6431408591174037,0.6431408591174037
fpca256_30,outer_fold,5,2,0.2559383643070669,0.8990792234244707
fpca256_30,outer_fold,5,3,0.03543817233347453,0.9345173957579452
fpca256_30,outer_fold,5,4,0.015434091192097162,0.9499514869500424
fpca256_30,outer_fold,5,5,0.004026957687619234,0.9539784446376616
fpca256_30,outer_fold,5,6,0.0015410784628697913,0.9555195231005313
fpca256_30,outer_fold,5,7,0.0012077757751119197,0.9567272988756432
fpca256_30,outer_fold,5,8,0.000979320957110333,0.9577066198327535
fpca256_30,outer_fold,5,9,0.0008853628233409689,0.9585919826560945
fpca256_30,outer_fold,5,10,0.0008455561956670443,0.9594375388517615
fpca256_30,outer_fold,5,11,0.0007565292019954714,0.960194068053757
fpca256_30,outer_fold,5,12,0.0007350487840775052,0.9609291168378344
fpca256_30,outer_fold,5,13,0.0007153656434843624,0.9616444824813188
fpca256_30,outer_fold,5,14,0.0006866873957635291,0.9623311698770823
fpca256_30,outer_fold,5,15,0.0006747533185652064,0.9630059231956476
fpca256_30,outer_fold,5,16,0.0006632007524923895,0.96366912394814
fpca256_30,outer_fold,5,17,0.0006505248187991846,0.9643196487669392
fpca256_30,outer_fold,5,18,0.0006344253188893061,0.9649540740858286
fpca256_30,outer_fold,5,19,0.0006223042365607589,0.9655763783223893
fpca256_30,outer_fold,5,20,0.0006019737621076332,0.966178352084497
fpca256_30,outer_fold,5,21,0.0005958497533244998,0.9667742018378215
fpca256_30,outer_fold,5,22,0.0005834191223983403,0.9673576209602198
fpca256_30,outer_fold,5,23,0.0005600096323072218,0.967917630592527
fpca256_30,outer_fold,5,24,0.0005466428858180483,0.9684642734783451
fpca256_30,outer_fold,5,25,0.0005312944443894648,0.9689955679227346
fpca256_30,outer_fold,5,26,0.0005292500528567932,0.9695248179755913
fpca256_30,outer_fold,5,27,0.0005215551669151348,0.9700463731425064
fpca256_30,outer_fold,5,28,0.0005123963059595181,0.970558769448466
fpca256_30,outer_fold,5,29,0.0004942276690195676,0.9710529971174855
fpca256_30,outer_fold,5,30,0.0004786643944565683,0.971531661511942
fpca256_30,outer_fold,6,1,0.6488398007490208,0.6488398007490208
fpca256_30,outer_fold,6,2,0.24714810557279251,0.8959879063218134
fpca256_30,outer_fold,6,3,0.033987429814161994,0.9299753361359754
fpca256_30,outer_fold,6,4,0.017340251932976454,0.9473155880689519
fpca256_30,outer_fold,6,5,0.004319609495709445,0.9516351975646613
fpca256_30,outer_fold,6,6,0.0015867437789509893,0.9532219413436123
fpca256_30,outer_fold,6,7,0.001290603664597259,0.9545125450082095
fpca256_30,outer_fold,6,8,0.0010259378148518646,0.9555384828230613
fpca256_30,outer_fold,6,9,0.0009053804760140935,0.9564438632990754
fpca256_30,outer_fold,6,10,0.0008551070704809309,0.9572989703695564
fpca256_30,outer_fold,6,11,0.0008032081673563383,0.9581021785369127
fpca256_30,outer_fold,6,12,0.0007923554539199346,0.9588945339908327
fpca256_30,outer_fold,6,13,0.0007512782503010657,0.9596458122411338
fpca256_30,outer_fold,6,14,0.0007299273685852062,0.960375739609719
fpca256_30,outer_fold,6,15,0.0007195863822792363,0.9610953259919982
fpca256_30,outer_fold,6,16,0.0006907120487255912,0.9617860380407238
fpca256_30,outer_fold,6,17,0.0006824472121905061,0.9624684852529143
fpca256_30,outer_fold,6,18,0.0006699486487202858,0.9631384339016346
fpca256_30,outer_fold,6,19,0.0006339962562013391,0.9637724301578359
fpca256_30,outer_fold,6,20,0.0006216331018618365,0.9643940632596977
fpca256_30,outer_fold,6,21,0.0006129070283837384,0.9650069702880815
fpca256_30,outer_fold,6,22,0.0005891289043705614,0.965596099192452
fpca256_30,outer_fold,6,23,0.0005833080242248754,0.9661794072166769
fpca256_30,outer_fold,6,24,0.0005665383429252626,0.9667459455596022
fpca256_30,outer_fold,6,25,0.0005579277266463315,0.9673038732862486
fpca256_30,outer_fold,6,26,0.0005450478346782987,0.9678489211209269
fpca256_30,outer_fold,6,27,0.0005400479943538961,0.9683889691152808
fpca256_30,outer_fold,6,28,0.0005336283191207434,0.9689225974344016
fpca256_30,outer_fold,6,29,0.0005227229679514974,0.9694453204023531
fpca256_30,outer_fold,6,30,0.000518467327478361,0.9699637877298315
fpca256_30,outer_fold,7,1,0.63013887645128,0.63013887645128
fpca256_30,outer_fold,7,2,0.26458215289350556,0.8947210293447856
fpca256_30,outer_fold,7,3,0.03296520089855044,0.9276862302433361
fpca256_30,outer_fold,7,4,0.018291036932917934,0.945977267176254
fpca256_30,outer_fold,7,5,0.004554436657191368,0.9505317038334453
fpca256_30,outer_fold,7,6,0.0016357910332536918,0.952167494866699
fpca256_30,outer_fold,7,7,0.0013277789887039852,0.953495273855403
fpca256_30,outer_fold,7,8,0.0010312700263515563,0.9545265438817545
fpca256_30,outer_fold,7,9,0.0009326047420179604,0.9554591486237725
fpca256_30,outer_fold,7,10,0.0009101304239919285,0.9563692790477644
fpca256_30,outer_fold,7,11,0.0008078967515324745,0.9571771757992968
fpca256_30,outer_fold,7,12,0.0007745774036057153,0.9579517532029026
fpca256_30,outer_fold,7,13,0.0007655876149446902,0.9587173408178473
fpca256_30,outer_fold,7,14,0.0007509570980469397,0.9594682979158943
fpca256_30,outer_fold,7,15,0.0007320351237818055,0.9602003330396761
fpca256_30,outer_fold,7,16,0.0007129695914988083,0.9609133026311749
fpca256_30,outer_fold,7,17,0.000706040148242418,0.9616193427794173
fpca256_30,outer_fold,7,18,0.0006753011199597736,0.962294643899377
fpca256_30,outer_fold,7,19,0.0006422318338661108,0.9629368757332432
fpca256_30,outer_fold,7,20,0.0006376041609122221,0.9635744798941553
fpca256_30,outer_fold,7,21,0.0006216059528087473,0.9641960858469641
fpca256_30,outer_fold,7,22,0.0006061959447498816,0.964802281791714
fpca256_30,outer_fold,7,23,0.0006035389391512957,0.9654058207308653
fpca256_30,outer_fold,7,24,0.0005830268765775578,0.9659888476074429
fpca256_30,outer_fold,7,25,0.000577678342253979,0.9665665259496968
fpca256_30,outer_fold,7,26,0.0005683436136535576,0.9671348695633504
fpca256_30,outer_fold,7,27,0.0005454510742377101,0.9676803206375881
fpca256_30,outer_fold,7,28,0.0005308621691477478,0.9682111828067359
fpca256_30,outer_fold,7,29,0.0005243236982208259,0.9687355065049568
fpca256_30,outer_fold,7,30,0.0005184501204505972,0.9692539566254074
fpca256_30,outer_fold,8,1,0.626907064075867,0.626907064075867
fpca256_30,outer_fold,8,2,0.2657791551963602,0.8926862192722272
fpca256_30,outer_fold,8,3,0.03595785074356516,0.9286440700157924
fpca256_30,outer_fold,8,4,0.01795726898907512,0.9466013390048675
fpca256_30,outer_fold,8,5,0.0046601791062080115,0.9512615181110755
fpca256_30,outer_fold,8,6,0.0017701390031370637,0.9530316571142126
fpca256_30,outer_fold,8,7,0.001196239318311324,0.9542278964325239
fpca256_30,outer_fold,8,8,0.0010303306491738437,0.9552582270816977
fpca256_30,outer_fold,8,9,0.0009009436846568201,0.9561591707663546
fpca256_30,outer_fold,8,10,0.0008906618592736932,0.9570498326256283
fpca256_30,outer_fold,8,11,0.000776909486157503,0.9578267421117858
fpca256_30,outer_fold,8,12,0.0007731646226385229,0.9585999067344243
fpca256_30,outer_fold,8,13,0.0007469916349229792,0.9593468983693473
fpca256_30,outer_fold,8,14,0.000722063645908871,0.9600689620152562
fpca256_30,outer_fold,8,15,0.0007096554534363127,0.9607786174686924
fpca256_30,outer_fold,8,16,0.0007046515890217051,0.9614832690577141
fpca256_30,outer_fold,8,17,0.0006795714098078935,0.962162840467522
fpca256_30,outer_fold,8,18,0.0006593351580729443,0.9628221756255949
fpca256_30,outer_fold,8,19,0.0006466035267722672,0.9634687791523672
fpca256_30,outer_fold,8,20,0.0006161302238908335,0.964084909376258
fpca256_30,outer_fold,8,21,0.0006077209150410697,0.964692630291299
fpca256_30,outer_fold,8,22,0.0006052652616004868,0.9652978955528996
fpca256_30,outer_fold,8,23,0.0005778121850201626,0.9658757077379198
fpca256_30,outer_fold,8,24,0.0005729057509838047,0.9664486134889035
fpca256_30,outer_fold,8,25,0.0005498224340618807,0.9669984359229654
fpca256_30,outer_fold,8,26,0.000541040745001521,0.9675394766679669
fpca256_30,outer_fold,8,27,0.0005380492064167286,0.9680775258743837
fpca256_30,outer_fold,8,28,0.0005205159880490106,0.9685980418624327
fpca256_30,outer_fold,8,29,0.0005095073663264939,0.9691075492287592
fpca256_30,outer_fold,8,30,0.0005016115265160005,0.9696091607552751
fpca256_30,outer_fold,9,1,0.5878816987081966,0.5878816987081966
fpca256_30,outer_fold,9,2,0.29170076336040063,0.8795824620685972
fpca256_30,outer_fold,9,3,0.03877927141913422,0.9183617334877314
fpca256_30,outer_fold,9,4,0.021116405005205462,0.9394781384929369
fpca256_30,outer_fold,9,5,0.005304309413556041,0.944782447906493
fpca256_30,outer_fold,9,6,0.0019143289812243536,0.9466967768877174
fpca256_30,outer_fold,9,7,0.0012807041255433924,0.9479774810132607
fpca256_30,outer_fold,9,8,0.0011126243164388185,0.9490901053296995
fpca256_30,outer_fold,9,9,0.0010153217907184898,0.950105427120418
fpca256_30,outer_fold,9,10,0.0009439916782430473,0.951049418798661
fpca256_30,outer_fold,9,11,0.0009032172930403652,0.9519526360917013
fpca256_30,outer_fold,9,12,0.0008578555186953148,0.9528104916103967
fpca256_30,outer_fold,9,13,0.0008484423880006094,0.9536589339983973
fpca256_30,outer_fold,9,14,0.0008180533871084547,0.9544769873855058
fpca256_30,outer_fold,9,15,0.0008018572151401226,0.9552788446006459
fpca256_30,outer_fold,9,16,0.0007834407069608799,0.9560622853076068
fpca256_30,outer_fold,9,17,0.0007621218365446804,0.9568244071441515
fpca256_30,outer_fold,9,18,0.0007473272503904578,0.957571734394542
fpca256_30,outer_fold,9,19,0.0007322449808488732,0.9583039793753909
fpca256_30,outer_fold,9,20,0.0007135541626309728,0.9590175335380219
fpca256_30,outer_fold,9,21,0.0006950853104453904,0.9597126188484673
fpca256_30,outer_fold,9,22,0.0006788073875709003,0.9603914262360381
fpca256_30,outer_fold,9,23,0.0006589788889843712,0.9610504051250225
fpca256_30,outer_fold,9,24,0.0006417164683061092,0.9616921215933286
fpca256_30,outer_fold,9,25,0.0006277225802243709,0.962319844173553
fpca256_30,outer_fold,9,26,0.000625972065317618,0.9629458162388707
fpca256_30,outer_fold,9,27,0.0005979771887035213,0.9635437934275741
fpca256_30,outer_fold,9,28,0.0005949664449479374,0.9641387598725221
fpca256_30,outer_fold,9,29,0.0005865732449885603,0.9647253331175106
fpca256_30,outer_fold,9,30,0.0005671470548897699,0.9652924801724004
fpca256_30,outer_fold,10,1,0.6336743292819567,0.6336743292819567
fpca256_30,outer_fold,10,2,0.26351557874868303,0.8971899080306397
fpca256_30,outer_fold,10,3,0.03525112485204685,0.9324410328826865
fpca256_30,outer_fold,10,4,0.016861894262336204,0.9493029271450227
fpca256_30,outer_fold,10,5,0.004357031987315164,0.9536599591323379
fpca256_30,outer_fold,10,6,0.0015923483765436135,0.9552523075088816
fpca256_30,outer_fold,10,7,0.0012475156304137022,0.9564998231392953
fpca256_30,outer_fold,10,8,0.0010077522490263343,0.9575075753883217
fpca256_30,outer_fold,10,9,0.0008793537434967287,0.9583869291318183
fpca256_30,outer_fold,10,10,0.0008466119756493106,0.9592335411074676
fpca256_30,outer_fold,10,11,0.0007750917984349757,0.9600086329059025
fpca256_30,outer_fold,10,12,0.0007540607737931323,0.9607626936796957
fpca256_30,outer_fold,10,13,0.0007222884219850994,0.9614849821016808
fpca256_30,outer_fold,10,14,0.0006824678828637696,0.9621674499845445
fpca256_30,outer_fold,10,15,0.0006778842760908804,0.9628453342606353
fpca256_30,outer_fold,10,16,0.0006627211753462164,0.9635080554359816
fpca256_30,outer_fold,10,17,0.0006399109747727337,0.9641479664107544
fpca256_30,outer_fold,10,18,0.0006373491999193324,0.9647853156106737
fpca256_30,outer_fold,10,19,0.0006227180540303436,0.9654080336647041
fpca256_30,outer_fold,10,20,0.0006105955101642705,0.9660186291748684
fpca256_30,outer_fold,10,21,0.0006060296531303886,0.9666246588279988
fpca256_30,outer_fold,10,22,0.0005749045277299564,0.9671995633557287
fpca256_30,outer_fold,10,23,0.0005701407099850041,0.9677697040657136
fpca256_30,outer_fold,10,24,0.0005557212216710045,0.9683254252873846
fpca256_30,outer_fold,10,25,0.0005340627033841221,0.9688594879907687
fpca256_30,outer_fold,10,26,0.0005285018795709921,0.9693879898703397
fpca256_30,outer_fold,10,27,0.0005102419858483688,0.9698982318561881
fpca256_30,outer_fold,10,28,0.0004972416585814825,0.9703954735147695
fpca256_30,outer_fold,10,29,0.00048113785245776326,0.9708766113672272
fpca256_30,outer_fold,10,30,0.00047686598064305394,0.9713534773478703
fpca256_30,outer_fold,11,1,0.6163441816801122,0.6163441816801122
fpca256_30,outer_fold,11,2,0.27078064297043786,0.8871248246505501
fpca256_30,outer_fold,11,3,0.03688205631549303,0.9240068809660431
fpca256_30,outer_fold,11,4,0.01872222060713144,0.9427291015731746
fpca256_30,outer_fold,11,5,0.004875458329700307,0.9476045599028748
fpca256_30,outer_fold,11,6,0.0017668054522461001,0.9493713653551209
fpca256_30,outer_fold,11,7,0.0012451882653370407,0.9506165536204579
fpca256_30,outer_fold,11,8,0.001074142683025947,0.9516906963034839
fpca256_30,outer_fold,11,9,0.0009785705853156174,0.9526692668887995
fpca256_30,outer_fold,11,10,0.0008843455548509193,0.9535536124436504
fpca256_30,outer_fold,11,11,0.0008546385924364649,0.954408251036087
fpca256_30,outer_fold,11,12,0.0008479916599618357,0.9552562426960488
fpca256_30,outer_fold,11,13,0.0008026619878073805,0.9560589046838562
fpca256_30,outer_fold,11,14,0.0007953361644481498,0.9568542408483044
fpca256_30,outer_fold,11,15,0.0007623924655477265,0.9576166333138522
fpca256_30,outer_fold,11,16,0.0007393538656383256,0.9583559871794904
fpca256_30,outer_fold,11,17,0.0007284239795057733,0.9590844111589962
fpca256_30,outer_fold,11,18,0.0006964747093990682,0.9597808858683953
fpca256_30,outer_fold,11,19,0.0006885043428803277,0.9604693902112756
fpca256_30,outer_fold,11,20,0.0006765450467778146,0.9611459352580535
fpca256_30,outer_fold,11,21,0.0006569986920806047,0.961802933950134
fpca256_30,outer_fold,11,22,0.0006535613033820921,0.9624564952535162
fpca256_30,outer_fold,11,23,0.0006417370694017704,0.9630982323229179
fpca256_30,outer_fold,11,24,0.0006224792104370521,0.9637207115333549
fpca256_30,outer_fold,11,25,0.0006149631706986222,0.9643356747040536
fpca256_30,outer_fold,11,26,0.0006020920155240365,0.9649377667195776
fpca256_30,outer_fold,11,27,0.000588356111219722,0.9655261228307974
fpca256_30,outer_fold,11,28,0.0005742390562583239,0.9661003618870557
fpca256_30,outer_fold,11,29,0.0005582302932311743,0.9666585921802869
fpca256_30,outer_fold,11,30,0.0005493138408688195,0.9672079060211558
fpca256_30,outer_fold,12,1,0.628178773015146,0.628178773015146
fpca256_30,outer_fold,12,2,0.26043134756007463,0.8886101205752206
fpca256_30,outer_fold,12,3,0.03723071382782117,0.9258408344030418
fpca256_30,outer_fold,12,4,0.018739410706525125,0.9445802451095668
fpca256_30,outer_fold,12,5,0.004259205154896766,0.9488394502644636
fpca256_30,outer_fold,12,6,0.0017763322075752598,0.9506157824720388
fpca256_30,outer_fold,12,7,0.001362365100125036,0.9519781475721638
fpca256_30,outer_fold,12,8,0.0010489259302845328,0.9530270735024483
fpca256_30,outer_fold,12,9,0.0009157194722295111,0.9539427929746778
fpca256_30,outer_fold,12,10,0.0008916690339224825,0.9548344620086002
fpca256_30,outer_fold,12,11,0.0008401384361283833,0.9556746004447286
fpca256_30,outer_fold,12,12,0.0007952323880305367,0.9564698328327592
fpca256_30,outer_fold,12,13,0.0007902868052095234,0.9572601196379688
fpca256_30,outer_fold,12,14,0.0007595919285384678,0.9580197115665072
fpca256_30,outer_fold,12,15,0.0007440002519609463,0.9587637118184682
fpca256_30,outer_fold,12,16,0.0007289978998074874,0.9594927097182757
fpca256_30,outer_fold,12,17,0.0007004771395007405,0.9601931868577764
fpca256_30,outer_fold,12,18,0.0006803584108975437,0.960873545268674
fpca256_30,outer_fold,12,19,0.0006602680103580179,0.961533813279032
fpca256_30,outer_fold,12,20,0.0006467673157966101,0.9621805805948286
fpca256_30,outer_fold,12,21,0.0006331688046197411,0.9628137493994483
fpca256_30,outer_fold,12,22,0.0006195258053110815,0.9634332752047594
fpca256_30,outer_fold,12,23,0.0006106734710505634,0.96404394867581
fpca256_30,outer_fold,12,24,0.0005922189743939239,0.9646361676502039
fpca256_30,outer_fold,12,25,0.0005842090854489437,0.9652203767356529
fpca256_30,outer_fold,12,26,0.000570748087585842,0.9657911248232387
fpca256_30,outer_fold,12,27,0.000561339762514024,0.9663524645857527
fpca256_30,outer_fold,12,28,0.0005514226344514834,0.9669038872202043
fpca256_30,outer_fold,12,29,0.0005356286527073065,0.9674395158729115
fpca256_30,outer_fold,12,30,0.0005348755900951782,0.9679743914630067
fpca256_30,outer_fold,13,1,0.6162037635468337,0.6162037635468337
fpca256_30,outer_fold,13,2,0.2723258439290213,0.8885296074758551
fpca256_30,outer_fold,13,3,0.03671317830531699,0.925242785781172
fpca256_30,outer_fold,13,4,0.0192622214325686,0.9445050072137406
fpca256_30,outer_fold,13,5,0.004898855598504332,0.949403862812245
fpca256_30,outer_fold,13,6,0.0017786020813769954,0.951182464893622
fpca256_30,outer_fold,13,7,0.0013124594508454601,0.9524949243444675
fpca256_30,outer_fold,13,8,0.0010943700416691272,0.9535892943861366
fpca256_30,outer_fold,13,9,0.0009583943239501718,0.9545476887100868
fpca256_30,outer_fold,13,10,0.0009238079458072196,0.955471496655894
fpca256_30,outer_fold,13,11,0.0008387044473987239,0.9563102011032928
fpca256_30,outer_fold,13,12,0.0007965537445064393,0.9571067548477993
fpca256_30,outer_fold,13,13,0.0007874304940019038,0.9578941853418012
fpca256_30,outer_fold,13,14,0.0007773572450609076,0.958671542586862
fpca256_30,outer_fold,13,15,0.0007456253463865928,0.9594171679332486
fpca256_30,outer_fold,13,16,0.000724401210152469,0.9601415691434011
fpca256_30,outer_fold,13,17,0.0007171848435858852,0.960858753986987
fpca256_30,outer_fold,13,18,0.0006971508746396354,0.9615559048616266
fpca256_30,outer_fold,13,19,0.0006752466428937948,0.9622311515045203
fpca256_30,outer_fold,13,20,0.0006465687291856553,0.962877720233706
fpca256_30,outer_fold,13,21,0.0006416797615851258,0.9635193999952911
fpca256_30,outer_fold,13,22,0.0006281588996505098,0.9641475588949416
fpca256_30,outer_fold,13,23,0.0006015365019100137,0.9647490953968516
fpca256_30,outer_fold,13,24,0.0005888384907930146,0.9653379338876447
fpca256_30,outer_fold,13,25,0.0005798314446106103,0.9659177653322553
fpca256_30,outer_fold,13,26,0.0005668671088298021,0.9664846324410851
fpca256_30,outer_fold,13,27,0.0005632426506427678,0.9670478750917278
fpca256_30,outer_fold,13,28,0.0005480810727503219,0.9675959561644781
fpca256_30,outer_fold,13,29,0.0005387626485766039,0.9681347188130547
fpca256_30,outer_fold,13,30,0.0005302382957454924,0.9686649571088002
fpca256_30,outer_fold,14,1,0.6424369962938206,0.6424369962938206
fpca256_30,outer_fold,14,2,0.25791784875818796,0.9003548450520085
fpca256_30,outer_fold,14,3,0.03181567301481799,0.9321705180668265
fpca256_30,outer_fold,14,4,0.016386598317743018,0.9485571163845695
fpca256_30,outer_fold,14,5,0.004433735263334368,0.9529908516479039
fpca256_30,outer_fold,14,6,0.0015731921941955717,0.9545640438420995
fpca256_30,outer_fold,14,7,0.0011785677495994341,0.9557426115916989
fpca256_30,outer_fold,14,8,0.000942158445843487,0.9566847700375424
fpca256_30,outer_fold,14,9,0.0008783519699600556,0.9575631220075024
fpca256_30,outer_fold,14,10,0.0008744897778788184,0.9584376117853812
fpca256_30,outer_fold,14,11,0.0007769122329296737,0.9592145240183109
fpca256_30,outer_fold,14,12,0.0007541780013223851,0.9599687020196332
fpca256_30,outer_fold,14,13,0.0007141643839296219,0.9606828664035628
fpca256_30,outer_fold,14,14,0.0006985086863426357,0.9613813750899054
fpca256_30,outer_fold,14,15,0.0006924995377057139,0.9620738746276111
fpca256_30,outer_fold,14,16,0.0006598515610520439,0.9627337261886632
fpca256_30,outer_fold,14,17,0.0006549874900024607,0.9633887136786656
fpca256_30,outer_fold,14,18,0.0006385204964143576,0.96402723417508
fpca256_30,outer_fold,14,19,0.0006104035072767558,0.9646376376823567
fpca256_30,outer_fold,14,20,0.0005990423311123224,0.965236680013469
fpca256_30,outer_fold,14,21,0.0005946883153787793,0.9658313683288478
fpca256_30,outer_fold,14,22,0.0005909640099136867,0.9664223323387614
fpca256_30,outer_fold,14,23,0.0005811211177695891,0.9670034534565309
fpca256_30,outer_fold,14,24,0.0005647064892559136,0.9675681599457868
fpca256_30,outer_fold,14,25,0.0005507523759893323,0.9681189123217762
fpca256_30,outer_fold,14,26,0.0005376128530260135,0.9686565251748022
fpca256_30,outer_fold,14,27,0.0005344962808569629,0.9691910214556592
fpca256_30,outer_fold,14,28,0.0005221073945404968,0.9697131288501997
fpca256_30,outer_fold,14,29,0.0005101860071923849,0.9702233148573921
fpca256_30,outer_fold,14,30,0.0005018045549971738,0.9707251194123893
fpca256_30,outer_fold,15,1,0.6186105251550695,0.6186105251550695
fpca256_30,outer_fold,15,2,0.27706583744108726,0.8956763625961568
fpca256_30,outer_fold,15,3,0.03401944202373594,0.9296958046198928
fpca256_30,outer_fold,15,4,0.01653170617476336,0.9462275107946562
fpca256_30,outer_fold,15,5,0.004668335899979826,0.950895846694636
fpca256_30,outer_fold,15,6,0.0015986514119782818,0.9524944981066142
fpca256_30,outer_fold,15,7,0.0012478250557924424,0.9537423231624067
fpca256_30,outer_fold,15,8,0.0009909800825935726,0.9547333032450003
fpca256_30,outer_fold,15,9,0.0009499007445180888,0.9556832039895183
fpca256_30,outer_fold,15,10,0.0008497250385984472,0.9565329290281168
fpca256_30,outer_fold,15,11,0.0008105922794462652,0.9573435213075631
fpca256_30,outer_fold,15,12,0.000762963092556118,0.9581064844001191
fpca256_30,outer_fold,15,13,0.0007431827197933247,0.9588496671199125
fpca256_30,outer_fold,15,14,0.0007408699782700548,0.9595905370981825
fpca256_30,outer_fold,15,15,0.000715484378349272,0.9603060214765318
fpca256_30,outer_fold,15,16,0.0006952828994441049,0.9610013043759759
fpca256_30,outer_fold,15,17,0.0006824915769914702,0.9616837959529674
fpca256_30,outer_fold,15,18,0.0006590780783449298,0.9623428740313124
fpca256_30,outer_fold,15,19,0.0006340765662621857,0.9629769505975745
fpca256_30,outer_fold,15,20,0.0006088359167482166,0.9635857865143227
fpca256_30,outer_fold,15,21,0.0005952529381790106,0.9641810394525017
fpca256_30,outer_fold,15,22,0.000589622490607222,0.9647706619431089
fpca256_30,outer_fold,15,23,0.000579890029652553,0.9653505519727614
fpca256_30,outer_fold,15,24,0.0005728892016037885,0.9659234411743652
fpca256_30,outer_fold,15,25,0.0005569070742495631,0.9664803482486148
fpca256_30,outer_fold,15,26,0.0005448512696619084,0.9670251995182767
fpca256_30,outer_fold,15,27,0.0005402179126318188,0.9675654174309085
fpca256_30,outer_fold,15,28,0.000530964103130089,0.9680963815340387
fpca256_30,outer_fold,15,29,0.0005216581141604744,0.9686180396481991
fpca256_30,outer_fold,15,30,0.0005110729607674576,0.9691291126089666
fpca256_30,outer_fold,16,1,0.6385092909866165,0.6385092909866165
fpca256_30,outer_fold,16,2,0.25557640957501554,0.8940857005616321
fpca256_30,outer_fold,16,3,0.0349248063355598,0.9290105068971919
fpca256_30,outer_fold,16,4,0.01597156113646002,0.9449820680336519
fpca256_30,outer_fold,16,5,0.004371520900904629,0.9493535889345566
fpca256_30,outer_fold,16,6,0.0015667733013085701,0.9509203622358652
fpca256_30,outer_fold,16,7,0.0012917911446779348,0.9522121533805431
fpca256_30,outer_fold,16,8,0.0010712233256262495,0.9532833767061694
fpca256_30,outer_fold,16,9,0.0009548780661762577,0.9542382547723456
fpca256_30,outer_fold,16,10,0.0008762998939136746,0.9551145546662593
fpca256_30,outer_fold,16,11,0.0008390050688917885,0.9559535597351511
fpca256_30,outer_fold,16,12,0.0008159327732764426,0.9567694925084275
fpca256_30,outer_fold,16,13,0.0007680811574850853,0.9575375736659125
fpca256_30,outer_fold,16,14,0.0007629527247888606,0.9583005263907014
fpca256_30,outer_fold,16,15,0.0007393205771080934,0.9590398469678095
fpca256_30,outer_fold,16,16,0.0007267990780419662,0.9597666460458515
fpca256_30,outer_fold,16,17,0.0007194108535352444,0.9604860568993867
fpca256_30,outer_fold,16,18,0.00066946601782742,0.9611555229172142
fpca256_30,outer_fold,16,19,0.0006540835222451378,0.9618096064394593
fpca256_30,outer_fold,16,20,0.0006471393835311069,0.9624567458229905
fpca256_30,outer_fold,16,21,0.0006303230779976408,0.963087068900988
fpca256_30,outer_fold,16,22,0.0006215378264108769,0.9637086067273989
fpca256_30,outer_fold,16,23,0.0006141320861194513,0.9643227388135184
fpca256_30,outer_fold,16,24,0.0006020129623513194,0.9649247517758697
fpca256_30,outer_fold,16,25,0.0005950387125940047,0.9655197904884637
fpca256_30,outer_fold,16,26,0.0005807706658467554,0.9661005611543104
fpca256_30,outer_fold,16,27,0.0005689450200043997,0.9666695061743148
fpca256_30,outer_fold,16,28,0.0005581235162882451,0.967227629690603
fpca256_30,outer_fold,16,29,0.0005508558971598425,0.9677784855877629
fpca256_30,outer_fold,16,30,0.0005412287223091748,0.9683197143100721
fpca256_30,outer_fold,17,1,0.6323560208709471,0.6323560208709471
fpca256_30,outer_fold,17,2,0.2623908917474769,0.894746912618424
fpca256_30,outer_fold,17,3,0.03486909656875461,0.9296160091871786
fpca256_30,outer_fold,17,4,0.01803337173769687,0.9476493809248754
fpca256_30,outer_fold,17,5,0.004623597713040317,0.9522729786379157
fpca256_30,outer_fold,17,6,0.0017577717308115994,0.9540307503687273
fpca256_30,outer_fold,17,7,0.0012403026390202193,0.9552710530077475
fpca256_30,outer_fold,17,8,0.0010123649291905977,0.956283417936938
fpca256_30,outer_fold,17,9,0.000907959143710582,0.9571913770806486
fpca256_30,outer_fold,17,10,0.0008662963153466465,0.9580576733959952
fpca256_30,outer_fold,17,11,0.0008022758816319808,0.9588599492776272
fpca256_30,outer_fold,17,12,0.0007567708642630054,0.9596167201418901
fpca256_30,outer_fold,17,13,0.0007470124155388924,0.960363732557429
fpca256_30,outer_fold,17,14,0.0007174297631794345,0.9610811623206085
fpca256_30,outer_fold,17,15,0.000714422546647996,0.9617955848672565
fpca256_30,outer_fold,17,16,0.000689781697895259,0.9624853665651517
fpca256_30,outer_fold,17,17,0.0006580700500252749,0.963143436615177
fpca256_30,outer_fold,17,18,0.0006466122971978117,0.9637900489123747
fpca256_30,outer_fold,17,19,0.0006254001184160271,0.9644154490307908
fpca256_30,outer_fold,17,20,0.0006199549756521185,0.9650354040064429
fpca256_30,outer_fold,17,21,0.000597787773925191,0.9656331917803681
fpca256_30,outer_fold,17,22,0.0005790647374821578,0.9662122565178503
fpca256_30,outer_fold,17,23,0.0005758609369300393,0.9667881174547803
fpca256_30,outer_fold,17,24,0.0005679699838858798,0.9673560874386662
fpca256_30,outer_fold,17,25,0.0005569384103937196,0.9679130258490599
fpca256_30,outer_fold,17,26,0.0005458797481466954,0.9684589055972066
fpca256_30,outer_fold,17,27,0.0005345785208201589,0.9689934841180268
fpca256_30,outer_fold,17,28,0.0005199271509875475,0.9695134112690144
fpca256_30,outer_fold,17,29,0.0005051229502834272,0.9700185342192977
fpca256_30,outer_fold,17,30,0.0005015030301736996,0.9705200372494714
fpca256_30,outer_fold,18,1,0.6142751681005277,0.6142751681005277
fpca256_30,outer_fold,18,2,0.270423184005173,0.8846983521057008
fpca256_30,outer_fold,18,3,0.04016766881145644,0.9248660209171572
fpca256_30,outer_fold,18,4,0.019972938345524507,0.9448389592626817
fpca256_30,outer_fold,18,5,0.004872074972514384,0.9497110342351961
fpca256_30,outer_fold,18,6,0.0016960177423184987,0.9514070519775146
fpca256_30,outer_fold,18,7,0.0012895868629184853,0.9526966388404331
fpca256_30,outer_fold,18,8,0.0009962718249249833,0.9536929106653581
fpca256_30,outer_fold,18,9,0.0009515887666168493,0.9546444994319749
fpca256_30,outer_fold,18,10,0.0008808424992526026,0.9555253419312275
fpca256_30,outer_fold,18,11,0.0008222675037078842,0.9563476094349354
fpca256_30,outer_fold,18,12,0.0008042025081466063,0.957151811943082
fpca256_30,outer_fold,18,13,0.0007818844289085523,0.9579336963719906
fpca256_30,outer_fold,18,14,0.0007601923019485488,0.9586938886739391
fpca256_30,outer_fold,18,15,0.000724199678380638,0.9594180883523198
fpca256_30,outer_fold,18,16,0.0007143612576309699,0.9601324496099508
fpca256_30,outer_fold,18,17,0.0007070680659072252,0.9608395176758581
fpca256_30,outer_fold,18,18,0.0006758364134435487,0.9615153540893017
fpca256_30,outer_fold,18,19,0.0006664448527095792,0.9621817989420113
fpca256_30,outer_fold,18,20,0.0006462373715585652,0.9628280363135698
fpca256_30,outer_fold,18,21,0.0006359711748666894,0.9634640074884365
fpca256_30,outer_fold,18,22,0.0006197686355722518,0.9640837761240088
fpca256_30,outer_fold,18,23,0.0006103576542530206,0.9646941337782617
fpca256_30,outer_fold,18,24,0.000601122188560882,0.9652952559668226
fpca256_30,outer_fold,18,25,0.0005923675233359953,0.9658876234901587
fpca256_30,outer_fold,18,26,0.0005758535130106329,0.9664634770031693
fpca256_30,outer_fold,18,27,0.0005664486814675776,0.9670299256846369
fpca256_30,outer_fold,18,28,0.0005522581341452041,0.967582183818782
fpca256_30,outer_fold,18,29,0.0005465689321491062,0.9681287527509311
fpca256_30,outer_fold,18,30,0.0005298343581479783,0.9686585871090791
fpca256_30,outer_fold,19,1,0.6356312441125145,0.6356312441125145
fpca256_30,outer_fold,19,2,0.2573760882261039,0.8930073323386184
fpca256_30,outer_fold,19,3,0.03466006217139839,0.9276673945100168
fpca256_30,outer_fold,19,4,0.018710038949740833,0.9463774334597577
fpca256_30,outer_fold,19,5,0.004269804102869908,0.9506472375626276
fpca256_30,outer_fold,19,6,0.001763440162170607,0.9524106777247981
fpca256_30,outer_fold,19,7,0.0013210197786482887,0.9537316975034464
fpca256_30,outer_fold,19,8,0.0010341746825245485,0.954765872185971
fpca256_30,outer_fold,19,9,0.0009429332217275357,0.9557088054076985
fpca256_30,outer_fold,19,10,0.0009033956250294055,0.9566122010327279
fpca256_30,outer_fold,19,11,0.0008002966409146787,0.9574124976736426
fpca256_30,outer_fold,19,12,0.000796761632893625,0.9582092593065362
fpca256_30,outer_fold,19,13,0.0007459161651492603,0.9589551754716855
fpca256_30,outer_fold,19,14,0.0007418453220252028,0.9596970207937107
fpca256_30,outer_fold,19,15,0.0007111182543116425,0.9604081390480224
fpca256_30,outer_fold,19,16,0.0007104257337438496,0.9611185647817662
fpca256_30,outer_fold,19,17,0.0006946659366704144,0.9618132307184366
fpca256_30,outer_fold,19,18,0.0006709582682408702,0.9624841889866774
fpca256_30,outer_fold,19,19,0.0006519005509614563,0.9631360895376389
fpca256_30,outer_fold,19,20,0.0006479913717394917,0.9637840809093784
fpca256_30,outer_fold,19,21,0.0006329466286349227,0.9644170275380133
fpca256_30,outer_fold,19,22,0.0006290046991302822,0.9650460322371436
fpca256_30,outer_fold,19,23,0.0006108883172232768,0.9656569205543668
fpca256_30,outer_fold,19,24,0.0005957326099173364,0.9662526531642841
fpca256_30,outer_fold,19,25,0.0005781156981898381,0.966830768862474
fpca256_30,outer_fold,19,26,0.0005683808557068559,0.9673991497181809
fpca256_30,outer_fold,19,27,0.0005634834005406244,0.9679626331187214
fpca256_30,outer_fold,19,28,0.0005502373733033314,0.9685128704920247
fpca256_30,outer_fold,19,29,0.0005202440431627041,0.9690331145351875
fpca256_30,outer_fold,19,30,0.0005122109376831815,0.9695453254728706
fpca256_30,outer_fold,20,1,0.6290732332458625,0.6290732332458625
fpca256_30,outer_fold,20,2,0.26120890742920083,0.8902821406750634
fpca256_30,outer_fold,20,3,0.038440241513928594,0.928722382188992
fpca256_30,outer_fold,20,4,0.018373044254012715,0.9470954264430047
fpca256_30,outer_fold,20,5,0.004194998307703119,0.9512904247507078
fpca256_30,outer_fold,20,6,0.0017531264222851327,0.9530435511729929
fpca256_30,outer_fold,20,7,0.0012316944475827824,0.9542752456205756
fpca256_30,outer_fold,20,8,0.0010263750853444548,0.9553016207059201
fpca256_30,outer_fold,20,9,0.0008978570052501317,0.9561994777111702
fpca256_30,outer_fold,20,10,0.0008778765116922526,0.9570773542228624
fpca256_30,outer_fold,20,11,0.000822999116103176,0.9579003533389656
fpca256_30,outer_fold,20,12,0.0007763130374318339,0.9586766663763975
fpca256_30,outer_fold,20,13,0.0007691176151781935,0.9594457839915757
fpca256_30,outer_fold,20,14,0.0007616325244289116,0.9602074165160046
fpca256_30,outer_fold,20,15,0.0007196185527696102,0.9609270350687742
fpca256_30,outer_fold,20,16,0.0006938163133144934,0.9616208513820886
fpca256_30,outer_fold,20,17,0.0006910638063514817,0.9623119151884402
fpca256_30,outer_fold,20,18,0.0006559941589424056,0.9629679093473825
fpca256_30,outer_fold,20,19,0.0006457398011990204,0.9636136491485815
fpca256_30,outer_fold,20,20,0.0006356665520165928,0.9642493157005981
fpca256_30,outer_fold,20,21,0.0006158417251000265,0.9648651574256981
fpca256_30,outer_fold,20,22,0.0006071156586600008,0.9654722730843581
fpca256_30,outer_fold,20,23,0.0005816149918891544,0.9660538880762473
fpca256_30,outer_fold,20,24,0.0005658132562475298,0.9666197013324948
fpca256_30,outer_fold,20,25,0.0005555163926471454,0.9671752177251419
fpca256_30,outer_fold,20,26,0.0005515865410140375,0.967726804266156
fpca256_30,outer_fold,20,27,0.0005404080513315691,0.9682672123174876
fpca256_30,outer_fold,20,28,0.0005291360170469546,0.9687963483345345
fpca256_30,outer_fold,20,29,0.0005229223166543813,0.969319270651189
fpca256_30,outer_fold,20,30,0.000507972204855762,0.9698272428560447
fpca256_30,outer_fold,21,1,0.57947773911905,0.57947773911905
fpca256_30,outer_fold,21,2,0.3023072277127798,0.8817849668318298
fpca256_30,outer_fold,21,3,0.03640237818882085,0.9181873450206507
fpca256_30,outer_fold,21,4,0.019647903122192095,0.9378352481428428
fpca256_30,outer_fold,21,5,0.005674252507269219,0.9435095006501121
fpca256_30,outer_fold,21,6,0.0018316607479489395,0.945341161398061
fpca256_30,outer_fold,21,7,0.00138634044650745,0.9467275018445684
fpca256_30,outer_fold,21,8,0.0011165187320564258,0.9478440205766249
fpca256_30,outer_fold,21,9,0.0010950115763834285,0.9489390321530083
fpca256_30,outer_fold,21,10,0.0009651253549549224,0.9499041575079633
fpca256_30,outer_fold,21,11,0.0009427468979171693,0.9508469044058805
fpca256_30,outer_fold,21,12,0.0009123877839657274,0.9517592921898462
fpca256_30,outer_fold,21,13,0.0008961038091249762,0.9526553959989712
fpca256_30,outer_fold,21,14,0.0008586529371316747,0.9535140489361029
fpca256_30,outer_fold,21,15,0.0008096106434185354,0.9543236595795215
fpca256_30,outer_fold,21,16,0.0007993853367398009,0.9551230449162613
fpca256_30,outer_fold,21,17,0.0007699167263596991,0.955892961642621
fpca256_30,outer_fold,21,18,0.0007428689283943525,0.9566358305710154
fpca256_30,outer_fold,21,19,0.0007289998607818132,0.9573648304317972
fpca256_30,outer_fold,21,20,0.0007243529923429776,0.9580891834241402
fpca256_30,outer_fold,21,21,0.0007080679286078688,0.9587972513527481
fpca256_30,outer_fold,21,22,0.000692836985454493,0.9594900883382026
fpca256_30,outer_fold,21,23,0.0006900890133088528,0.9601801773515114
fpca256_30,outer_fold,21,24,0.0006785374922513703,0.9608587148437627
fpca256_30,outer_fold,21,25,0.0006656059538374369,0.9615243207976002
fpca256_30,outer_fold,21,26,0.0006497501047002118,0.9621740709023004
fpca256_30,outer_fold,21,27,0.0006420531163045522,0.962816124018605
fpca256_30,outer_fold,21,28,0.00062715479175617,0.9634432788103611
fpca256_30,outer_fold,21,29,0.0006075621827086443,0.9640508409930697
fpca256_30,outer_fold,21,30,0.0005946601370026151,0.9646455011300723
fpca256_30,outer_fold,22,1,0.6321428222751281,0.6321428222751281
fpca256_30,outer_fold,22,2,0.2630338726015453,0.8951766948766734
fpca256_30,outer_fold,22,3,0.034967131389248514,0.930143826265922
fpca256_30,outer_fold,22,4,0.01877823635709084,0.9489220626230128
fpca256_30,outer_fold,22,5,0.004366314276248495,0.9532883768992613
fpca256_30,outer_fold,22,6,0.0016748616075010843,0.9549632385067623
fpca256_30,outer_fold,22,7,0.0012595818179941998,0.9562228203247566
fpca256_30,outer_fold,22,8,0.0009502886713307616,0.9571731089960873
fpca256_30,outer_fold,22,9,0.0008644644063664298,0.9580375734024538
fpca256_30,outer_fold,22,10,0.0008330081856451313,0.9588705815880989
fpca256_30,outer_fold,22,11,0.0007657636538267291,0.9596363452419256
fpca256_30,outer_fold,22,12,0.0007609368337032125,0.9603972820756289
fpca256_30,outer_fold,22,13,0.0007305990575757214,0.9611278811332047
fpca256_30,outer_fold,22,14,0.0007130279831588613,0.9618409091163636
fpca256_30,outer_fold,22,15,0.0006909262993336273,0.9625318354156972
fpca256_30,outer_fold,22,16,0.0006642262349902717,0.9631960616506875
fpca256_30,outer_fold,22,17,0.0006425311612677551,0.9638385928119553
fpca256_30,outer_fold,22,18,0.0006293858232433925,0.9644679786351986
fpca256_30,outer_fold,22,19,0.0006074078909203495,0.965075386526119
fpca256_30,outer_fold,22,20,0.0005864770095730024,0.965661863535692
fpca256_30,outer_fold,22,21,0.0005782666486746837,0.9662401301843667
fpca256_30,outer_fold,22,22,0.00057237407277905,0.9668125042571458
fpca256_30,outer_fold,22,23,0.0005526650802141829,0.96736516933736
fpca256_30,outer_fold,22,24,0.00054620686122564,0.9679113761985857
fpca256_30,outer_fold,22,25,0.0005408201257162209,0.9684521963243019
fpca256_30,outer_fold,22,26,0.0005178325000474903,0.9689700288243493
fpca256_30,outer_fold,22,27,0.0005078737204328549,0.9694779025447822
fpca256_30,outer_fold,22,28,0.0005037412371426878,0.9699816437819249
fpca256_30,outer_fold,22,29,0.00048624865899568294,0.9704678924409206
fpca256_30,outer_fold,22,30,0.00048137127754514347,0.9709492637184657
fpca256_30,outer_fold,23,1,0.6420716369510365,0.6420716369510365
fpca256_30,outer_fold,23,2,0.25505869760736455,0.8971303345584011
fpca256_30,outer_fold,23,3,0.03429859024681625,0.9314289248052173
fpca256_30,outer_fold,23,4,0.015293904056930492,0.9467228288621479
fpca256_30,outer_fold,23,5,0.004158972317956441,0.9508818011801043
fpca256_30,outer_fold,23,6,0.0015668718272449714,0.9524486730073494
fpca256_30,outer_fold,23,7,0.0012539201013336489,0.953702593108683
fpca256_30,outer_fold,23,8,0.0009878603274464878,0.9546904534361295
fpca256_30,outer_fold,23,9,0.000944351447555034,0.9556348048836845
fpca256_30,outer_fold,23,10,0.0008849000194979632,0.9565197049031824
fpca256_30,outer_fold,23,11,0.0007887222121248836,0.9573084271153073
fpca256_30,outer_fold,23,12,0.0007820495488379925,0.9580904766641453
fpca256_30,outer_fold,23,13,0.0007627226709970219,0.9588531993351422
fpca256_30,outer_fold,23,14,0.0007434987849219643,0.9595966981200642
fpca256_30,outer_fold,23,15,0.0007324993639383799,0.9603291974840026
fpca256_30,outer_fold,23,16,0.0007057126885913864,0.961034910172594
fpca256_30,outer_fold,23,17,0.0006792238908932086,0.9617141340634873
fpca256_30,outer_fold,23,18,0.0006585747663190649,0.9623727088298063
fpca256_30,outer_fold,23,19,0.0006376579472320078,0.9630103667770383
fpca256_30,outer_fold,23,20,0.0006307257204153318,0.9636410924974537
fpca256_30,outer_fold,23,21,0.0006160429417798016,0.9642571354392334
fpca256_30,outer_fold,23,22,0.00059978247510667,0.9648569179143401
fpca256_30,outer_fold,23,23,0.0005984567459021652,0.9654553746602423
fpca256_30,outer_fold,23,24,0.0005815642788433925,0.9660369389390857
fpca256_30,outer_fold,23,25,0.0005696333798941994,0.96660657231898
fpca256_30,outer_fold,23,26,0.0005477527049887151,0.9671543250239687
fpca256_30,outer_fold,23,27,0.0005400407108704541,0.9676943657348391
fpca256_30,outer_fold,23,28,0.0005347025223474781,0.9682290682571866
fpca256_30,outer_fold,23,29,0.0005328399426041225,0.9687619081997907
fpca256_30,outer_fold,23,30,0.0005166666588063232,0.969278574858597
fpca256_30,outer_fold,24,1,0.6509115475554766,0.6509115475554766
fpca256_30,outer_fold,24,2,0.2463272794335301,0.8972388269890068
fpca256_30,outer_fold,24,3,0.033715564480423905,0.9309543914694307
fpca256_30,outer_fold,24,4,0.01725036029521707,0.9482047517646478
fpca256_30,outer_fold,24,5,0.004498401221496485,0.9527031529861443
fpca256_30,outer_fold,24,6,0.0016500543591144012,0.9543532073452586
fpca256_30,outer_fold,24,7,0.0012650181166819958,0.9556182254619406
fpca256_30,outer_fold,24,8,0.0010252791184284299,0.9566435045803691
fpca256_30,outer_fold,24,9,0.0008916116502223597,0.9575351162305914
fpca256_30,outer_fold,24,10,0.0008774124024683584,0.9584125286330598
fpca256_30,outer_fold,24,11,0.0007692625593552663,0.9591817911924151
fpca256_30,outer_fold,24,12,0.0007485930899326129,0.9599303842823477
fpca256_30,outer_fold,24,13,0.0007228087896732101,0.9606531930720209
fpca256_30,outer_fold,24,14,0.0007045584607842162,0.9613577515328051
fpca256_30,outer_fold,24,15,0.0006808738861277695,0.9620386254189329
fpca256_30,outer_fold,24,16,0.0006682547417927555,0.9627068801607257
fpca256_30,outer_fold,24,17,0.0006649705513955274,0.9633718507121213
fpca256_30,outer_fold,24,18,0.0006425571970045884,0.9640144079091258
fpca256_30,outer_fold,24,19,0.0006215119466164502,0.9646359198557423
fpca256_30,outer_fold,24,20,0.0006087728813929099,0.9652446927371352
fpca256_30,outer_fold,24,21,0.0005972116688903273,0.9658419044060256
fpca256_30,outer_fold,24,22,0.0005853620970327036,0.9664272665030583
fpca256_30,outer_fold,24,23,0.0005804936706372009,0.9670077601736955
fpca256_30,outer_fold,24,24,0.0005686970175034598,0.967576457191199
fpca256_30,outer_fold,24,25,0.0005620921727153549,0.9681385493639143
fpca256_30,outer_fold,24,26,0.0005472496060268586,0.9686857989699411
fpca256_30,outer_fold,24,27,0.0005390112840810958,0.9692248102540222
fpca256_30,outer_fold,24,28,0.0005249121082397939,0.969749722362262
fpca256_30,outer_fold,24,29,0.00050074617300678,0.9702504685352688
fpca256_30,outer_fold,24,30,0.0004958258124522118,0.970746294347721
fpca256_30,outer_fold,25,1,0.6040469879767318,0.6040469879767318
fpca256_30,outer_fold,25,2,0.28280753001865405,0.886854517995386
fpca256_30,outer_fold,25,3,0.03677338464002031,0.9236279026354063
fpca256_30,outer_fold,25,4,0.018427467448662378,0.9420553700840687
fpca256_30,outer_fold,25,5,0.004943327981851778,0.9469986980659205
fpca256_30,outer_fold,25,6,0.0017349599468758214,0.9487336580127963
fpca256_30,outer_fold,25,7,0.0012544758387137732,0.94998813385151
fpca256_30,outer_fold,25,8,0.001068174906661044,0.951056308758171
fpca256_30,outer_fold,25,9,0.0010135988477586405,0.9520699076059297
fpca256_30,outer_fold,25,10,0.0008801451857434419,0.9529500527916731
fpca256_30,outer_fold,25,11,0.0008694282095009056,0.953819481001174
fpca256_30,outer_fold,25,12,0.0008267835853057427,0.9546462645864797
fpca256_30,outer_fold,25,13,0.0008189530589229393,0.9554652176454027
fpca256_30,outer_fold,25,14,0.0008024958564380127,0.9562677135018407
fpca256_30,outer_fold,25,15,0.0007798121392499834,0.9570475256410906
fpca256_30,outer_fold,25,16,0.0007432131398695974,0.9577907387809602
fpca256_30,outer_fold,25,17,0.0007301960729178073,0.958520934853878
fpca256_30,outer_fold,25,18,0.0007071417808183957,0.9592280766346964
fpca256_30,outer_fold,25,19,0.0006814522912205078,0.959909528925917
fpca256_30,outer_fold,25,20,0.000672095088553004,0.96058162401447
fpca256_30,outer_fold,25,21,0.0006626220876312759,0.9612442461021012
fpca256_30,outer_fold,25,22,0.0006490912763195849,0.9618933373784209
fpca256_30,outer_fold,25,23,0.000638606044693634,0.9625319434231145
fpca256_30,outer_fold,25,24,0.0006231065706943671,0.963155049993809
fpca256_30,outer_fold,25,25,0.0006016934124773154,0.9637567434062863
fpca256_30,outer_fold,25,26,0.0005932730628869311,0.9643500164691732
fpca256_30,outer_fold,25,27,0.000580081189898315,0.9649300976590715
fpca256_30,outer_fold,25,28,0.0005787944105036224,0.965508892069575
fpca256_30,outer_fold,25,29,0.0005609888550283228,0.9660698809246033
fpca256_30,outer_fold,25,30,0.0005507209840875092,0.9666206019086908
fpca256_30,outer_fold,26,1,0.6442350985823535,0.6442350985823535
fpca256_30,outer_fold,26,2,0.2512135742258948,0.8954486728082482
fpca256_30,outer_fold,26,3,0.03452793541269954,0.9299766082209477
fpca256_30,outer_fold,26,4,0.01755173285543146,0.9475283410763792
fpca256_30,outer_fold,26,5,0.004563735557196567,0.9520920766335758
fpca256_30,outer_fold,26,6,0.00165725374893268,0.9537493303825084
fpca256_30,outer_fold,26,7,0.0012540636442424458,0.9550033940267508
fpca256_30,outer_fold,26,8,0.0010033561806420282,0.9560067502073929
fpca256_30,outer_fold,26,9,0.0009004344842399565,0.9569071846916328
fpca256_30,outer_fold,26,10,0.0008624855090301059,0.957769670200663
fpca256_30,outer_fold,26,11,0.0007811071132055108,0.9585507773138685
fpca256_30,outer_fold,26,12,0.0007568088395359838,0.9593075861534045
fpca256_30,outer_fold,26,13,0.0007445763082061202,0.9600521624616106
fpca256_30,outer_fold,26,14,0.0007183224377842283,0.9607704848993949
fpca256_30,outer_fold,26,15,0.0007005729933259373,0.9614710578927208
fpca256_30,outer_fold,26,16,0.0006881757327210351,0.9621592336254419
fpca256_30,outer_fold,26,17,0.0006554638949690474,0.9628146975204109
fpca256_30,outer_fold,26,18,0.0006511993895074052,0.9634658969099184
fpca256_30,outer_fold,26,19,0.0006146800566591621,0.9640805769665776
fpca256_30,outer_fold,26,20,0.0006020732303808313,0.9646826501969584
fpca256_30,outer_fold,26,21,0.0005948710294467883,0.9652775212264052
fpca256_30,outer_fold,26,22,0.0005936252940405843,0.9658711465204458
fpca256_30,outer_fold,26,23,0.0005833791196917685,0.9664545256401376
fpca256_30,outer_fold,26,24,0.0005647797738483522,0.967019305413986
fpca256_30,outer_fold,26,25,0.0005606149843746133,0.9675799203983606
fpca256_30,outer_fold,26,26,0.0005480344800027299,0.9681279548783633
fpca256_30,outer_fold,26,27,0.000534947577205613,0.968662902455569
fpca256_30,outer_fold,26,28,0.0005232186687025239,0.9691861211242715
fpca256_30,outer_fold,26,29,0.0005016858664662111,0.9696878069907378
fpca256_30,outer_fold,26,30,0.0004985429741170763,0.9701863499648549
fpca256_30,outer_fold,27,1,0.6222560665252355,0.6222560665252355
fpca256_30,outer_fold,27,2,0.2597378922316685,0.8819939587569039
fpca256_30,outer_fold,27,3,0.04223133770748874,0.9242252964643927
fpca256_30,outer_fold,27,4,0.019289536227334102,0.9435148326917268
fpca256_30,outer_fold,27,5,0.0047605372711772365,0.948275369962904
fpca256_30,outer_fold,27,6,0.0017388674623029705,0.950014237425207
fpca256_30,outer_fold,27,7,0.0013905152391456533,0.9514047526643526
fpca256_30,outer_fold,27,8,0.0010999340231198375,0.9525046866874725
fpca256_30,outer_fold,27,9,0.0009911958626055394,0.953495882550078
fpca256_30,outer_fold,27,10,0.0009313439537887447,0.9544272265038668
fpca256_30,outer_fold,27,11,0.0008329937984138426,0.9552602203022806
fpca256_30,outer_fold,27,12,0.0008150886061969509,0.9560753089084776
fpca256_30,outer_fold,27,13,0.0007883149121060615,0.9568636238205837
fpca256_30,outer_fold,27,14,0.000777275651359468,0.9576408994719431
fpca256_30,outer_fold,27,15,0.0007656047563135495,0.9584065042282567
fpca256_30,outer_fold,27,16,0.0007512615728117447,0.9591577658010684
fpca256_30,outer_fold,27,17,0.0007219186346663306,0.9598796844357347
fpca256_30,outer_fold,27,18,0.0007110712265078052,0.9605907556622425
fpca256_30,outer_fold,27,19,0.0006922938503937612,0.9612830495126362
fpca256_30,outer_fold,27,20,0.0006906675508541543,0.9619737170634903
fpca256_30,outer_fold,27,21,0.0006788434548988673,0.9626525605183892
fpca256_30,outer_fold,27,22,0.0006613671828051214,0.9633139277011943
fpca256_30,outer_fold,27,23,0.0006480492900034212,0.9639619769911977
fpca256_30,outer_fold,27,24,0.0006243949510267258,0.9645863719422244
fpca256_30,outer_fold,27,25,0.0006070235869428916,0.9651933955291673
fpca256_30,outer_fold,27,26,0.0005846377175345894,0.9657780332467019
fpca256_30,outer_fold,27,27,0.0005763720025039498,0.9663544052492058
fpca256_30,outer_fold,27,28,0.0005624144085939878,0.9669168196577997
fpca256_30,outer_fold,27,29,0.0005606284377739267,0.9674774480955737
fpca256_30,outer_fold,27,30,0.0005520636317456791,0.9680295117273193
fpca256_30,outer_fold,28,1,0.6365096336447504,0.6365096336447504
fpca256_30,outer_fold,28,2,0.26206415515274223,0.8985737887974927
fpca256_30,outer_fold,28,3,0.03242298431896723,0.9309967731164599
fpca256_30,outer_fold,28,4,0.01672109181531098,0.9477178649317709
fpca256_30,outer_fold,28,5,0.0043477775514478775,0.9520656424832188
fpca256_30,outer_fold,28,6,0.001584960761112595,0.9536506032443314
fpca256_30,outer_fold,28,7,0.0011866589852651715,0.9548372622295965
fpca256_30,outer_fold,28,8,0.0009452222487641837,0.9557824844783607
fpca256_30,outer_fold,28,9,0.00088637721221182,0.9566688616905725
fpca256_30,outer_fold,28,10,0.0008471670060554604,0.957516028696628
fpca256_30,outer_fold,28,11,0.0007937501462704751,0.9583097788428985
fpca256_30,outer_fold,28,12,0.000771625879756234,0.9590814047226547
fpca256_30,outer_fold,28,13,0.0007458859622042979,0.959827290684859
fpca256_30,outer_fold,28,14,0.0007227457461073833,0.9605500364309664
fpca256_30,outer_fold,28,15,0.000697677238806556,0.9612477136697729
fpca256_30,outer_fold,28,16,0.000689797941176036,0.961937511610949
fpca256_30,outer_fold,28,17,0.0006773299912778835,0.9626148416022269
fpca256_30,outer_fold,28,18,0.0006533415535362582,0.9632681831557631
fpca256_30,outer_fold,28,19,0.0006370363066065252,0.9639052194623696
fpca256_30,outer_fold,28,20,0.0006108935223373465,0.964516112984707
fpca256_30,outer_fold,28,21,0.0005981282077481032,0.965114241192455
fpca256_30,outer_fold,28,22,0.0005877376780708672,0.9657019788705259
fpca256_30,outer_fold,28,23,0.0005810210045443608,0.9662829998750703
fpca256_30,outer_fold,28,24,0.0005685938183440156,0.9668515936934143
fpca256_30,outer_fold,28,25,0.0005595856666838305,0.9674111793600981
fpca256_30,outer_fold,28,26,0.0005398231178636927,0.9679510024779618
fpca256_30,outer_fold,28,27,0.0005315805666575404,0.9684825830446194
fpca256_30,outer_fold,28,28,0.0005256062993632647,0.9690081893439827
fpca256_30,outer_fold,28,29,0.000524031665753567,0.9695322210097362
fpca256_30,outer_fold,28,30,0.0004917378551473589,0.9700239588648836
fpca256_30,outer_fold,29,1,0.6268643884218884,0.6268643884218884
fpca256_30,outer_fold,29,2,0.271082546657226,0.8979469350791144
fpca256_30,outer_fold,29,3,0.0333384658573542,0.9312854009364686
fpca256_30,outer_fold,29,4,0.017124995470594064,0.9484103964070627
fpca256_30,outer_fold,29,5,0.004283207814580101,0.9526936042216428
fpca256_30,outer_fold,29,6,0.0016237460107604682,0.9543173502324033
fpca256_30,outer_fold,29,7,0.0012735280112947031,0.9555908782436979
fpca256_30,outer_fold,29,8,0.0010275003918618934,0.9566183786355599
fpca256_30,outer_fold,29,9,0.0009013687883252204,0.9575197474238851
fpca256_30,outer_fold,29,10,0.0008489948221260664,0.9583687422460112
fpca256_30,outer_fold,29,11,0.0007934300853734896,0.9591621723313847
fpca256_30,outer_fold,29,12,0.0007634201474645848,0.9599255924788492
fpca256_30,outer_fold,29,13,0.0007514733968455957,0.9606770658756948
fpca256_30,outer_fold,29,14,0.0007417186970944214,0.9614187845727892
fpca256_30,outer_fold,29,15,0.0006863432316817403,0.9621051278044709
fpca256_30,outer_fold,29,16,0.0006643088728322413,0.9627694366773031
fpca256_30,outer_fold,29,17,0.0006570718337734075,0.9634265085110765
fpca256_30,outer_fold,29,18,0.0006425129934521956,0.9640690215045287
fpca256_30,outer_fold,29,19,0.0006241257644991889,0.9646931472690279
fpca256_30,outer_fold,29,20,0.0006080539042883499,0.9653012011733162
fpca256_30,outer_fold,29,21,0.0006033002240235241,0.9659045013973397
fpca256_30,outer_fold,29,22,0.0005807899473796775,0.9664852913447194
fpca256_30,outer_fold,29,23,0.0005633135884813787,0.9670486049332008
fpca256_30,outer_fold,29,24,0.0005596853416422909,0.9676082902748431
fpca256_30,outer_fold,29,25,0.0005497396141074221,0.9681580298889505
fpca256_30,outer_fold,29,26,0.0005365927847706137,0.9686946226737211
fpca256_30,outer_fold,29,27,0.0005295464013780781,0.9692241690750991
fpca256_30,outer_fold,29,28,0.0005122837393118329,0.9697364528144109
fpca256_30,outer_fold,29,29,0.0005019898490633623,0.9702384426634743
fpca256_30,outer_fold,29,30,0.00049378406789663,0.9707322267313709
fpca256_30,outer_fold,30,1,0.6263637738873737,0.6263637738873737
fpca256_30,outer_fold,30,2,0.26289996820231487,0.8892637420896886
fpca256_30,outer_fold,30,3,0.03617878271418517,0.9254425248038738
fpca256_30,outer_fold,30,4,0.019921820898649346,0.9453643457025231
fpca256_30,outer_fold,30,5,0.004610064914124937,0.9499744106166481
fpca256_30,outer_fold,30,6,0.0018384021598210917,0.9518128127764692
fpca256_30,outer_fold,30,7,0.0012670199086285488,0.9530798326850978
fpca256_30,outer_fold,30,8,0.001087062394869635,0.9541668950799674
fpca256_30,outer_fold,30,9,0.0009687494962809576,0.9551356445762484
fpca256_30,outer_fold,30,10,0.000898038169845608,0.956033682746094
fpca256_30,outer_fold,30,11,0.0008013590041774108,0.9568350417502715
fpca256_30,outer_fold,30,12,0.0007820929982798966,0.9576171347485514
fpca256_30,outer_fold,30,13,0.0007579344449042641,0.9583750691934556
fpca256_30,outer_fold,30,14,0.0007529237417739753,0.9591279929352295
fpca256_30,outer_fold,30,15,0.000728295997020218,0.9598562889322497
fpca256_30,outer_fold,30,16,0.0007170282705715542,0.9605733172028212
fpca256_30,outer_fold,30,17,0.0006879002359848323,0.9612612174388061
fpca256_30,outer_fold,30,18,0.0006744711810205467,0.9619356886198267
fpca256_30,outer_fold,30,19,0.0006593222224410507,0.9625950108422677
fpca256_30,outer_fold,30,20,0.0006508188574756057,0.9632458296997434
fpca256_30,outer_fold,30,21,0.0006373687126018475,0.9638831984123453
fpca256_30,outer_fold,30,22,0.0006124727715878159,0.9644956711839331
fpca256_30,outer_fold,30,23,0.0005924586877301809,0.9650881298716633
fpca256_30,outer_fold,30,24,0.0005758366729294711,0.9656639665445927
fpca256_30,outer_fold,30,25,0.0005648244068889073,0.9662287909514816
fpca256_30,outer_fold,30,26,0.0005547872978368797,0.9667835782493185
fpca256_30,outer_fold,30,27,0.0005403983308403303,0.9673239765801588
fpca256_30,outer_fold,30,28,0.000537465077483737,0.9678614416576425
fpca256_30,outer_fold,30,29,0.0005224470649828903,0.9683838887226255
fpca256_30,outer_fold,30,30,0.0005193049663002596,0.9689031936889257
fpca256_30,outer_fold,31,1,0.6271313800164047,0.6271313800164047
fpca256_30,outer_fold,31,2,0.2666356961288274,0.8937670761452321
fpca256_30,outer_fold,31,3,0.036126350484880915,0.929893426630113
fpca256_30,outer_fold,31,4,0.016722323374836007,0.946615750004949
fpca256_30,outer_fold,31,5,0.004444611984486089,0.9510603619894351
fpca256_30,outer_fold,31,6,0.0016497297765498075,0.9527100917659849
fpca256_30,outer_fold,31,7,0.001215202210015084,0.9539252939759999
fpca256_30,outer_fold,31,8,0.000933858802876931,0.9548591527788768
fpca256_30,outer_fold,31,9,0.0009210861292961283,0.9557802389081729
fpca256_30,outer_fold,31,10,0.0008692583436954783,0.9566494972518683
fpca256_30,outer_fold,31,11,0.0008142088017379132,0.9574637060536062
fpca256_30,outer_fold,31,12,0.0007740092937074723,0.9582377153473137
fpca256_30,outer_fold,31,13,0.0007527638601130508,0.9589904792074267
fpca256_30,outer_fold,31,14,0.0007234419496944649,0.9597139211571212
fpca256_30,outer_fold,31,15,0.0007181504516859168,0.9604320716088071
fpca256_30,outer_fold,31,16,0.0006962311896099436,0.961128302798417
fpca256_30,outer_fold,31,17,0.0006652780676659993,0.961793580866083
fpca256_30,outer_fold,31,18,0.0006550719548821376,0.9624486528209651
fpca256_30,outer_fold,31,19,0.0006387941622406473,0.9630874469832058
fpca256_30,outer_fold,31,20,0.000625562874109299,0.9637130098573151
fpca256_30,outer_fold,31,21,0.000609406195206027,0.9643224160525211
fpca256_30,outer_fold,31,22,0.0006023785930956801,0.9649247946456168
fpca256_30,outer_fold,31,23,0.000591271253943903,0.9655160658995606
fpca256_30,outer_fold,31,24,0.0005693024405061119,0.9660853683400668
fpca256_30,outer_fold,31,25,0.0005660649895405416,0.9666514333296073
fpca256_30,outer_fold,31,26,0.0005587136418197057,0.967210146971427
fpca256_30,outer_fold,31,27,0.0005416265438824881,0.9677517735153095
fpca256_30,outer_fold,31,28,0.0005365912769146183,0.9682883647922241
fpca256_30,outer_fold,31,29,0.0005297160556508612,0.968818080847875
fpca256_30,outer_fold,31,30,0.0005137900621468627,0.9693318709100219
fpca256_30,outer_fold,32,1,0.5972761255405402,0.5972761255405402
fpca256_30,outer_fold,32,2,0.289548396678384,0.8868245222189242
fpca256_30,outer_fold,32,3,0.03615374179021436,0.9229782640091385
fpca256_30,outer_fold,32,4,0.01896056781434565,0.9419388318234841
fpca256_30,outer_fold,32,5,0.005012118947568054,0.9469509507710522
fpca256_30,outer_fold,32,6,0.001811317561344757,0.948762268332397
fpca256_30,outer_fold,32,7,0.0012915293495094305,0.9500537976819063
fpca256_30,outer_fold,32,8,0.0011219110098554521,0.9511757086917618
fpca256_30,outer_fold,32,9,0.0009750062644494315,0.9521507149562113
fpca256_30,outer_fold,32,10,0.0009087895385479969,0.9530595044947593
fpca256_30,outer_fold,32,11,0.0008704680849247379,0.953929972579684
fpca256_30,outer_fold,32,12,0.0008431440246883575,0.9547731166043724
fpca256_30,outer_fold,32,13,0.0008097435847852445,0.9555828601891576
fpca256_30,outer_fold,32,14,0.0007983295482807468,0.9563811897374384
fpca256_30,outer_fold,32,15,0.0007707987243719251,0.9571519884618103
fpca256_30,outer_fold,32,16,0.0007564102751948808,0.9579083987370052
fpca256_30,outer_fold,32,17,0.0007313555329942727,0.9586397542699995
fpca256_30,outer_fold,32,18,0.0007167238013375696,0.9593564780713371
fpca256_30,outer_fold,32,19,0.0007032745481993855,0.9600597526195365
fpca256_30,outer_fold,32,20,0.0006841009174147746,0.9607438535369512
fpca256_30,outer_fold,32,21,0.000675680792953087,0.9614195343299043
fpca256_30,outer_fold,32,22,0.0006614987452451741,0.9620810330751495
fpca256_30,outer_fold,32,23,0.0006428879315684131,0.9627239210067179
fpca256_30,outer_fold,32,24,0.0006355786047619371,0.9633594996114798
fpca256_30,outer_fold,32,25,0.0006216596312395072,0.9639811592427193
fpca256_30,outer_fold,32,26,0.0006064595442483753,0.9645876187869677
fpca256_30,outer_fold,32,27,0.0005930575995756354,0.9651806763865434
fpca256_30,outer_fold,32,28,0.0005872732546765245,0.9657679496412199
fpca256_30,outer_fold,32,29,0.0005696758336685245,0.9663376254748884
fpca256_30,outer_fold,32,30,0.0005580899386376347,0.966895715413526
fpca256_30,outer_fold,33,1,0.6215028618979435,0.6215028618979435
fpca256_30,outer_fold,33,2,0.27406594756217906,0.8955688094601225
fpca256_30,outer_fold,33,3,0.035351534161957486,0.93092034362208
fpca256_30,outer_fold,33,4,0.017549314902997406,0.9484696585250774
fpca256_30,outer_fold,33,5,0.0043739033726920675,0.9528435618977694
fpca256_30,outer_fold,33,6,0.001633635630120954,0.9544771975278904
fpca256_30,outer_fold,33,7,0.0012792968161580377,0.9557564943440484
fpca256_30,outer_fold,33,8,0.000978645557290554,0.956735139901339
fpca256_30,outer_fold,33,9,0.0008716450177128799,0.9576067849190518
fpca256_30,outer_fold,33,10,0.0008319683175930864,0.958438753236645
fpca256_30,outer_fold,33,11,0.0007790340416662233,0.9592177872783112
fpca256_30,outer_fold,33,12,0.0007555348488680394,0.9599733221271792
fpca256_30,outer_fold,33,13,0.0007324789508774951,0.9607058010780567
fpca256_30,outer_fold,33,14,0.0007064162620513549,0.9614122173401081
fpca256_30,outer_fold,33,15,0.0006998071460198004,0.9621120244861279
fpca256_30,outer_fold,33,16,0.00068511235147326,0.9627971368376012
fpca256_30,outer_fold,33,17,0.0006753109384306431,0.9634724477760318
fpca256_30,outer_fold,33,18,0.0006513860730768694,0.9641238338491087
fpca256_30,outer_fold,33,19,0.0006310947883795406,0.9647549286374882
fpca256_30,outer_fold,33,20,0.0006078493314985309,0.9653627779689867
fpca256_30,outer_fold,33,21,0.00059801433734044,0.9659607923063271
fpca256_30,outer_fold,33,22,0.0005929905090493105,0.9665537828153764
fpca256_30,outer_fold,33,23,0.0005861279396624928,0.9671399107550389
fpca256_30,outer_fold,33,24,0.0005782608931954577,0.9677181716482344
fpca256_30,outer_fold,33,25,0.0005526987623866003,0.968270870410621
fpca256_30,outer_fold,33,26,0.0005316833087575804,0.9688025537193786
fpca256_30,outer_fold,33,27,0.000523664475436319,0.9693262181948149
fpca256_30,outer_fold,33,28,0.000516885600923928,0.9698431037957388
fpca256_30,outer_fold,33,29,0.0005030863298448278,0.9703461901255837
fpca256_30,outer_fold,33,30,0.0004970203919889075,0.9708432105175726
fpca256_30,outer_fold,34,1,0.6607383838426787,0.6607383838426787
fpca256_30,outer_fold,34,2,0.2360620501899331,0.8968004340326118
fpca256_30,outer_fold,34,3,0.034073364354189214,0.930873798386801
fpca256_30,outer_fold,34,4,0.016598419516554046,0.947472217903355
fpca256_30,outer_fold,34,5,0.0043825184539902475,0.9518547363573453
fpca256_30,outer_fold,34,6,0.0014679196571364447,0.9533226560144817
fpca256_30,outer_fold,34,7,0.001237512284159515,0.9545601682986412
fpca256_30,outer_fold,34,8,0.0009889260458021737,0.9555490943444434
fpca256_30,outer_fold,34,9,0.0009115214445081262,0.9564606157889515
fpca256_30,outer_fold,34,10,0.0008852708995405563,0.9573458866884921
fpca256_30,outer_fold,34,11,0.0008110788612528957,0.9581569655497449
fpca256_30,outer_fold,34,12,0.0007722630593265878,0.9589292286090715
fpca256_30,outer_fold,34,13,0.000748603573145939,0.9596778321822175
fpca256_30,outer_fold,34,14,0.0007425009179228493,0.9604203331001403
fpca256_30,outer_fold,34,15,0.0007140580501883751,0.9611343911503287
fpca256_30,outer_fold,34,16,0.0006947693136539032,0.9618291604639826
fpca256_30,outer_fold,34,17,0.0006802815046796245,0.9625094419686622
fpca256_30,outer_fold,34,18,0.0006556679961395776,0.9631651099648018
fpca256_30,outer_fold,34,19,0.0006464227512112381,0.9638115327160129
fpca256_30,outer_fold,34,20,0.0006313858959940717,0.964442918612007
fpca256_30,outer_fold,34,21,0.0006083493476541076,0.9650512679596611
fpca256_30,outer_fold,34,22,0.0005929843760148148,0.965644252335676
fpca256_30,outer_fold,34,23,0.0005727906303734815,0.9662170429660495
fpca256_30,outer_fold,34,24,0.0005656507584755493,0.9667826937245251
fpca256_30,outer_fold,34,25,0.0005596696822627925,0.9673423634067879
fpca256_30,outer_fold,34,26,0.0005589784175913822,0.9679013418243793
fpca256_30,outer_fold,34,27,0.0005367010668288736,0.9684380428912082
fpca256_30,outer_fold,34,28,0.0005122646546981705,0.9689503075459064
fpca256_30,outer_fold,34,29,0.0005109899668082347,0.9694612975127146
fpca256_30,outer_fold,34,30,0.0005091145767252312,0.9699704120894398
fpca256_30,outer_fold,35,1,0.6054220716987311,0.6054220716987311
fpca256_30,outer_fold,35,2,0.28555539283091613,0.8909774645296472
fpca256_30,outer_fold,35,3,0.036499616885366265,0.9274770814150135
fpca256_30,outer_fold,35,4,0.018921832441636335,0.9463989138566499
fpca256_30,outer_fold,35,5,0.004547586556730554,0.9509465004133805
fpca256_30,outer_fold,35,6,0.0017949071492049447,0.9527414075625854
fpca256_30,outer_fold,35,7,0.0012984435063928283,0.9540398510689783
fpca256_30,outer_fold,35,8,0.0010221586765113717,0.9550620097454896
fpca256_30,outer_fold,35,9,0.0008933393251506218,0.9559553490706403
fpca256_30,outer_fold,35,10,0.0008691237181082078,0.9568244727887485
fpca256_30,outer_fold,35,11,0.0008347334214747014,0.9576592062102232
fpca256_30,outer_fold,35,12,0.0007811587711113153,0.9584403649813344
fpca256_30,outer_fold,35,13,0.0007720242595587221,0.9592123892408931
fpca256_30,outer_fold,35,14,0.0007391640331217352,0.9599515532740148
fpca256_30,outer_fold,35,15,0.0007321207650193413,0.9606836740390342
fpca256_30,outer_fold,35,16,0.0007077504483828449,0.9613914244874171
fpca256_30,outer_fold,35,17,0.0007058138582144647,0.9620972383456315
fpca256_30,outer_fold,35,18,0.000676483591187382,0.9627737219368189
fpca256_30,outer_fold,35,19,0.0006493108509093235,0.9634230327877282
fpca256_30,outer_fold,35,20,0.000639304222965935,0.9640623370106942
fpca256_30,outer_fold,35,21,0.0006239008136536251,0.9646862378243478
fpca256_30,outer_fold,35,22,0.000610786670242426,0.9652970244945902
fpca256_30,outer_fold,35,23,0.000605536141606085,0.9659025606361963
fpca256_30,outer_fold,35,24,0.0005926677239730729,0.9664952283601693
fpca256_30,outer_fold,35,25,0.0005812920883785939,0.967076520448548
fpca256_30,outer_fold,35,26,0.0005658931487557135,0.9676424135973036
fpca256_30,outer_fold,35,27,0.0005386582146142395,0.9681810718119178
fpca256_30,outer_fold,35,28,0.0005229905803016446,0.9687040623922195
fpca256_30,outer_fold,35,29,0.0005200791348763616,0.9692241415270959
fpca256_30,outer_fold,35,30,0.000505582061592361,0.9697297235886883
fpca256_30,outer_fold,36,1,0.6456364754729175,0.6456364754729175
fpca256_30,outer_fold,36,2,0.2530844131758745,0.898720888648792
fpca256_30,outer_fold,36,3,0.033597782665497185,0.9323186713142891
fpca256_30,outer_fold,36,4,0.017089462200245382,0.9494081335145346
fpca256_30,outer_fold,36,5,0.004355735102588078,0.9537638686171227
fpca256_30,outer_fold,36,6,0.0016796411007828842,0.9554435097179056
fpca256_30,outer_fold,36,7,0.001249634124249977,0.9566931438421555
fpca256_30,outer_fold,36,8,0.0009236886700221364,0.9576168325121777
fpca256_30,outer_fold,36,9,0.0008659224644454621,0.9584827549766232
fpca256_30,outer_fold,36,10,0.0008176500597389852,0.9593004050363622
fpca256_30,outer_fold,36,11,0.0007448793962992286,0.9600452844326613
fpca256_30,outer_fold,36,12,0.0007378751938981773,0.9607831596265596
fpca256_30,outer_fold,36,13,0.0007016485953246913,0.9614848082218843
fpca256_30,outer_fold,36,14,0.0006981829020525699,0.9621829911239369
fpca256_30,outer_fold,36,15,0.000686324676504127,0.962869315800441
fpca256_30,outer_fold,36,16,0.0006533099526141694,0.9635226257530551
fpca256_30,outer_fold,36,17,0.0006312995984293723,0.9641539253514845
fpca256_30,outer_fold,36,18,0.0006254780608525772,0.964779403412337
fpca256_30,outer_fold,36,19,0.0006141016632899444,0.9653935050756269
fpca256_30,outer_fold,36,20,0.000602245663462974,0.9659957507390899
fpca256_30,outer_fold,36,21,0.0005810012963810766,0.966576752035471
fpca256_30,outer_fold,36,22,0.0005724185760335077,0.9671491706115045
fpca256_30,outer_fold,36,23,0.0005603094363352317,0.9677094800478397
fpca256_30,outer_fold,36,24,0.0005496849542036469,0.9682591650020433
fpca256_30,outer_fold,36,25,0.0005355549966796388,0.968794719998723
fpca256_30,outer_fold,36,26,0.00051423383163336,0.9693089538303564
fpca256_30,outer_fold,36,27,0.0005090778769986057,0.969818031707355
fpca256_30,outer_fold,36,28,0.0004973963837812066,0.9703154280911362
fpca256_30,outer_fold,36,29,0.0004929674853971171,0.9708083955765333
fpca256_30,outer_fold,36,30,0.0004828411822987844,0.9712912367588321
fpca256_30,outer_fold,37,1,0.608377414000323,0.608377414000323
fpca256_30,outer_fold,37,2,0.28214155006396147,0.8905189640642844
fpca256_30,outer_fold,37,3,0.036505716921917855,0.9270246809862023
fpca256_30,outer_fold,37,4,0.01815310843930744,0.9451777894255097
fpca256_30,outer_fold,37,5,0.004595092091823336,0.949772881517333
fpca256_30,outer_fold,37,6,0.001596969840790828,0.9513698513581238
fpca256_30,outer_fold,37,7,0.0013361554543519954,0.9527060068124757
fpca256_30,outer_fold,37,8,0.0010326392706421978,0.953738646083118
fpca256_30,outer_fold,37,9,0.0009810293134449317,0.9547196753965629
fpca256_30,outer_fold,37,10,0.0008810049056495786,0.9556006803022125
fpca256_30,outer_fold,37,11,0.0008250909519364638,0.956425771254149
fpca256_30,outer_fold,37,12,0.000791633158124835,0.9572174044122738
fpca256_30,outer_fold,37,13,0.0007734809855798646,0.9579908853978536
fpca256_30,outer_fold,37,14,0.0007556404098239073,0.9587465258076775
fpca256_30,outer_fold,37,15,0.0007385894002499796,0.9594851152079275
fpca256_30,outer_fold,37,16,0.0007225499226009238,0.9602076651305284
fpca256_30,outer_fold,37,17,0.0007037996342485815,0.960911464764777
fpca256_30,outer_fold,37,18,0.0006958354365533387,0.9616073002013303
fpca256_30,outer_fold,37,19,0.0006437878830793394,0.9622510880844097
fpca256_30,outer_fold,37,20,0.0006402930627963126,0.9628913811472061
fpca256_30,outer_fold,37,21,0.000622528106053267,0.9635139092532593
fpca256_30,outer_fold,37,22,0.0006121336610661907,0.9641260429143255
fpca256_30,outer_fold,37,23,0.0006059492171809341,0.9647319921315064
fpca256_30,outer_fold,37,24,0.0005969288762190228,0.9653289210077254
fpca256_30,outer_fold,37,25,0.0005827132677312026,0.9659116342754566
fpca256_30,outer_fold,37,26,0.0005754493494741342,0.9664870836249307
fpca256_30,outer_fold,37,27,0.0005572641430568456,0.9670443477679875
fpca256_30,outer_fold,37,28,0.0005421249569332735,0.9675864727249208
fpca256_30,outer_fold,37,29,0.0005306693420840117,0.9681171420670048
fpca256_30,outer_fold,37,30,0.0005257893416176822,0.9686429314086226
fpca256_30,outer_fold,38,1,0.6282651286788609,0.6282651286788609
fpca256_30,outer_fold,38,2,0.26059165084507063,0.8888567795239315
fpca256_30,outer_fold,38,3,0.03576161581868035,0.9246183953426118
fpca256_30,outer_fold,38,4,0.018800221481173447,0.9434186168237852
fpca256_30,outer_fold,38,5,0.004855745769491745,0.948274362593277
fpca256_30,outer_fold,38,6,0.0017911359414312126,0.9500654985347082
fpca256_30,outer_fold,38,7,0.0011897218008126824,0.9512552203355209
fpca256_30,outer_fold,38,8,0.0010660494871615309,0.9523212698226824
fpca256_30,outer_fold,38,9,0.000957099483205852,0.9532783693058883
fpca256_30,outer_fold,38,10,0.0008813364134865435,0.9541597057193748
fpca256_30,outer_fold,38,11,0.0008616082011728285,0.9550213139205477
fpca256_30,outer_fold,38,12,0.0008286418316877838,0.9558499557522354
fpca256_30,outer_fold,38,13,0.0008093136424658295,0.9566592693947013
fpca256_30,outer_fold,38,14,0.00077968623334807,0.9574389556280494
fpca256_30,outer_fold,38,15,0.0007487259291661099,0.9581876815572155
fpca256_30,outer_fold,38,16,0.0007246598106656999,0.9589123413678812
fpca256_30,outer_fold,38,17,0.0006923677381715114,0.9596047091060527
fpca256_30,outer_fold,38,18,0.0006765672858454605,0.9602812763918981
fpca256_30,outer_fold,38,19,0.000666881004229852,0.9609481573961279
fpca256_30,outer_fold,38,20,0.0006639179558592595,0.9616120753519872
fpca256_30,outer_fold,38,21,0.0006451300165598799,0.9622572053685471
fpca256_30,outer_fold,38,22,0.0006379039948895554,0.9628951093634367
fpca256_30,outer_fold,38,23,0.0006220946461605139,0.9635172040095972
fpca256_30,outer_fold,38,24,0.0006168177845983337,0.9641340217941955
fpca256_30,outer_fold,38,25,0.0006020687111875457,0.964736090505383
fpca256_30,outer_fold,38,26,0.0005866328405831173,0.9653227233459661
fpca256_30,outer_fold,38,27,0.0005829021821656229,0.9659056255281318
fpca256_30,outer_fold,38,28,0.0005602627084573346,0.9664658882365891
fpca256_30,outer_fold,38,29,0.0005572401779415244,0.9670231284145306
fpca256_30,outer_fold,38,30,0.0005368641589658466,0.9675599925734965
fpca256_30,outer_fold,39,1,0.6491853792290155,0.6491853792290155
fpca256_30,outer_fold,39,2,0.243968202849098,0.8931535820781136
fpca256_30,outer_fold,39,3,0.03560921143631181,0.9287627935144254
fpca256_30,outer_fold,39,4,0.016984848822677173,0.9457476423371025
fpca256_30,outer_fold,39,5,0.00436050116172988,0.9501081434988324
fpca256_30,outer_fold,39,6,0.001534950663044767,0.9516430941618772
fpca256_30,outer_fold,39,7,0.0012682613278025012,0.9529113554896798
fpca256_30,outer_fold,39,8,0.0010613060334406115,0.9539726615231203
fpca256_30,outer_fold,39,9,0.0009543350923832252,0.9549269966155035
fpca256_30,outer_fold,39,10,0.0009220185604700757,0.9558490151759735
fpca256_30,outer_fold,39,11,0.0008270615617970177,0.9566760767377706
fpca256_30,outer_fold,39,12,0.0008063172578846326,0.9574823939956552
fpca256_30,outer_fold,39,13,0.0007618845300356276,0.9582442785256908
fpca256_30,outer_fold,39,14,0.0007474761093043346,0.9589917546349952
fpca256_30,outer_fold,39,15,0.0007408722625720863,0.9597326268975673
fpca256_30,outer_fold,39,16,0.000722124260050728,0.960454751157618
fpca256_30,outer_fold,39,17,0.0006951827285203822,0.9611499338861385
fpca256_30,outer_fold,39,18,0.0006707168586662719,0.9618206507448047
fpca256_30,outer_fold,39,19,0.0006580643640559522,0.9624787151088606
fpca256_30,outer_fold,39,20,0.0006400583624616778,0.9631187734713224
fpca256_30,outer_fold,39,21,0.0006211988217772574,0.9637399722930996
fpca256_30,outer_fold,39,22,0.000608792994137196,0.9643487652872368
fpca256_30,outer_fold,39,23,0.0006001337808129388,0.9649488990680497
fpca256_30,outer_fold,39,24,0.0005936733563686172,0.9655425724244183
fpca256_30,outer_fold,39,25,0.0005856587626113754,0.9661282311870297
fpca256_30,outer_fold,39,26,0.0005618729474468609,0.9666901041344765
fpca256_30,outer_fold,39,27,0.0005539361044568848,0.9672440402389334
fpca256_30,outer_fold,39,28,0.0005447964692068691,0.9677888367081403
fpca256_30,outer_fold,39,29,0.0005356627687508608,0.9683244994768911
fpca256_30,outer_fold,39,30,0.0005304349455010444,0.9688549344223922
fpca256_30,outer_fold,40,1,0.6450880069585276,0.6450880069585276
fpca256_30,outer_fold,40,2,0.24792882826593443,0.8930168352244621
fpca256_30,outer_fold,40,3,0.03549488494536588,0.928511720169828
fpca256_30,outer_fold,40,4,0.0177178454911494,0.9462295656609774
fpca256_30,outer_fold,40,5,0.004313301572744981,0.9505428672337224
fpca256_30,outer_fold,40,6,0.001634819949973997,0.9521776871836963
fpca256_30,outer_fold,40,7,0.0013228957321182698,0.9535005829158146
fpca256_30,outer_fold,40,8,0.0010269330390849886,0.9545275159548996
fpca256_30,outer_fold,40,9,0.0009397645059338818,0.9554672804608335
fpca256_30,outer_fold,40,10,0.0008784517156362572,0.9563457321764698
fpca256_30,outer_fold,40,11,0.0008255257220163445,0.9571712578984861
fpca256_30,outer_fold,40,12,0.0007785123113500022,0.9579497702098361
fpca256_30,outer_fold,40,13,0.0007758931832792768,0.9587256633931154
fpca256_30,outer_fold,40,14,0.0007590748521741289,0.9594847382452895
fpca256_30,outer_fold,40,15,0.0007382409452924731,0.960222979190582
fpca256_30,outer_fold,40,16,0.0007093108062087288,0.9609322899967907
fpca256_30,outer_fold,40,17,0.0006722071224555573,0.9616044971192462
fpca256_30,outer_fold,40,18,0.0006573394828249003,0.9622618366020711
fpca256_30,outer_fold,40,19,0.0006388559778998965,0.962900692579971
fpca256_30,outer_fold,40,20,0.0006220245092833457,0.9635227170892544
fpca256_30,outer_fold,40,21,0.0006099004390083412,0.9641326175282627
fpca256_30,outer_fold,40,22,0.0006078391484178415,0.9647404566766806
fpca256_30,outer_fold,40,23,0.0005991935332470836,0.9653396502099277
fpca256_30,outer_fold,40,24,0.0005946380083414516,0.9659342882182692
fpca256_30,outer_fold,40,25,0.0005756546263798081,0.966509942844649
fpca256_30,outer_fold,40,26,0.0005736749019234692,0.9670836177465725
fpca256_30,outer_fold,40,27,0.000557850141070142,0.9676414678876426
fpca256_30,outer_fold,40,28,0.0005429864825766825,0.9681844543702193
fpca256_30,outer_fold,40,29,0.0005283262266970427,0.9687127805969163
fpca256_30,outer_fold,40,30,0.0005166790355212583,0.9692294596324376
fpca256_30,outer_fold,41,1,0.629833973665995,0.629833973665995
fpca256_30,outer_fold,41,2,0.2549428422633983,0.8847768159293934
fpca256_30,outer_fold,41,3,0.038245751133502426,0.9230225670628958
fpca256_30,outer_fold,41,4,0.020005525209530133,0.9430280922724259
fpca256_30,outer_fold,41,5,0.004775457924878461,0.9478035501973043
fpca256_30,outer_fold,41,6,0.0017774538988174365,0.9495810040961218
fpca256_30,outer_fold,41,7,0.00136085196397111,0.9509418560600928
fpca256_30,outer_fold,41,8,0.0011101801995368858,0.9520520362596298
fpca256_30,outer_fold,41,9,0.0010057494659243321,0.9530577857255541
fpca256_30,outer_fold,41,10,0.0009296970087618292,0.9539874827343159
fpca256_30,outer_fold,41,11,0.0008720444255400406,0.9548595271598559
fpca256_30,outer_fold,41,12,0.0008292025539893249,0.9556887297138452
fpca256_30,outer_fold,41,13,0.0007998648467849226,0.9564885945606302
fpca256_30,outer_fold,41,14,0.0007818131632367887,0.957270407723867
fpca256_30,outer_fold,41,15,0.0007714241998065993,0.9580418319236735
fpca256_30,outer_fold,41,16,0.0007422914414994421,0.9587841233651729
fpca256_30,outer_fold,41,17,0.0007308535097863665,0.9595149768749593
fpca256_30,outer_fold,41,18,0.0007220498906294342,0.9602370267655888
fpca256_30,outer_fold,41,19,0.0007101486257042435,0.960947175391293
fpca256_30,outer_fold,41,20,0.0006696769835483239,0.9616168523748414
fpca256_30,outer_fold,41,21,0.0006463292228409627,0.9622631815976823
fpca256_30,outer_fold,41,22,0.000640066244265853,0.9629032478419481
fpca256_30,outer_fold,41,23,0.0006260268862030125,0.9635292747281512
fpca256_30,outer_fold,41,24,0.0006070903524496944,0.9641363650806009
fpca256_30,outer_fold,41,25,0.0005997262992964417,0.9647360913798972
fpca256_30,outer_fold,41,26,0.000598706012404156,0.9653347973923014
fpca256_30,outer_fold,41,27,0.0005870184378951322,0.9659218158301965
fpca256_30,outer_fold,41,28,0.000570749708335125,0.9664925655385317
fpca256_30,outer_fold,41,29,0.0005636246256485283,0.9670561901641802
fpca256_30,outer_fold,41,30,0.0005472724847340241,0.9676034626489143
fpca256_30,outer_fold,42,1,0.6400978746287354,0.6400978746287354
fpca256_30,outer_fold,42,2,0.2593755727893622,0.8994734474180975
fpca256_30,outer_fold,42,3,0.03319240305512388,0.9326658504732214
fpca256_30,outer_fold,42,4,0.015170471053433313,0.9478363215266546
fpca256_30,outer_fold,42,5,0.004429586669459706,0.9522659081961143
fpca256_30,outer_fold,42,6,0.001472348296611735,0.953738256492726
fpca256_30,outer_fold,42,7,0.0012129833016032256,0.9549512397943293
fpca256_30,outer_fold,42,8,0.0009902816417785168,0.9559415214361078
fpca256_30,outer_fold,42,9,0.0009075671285544239,0.9568490885646622
fpca256_30,outer_fold,42,10,0.000864077133356457,0.9577131656980187
fpca256_30,outer_fold,42,11,0.0007865932742942231,0.9584997589723129
fpca256_30,outer_fold,42,12,0.0007703836362828462,0.9592701426085958
fpca256_30,outer_fold,42,13,0.0007426020058345634,0.9600127446144303
fpca256_30,outer_fold,42,14,0.0007365001043267192,0.960749244718757
fpca256_30,outer_fold,42,15,0.0006883358885613925,0.9614375806073184
fpca256_30,outer_fold,42,16,0.0006787876381347171,0.9621163682454531
fpca256_30,outer_fold,42,17,0.0006691140852800195,0.9627854823307331
fpca256_30,outer_fold,42,18,0.0006381747597861234,0.9634236570905192
fpca256_30,outer_fold,42,19,0.0006348233462188003,0.964058480436738
fpca256_30,outer_fold,42,20,0.0006295946673752241,0.9646880751041133
fpca256_30,outer_fold,42,21,0.0005981365801841267,0.9652862116842974
fpca256_30,outer_fold,42,22,0.0005884304767184728,0.9658746421610159
fpca256_30,outer_fold,42,23,0.0005712496126209421,0.9664458917736368
fpca256_30,outer_fold,42,24,0.0005631488926885535,0.9670090406663254
fpca256_30,outer_fold,42,25,0.000552554965674575,0.967561595632
fpca256_30,outer_fold,42,26,0.0005437779174646872,0.9681053735494647
fpca256_30,outer_fold,42,27,0.0005357074025610105,0.9686410809520257
fpca256_30,outer_fold,42,28,0.0005216955256916861,0.9691627764777174
fpca256_30,outer_fold,42,29,0.0005051995139056055,0.969667975991623
fpca256_30,outer_fold,42,30,0.0005019538035919869,0.970169929795215
fpca256_30,outer_fold,43,1,0.6051345932697232,0.6051345932697232
fpca256_30,outer_fold,43,2,0.2860656196361237,0.891200212905847
fpca256_30,outer_fold,43,3,0.03465313985162199,0.9258533527574689
fpca256_30,outer_fold,43,4,0.018674150736696343,0.9445275034941653
fpca256_30,outer_fold,43,5,0.004511214950863821,0.9490387184450291
fpca256_30,outer_fold,43,6,0.0017151876051038947,0.950753906050133
fpca256_30,outer_fold,43,7,0.0012135256005331625,0.9519674316506661
fpca256_30,outer_fold,43,8,0.0010520902519754263,0.9530195219026415
fpca256_30,outer_fold,43,9,0.0009438969861249544,0.9539634188887665
fpca256_30,outer_fold,43,10,0.0008672122589072343,0.9548306311476736
fpca256_30,outer_fold,43,11,0.0008529046641141378,0.9556835358117878
fpca256_30,outer_fold,43,12,0.0008014831094209077,0.9564850189212086
fpca256_30,outer_fold,43,13,0.000780752326810837,0.9572657712480195
fpca256_30,outer_fold,43,14,0.000766398396996658,0.9580321696450161
fpca256_30,outer_fold,43,15,0.0007553593269586559,0.9587875289719748
fpca256_30,outer_fold,43,16,0.0007429808911846157,0.9595305098631595
fpca256_30,outer_fold,43,17,0.0007151790276298413,0.9602456888907893
fpca256_30,outer_fold,43,18,0.0006945977105615514,0.9609402866013509
fpca256_30,outer_fold,43,19,0.0006727692879219155,0.9616130558892728
fpca256_30,outer_fold,43,20,0.0006576955699559388,0.9622707514592288
fpca256_30,outer_fold,43,21,0.0006533567390893572,0.9629241081983182
fpca256_30,outer_fold,43,22,0.0006380258717195249,0.9635621340700378
fpca256_30,outer_fold,43,23,0.0006267003133335726,0.9641888343833713
fpca256_30,outer_fold,43,24,0.0006009706160856944,0.964789804999457
fpca256_30,outer_fold,43,25,0.0005863749691474326,0.9653761799686045
fpca256_30,outer_fold,43,26,0.0005805486843669722,0.9659567286529714
fpca256_30,outer_fold,43,27,0.000555538410294618,0.9665122670632661
fpca256_30,outer_fold,43,28,0.0005339308775888845,0.967046197940855
fpca256_30,outer_fold,43,29,0.0005295696136588165,0.9675757675545138
fpca256_30,outer_fold,43,30,0.000519089894480138,0.9680948574489939
fpca256_30,outer_fold,44,1,0.6170027063347431,0.6170027063347431
fpca256_30,outer_fold,44,2,0.27744242692364385,0.8944451332583869
fpca256_30,outer_fold,44,3,0.03572485020869155,0.9301699834670785
fpca256_30,outer_fold,44,4,0.018331836762597368,0.9485018202296759
fpca256_30,outer_fold,44,5,0.0046372714942275696,0.9531390917239034
fpca256_30,outer_fold,44,6,0.0018112305893922057,0.9549503223132957
fpca256_30,outer_fold,44,7,0.0012375784881310567,0.9561879008014268
fpca256_30,outer_fold,44,8,0.0009396347093263202,0.9571275355107531
fpca256_30,outer_fold,44,9,0.0009063679735037296,0.9580339034842569
fpca256_30,outer_fold,44,10,0.0008197549780703269,0.9588536584623272
fpca256_30,outer_fold,44,11,0.0007526563695604509,0.9596063148318876
fpca256_30,outer_fold,44,12,0.0007380721235797142,0.9603443869554673
fpca256_30,outer_fold,44,13,0.0007157037165815309,0.9610600906720489
fpca256_30,outer_fold,44,14,0.0007142468892604824,0.9617743375613094
fpca256_30,outer_fold,44,15,0.0007016151670075183,0.9624759527283169
fpca256_30,outer_fold,44,16,0.0006737003133858424,0.9631496530417027
fpca256_30,outer_fold,44,17,0.0006545939351769238,0.9638042469768797
fpca256_30,outer_fold,44,18,0.0006465045453552794,0.964450751522235
fpca256_30,outer_fold,44,19,0.0006360288463158474,0.9650867803685509
fpca256_30,outer_fold,44,20,0.0006130446397394548,0.9656998250082903
fpca256_30,outer_fold,44,21,0.0005920083457842442,0.9662918333540745
fpca256_30,outer_fold,44,22,0.000573328437255798,0.9668651617913303
fpca256_30,outer_fold,44,23,0.0005625243078322958,0.9674276860991626
fpca256_30,outer_fold,44,24,0.0005488079407208029,0.9679764940398834
fpca256_30,outer_fold,44,25,0.000546480807552597,0.968522974847436
fpca256_30,outer_fold,44,26,0.0005295036133444841,0.9690524784607805
fpca256_30,outer_fold,44,27,0.0005220933520653341,0.9695745718128458
fpca256_30,outer_fold,44,28,0.000511963649732148,0.970086535462578
fpca256_30,outer_fold,44,29,0.0005021690609684765,0.9705887045235464
fpca256_30,outer_fold,44,30,0.0004988795313777844,0.9710875840549242
fpca256_30,outer_fold,45,1,0.6404332434201176,0.6404332434201176
fpca256_30,outer_fold,45,2,0.25249541040772544,0.8929286538278431
fpca256_30,outer_fold,45,3,0.0345359583476428,0.9274646121754859
fpca256_30,outer_fold,45,4,0.017780894558361644,0.9452455067338476
fpca256_30,outer_fold,45,5,0.0043995139915862635,0.9496450207254338
fpca256_30,outer_fold,45,6,0.0017078609594963652,0.9513528816849302
fpca256_30,outer_fold,45,7,0.0012911159495583354,0.9526439976344885
fpca256_30,outer_fold,45,8,0.0010337938007548638,0.9536777914352433
fpca256_30,outer_fold,45,9,0.0009423092317245586,0.9546201006669679
fpca256_30,outer_fold,45,10,0.0008945613060819639,0.9555146619730499
fpca256_30,outer_fold,45,11,0.0008004371243524504,0.9563150990974023
fpca256_30,outer_fold,45,12,0.000776321068693733,0.957091420166096
fpca256_30,outer_fold,45,13,0.0007717959895394592,0.9578632161556355
fpca256_30,outer_fold,45,14,0.0007565038837186025,0.9586197200393541
fpca256_30,outer_fold,45,15,0.0007458321984162,0.9593655522377703
fpca256_30,outer_fold,45,16,0.0007239059118788747,0.9600894581496492
fpca256_30,outer_fold,45,17,0.0006891398993887065,0.9607785980490379
fpca256_30,outer_fold,45,18,0.0006757638476225943,0.9614543618966604
fpca256_30,outer_fold,45,19,0.0006531934135076045,0.962107555310168
fpca256_30,outer_fold,45,20,0.0006421990221337997,0.9627497543323018
fpca256_30,outer_fold,45,21,0.0006261221061683639,0.9633758764384702
fpca256_30,outer_fold,45,22,0.000621360938585712,0.9639972373770559
fpca256_30,outer_fold,45,23,0.0006079057142502262,0.9646051430913061
fpca256_30,outer_fold,45,24,0.0005908970683725716,0.9651960401596786
fpca256_30,outer_fold,45,25,0.0005799737407468558,0.9657760139004254
fpca256_30,outer_fold,45,26,0.000570850990600559,0.9663468648910261
fpca256_30,outer_fold,45,27,0.0005619560012890106,0.9669088208923151
fpca256_30,outer_fold,45,28,0.0005401621404424187,0.9674489830327575
fpca256_30,outer_fold,45,29,0.000531588050576659,0.9679805710833341
fpca256_30,outer_fold,45,30,0.00052557903667366,0.9685061501200077
fpca256_30,outer_fold,46,1,0.6457263338908409,0.6457263338908409
fpca256_30,outer_fold,46,2,0.24665934508031412,0.8923856789711551
fpca256_30,outer_fold,46,3,0.03649939409284558,0.9288850730640006
fpca256_30,outer_fold,46,4,0.018111111626210468,0.9469961846902111
fpca256_30,outer_fold,46,5,0.004479946406664898,0.951476131096876
fpca256_30,outer_fold,46,6,0.0016546067064429455,0.9531307378033189
fpca256_30,outer_fold,46,7,0.0013041278388581004,0.954434865642177
fpca256_30,outer_fold,46,8,0.001019781124010054,0.9554546467661871
fpca256_30,outer_fold,46,9,0.0009032759006194593,0.9563579226668065
fpca256_30,outer_fold,46,10,0.0008793009934491148,0.9572372236602557
fpca256_30,outer_fold,46,11,0.0007973578108625732,0.9580345814711182
fpca256_30,outer_fold,46,12,0.0007561206735886448,0.9587907021447069
fpca256_30,outer_fold,46,13,0.0007437230054425395,0.9595344251501494
fpca256_30,outer_fold,46,14,0.0007347905030244237,0.9602692156531738
fpca256_30,outer_fold,46,15,0.0007136904910494466,0.9609829061442232
fpca256_30,outer_fold,46,16,0.0006894193432176508,0.9616723254874409
fpca256_30,outer_fold,46,17,0.0006629190388437311,0.9623352445262846
fpca256_30,outer_fold,46,18,0.0006572879315418707,0.9629925324578265
fpca256_30,outer_fold,46,19,0.0006479697805426168,0.9636405022383691
fpca256_30,outer_fold,46,20,0.0006158640582626103,0.9642563662966317
fpca256_30,outer_fold,46,21,0.0006065551317721252,0.9648629214284038
fpca256_30,outer_fold,46,22,0.0005977749903847102,0.9654606964187885
fpca256_30,outer_fold,46,23,0.0005851498522234304,0.966045846271012
fpca256_30,outer_fold,46,24,0.0005782439971201925,0.9666240902681321
fpca256_30,outer_fold,46,25,0.000567811267341409,0.9671919015354735
fpca256_30,outer_fold,46,26,0.0005558328183669584,0.9677477343538404
fpca256_30,outer_fold,46,27,0.000548596004746645,0.9682963303585871
fpca256_30,outer_fold,46,28,0.0005392853010260259,0.9688356156596131
fpca256_30,outer_fold,46,29,0.0005114105076833819,0.9693470261672964
fpca256_30,outer_fold,46,30,0.0005055913624211672,0.9698526175297175
fpca256_30,outer_fold,47,1,0.6318205800034331,0.6318205800034331
fpca256_30,outer_fold,47,2,0.26477082210082115,0.8965914021042543
fpca256_30,outer_fold,47,3,0.03258718720735603,0.9291785893116102
fpca256_30,outer_fold,47,4,0.016536868355328915,0.9457154576669391
fpca256_30,outer_fold,47,5,0.004639437244949692,0.9503548949118887
fpca256_30,outer_fold,47,6,0.0015472517234497369,0.9519021466353385
fpca256_30,outer_fold,47,7,0.0012131017872439886,0.9531152484225824
fpca256_30,outer_fold,47,8,0.0010451617130349893,0.9541604101356175
fpca256_30,outer_fold,47,9,0.0009652271354827626,0.9551256372711002
fpca256_30,outer_fold,47,10,0.000912659364434161,0.9560382966355344
fpca256_30,outer_fold,47,11,0.0008407985851208242,0.9568790952206553
fpca256_30,outer_fold,47,12,0.0008229809765927825,0.9577020761972481
fpca256_30,outer_fold,47,13,0.000775978342550794,0.958478054539799
fpca256_30,outer_fold,47,14,0.000741573740870875,0.9592196282806699
fpca256_30,outer_fold,47,15,0.0007355231856593211,0.9599551514663291
fpca256_30,outer_fold,47,16,0.0007072235517988498,0.960662375018128
fpca256_30,outer_fold,47,17,0.0006940359514643436,0.9613564109695923
fpca256_30,outer_fold,47,18,0.0006780016716376994,0.96203441264123
fpca256_30,outer_fold,47,19,0.0006642670634773133,0.9626986797047073
fpca256_30,outer_fold,47,20,0.0006414964237205848,0.9633401761284279
fpca256_30,outer_fold,47,21,0.0006358513016270979,0.9639760274300551
fpca256_30,outer_fold,47,22,0.0006150081777224768,0.9645910356077776
fpca256_30,outer_fold,47,23,0.0006065619894883251,0.9651975975972659
fpca256_30,outer_fold,47,24,0.0005950138236588832,0.9657926114209248
fpca256_30,outer_fold,47,25,0.000569870096830971,0.9663624815177557
fpca256_30,outer_fold,47,26,0.0005603212965116259,0.9669228028142673
fpca256_30,outer_fold,47,27,0.0005513171863459754,0.9674741200006133
fpca256_30,outer_fold,47,28,0.0005422841045808345,0.9680164041051941
fpca256_30,outer_fold,47,29,0.0005313017625368543,0.968547705867731
fpca256_30,outer_fold,47,30,0.0005256437855164539,0.9690733496532474
fpca256_30,outer_fold,48,1,0.641089844527469,0.641089844527469
fpca256_30,outer_fold,48,2,0.25553084216723465,0.8966206866947036
fpca256_30,outer_fold,48,3,0.03462468115153929,0.9312453678462429
fpca256_30,outer_fold,48,4,0.01735189583299144,0.9485972636792344
fpca256_30,outer_fold,48,5,0.004465895734275032,0.9530631594135094
fpca256_30,outer_fold,48,6,0.001707966011592441,0.9547711254251018
fpca256_30,outer_fold,48,7,0.0012447053903880429,0.9560158308154898
fpca256_30,outer_fold,48,8,0.0009573436147943579,0.9569731744302842
fpca256_30,outer_fold,48,9,0.0008971239502013485,0.9578702983804855
fpca256_30,outer_fold,48,10,0.0008499940982445641,0.9587202924787301
fpca256_30,outer_fold,48,11,0.0007941241861639433,0.9595144166648941
fpca256_30,outer_fold,48,12,0.0007375903165748572,0.960252006981469
fpca256_30,outer_fold,48,13,0.0007273679349247823,0.9609793749163937
fpca256_30,outer_fold,48,14,0.0007136869609170015,0.9616930618773107
fpca256_30,outer_fold,48,15,0.0007033424164160317,0.9623964042937267
fpca256_30,outer_fold,48,16,0.0006736183706013437,0.9630700226643281
fpca256_30,outer_fold,48,17,0.000665797811644352,0.9637358204759724
fpca256_30,outer_fold,48,18,0.000635369131978687,0.9643711896079511
fpca256_30,outer_fold,48,19,0.0006265306449844125,0.9649977202529355
fpca256_30,outer_fold,48,20,0.0006054045691798835,0.9656031248221154
fpca256_30,outer_fold,48,21,0.0005993713150972883,0.9662024961372127
fpca256_30,outer_fold,48,22,0.0005793989488794373,0.9667818950860921
fpca256_30,outer_fold,48,23,0.0005673562474046085,0.9673492513334967
fpca256_30,outer_fold,48,24,0.0005591587660136627,0.9679084100995103
fpca256_30,outer_fold,48,25,0.0005551342268425585,0.968463544326353
fpca256_30,outer_fold,48,26,0.0005420451389499158,0.9690055894653029
fpca256_30,outer_fold,48,27,0.0005274175789195211,0.9695330070442224
fpca256_30,outer_fold,48,28,0.0005194492270182347,0.9700524562712406
fpca256_30,outer_fold,48,29,0.0005114400768168934,0.9705638963480575
fpca256_30,outer_fold,48,30,0.0004989291200458805,0.9710628254681034
fpca256_30,outer_fold,49,1,0.5752956838151554,0.5752956838151554
fpca256_30,outer_fold,49,2,0.30792495082365146,0.8832206346388068
fpca256_30,outer_fold,49,3,0.03945337769383891,0.9226740123326458
fpca256_30,outer_fold,49,4,0.020276125954368656,0.9429501382870145
fpca256_30,outer_fold,49,5,0.0048214141997337725,0.9477715524867483
fpca256_30,outer_fold,49,6,0.001840899338104142,0.9496124518248524
fpca256_30,outer_fold,49,7,0.0012877026302632833,0.9509001544551157
fpca256_30,outer_fold,49,8,0.0010655775516215397,0.9519657320067372
fpca256_30,outer_fold,49,9,0.0009485803612100774,0.9529143123679472
fpca256_30,outer_fold,49,10,0.0008928628882074086,0.9538071752561547
fpca256_30,outer_fold,49,11,0.000856122286302316,0.9546632975424569
fpca256_30,outer_fold,49,12,0.0008278372223843135,0.9554911347648413
fpca256_30,outer_fold,49,13,0.0007993947857009474,0.9562905295505422
fpca256_30,outer_fold,49,14,0.0007901404465577843,0.9570806699971
fpca256_30,outer_fold,49,15,0.0007612456493486154,0.9578419156464486
fpca256_30,outer_fold,49,16,0.0007452579553661803,0.9585871736018148
fpca256_30,outer_fold,49,17,0.0007305352017486396,0.9593177088035634
fpca256_30,outer_fold,49,18,0.0007067988478162632,0.9600245076513796
fpca256_30,outer_fold,49,19,0.000689362022246424,0.960713869673626
fpca256_30,outer_fold,49,20,0.0006689847117698597,0.961382854385396
fpca256_30,outer_fold,49,21,0.0006506610385144952,0.9620335154239105
fpca256_30,outer_fold,49,22,0.000632531151116199,0.9626660465750266
fpca256_30,outer_fold,49,23,0.0006247508071209976,0.9632907973821476
fpca256_30,outer_fold,49,24,0.000613623340477847,0.9639044207226255
fpca256_30,outer_fold,49,25,0.0005849951032456695,0.9644894158258712
fpca256_30,outer_fold,49,26,0.0005783710124710054,0.9650677868383423
fpca256_30,outer_fold,49,27,0.0005750983725515014,0.9656428852108938
fpca256_30,outer_fold,49,28,0.0005639240839362222,0.96620680929483
fpca256_30,outer_fold,49,29,0.000561469359777944,0.966768278654608
fpca256_30,outer_fold,49,30,0.0005379692649097301,0.9673062479195177
fpca256_30,outer_fold,50,1,0.6195344641174463,0.6195344641174463
fpca256_30,outer_fold,50,2,0.2702269787506216,0.8897614428680679
fpca256_30,outer_fold,50,3,0.03560580407225851,0.9253672469403265
fpca256_30,outer_fold,50,4,0.01969793227116643,0.9450651792114929
fpca256_30,outer_fold,50,5,0.004851154410612378,0.9499163336221053
fpca256_30,outer_fold,50,6,0.0016606736743726897,0.951577007296478
fpca256_30,outer_fold,50,7,0.00122817094891121,0.9528051782453892
fpca256_30,outer_fold,50,8,0.0010537484190578355,0.953858926664447
fpca256_30,outer_fold,50,9,0.0009451668922870654,0.9548040935567341
fpca256_30,outer_fold,50,10,0.0008575083987405075,0.9556616019554747
fpca256_30,outer_fold,50,11,0.0008181172569486372,0.9564797192124234
fpca256_30,outer_fold,50,12,0.0008013180094014178,0.9572810372218248
fpca256_30,outer_fold,50,13,0.0007932323154343792,0.9580742695372592
fpca256_30,outer_fold,50,14,0.0007484158039834272,0.9588226853412426
fpca256_30,outer_fold,50,15,0.0007375815154794934,0.9595602668567221
fpca256_30,outer_fold,50,16,0.0007257788456369311,0.9602860457023591
fpca256_30,outer_fold,50,17,0.0007141444607862834,0.9610001901631454
fpca256_30,outer_fold,50,18,0.0006815116362474475,0.9616817017993928
fpca256_30,outer_fold,50,19,0.0006806941494875829,0.9623623959488804
fpca256_30,outer_fold,50,20,0.0006598906042034077,0.9630222865530839
fpca256_30,outer_fold,50,21,0.0006410735171549987,0.9636633600702389
fpca256_30,outer_fold,50,22,0.0006327981810957196,0.9642961582513346
fpca256_30,outer_fold,50,23,0.0006071226823896796,0.9649032809337243
fpca256_30,outer_fold,50,24,0.0005991416175736687,0.965502422551298
fpca256_30,outer_fold,50,25,0.0005855285882674806,0.9660879511395655
fpca256_30,outer_fold,50,26,0.000579919188402776,0.9666678703279682
fpca256_30,outer_fold,50,27,0.000562446437735905,0.9672303167657041
fpca256_30,outer_fold,50,28,0.0005620757226949162,0.9677923924883991
fpca256_30,outer_fold,50,29,0.0005393659726061589,0.9683317584610053
fpca256_30,outer_fold,50,30,0.0005293009755901999,0.9688610594365955
fpca256_30,outer_fold,51,1,0.6417857592002919,0.6417857592002919
fpca256_30,outer_fold,51,2,0.25591758656966446,0.8977033457699564
fpca256_30,outer_fold,51,3,0.032015525121498516,0.9297188708914549
fpca256_30,outer_fold,51,4,0.01756522415263994,0.9472840950440948
fpca256_30,outer_fold,51,5,0.004639265630875311,0.9519233606749702
fpca256_30,outer_fold,51,6,0.0017248369506832541,0.9536481976256534
fpca256_30,outer_fold,51,7,0.0012731409370616432,0.9549213385627151
fpca256_30,outer_fold,51,8,0.0009957867877367363,0.9559171253504518
fpca256_30,outer_fold,51,9,0.0008880906474327734,0.9568052159978846
fpca256_30,outer_fold,51,10,0.0008593699292390243,0.9576645859271237
fpca256_30,outer_fold,51,11,0.0008064259972973154,0.958471011924421
fpca256_30,outer_fold,51,12,0.0007749093392942799,0.9592459212637152
fpca256_30,outer_fold,51,13,0.0007486107538922118,0.9599945320176074
fpca256_30,outer_fold,51,14,0.0007282164162532613,0.9607227484338607
fpca256_30,outer_fold,51,15,0.0006976373479102503,0.961420385781771
fpca256_30,outer_fold,51,16,0.0006774836342855706,0.9620978694160566
fpca256_30,outer_fold,51,17,0.0006562966630873932,0.962754166079144
fpca256_30,outer_fold,51,18,0.0006386327316403261,0.9633927988107843
fpca256_30,outer_fold,51,19,0.0006240906049055725,0.9640168894156899
fpca256_30,outer_fold,51,20,0.0006097251230987217,0.9646266145387886
fpca256_30,outer_fold,51,21,0.0006077898247353208,0.9652344043635239
fpca256_30,outer_fold,51,22,0.0005804572707121059,0.965814861634236
fpca256_30,outer_fold,51,23,0.0005762694595518783,0.9663911310937879
fpca256_30,outer_fold,51,24,0.0005712733452209132,0.9669624044390088
fpca256_30,outer_fold,51,25,0.0005561920606316655,0.9675185964996404
fpca256_30,outer_fold,51,26,0.0005364123271377775,0.9680550088267782
fpca256_30,outer_fold,51,27,0.00052739540203212,0.9685824042288104
fpca256_30,outer_fold,51,28,0.000523233517917552,0.9691056377467279
fpca256_30,outer_fold,51,29,0.0005047849920914941,0.9696104227388194
fpca256_30,outer_fold,51,30,0.0005005498116778432,0.9701109725504972
fpca256_30,outer_fold,52,1,0.6152464703386944,0.6152464703386944
fpca256_30,outer_fold,52,2,0.2759219584515179,0.8911684287902123
fpca256_30,outer_fold,52,3,0.03567779810423846,0.9268462268944507
fpca256_30,outer_fold,52,4,0.01731274746484811,0.9441589743592989
fpca256_30,outer_fold,52,5,0.00442822611297034,0.9485872004722692
fpca256_30,outer_fold,52,6,0.0017126596086190825,0.9502998600808883
fpca256_30,outer_fold,52,7,0.0012880599084825928,0.9515879199893709
fpca256_30,outer_fold,52,8,0.001087584240006344,0.9526755042293772
fpca256_30,outer_fold,52,9,0.0009658722695370326,0.9536413764989142
fpca256_30,outer_fold,52,10,0.0008831538723720435,0.9545245303712863
fpca256_30,outer_fold,52,11,0.0008539697113203756,0.9553785000826066
fpca256_30,outer_fold,52,12,0.0008151568073930621,0.9561936568899997
fpca256_30,outer_fold,52,13,0.0008015172063234368,0.9569951740963232
fpca256_30,outer_fold,52,14,0.0007763415616254572,0.9577715156579486
fpca256_30,outer_fold,52,15,0.0007583761318041332,0.9585298917897528
fpca256_30,outer_fold,52,16,0.0007402575385404461,0.9592701493282932
fpca256_30,outer_fold,52,17,0.0007287392556072434,0.9599988885839005
fpca256_30,outer_fold,52,18,0.0006974825395339034,0.9606963711234344
fpca256_30,outer_fold,52,19,0.000679321992940759,0.9613756931163752
fpca256_30,outer_fold,52,20,0.0006673033592028498,0.962042996475578
fpca256_30,outer_fold,52,21,0.0006560427471689389,0.9626990392227469
fpca256_30,outer_fold,52,22,0.000640140908356768,0.9633391801311036
fpca256_30,outer_fold,52,23,0.0006205964316986842,0.9639597765628023
fpca256_30,outer_fold,52,24,0.0006102066800555056,0.9645699832428578
fpca256_30,outer_fold,52,25,0.000607255014427116,0.965177238257285
fpca256_30,outer_fold,52,26,0.00059337137351219,0.9657706096307972
fpca256_30,outer_fold,52,27,0.0005576749309176732,0.9663282845617148
fpca256_30,outer_fold,52,28,0.0005458900048373779,0.9668741745665522
fpca256_30,outer_fold,52,29,0.000541248009761992,0.9674154225763142
fpca256_30,outer_fold,52,30,0.0005349505384669044,0.967950373114781
fpca256_30,outer_fold,53,1,0.6153892747757478,0.6153892747757478
fpca256_30,outer_fold,53,2,0.2776181229688541,0.8930073977446018
fpca256_30,outer_fold,53,3,0.03817787945988898,0.9311852772044907
fpca256_30,outer_fold,53,4,0.016441159932893638,0.9476264371373844
fpca256_30,outer_fold,53,5,0.004459397850473526,0.9520858349878579
fpca256_30,outer_fold,53,6,0.0015839492639473443,0.9536697842518053
fpca256_30,outer_fold,53,7,0.0012713131476060524,0.9549410973994114
fpca256_30,outer_fold,53,8,0.0009251251248735249,0.9558662225242849
fpca256_30,outer_fold,53,9,0.0008946305361737408,0.9567608530604587
fpca256_30,outer_fold,53,10,0.0008540223834489437,0.9576148754439076
fpca256_30,outer_fold,53,11,0.0008085279946758746,0.9584234034385835
fpca256_30,outer_fold,53,12,0.0007601163691171969,0.9591835198077007
fpca256_30,outer_fold,53,13,0.0007369388708836297,0.9599204586785843
fpca256_30,outer_fold,53,14,0.0007191865994089624,0.9606396452779933
fpca256_30,outer_fold,53,15,0.0006972984355184263,0.9613369437135117
fpca256_30,outer_fold,53,16,0.000686912278465032,0.9620238559919768
fpca256_30,outer_fold,53,17,0.0006670243914901862,0.962690880383467
fpca256_30,outer_fold,53,18,0.0006425121985054733,0.9633333925819724
fpca256_30,outer_fold,53,19,0.0006356505848698586,0.9639690431668422
fpca256_30,outer_fold,53,20,0.0006208592036703977,0.9645899023705126
fpca256_30,outer_fold,53,21,0.000606995768337661,0.9651968981388502
fpca256_30,outer_fold,53,22,0.0005937402714710165,0.9657906384103212
fpca256_30,outer_fold,53,23,0.0005734609389883077,0.9663640993493096
fpca256_30,outer_fold,53,24,0.000569901024681488,0.966934000373991
fpca256_30,outer_fold,53,25,0.0005535322365376655,0.9674875326105287
fpca256_30,outer_fold,53,26,0.0005378966469517033,0.9680254292574804
fpca256_30,outer_fold,53,27,0.0005266953938402132,0.9685521246513206
fpca256_30,outer_fold,53,28,0.000518083266186992,0.9690702079175075
fpca256_30,outer_fold,53,29,0.0005064579707582162,0.9695766658882657
fpca256_30,outer_fold,53,30,0.0005008982912202419,0.970077564179486
fpca256_30,outer_fold,54,1,0.6451087117345334,0.6451087117345334
fpca256_30,outer_fold,54,2,0.24592519199511959,0.8910339037296531
fpca256_30,outer_fold,54,3,0.036332830147478276,0.9273667338771313
fpca256_30,outer_fold,54,4,0.018707300481561776,0.9460740343586931
fpca256_30,outer_fold,54,5,0.00439753420231343,0.9504715685610066
fpca256_30,outer_fold,54,6,0.001717930670490308,0.9521894992314969
fpca256_30,outer_fold,54,7,0.0012559321152352334,0.9534454313467321
fpca256_30,outer_fold,54,8,0.0010618771046892708,0.9545073084514214
fpca256_30,outer_fold,54,9,0.0009508985694191252,0.9554582070208405
fpca256_30,outer_fold,54,10,0.0009100772317385075,0.956368284252579
fpca256_30,outer_fold,54,11,0.0008007648773439905,0.9571690491299231
fpca256_30,outer_fold,54,12,0.0007754557336107488,0.9579445048635338
fpca256_30,outer_fold,54,13,0.0007571953432873096,0.9587017002068211
fpca256_30,outer_fold,54,14,0.0007435887224832066,0.9594452889293044
fpca256_30,outer_fold,54,15,0.0007261582820319082,0.9601714472113363
fpca256_30,outer_fold,54,16,0.0007170223095697381,0.960888469520906
fpca256_30,outer_fold,54,17,0.0006900855438712625,0.9615785550647773
fpca256_30,outer_fold,54,18,0.000673967512716554,0.9622525225774938
fpca256_30,outer_fold,54,19,0.0006556981674977612,0.9629082207449916
fpca256_30,outer_fold,54,20,0.000639693479168842,0.9635479142241604
fpca256_30,outer_fold,54,21,0.0006216733466822245,0.9641695875708426
fpca256_30,outer_fold,54,22,0.0006121239546928208,0.9647817115255354
fpca256_30,outer_fold,54,23,0.0005989615490896163,0.965380673074625
fpca256_30,outer_fold,54,24,0.0005921516815584831,0.9659728247561835
fpca256_30,outer_fold,54,25,0.0005656896554626078,0.9665385144116461
fpca256_30,outer_fold,54,26,0.0005622412429449866,0.9671007556545911
fpca256_30,outer_fold,54,27,0.0005369168054554517,0.9676376724600465
fpca256_30,outer_fold,54,28,0.0005322506253464304,0.968169923085393
fpca256_30,outer_fold,54,29,0.0005285531165358143,0.9686984762019287
fpca256_30,outer_fold,54,30,0.0005097553646272103,0.9692082315665559
fpca256_30,outer_fold,55,1,0.6389605819004999,0.6389605819004999
fpca256_30,outer_fold,55,2,0.2571795220461025,0.8961401039466024
fpca256_30,outer_fold,55,3,0.034387076442583764,0.9305271803891861
fpca256_30,outer_fold,55,4,0.017830160117804184,0.9483573405069903
fpca256_30,outer_fold,55,5,0.004356265948228385,0.9527136064552186
fpca256_30,outer_fold,55,6,0.0017551056017182439,0.9544687120569368
fpca256_30,outer_fold,55,7,0.001204834454938159,0.955673546511875
fpca256_30,outer_fold,55,8,0.001020172438028569,0.9566937189499035
fpca256_30,outer_fold,55,9,0.0008995642544764057,0.95759328320438
fpca256_30,outer_fold,55,10,0.0008683501331880402,0.9584616333375681
fpca256_30,outer_fold,55,11,0.0007760565182226399,0.9592376898557907
fpca256_30,outer_fold,55,12,0.0007499092057101443,0.9599875990615009
fpca256_30,outer_fold,55,13,0.0007443159879132311,0.9607319150494141
fpca256_30,outer_fold,55,14,0.0006973252726482351,0.9614292403220623
fpca256_30,outer_fold,55,15,0.0006913718901595864,0.9621206122122219
fpca256_30,outer_fold,55,16,0.0006735565707948439,0.9627941687830167
fpca256_30,outer_fold,55,17,0.0006644406210694857,0.9634586094040862
fpca256_30,outer_fold,55,18,0.0006247620651313408,0.9640833714692175
fpca256_30,outer_fold,55,19,0.0006206582286678016,0.9647040296978853
fpca256_30,outer_fold,55,20,0.0006016042103530776,0.9653056339082383
fpca256_30,outer_fold,55,21,0.0005942593639261268,0.9658998932721644
fpca256_30,outer_fold,55,22,0.0005743729809889761,0.9664742662531534
fpca256_30,outer_fold,55,23,0.0005580924257869571,0.9670323586789403
fpca256_30,outer_fold,55,24,0.0005523181437383385,0.9675846768226787
fpca256_30,outer_fold,55,25,0.0005409428548920922,0.9681256196775708
fpca256_30,outer_fold,55,26,0.0005257508990915711,0.9686513705766624
fpca256_30,outer_fold,55,27,0.000517056026655278,0.9691684266033177
fpca256_30,outer_fold,55,28,0.0005121193370342081,0.9696805459403519
fpca256_30,outer_fold,55,29,0.0005024447715347267,0.9701829907118866
fpca256_30,outer_fold,55,30,0.0004854860071923076,0.970668476719079
fpca256_30,outer_fold,56,1,0.6188788359628075,0.6188788359628075
fpca256_30,outer_fold,56,2,0.2666228150546251,0.8855016510174325
fpca256_30,outer_fold,56,3,0.03899873867457153,0.924500389692004
fpca256_30,outer_fold,56,4,0.018660655566952965,0.9431610452589569
fpca256_30,outer_fold,56,5,0.004765668037281966,0.9479267132962389
fpca256_30,outer_fold,56,6,0.0017100004704899475,0.9496367137667289
fpca256_30,outer_fold,56,7,0.0012797217463631967,0.950916435513092
fpca256_30,outer_fold,56,8,0.0010901630597222878,0.9520065985728143
fpca256_30,outer_fold,56,9,0.0009679985559105321,0.9529745971287249
fpca256_30,outer_fold,56,10,0.000948859425313845,0.9539234565540388
fpca256_30,outer_fold,56,11,0.0008583780676361027,0.9547818346216749
fpca256_30,outer_fold,56,12,0.0008351383729382901,0.9556169729946131
fpca256_30,outer_fold,56,13,0.0008055315637993711,0.9564225045584125
fpca256_30,outer_fold,56,14,0.0007736232022236408,0.9571961277606361
fpca256_30,outer_fold,56,15,0.000764445443991446,0.9579605732046276
fpca256_30,outer_fold,56,16,0.0007507017950902599,0.9587112749997179
fpca256_30,outer_fold,56,17,0.0007245705404606483,0.9594358455401785
fpca256_30,outer_fold,56,18,0.0007119367771262696,0.9601477823173047
fpca256_30,outer_fold,56,19,0.0006989832122681137,0.9608467655295728
fpca256_30,outer_fold,56,20,0.0006670488484062355,0.961513814377979
fpca256_30,outer_fold,56,21,0.0006604930836757409,0.9621743074616548
fpca256_30,outer_fold,56,22,0.0006410061176696807,0.9628153135793245
fpca256_30,outer_fold,56,23,0.0006353300364593861,0.9634506436157839
fpca256_30,outer_fold,56,24,0.0006202078336777517,0.9640708514494617
fpca256_30,outer_fold,56,25,0.000611909874171071,0.9646827613236327
fpca256_30,outer_fold,56,26,0.0006012317755095226,0.9652839930991423
fpca256_30,outer_fold,56,27,0.0005927988063213351,0.9658767919054636
fpca256_30,outer_fold,56,28,0.0005859507354132475,0.9664627426408768
fpca256_30,outer_fold,56,29,0.0005669887659404567,0.9670297314068173
fpca256_30,outer_fold,56,30,0.0005477292124636605,0.967577460619281
fpca256_30,outer_fold,57,1,0.6194352248837979,0.6194352248837979
fpca256_30,outer_fold,57,2,0.2727535722983435,0.8921887971821414
fpca256_30,outer_fold,57,3,0.03210082513006397,0.9242896223122054
fpca256_30,outer_fold,57,4,0.019671702072011524,0.9439613243842169
fpca256_30,outer_fold,57,5,0.0046427392478967525,0.9486040636321136
fpca256_30,outer_fold,57,6,0.0016332843697891705,0.9502373480019027
fpca256_30,outer_fold,57,7,0.0012922723346905744,0.9515296203365933
fpca256_30,outer_fold,57,8,0.0009955640535295226,0.9525251843901228
fpca256_30,outer_fold,57,9,0.0009384012236388073,0.9534635856137617
fpca256_30,outer_fold,57,10,0.000863744528098228,0.9543273301418599
fpca256_30,outer_fold,57,11,0.0008556909999061426,0.955183021141766
fpca256_30,outer_fold,57,12,0.0008138997857960246,0.955996920927562
fpca256_30,outer_fold,57,13,0.000790916224200565,0.9567878371517626
fpca256_30,outer_fold,57,14,0.0007785384061012976,0.957566375557864
fpca256_30,outer_fold,57,15,0.0007545721546224247,0.9583209477124863
fpca256_30,outer_fold,57,16,0.0007345467873661412,0.9590554944998525
fpca256_30,outer_fold,57,17,0.0007023384745804252,0.959757832974433
fpca256_30,outer_fold,57,18,0.000695402473887398,0.9604532354483204
fpca256_30,outer_fold,57,19,0.0006843891812482394,0.9611376246295686
fpca256_30,outer_fold,57,20,0.0006602595949377168,0.9617978842245064
fpca256_30,outer_fold,57,21,0.0006463662177093758,0.9624442504422158
fpca256_30,outer_fold,57,22,0.0006410894170902298,0.963085339859306
fpca256_30,outer_fold,57,23,0.0006255416855269764,0.963710881544833
fpca256_30,outer_fold,57,24,0.0006114155221789342,0.9643222970670119
fpca256_30,outer_fold,57,25,0.0005931973865769492,0.9649154944535888
fpca256_30,outer_fold,57,26,0.0005742166257545457,0.9654897110793433
fpca256_30,outer_fold,57,27,0.0005692514519252331,0.9660589625312686
fpca256_30,outer_fold,57,28,0.000562520858362846,0.9666214833896314
fpca256_30,outer_fold,57,29,0.0005508754474118504,0.9671723588370432
fpca256_30,outer_fold,57,30,0.0005440502958707742,0.967716409132914
fpca256_30,outer_fold,58,1,0.6185863085404412,0.6185863085404412
fpca256_30,outer_fold,58,2,0.27570400975837345,0.8942903182988147
fpca256_30,outer_fold,58,3,0.03450313139686219,0.9287934496956769
fpca256_30,outer_fold,58,4,0.018106838013384318,0.9469002877090612
fpca256_30,outer_fold,58,5,0.004575244880115595,0.9514755325891768
fpca256_30,outer_fold,58,6,0.001720809690907937,0.9531963422800848
fpca256_30,outer_fold,58,7,0.0012648784381243843,0.9544612207182092
fpca256_30,outer_fold,58,8,0.001007302243824967,0.9554685229620341
fpca256_30,outer_fold,58,9,0.0009131453434227375,0.9563816683054568
fpca256_30,outer_fold,58,10,0.0008245835983947467,0.9572062519038516
fpca256_30,outer_fold,58,11,0.0008071931800418297,0.9580134450838934
fpca256_30,outer_fold,58,12,0.0007713057732757087,0.9587847508571691
fpca256_30,outer_fold,58,13,0.0007527301246916113,0.9595374809818606
fpca256_30,outer_fold,58,14,0.000742123011501923,0.9602796039933625
fpca256_30,outer_fold,58,15,0.0007086456386725169,0.9609882496320351
fpca256_30,outer_fold,58,16,0.0006927822374787256,0.9616810318695138
fpca256_30,outer_fold,58,17,0.0006662247177845294,0.9623472565872984
fpca256_30,outer_fold,58,18,0.0006342638951237547,0.9629815204824221
fpca256_30,outer_fold,58,19,0.0006258340842075858,0.9636073545666297
fpca256_30,outer_fold,58,20,0.0006147340071927613,0.9642220885738225
fpca256_30,outer_fold,58,21,0.0006097769171467063,0.9648318654909692
fpca256_30,outer_fold,58,22,0.0006020004081087574,0.965433865899078
fpca256_30,outer_fold,58,23,0.0005891827895285353,0.9660230486886066
fpca256_30,outer_fold,58,24,0.0005690261665937603,0.9665920748552003
fpca256_30,outer_fold,58,25,0.000553563672960141,0.9671456385281604
fpca256_30,outer_fold,58,26,0.0005462029348995696,0.96769184146306
fpca256_30,outer_fold,58,27,0.0005404208882756118,0.9682322623513356
fpca256_30,outer_fold,58,28,0.0005325575606314762,0.9687648199119672
fpca256_30,outer_fold,58,29,0.000527439355406767,0.969292259267374
fpca256_30,outer_fold,58,30,0.0005171233149110406,0.969809382582285
fpca256_30,outer_fold,59,1,0.640046864055755,0.640046864055755
fpca256_30,outer_fold,59,2,0.2547839604691127,0.8948308245248677
fpca256_30,outer_fold,59,3,0.03698189681144324,0.931812721336311
fpca256_30,outer_fold,59,4,0.015853258055819008,0.94766597939213
fpca256_30,outer_fold,59,5,0.004565293847434459,0.9522312732395645
fpca256_30,outer_fold,59,6,0.0015299965401233658,0.9537612697796878
fpca256_30,outer_fold,59,7,0.0012989750639608264,0.9550602448436486
fpca256_30,outer_fold,59,8,0.001001266303059006,0.9560615111467076
fpca256_30,outer_fold,59,9,0.0009089822637956193,0.9569704934105032
fpca256_30,outer_fold,59,10,0.0008616717763258363,0.957832165186829
fpca256_30,outer_fold,59,11,0.0007961322346206626,0.9586282974214497
fpca256_30,outer_fold,59,12,0.0007690222883462196,0.9593973197097959
fpca256_30,outer_fold,59,13,0.0007468947939491405,0.9601442145037451
fpca256_30,outer_fold,59,14,0.0007199993008368757,0.960864213804582
fpca256_30,outer_fold,59,15,0.0007120065458465076,0.9615762203504284
fpca256_30,outer_fold,59,16,0.0006748804671589554,0.9622511008175874
fpca256_30,outer_fold,59,17,0.000669399257267384,0.9629205000748547
fpca256_30,outer_fold,59,18,0.0006311540587281838,0.9635516541335829
fpca256_30,outer_fold,59,19,0.0006190052085722564,0.9641706593421552
fpca256_30,outer_fold,59,20,0.0006183048140907842,0.9647889641562459
fpca256_30,outer_fold,59,21,0.000604806612267933,0.9653937707685138
fpca256_30,outer_fold,59,22,0.0005939144319063894,0.9659876852004202
fpca256_30,outer_fold,59,23,0.0005851045602714844,0.9665727897606917
fpca256_30,outer_fold,59,24,0.0005809139808705619,0.9671537037415623
fpca256_30,outer_fold,59,25,0.0005611867586976216,0.9677148905002599
fpca256_30,outer_fold,59,26,0.0005470233398386614,0.9682619138400986
fpca256_30,outer_fold,59,27,0.0005411912992621381,0.9688031051393607
fpca256_30,outer_fold,59,28,0.0005250235918024508,0.9693281287311631
fpca256_30,outer_fold,59,29,0.0005045731931539916,0.9698327019243171
fpca256_30,outer_fold,59,30,0.0004917945201835402,0.9703244964445007
fpca256_30,outer_fold,60,1,0.605384258174667,0.605384258174667
fpca256_30,outer_fold,60,2,0.281327869803395,0.8867121279780621
fpca256_30,outer_fold,60,3,0.035935632318122135,0.9226477602961842
fpca256_30,outer_fold,60,4,0.01911637722574666,0.9417641375219309
fpca256_30,outer_fold,60,5,0.005266109153546946,0.9470302466754779
fpca256_30,outer_fold,60,6,0.0018246472079682667,0.9488548938834461
fpca256_30,outer_fold,60,7,0.0012083957776307154,0.9500632896610769
fpca256_30,outer_fold,60,8,0.0010803161440230886,0.9511436058050999
fpca256_30,outer_fold,60,9,0.0010046692750135648,0.9521482750801135
fpca256_30,outer_fold,60,10,0.0009049075696980077,0.9530531826498114
fpca256_30,outer_fold,60,11,0.0008651827738651006,0.9539183654236765
fpca256_30,outer_fold,60,12,0.0008444328541785874,0.954762798277855
fpca256_30,outer_fold,60,13,0.0008230034465281122,0.9555858017243831
fpca256_30,outer_fold,60,14,0.0007887076004374345,0.9563745093248206
fpca256_30,outer_fold,60,15,0.0007709251143262698,0.9571454344391469
fpca256_30,outer_fold,60,16,0.0007466996803099196,0.9578921341194568
fpca256_30,outer_fold,60,17,0.0007136090228781976,0.958605743142335
fpca256_30,outer_fold,60,18,0.0007074760590535899,0.9593132192013887
fpca256_30,outer_fold,60,19,0.0006950039057951336,0.9600082231071838
fpca256_30,outer_fold,60,20,0.0006878070907600441,0.9606960301979438
fpca256_30,outer_fold,60,21,0.0006804561530950231,0.9613764863510388
fpca256_30,outer_fold,60,22,0.000665414927764053,0.9620419012788028
fpca256_30,outer_fold,60,23,0.000652961341531627,0.9626948626203344
fpca256_30,outer_fold,60,24,0.0006385403382140753,0.9633334029585485
fpca256_30,outer_fold,60,25,0.0006113694228195839,0.9639447723813681
fpca256_30,outer_fold,60,26,0.0006022936456449797,0.9645470660270131
fpca256_30,outer_fold,60,27,0.0005914550342174124,0.9651385210612305
fpca256_30,outer_fold,60,28,0.0005698178814924047,0.9657083389427229
fpca256_30,outer_fold,60,29,0.0005518741322773488,0.9662602130750002
fpca256_30,outer_fold,60,30,0.0005473267411778554,0.9668075398161781
fpca256_30,outer_fold,61,1,0.6326529337123376,0.6326529337123376
fpca256_30,outer_fold,61,2,0.26058149459822333,0.8932344283105609
fpca256_30,outer_fold,61,3,0.03592277553086067,0.9291572038414215
fpca256_30,outer_fold,61,4,0.018230969203200303,0.9473881730446219
fpca256_30,outer_fold,61,5,0.004396991671689356,0.9517851647163112
fpca256_30,outer_fold,61,6,0.0017179521276661821,0.9535031168439775
fpca256_30,outer_fold,61,7,0.001278997731978361,0.9547821145759559
fpca256_30,outer_fold,61,8,0.0010313756964783153,0.9558134902724341
fpca256_30,outer_fold,61,9,0.0009306315201021328,0.9567441217925362
fpca256_30,outer_fold,61,10,0.0008740522875067922,0.957618174080043
fpca256_30,outer_fold,61,11,0.0007977737871597907,0.9584159478672029
fpca256_30,outer_fold,61,12,0.0007757017788582232,0.9591916496460611
fpca256_30,outer_fold,61,13,0.0007489138030057443,0.9599405634490669
fpca256_30,outer_fold,61,14,0.000742784400308724,0.9606833478493756
fpca256_30,outer_fold,61,15,0.0007098259653589273,0.9613931738147345
fpca256_30,outer_fold,61,16,0.0006964184399154376,0.96208959225465
fpca256_30,outer_fold,61,17,0.0006832059589844097,0.9627727982136344
fpca256_30,outer_fold,61,18,0.0006736261000947549,0.9634464243137292
fpca256_30,outer_fold,61,19,0.0006495821648547708,0.964096006478584
fpca256_30,outer_fold,61,20,0.0006148124363177502,0.9647108189149017
fpca256_30,outer_fold,61,21,0.0006107045299517039,0.9653215234448534
fpca256_30,outer_fold,61,22,0.0006029811128345449,0.965924504557688
fpca256_30,outer_fold,61,23,0.0005872342529404435,0.9665117388106285
fpca256_30,outer_fold,61,24,0.0005777025626945081,0.967089441373323
fpca256_30,outer_fold,61,25,0.0005733283426207585,0.9676627697159438
fpca256_30,outer_fold,61,26,0.0005507549222319162,0.9682135246381757
fpca256_30,outer_fold,61,27,0.0005318290402234052,0.9687453536783991
fpca256_30,outer_fold,61,28,0.0005155843648436051,0.9692609380432426
fpca256_30,outer_fold,61,29,0.0005104500951535206,0.9697713881383961
fpca256_30,outer_fold,61,30,0.0005077932154073223,0.9702791813538034
fpca256_30,outer_fold,62,1,0.6586201649395005,0.6586201649395005
fpca256_30,outer_fold,62,2,0.2361873709441725,0.894807535883673
fpca256_30,outer_fold,62,3,0.03361826801477689,0.9284258038984499
fpca256_30,outer_fold,62,4,0.017265895257377737,0.9456916991558276
fpca256_30,outer_fold,62,5,0.004223594309150143,0.9499152934649777
fpca256_30,outer_fold,62,6,0.0016072204564815842,0.9515225139214593
fpca256_30,outer_fold,62,7,0.0012451377404834269,0.9527676516619427
fpca256_30,outer_fold,62,8,0.0010436001734432459,0.953811251835386
fpca256_30,outer_fold,62,9,0.0009171911825228768,0.9547284430179088
fpca256_30,outer_fold,62,10,0.0009015490833154372,0.9556299921012242
fpca256_30,outer_fold,62,11,0.0008156429012076879,0.956445635002432
fpca256_30,outer_fold,62,12,0.0007875173301817956,0.9572331523326137
fpca256_30,outer_fold,62,13,0.000771560258139555,0.9580047125907533
fpca256_30,outer_fold,62,14,0.0007539744683956507,0.9587586870591489
fpca256_30,outer_fold,62,15,0.0007372901041879416,0.9594959771633369
fpca256_30,outer_fold,62,16,0.0007019103152578662,0.9601978874785948
fpca256_30,outer_fold,62,17,0.000688615280163087,0.9608865027587579
fpca256_30,outer_fold,62,18,0.0006794121600041064,0.961565914918762
fpca256_30,outer_fold,62,19,0.000654137772670118,0.9622200526914321
fpca256_30,outer_fold,62,20,0.0006388188368934741,0.9628588715283255
fpca256_30,outer_fold,62,21,0.0006224294696541888,0.9634813009979797
fpca256_30,outer_fold,62,22,0.0006103759142667134,0.9640916769122464
fpca256_30,outer_fold,62,23,0.0006017712741281349,0.9646934481863745
fpca256_30,outer_fold,62,24,0.0005742094493502674,0.9652676576357248
fpca256_30,outer_fold,62,25,0.0005688196332894669,0.9658364772690142
fpca256_30,outer_fold,62,26,0.0005499567870025627,0.9663864340560168
fpca256_30,outer_fold,62,27,0.0005478577504655738,0.9669342918064824
fpca256_30,outer_fold,62,28,0.000543619506951773,0.9674779113134342
fpca256_30,outer_fold,62,29,0.0005344713292971716,0.9680123826427314
fpca256_30,outer_fold,62,30,0.0005277040075838547,0.9685400866503152
fpca256_30,outer_fold,63,1,0.6283428553371768,0.6283428553371768
fpca256_30,outer_fold,63,2,0.2638208875046668,0.8921637428418436
fpca256_30,outer_fold,63,3,0.03593826045667999,0.9281020032985237
fpca256_30,outer_fold,63,4,0.01942014675410381,0.9475221500526275
fpca256_30,outer_fold,63,5,0.004359340591266676,0.9518814906438942
fpca256_30,outer_fold,63,6,0.0016757171366011694,0.9535572077804954
fpca256_30,outer_fold,63,7,0.0013221075648447596,0.9548793153453401
fpca256_30,outer_fold,63,8,0.001059709979789624,0.9559390253251298
fpca256_30,outer_fold,63,9,0.0009259732426479358,0.9568649985677777
fpca256_30,outer_fold,63,10,0.0008979540676284973,0.9577629526354062
fpca256_30,outer_fold,63,11,0.0007966023417791564,0.9585595549771854
fpca256_30,outer_fold,63,12,0.000764622756504207,0.9593241777336896
fpca256_30,outer_fold,63,13,0.0007508353616147909,0.9600750130953044
fpca256_30,outer_fold,63,14,0.0007349386339544135,0.9608099517292589
fpca256_30,outer_fold,63,15,0.0007188546104687034,0.9615288063397276
fpca256_30,outer_fold,63,16,0.0006774820545547928,0.9622062883942823
fpca256_30,outer_fold,63,17,0.0006679530298644218,0.9628742414241468
fpca256_30,outer_fold,63,18,0.0006559052982846344,0.9635301467224314
fpca256_30,outer_fold,63,19,0.0006487786371677653,0.9641789253595991
fpca256_30,outer_fold,63,20,0.000628149641405805,0.9648070750010049
fpca256_30,outer_fold,63,21,0.0006038330448302618,0.9654109080458352
fpca256_30,outer_fold,63,22,0.0005912127657156593,0.9660021208115508
fpca256_30,outer_fold,63,23,0.0005866012882177077,0.9665887220997685
fpca256_30,outer_fold,63,24,0.0005735180804617695,0.9671622401802303
fpca256_30,outer_fold,63,25,0.0005663673837771755,0.9677286075640075
fpca256_30,outer_fold,63,26,0.0005605706420453477,0.9682891782060529
fpca256_30,outer_fold,63,27,0.0005490944512313548,0.9688382726572842
fpca256_30,outer_fold,63,28,0.0005278444368665311,0.9693661170941507
fpca256_30,outer_fold,63,29,0.0005153236453408197,0.9698814407394915
fpca256_30,outer_fold,63,30,0.0005083437507068724,0.9703897844901983
fpca256_30,outer_fold,64,1,0.6199990056829456,0.6199990056829456
fpca256_30,outer_fold,64,2,0.27526539212956835,0.895264397812514
fpca256_30,outer_fold,64,3,0.03583339494349323,0.9310977927560072
fpca256_30,outer_fold,64,4,0.016078046276929128,0.9471758390329363
fpca256_30,outer_fold,64,5,0.0045566217162551865,0.9517324607491915
fpca256_30,outer_fold,64,6,0.0015792651956487058,0.9533117259448401
fpca256_30,outer_fold,64,7,0.0012479939723788107,0.954559719917219
fpca256_30,outer_fold,64,8,0.0009171590496263529,0.9554768789668453
fpca256_30,outer_fold,64,9,0.000899451750471448,0.9563763307173168
fpca256_30,outer_fold,64,10,0.0008602912431943133,0.9572366219605111
fpca256_30,outer_fold,64,11,0.0008023909422098882,0.958039012902721
fpca256_30,outer_fold,64,12,0.0007685695432763103,0.9588075824459973
fpca256_30,outer_fold,64,13,0.0007265662301994041,0.9595341486761967
fpca256_30,outer_fold,64,14,0.0007122866959215849,0.9602464353721183
fpca256_30,outer_fold,64,15,0.0007074854244422907,0.9609539207965606
fpca256_30,outer_fold,64,16,0.00068441225610662,0.9616383330526672
fpca256_30,outer_fold,64,17,0.0006624350202229434,0.9623007680728901
fpca256_30,outer_fold,64,18,0.0006591149929226156,0.9629598830658127
fpca256_30,outer_fold,64,19,0.000632439790322966,0.9635923228561357
fpca256_30,outer_fold,64,20,0.0006242544974048917,0.9642165773535406
fpca256_30,outer_fold,64,21,0.0006174995556784694,0.9648340769092191
fpca256_30,outer_fold,64,22,0.0006000468755731354,0.9654341237847922
fpca256_30,outer_fold,64,23,0.0005756769551251224,0.9660098007399174
fpca256_30,outer_fold,64,24,0.0005712704321606402,0.966581071172078
fpca256_30,outer_fold,64,25,0.000554090692649786,0.9671351618647278
fpca256_30,outer_fold,64,26,0.0005448102105900082,0.9676799720753179
fpca256_30,outer_fold,64,27,0.000538770035131378,0.9682187421104492
fpca256_30,outer_fold,64,28,0.0005230640573029194,0.9687418061677522
fpca256_30,outer_fold,64,29,0.000518304711821998,0.9692601108795742
fpca256_30,outer_fold,64,30,0.0005129676419213769,0.9697730785214955
fpca256_30,outer_fold,65,1,0.6390910888229823,0.6390910888229823
fpca256_30,outer_fold,65,2,0.25597131826201586,0.8950624070849982
fpca256_30,outer_fold,65,3,0.03421136417174375,0.9292737712567419
fpca256_30,outer_fold,65,4,0.01771809883473761,0.9469918700914796
fpca256_30,outer_fold,65,5,0.0042916514491247275,0.9512835215406042
fpca256_30,outer_fold,65,6,0.001653343385734299,0.9529368649263386
fpca256_30,outer_fold,65,7,0.001303852922636826,0.9542407178489754
fpca256_30,outer_fold,65,8,0.0010516279313467932,0.9552923457803222
fpca256_30,outer_fold,65,9,0.0009384782445566731,0.9562308240248789
fpca256_30,outer_fold,65,10,0.0008833397799238149,0.9571141638048027
fpca256_30,outer_fold,65,11,0.0008044758423037677,0.9579186396471066
fpca256_30,outer_fold,65,12,0.0007736749072938243,0.9586923145544004
fpca256_30,outer_fold,65,13,0.0007569287950573157,0.9594492433494577
fpca256_30,outer_fold,65,14,0.0007409889032679836,0.9601902322527257
fpca256_30,outer_fold,65,15,0.0007259932935209469,0.9609162255462467
fpca256_30,outer_fold,65,16,0.0007178987239391306,0.9616341242701858
fpca256_30,outer_fold,65,17,0.0006829551718840826,0.9623170794420699
fpca256_30,outer_fold,65,18,0.0006578411713793588,0.9629749206134492
fpca256_30,outer_fold,65,19,0.0006403536611803788,0.9636152742746297
fpca256_30,outer_fold,65,20,0.0006208673183223074,0.964236141592952
fpca256_30,outer_fold,65,21,0.0006125529573785571,0.9648486945503306
fpca256_30,outer_fold,65,22,0.000606480799157751,0.9654551753494883
fpca256_30,outer_fold,65,23,0.0005947443104407363,0.966049919659929
fpca256_30,outer_fold,65,24,0.0005860860169271896,0.9666360056768563
fpca256_30,outer_fold,65,25,0.0005813151254412255,0.9672173208022975
fpca256_30,outer_fold,65,26,0.0005728301843071186,0.9677901509866046
fpca256_30,outer_fold,65,27,0.0005600052017754771,0.96835015618838
fpca256_30,outer_fold,65,28,0.0005345440412121821,0.9688847002295923
fpca256_30,outer_fold,65,29,0.0005131665779744323,0.9693978668075667
fpca256_30,outer_fold,65,30,0.0005104534555284327,0.9699083202630951
fpca256_30,outer_fold,66,1,0.638353779309739,0.638353779309739
fpca256_30,outer_fold,66,2,0.2571488262792686,0.8955026055890076
fpca256_30,outer_fold,66,3,0.034168689055709474,0.9296712946447171
fpca256_30,outer_fold,66,4,0.01770127963843735,0.9473725742831545
fpca256_30,outer_fold,66,5,0.00455155677156557,0.9519241310547201
fpca256_30,outer_fold,66,6,0.0016546500154064267,0.9535787810701265
fpca256_30,outer_fold,66,7,0.0012156630694995284,0.954794444139626
fpca256_30,outer_fold,66,8,0.0009862447589508334,0.9557806888985768
fpca256_30,outer_fold,66,9,0.0008963952139151865,0.956677084112492
fpca256_30,outer_fold,66,10,0.0008875374384498912,0.9575646215509419
fpca256_30,outer_fold,66,11,0.0007976712522585334,0.9583622928032004
fpca256_30,outer_fold,66,12,0.0007928700092223817,0.9591551628124227
fpca256_30,outer_fold,66,13,0.0007348517522675236,0.9598900145646903
fpca256_30,outer_fold,66,14,0.0007247265701839068,0.9606147411348741
fpca256_30,outer_fold,66,15,0.000723256673384077,0.9613379978082582
fpca256_30,outer_fold,66,16,0.0006969028624410709,0.9620349006706993
fpca256_30,outer_fold,66,17,0.000695921725960386,0.9627308223966596
fpca256_30,outer_fold,66,18,0.0006566519978935227,0.9633874743945532
fpca256_30,outer_fold,66,19,0.0006335368571015928,0.9640210112516547
fpca256_30,outer_fold,66,20,0.0006177617791409846,0.9646387730307957
fpca256_30,outer_fold,66,21,0.0006069839722109519,0.9652457570030066
fpca256_30,outer_fold,66,22,0.0005968893715116709,0.9658426463745183
fpca256_30,outer_fold,66,23,0.0005911306474720996,0.9664337770219904
fpca256_30,outer_fold,66,24,0.0005739486358901077,0.9670077256578805
fpca256_30,outer_fold,66,25,0.0005681153428635517,0.9675758410007441
fpca256_30,outer_fold,66,26,0.0005410677234836945,0.9681169087242278
fpca256_30,outer_fold,66,27,0.0005196535736317882,0.9686365622978597
fpca256_30,outer_fold,66,28,0.0005082180387742603,0.9691447803366339
fpca256_30,outer_fold,66,29,0.0005037466923411004,0.969648527028975
fpca256_30,outer_fold,66,30,0.0004913496940351317,0.97013987672301
fpca256_30,outer_fold,67,1,0.615252856937671,0.615252856937671
fpca256_30,outer_fold,67,2,0.27668449100087084,0.8919373479385417
fpca256_30,outer_fold,67,3,0.037606789750132485,0.9295441376886742
fpca256_30,outer_fold,67,4,0.01768520232254988,0.947229340011224
fpca256_30,outer_fold,67,5,0.004697359164564097,0.9519266991757882
fpca256_30,outer_fold,67,6,0.001678688833938078,0.9536053880097263
fpca256_30,outer_fold,67,7,0.0012332831631957355,0.954838671172922
fpca256_30,outer_fold,67,8,0.0009942263880631432,0.9558328975609851
fpca256_30,outer_fold,67,9,0.0008908899831365847,0.9567237875441217
fpca256_30,outer_fold,67,10,0.0008365100465658937,0.9575602975906876
fpca256_30,outer_fold,67,11,0.0008036537677692041,0.9583639513584569
fpca256_30,outer_fold,67,12,0.0007625416788970785,0.959126493037354
fpca256_30,outer_fold,67,13,0.0007409068273872707,0.9598673998647412
fpca256_30,outer_fold,67,14,0.0007258503909221592,0.9605932502556634
fpca256_30,outer_fold,67,15,0.0007090167721067533,0.9613022670277702
fpca256_30,outer_fold,67,16,0.0006824792359195909,0.9619847462636898
fpca256_30,outer_fold,67,17,0.0006635087952921634,0.962648255058982
fpca256_30,outer_fold,67,18,0.0006481527013729802,0.963296407760355
fpca256_30,outer_fold,67,19,0.0006372442562059717,0.9639336520165609
fpca256_30,outer_fold,67,20,0.0006246358409862833,0.9645582878575472
fpca256_30,outer_fold,67,21,0.000596367575231362,0.9651546554327786
fpca256_30,outer_fold,67,22,0.0005942638334601124,0.9657489192662386
fpca256_30,outer_fold,67,23,0.0005826234183841797,0.9663315426846228
fpca256_30,outer_fold,67,24,0.0005727315238661522,0.966904274208489
fpca256_30,outer_fold,67,25,0.0005533628301682373,0.9674576370386573
fpca256_30,outer_fold,67,26,0.0005449425283663124,0.9680025795670236
fpca256_30,outer_fold,67,27,0.0005310693898209669,0.9685336489568446
fpca256_30,outer_fold,67,28,0.0005258873708206841,0.9690595363276653
fpca256_30,outer_fold,67,29,0.000515668707908,0.9695752050355733
fpca256_30,outer_fold,67,30,0.0004961826711971379,0.9700713877067704
fpca256_30,outer_fold,68,1,0.6100564793334067,0.6100564793334067
fpca256_30,outer_fold,68,2,0.27722391294257803,0.8872803922759847
fpca256_30,outer_fold,68,3,0.036424586150958685,0.9237049784269433
fpca256_30,outer_fold,68,4,0.019442927047654372,0.9431479054745977
fpca256_30,outer_fold,68,5,0.0047881595810958175,0.9479360650556935
fpca256_30,outer_fold,68,6,0.001812507603066848,0.9497485726587603
fpca256_30,outer_fold,68,7,0.001247657653424799,0.9509962303121852
fpca256_30,outer_fold,68,8,0.0010776117144918353,0.952073842026677
fpca256_30,outer_fold,68,9,0.00096216231630363,0.9530360043429806
fpca256_30,outer_fold,68,10,0.0008810849449855755,0.9539170892879663
fpca256_30,outer_fold,68,11,0.0008636524316589355,0.9547807417196252
fpca256_30,outer_fold,68,12,0.0008287592928648918,0.9556095010124901
fpca256_30,outer_fold,68,13,0.0007903961220134019,0.9563998971345035
fpca256_30,outer_fold,68,14,0.0007778829323651157,0.9571777800668686
fpca256_30,outer_fold,68,15,0.0007707149858556945,0.9579484950527243
fpca256_30,outer_fold,68,16,0.0007459962728997449,0.958694491325624
fpca256_30,outer_fold,68,17,0.0007261678268456476,0.9594206591524697
fpca256_30,outer_fold,68,18,0.0007058637102818265,0.9601265228627515
fpca256_30,outer_fold,68,19,0.0006909769818038109,0.9608174998445552
fpca256_30,outer_fold,68,20,0.0006755080566415748,0.9614930079011969
fpca256_30,outer_fold,68,21,0.0006721299576769293,0.9621651378588738
fpca256_30,outer_fold,68,22,0.0006419901241094977,0.9628071279829833
fpca256_30,outer_fold,68,23,0.0006385290413306904,0.963445657024314
fpca256_30,outer_fold,68,24,0.0006082413467481379,0.964053898371062
fpca256_30,outer_fold,68,25,0.000606293146673972,0.964660191517736
fpca256_30,outer_fold,68,26,0.0005955701130622019,0.9652557616307982
fpca256_30,outer_fold,68,27,0.0005840789652702531,0.9658398405960684
fpca256_30,outer_fold,68,28,0.0005651643768630861,0.9664050049729315
fpca256_30,outer_fold,68,29,0.0005605920715179427,0.9669655970444494
fpca256_30,outer_fold,68,30,0.0005560531516253598,0.9675216501960747
fpca256_30,outer_fold,69,1,0.6355454238025205,0.6355454238025205
fpca256_30,outer_fold,69,2,0.25740332269668664,0.8929487464992072
fpca256_30,outer_fold,69,3,0.03577310240217069,0.9287218489013779
fpca256_30,outer_fold,69,4,0.0166204308056605,0.9453422797070383
fpca256_30,outer_fold,69,5,0.004554851688229992,0.9498971313952683
fpca256_30,outer_fold,69,6,0.0015766726540435059,0.9514738040493118
fpca256_30,outer_fold,69,7,0.0013271324548262669,0.9528009365041381
fpca256_30,outer_fold,69,8,0.001042790464506915,0.9538437269686451
fpca256_30,outer_fold,69,9,0.0009578527162935439,0.9548015796849386
fpca256_30,outer_fold,69,10,0.0008808548610209862,0.9556824345459596
fpca256_30,outer_fold,69,11,0.0008311752843233304,0.9565136098302829
fpca256_30,outer_fold,69,12,0.0007794107055674511,0.9572930205358503
fpca256_30,outer_fold,69,13,0.0007619402527234981,0.9580549607885738
fpca256_30,outer_fold,69,14,0.000742553368173296,0.9587975141567471
fpca256_30,outer_fold,69,15,0.0007256353366956814,0.9595231494934428
fpca256_30,outer_fold,69,16,0.0007134886778564492,0.9602366381712992
fpca256_30,outer_fold,69,17,0.0006852596415478642,0.9609218978128471
fpca256_30,outer_fold,69,18,0.0006653777302083402,0.9615872755430555
fpca256_30,outer_fold,69,19,0.000652248607944595,0.962239524151
fpca256_30,outer_fold,69,20,0.0006370591391238383,0.9628765832901238
fpca256_30,outer_fold,69,21,0.0006276973647780974,0.9635042806549019
fpca256_30,outer_fold,69,22,0.0006114803242460777,0.964115760979148
fpca256_30,outer_fold,69,23,0.0006072096447643903,0.9647229706239123
fpca256_30,outer_fold,69,24,0.0005905241606920098,0.9653134947846044
fpca256_30,outer_fold,69,25,0.000574003415604301,0.9658874982002087
fpca256_30,outer_fold,69,26,0.0005613493928132731,0.966448847593022
fpca256_30,outer_fold,69,27,0.0005567162175371548,0.9670055638105591
fpca256_30,outer_fold,69,28,0.000537623763058021,0.9675431875736171
fpca256_30,outer_fold,69,29,0.0005323980393078118,0.968075585612925
fpca256_30,outer_fold,69,30,0.0005210105401136442,0.9685965961530386
fpca256_30,outer_fold,70,1,0.5878160234337383,0.5878160234337383
fpca256_30,outer_fold,70,2,0.301607752599252,0.8894237760329903
fpca256_30,outer_fold,70,3,0.03652873295479908,0.9259525089877894
fpca256_30,outer_fold,70,4,0.018683912224989576,0.9446364212127789
fpca256_30,outer_fold,70,5,0.00467057012874132,0.9493069913415202
fpca256_30,outer_fold,70,6,0.0017141501646434057,0.9510211415061636
fpca256_30,outer_fold,70,7,0.0012210871747003246,0.952242228680864
fpca256_30,outer_fold,70,8,0.0010339330882772027,0.9532761617691411
fpca256_30,outer_fold,70,9,0.0009441274799109649,0.9542202892490521
fpca256_30,outer_fold,70,10,0.0008977068534421923,0.9551179961024943
fpca256_30,outer_fold,70,11,0.0008475063154936857,0.955965502417988
fpca256_30,outer_fold,70,12,0.0008143219866124485,0.9567798244046004
fpca256_30,outer_fold,70,13,0.0007677616160823826,0.9575475860206828
fpca256_30,outer_fold,70,14,0.0007598607604890558,0.9583074467811719
fpca256_30,outer_fold,70,15,0.0007467140496652013,0.959054160830837
fpca256_30,outer_fold,70,16,0.0007378663814221538,0.9597920272122592
fpca256_30,outer_fold,70,17,0.0007117099867713347,0.9605037371990305
fpca256_30,outer_fold,70,18,0.0006997383427774069,0.9612034755418079
fpca256_30,outer_fold,70,19,0.0006719448123718041,0.9618754203541796
fpca256_30,outer_fold,70,20,0.0006708883212923562,0.962546308675472
fpca256_30,outer_fold,70,21,0.0006582539940704847,0.9632045626695425
fpca256_30,outer_fold,70,22,0.0006452861759921606,0.9638498488455346
fpca256_30,outer_fold,70,23,0.0006391015648217907,0.9644889504103564
fpca256_30,outer_fold,70,24,0.0005954726834327672,0.9650844230937892
fpca256_30,outer_fold,70,25,0.0005831856748649552,0.9656676087686541
fpca256_30,outer_fold,70,26,0.000575317304576804,0.9662429260732309
fpca256_30,outer_fold,70,27,0.0005679156384205385,0.9668108417116514
fpca256_30,outer_fold,70,28,0.0005520707226458414,0.9673629124342973
fpca256_30,outer_fold,70,29,0.000539586342617432,0.9679024987769147
fpca256_30,outer_fold,70,30,0.000527638943866361,0.968430137720781
fpca256_30,outer_fold,71,1,0.6264264715857693,0.6264264715857693
fpca256_30,outer_fold,71,2,0.26657262987885044,0.8929991014646197
fpca256_30,outer_fold,71,3,0.03629094431474677,0.9292900457793665
fpca256_30,outer_fold,71,4,0.016507201309121904,0.9457972470884883
fpca256_30,outer_fold,71,5,0.0042527284846755305,0.9500499755731638
fpca256_30,outer_fold,71,6,0.0016030244534196165,0.9516530000265835
fpca256_30,outer_fold,71,7,0.00128379422463131,0.9529367942512148
fpca256_30,outer_fold,71,8,0.0010620412154976593,0.9539988354667125
fpca256_30,outer_fold,71,9,0.0009337895202468561,0.9549326249869593
fpca256_30,outer_fold,71,10,0.0009244123639352608,0.9558570373508946
fpca256_30,outer_fold,71,11,0.0008329996660975869,0.9566900370169922
fpca256_30,outer_fold,71,12,0.0007961362875770341,0.9574861733045692
fpca256_30,outer_fold,71,13,0.0007667204764204366,0.9582528937809897
fpca256_30,outer_fold,71,14,0.00075006861950782,0.9590029624004974
fpca256_30,outer_fold,71,15,0.0007341186242951207,0.9597370810247925
fpca256_30,outer_fold,71,16,0.0007153316235520911,0.9604524126483446
fpca256_30,outer_fold,71,17,0.0006976842104325176,0.9611500968587771
fpca256_30,outer_fold,71,18,0.0006890217022037308,0.9618391185609808
fpca256_30,outer_fold,71,19,0.0006459463393544849,0.9624850649003353
fpca256_30,outer_fold,71,20,0.0006392905508246522,0.9631243554511599
fpca256_30,outer_fold,71,21,0.0006184000332660114,0.9637427554844259
fpca256_30,outer_fold,71,22,0.0006057088906601741,0.964348464375086
fpca256_30,outer_fold,71,23,0.0005960633611250372,0.9649445277362111
fpca256_30,outer_fold,71,24,0.0005847234967259145,0.965529251232937
fpca256_30,outer_fold,71,25,0.0005782953742696834,0.9661075466072067
fpca256_30,outer_fold,71,26,0.0005730922718465343,0.9666806388790532
fpca256_30,outer_fold,71,27,0.0005545513812971151,0.9672351902603503
fpca256_30,outer_fold,71,28,0.000545174535071677,0.967780364795422
fpca256_30,outer_fold,71,29,0.0005413243536020721,0.9683216891490241
fpca256_30,outer_fold,71,30,0.0005306906582583488,0.9688523798072824
fpca256_30,outer_fold,72,1,0.6437932862402036,0.6437932862402036
fpca256_30,outer_fold,72,2,0.25116939010489603,0.8949626763450996
fpca256_30,outer_fold,72,3,0.03519424763390617,0.9301569239790058
fpca256_30,outer_fold,72,4,0.016629140434010158,0.946786064413016
fpca256_30,outer_fold,72,5,0.004691001656800225,0.9514770660698163
fpca256_30,outer_fold,72,6,0.0015606254446670605,0.9530376915144834
fpca256_30,outer_fold,72,7,0.0012845384450792037,0.9543222299595626
fpca256_30,outer_fold,72,8,0.0009959411551618506,0.9553181711147245
fpca256_30,outer_fold,72,9,0.0009333191231100272,0.9562514902378345
fpca256_30,outer_fold,72,10,0.0009023103343560852,0.9571538005721906
fpca256_30,outer_fold,72,11,0.0008157328880279548,0.9579695334602185
fpca256_30,outer_fold,72,12,0.0007627916375028398,0.9587323250977213
fpca256_30,outer_fold,72,13,0.0007538828057955869,0.9594862079035169
fpca256_30,outer_fold,72,14,0.0007404640019964239,0.9602266719055134
fpca256_30,outer_fold,72,15,0.0007141484039627653,0.9609408203094761
fpca256_30,outer_fold,72,16,0.0006993712489918898,0.961640191558468
fpca256_30,outer_fold,72,17,0.0006706824785099383,0.962310874036978
fpca256_30,outer_fold,72,18,0.0006672923960678797,0.9629781664330459
fpca256_30,outer_fold,72,19,0.0006549714978537338,0.9636331379308997
fpca256_30,outer_fold,72,20,0.0006323154303416968,0.9642654533612414
fpca256_30,outer_fold,72,21,0.0006183961297453657,0.9648838494909867
fpca256_30,outer_fold,72,22,0.0005980219585168319,0.9654818714495036
fpca256_30,outer_fold,72,23,0.0005872789373913114,0.9660691503868949
fpca256_30,outer_fold,72,24,0.0005673672893518534,0.9666365176762467
fpca256_30,outer_fold,72,25,0.000557720160134754,0.9671942378363815
fpca256_30,outer_fold,72,26,0.0005550287241826411,0.9677492665605641
fpca256_30,outer_fold,72,27,0.0005504699349356617,0.9682997364954998
fpca256_30,outer_fold,72,28,0.0005389549684453491,0.9688386914639452
fpca256_30,outer_fold,72,29,0.000516452663690454,0.9693551441276357
fpca256_30,outer_fold,72,30,0.0005098778375261112,0.9698650219651618
fpca256_30,outer_fold,73,1,0.6373988718682553,0.6373988718682553
fpca256_30,outer_fold,73,2,0.2584726297696111,0.8958715016378664
fpca256_30,outer_fold,73,3,0.03222391804771885,0.9280954196855853
fpca256_30,outer_fold,73,4,0.018458051108724397,0.9465534707943097
fpca256_30,outer_fold,73,5,0.0046164334235821725,0.9511699042178919
fpca256_30,outer_fold,73,6,0.001770027048478552,0.9529399312663704
fpca256_30,outer_fold,73,7,0.0012847244680425215,0.954224655734413
fpca256_30,outer_fold,73,8,0.0009642069440000691,0.9551888626784131
fpca256_30,outer_fold,73,9,0.0009054602396916093,0.9560943229181047
fpca256_30,outer_fold,73,10,0.0008817385036781497,0.9569760614217828
fpca256_30,outer_fold,73,11,0.0007800091516957833,0.9577560705734786
fpca256_30,outer_fold,73,12,0.0007731409244667541,0.9585292114979453
fpca256_30,outer_fold,73,13,0.0007468875424700845,0.9592760990404154
fpca256_30,outer_fold,73,14,0.0007425620761849267,0.9600186611166004
fpca256_30,outer_fold,73,15,0.0007242227914516464,0.9607428839080521
fpca256_30,outer_fold,73,16,0.0006641238364130717,0.9614070077444652
fpca256_30,outer_fold,73,17,0.000652185699076232,0.9620591934435414
fpca256_30,outer_fold,73,18,0.0006360703253110891,0.9626952637688525
fpca256_30,outer_fold,73,19,0.0006327839064390763,0.9633280476752916
fpca256_30,outer_fold,73,20,0.0006193630045608553,0.9639474106798525
fpca256_30,outer_fold,73,21,0.0006064772852054617,0.9645538879650579
fpca256_30,outer_fold,73,22,0.0005912665826410272,0.965145154547699
fpca256_30,outer_fold,73,23,0.0005787059441058653,0.9657238604918049
fpca256_30,outer_fold,73,24,0.0005690546300047161,0.9662929151218096
fpca256_30,outer_fold,73,25,0.0005643623527551335,0.9668572774745647
fpca256_30,outer_fold,73,26,0.0005473799234636187,0.9674046573980284
fpca256_30,outer_fold,73,27,0.0005423282829489306,0.9679469856809774
fpca256_30,outer_fold,73,28,0.0005339485234078495,0.9684809342043852
fpca256_30,outer_fold,73,29,0.0005128200673875112,0.9689937542717727
fpca256_30,outer_fold,73,30,0.0005082638810123544,0.969502018152785
fpca256_30,outer_fold,74,1,0.644100864658889,0.644100864658889
fpca256_30,outer_fold,74,2,0.24575929223949347,0.8898601568983825
fpca256_30,outer_fold,74,3,0.037270018187283746,0.9271301750856662
fpca256_30,outer_fold,74,4,0.019330405018022308,0.9464605801036885
fpca256_30,outer_fold,74,5,0.004444138685140043,0.9509047187888285
fpca256_30,outer_fold,74,6,0.0017660996494933776,0.9526708184383219
fpca256_30,outer_fold,74,7,0.0012449343348085284,0.9539157527731305
fpca256_30,outer_fold,74,8,0.0010192775996625274,0.954935030372793
fpca256_30,outer_fold,74,9,0.0008922002057972936,0.9558272305785903
fpca256_30,outer_fold,74,10,0.0008750153637810844,0.9567022459423714
fpca256_30,outer_fold,74,11,0.0008145886346524203,0.9575168345770239
fpca256_30,outer_fold,74,12,0.0008004221583855758,0.9583172567354095
fpca256_30,outer_fold,74,13,0.0007745753407941451,0.9590918320762036
fpca256_30,outer_fold,74,14,0.000741496185041703,0.9598333282612453
fpca256_30,outer_fold,74,15,0.0007259683901513185,0.9605592966513966
fpca256_30,outer_fold,74,16,0.0007068365510215747,0.9612661332024182
fpca256_30,outer_fold,74,17,0.0006897144755862405,0.9619558476780043
fpca256_30,outer_fold,74,18,0.0006680843184337928,0.9626239319964381
fpca256_30,outer_fold,74,19,0.0006535649629749328,0.9632774969594131
fpca256_30,outer_fold,74,20,0.0006300362774093973,0.9639075332368225
fpca256_30,outer_fold,74,21,0.0006236686009649659,0.9645312018377875
fpca256_30,outer_fold,74,22,0.0006011989457019268,0.9651324007834894
fpca256_30,outer_fold,74,23,0.0005860516930637217,0.9657184524765531
fpca256_30,outer_fold,74,24,0.0005683244831802189,0.9662867769597333
fpca256_30,outer_fold,74,25,0.0005553296106778359,0.9668421065704111
fpca256_30,outer_fold,74,26,0.0005461192032493959,0.9673882257736606
fpca256_30,outer_fold,74,27,0.0005307882993723901,0.9679190140730329
fpca256_30,outer_fold,74,28,0.0005239789859934901,0.9684429930590265
fpca256_30,outer_fold,74,29,0.0005099110879427068,0.9689529041469692
fpca256_30,outer_fold,74,30,0.0005080699974494876,0.9694609741444187
fpca256_30,outer_fold,75,1,0.644890495323852,0.644890495323852
fpca256_30,outer_fold,75,2,0.24846466796845207,0.893355163292304
fpca256_30,outer_fold,75,3,0.03467869161626061,0.9280338549085646
fpca256_30,outer_fold,75,4,0.01959085420288441,0.947624709111449
fpca256_30,outer_fold,75,5,0.00436527170062926,0.9519899808120783
fpca256_30,outer_fold,75,6,0.0017653825546328137,0.9537553633667111
fpca256_30,outer_fold,75,7,0.001196644962678538,0.9549520083293896
fpca256_30,outer_fold,75,8,0.0010646267839627365,0.9560166351133523
fpca256_30,outer_fold,75,9,0.0009357903559285658,0.9569524254692809
fpca256_30,outer_fold,75,10,0.0008828982674622672,0.9578353237367432
fpca256_30,outer_fold,75,11,0.0007985859500707439,0.958633909686814
fpca256_30,outer_fold,75,12,0.0007687364429507059,0.9594026461297647
fpca256_30,outer_fold,75,13,0.000745232901162873,0.9601478790309276
fpca256_30,outer_fold,75,14,0.0007321397118755196,0.960880018742803
fpca256_30,outer_fold,75,15,0.0007094724023928372,0.9615894911451959
fpca256_30,outer_fold,75,16,0.0006992495665315497,0.9622887407117274
fpca256_30,outer_fold,75,17,0.0006831441480006035,0.9629718848597281
fpca256_30,outer_fold,75,18,0.000671989041857079,0.9636438739015851
fpca256_30,outer_fold,75,19,0.0006564559628525442,0.9643003298644377
fpca256_30,outer_fold,75,20,0.0006189671151432827,0.964919296979581
fpca256_30,outer_fold,75,21,0.0005924946646931261,0.9655117916442741
fpca256_30,outer_fold,75,22,0.000583449418631675,0.9660952410629058
fpca256_30,outer_fold,75,23,0.0005693362751781567,0.966664577338084
fpca256_30,outer_fold,75,24,0.0005569333504429349,0.9672215106885269
fpca256_30,outer_fold,75,25,0.0005490439787253529,0.9677705546672523
fpca256_30,outer_fold,75,26,0.0005346621654639226,0.9683052168327162
fpca256_30,outer_fold,75,27,0.0005206885273800027,0.9688259053600962
fpca256_30,outer_fold,75,28,0.0005177835100017634,0.9693436888700979
fpca256_30,outer_fold,75,29,0.0005111085872217396,0.9698547974573196
fpca256_30,outer_fold,75,30,0.0004932140614645311,0.9703480115187841
fpca256_30,outer_fold,76,1,0.6306968139491772,0.6306968139491772
fpca256_30,outer_fold,76,2,0.2656130442084352,0.8963098581576123
fpca256_30,outer_fold,76,3,0.03434925616616782,0.9306591143237801
fpca256_30,outer_fold,76,4,0.016589900404132045,0.9472490147279121
fpca256_30,outer_fold,76,5,0.00447024572007619,0.9517192604479883
fpca256_30,outer_fold,76,6,0.001555066675364844,0.9532743271233531
fpca256_30,outer_fold,76,7,0.001290554875191277,0.9545648819985444
fpca256_30,outer_fold,76,8,0.0009402827200930742,0.9555051647186374
fpca256_30,outer_fold,76,9,0.0009019121479412817,0.9564070768665788
fpca256_30,outer_fold,76,10,0.0008745106437884312,0.9572815875103672
fpca256_30,outer_fold,76,11,0.0007883762476361947,0.9580699637580034
fpca256_30,outer_fold,76,12,0.0007795055535569933,0.9588494693115603
fpca256_30,outer_fold,76,13,0.0007656900775783245,0.9596151593891387
fpca256_30,outer_fold,76,14,0.0007360436278775258,0.9603512030170162
fpca256_30,outer_fold,76,15,0.0006939500217925536,0.9610451530388087
fpca256_30,outer_fold,76,16,0.0006787290721736373,0.9617238821109823
fpca256_30,outer_fold,76,17,0.0006748507293573595,0.9623987328403396
fpca256_30,outer_fold,76,18,0.0006388793186816875,0.9630376121590213
fpca256_30,outer_fold,76,19,0.0006116695255410106,0.9636492816845623
fpca256_30,outer_fold,76,20,0.0006080599766470191,0.9642573416612094
fpca256_30,outer_fold,76,21,0.0005987545025769742,0.9648560961637863
fpca256_30,outer_fold,76,22,0.0005853115280886581,0.9654414076918749
fpca256_30,outer_fold,76,23,0.0005769211930101822,0.9660183288848851
fpca256_30,outer_fold,76,24,0.0005591982139914608,0.9665775270988766
fpca256_30,outer_fold,76,25,0.0005411029837451407,0.9671186300826217
fpca256_30,outer_fold,76,26,0.0005399759985272221,0.9676586060811488
fpca256_30,outer_fold,76,27,0.0005323541744589277,0.9681909602556078
fpca256_30,outer_fold,76,28,0.0005193752784597918,0.9687103355340676
fpca256_30,outer_fold,76,29,0.0005078078205556723,0.9692181433546233
fpca256_30,outer_fold,76,30,0.0005010577201790238,0.9697192010748024
fpca256_30,outer_fold,77,1,0.6444651680236662,0.6444651680236662
fpca256_30,outer_fold,77,2,0.24867124866350412,0.8931364166871703
fpca256_30,outer_fold,77,3,0.037343342470826914,0.9304797591579972
fpca256_30,outer_fold,77,4,0.017108987542298955,0.9475887467002961
fpca256_30,outer_fold,77,5,0.004595870422927129,0.9521846171232232
fpca256_30,outer_fold,77,6,0.0016619513640567293,0.95384656848728
fpca256_30,outer_fold,77,7,0.0012597660738319098,0.9551063345611119
fpca256_30,outer_fold,77,8,0.0010119195943797841,0.9561182541554917
fpca256_30,outer_fold,77,9,0.0008964177639763847,0.9570146719194681
fpca256_30,outer_fold,77,10,0.0008668884319291167,0.9578815603513973
fpca256_30,outer_fold,77,11,0.0008100218141829727,0.9586915821655803
fpca256_30,outer_fold,77,12,0.0007740753019091054,0.9594656574674894
fpca256_30,outer_fold,77,13,0.0007356145275950724,0.9602012719950844
fpca256_30,outer_fold,77,14,0.0007175384998605006,0.9609188104949449
fpca256_30,outer_fold,77,15,0.0007064009988402788,0.9616252114937851
fpca256_30,outer_fold,77,16,0.0006737806456222934,0.9622989921394074
fpca256_30,outer_fold,77,17,0.0006667614932298443,0.9629657536326373
fpca256_30,outer_fold,77,18,0.0006451340966413616,0.9636108877292786
fpca256_30,outer_fold,77,19,0.0006352095909628566,0.9642460973202415
fpca256_30,outer_fold,77,20,0.0006241715579727926,0.9648702688782143
fpca256_30,outer_fold,77,21,0.0005992217391650381,0.9654694906173793
fpca256_30,outer_fold,77,22,0.0005921600698677045,0.966061650687247
fpca256_30,outer_fold,77,23,0.000575694252044576,0.9666373449392917
fpca256_30,outer_fold,77,24,0.000567798620094186,0.9672051435593858
fpca256_30,outer_fold,77,25,0.0005528905526792013,0.967758034112065
fpca256_30,outer_fold,77,26,0.0005391547177150472,0.96829718882978
fpca256_30,outer_fold,77,27,0.000532660337814394,0.9688298491675944
fpca256_30,outer_fold,77,28,0.0005182903018041114,0.9693481394693985
fpca256_30,outer_fold,77,29,0.0005146412999599976,0.9698627807693585
fpca256_30,outer_fold,77,30,0.0005031194247607395,0.9703659001941193
fpca256_30,outer_fold,78,1,0.6182257863483326,0.6182257863483326
fpca256_30,outer_fold,78,2,0.27510703463498015,0.8933328209833127
fpca256_30,outer_fold,78,3,0.03283825033445982,0.9261710713177725
fpca256_30,outer_fold,78,4,0.017494944654597912,0.9436660159723704
fpca256_30,outer_fold,78,5,0.004423681158135943,0.9480896971305064
fpca256_30,outer_fold,78,6,0.001710105288141448,0.9497998024186478
fpca256_30,outer_fold,78,7,0.0013200170310322687,0.95111981944968
fpca256_30,outer_fold,78,8,0.0010402413759575033,0.9521600608256375
fpca256_30,outer_fold,78,9,0.0009734210098483425,0.9531334818354859
fpca256_30,outer_fold,78,10,0.0009612234726772598,0.9540947053081631
fpca256_30,outer_fold,78,11,0.0008858384466843524,0.9549805437548474
fpca256_30,outer_fold,78,12,0.0008127886990441558,0.9557933324538915
fpca256_30,outer_fold,78,13,0.000795904745956094,0.9565892371998477
fpca256_30,outer_fold,78,14,0.0007818566323440333,0.9573710938321917
fpca256_30,outer_fold,78,15,0.0007619922160793954,0.9581330860482711
fpca256_30,outer_fold,78,16,0.0007342231634298782,0.9588673092117009
fpca256_30,outer_fold,78,17,0.0007280240842636144,0.9595953332959646
fpca256_30,outer_fold,78,18,0.0007156890531040675,0.9603110223490686
fpca256_30,outer_fold,78,19,0.0006946542906878717,0.9610056766397564
fpca256_30,outer_fold,78,20,0.0006826697533573722,0.9616883463931138
fpca256_30,outer_fold,78,21,0.0006678762621495076,0.9623562226552633
fpca256_30,outer_fold,78,22,0.0006509561029455374,0.9630071787582088
fpca256_30,outer_fold,78,23,0.0006320811817151299,0.9636392599399239
fpca256_30,outer_fold,78,24,0.0006290179432647935,0.9642682778831887
fpca256_30,outer_fold,78,25,0.00061753451219737,0.9648858123953861
fpca256_30,outer_fold,78,26,0.0005925381714237284,0.9654783505668098
fpca256_30,outer_fold,78,27,0.0005893144459656194,0.9660676650127754
fpca256_30,outer_fold,78,28,0.0005788254289539355,0.9666464904417293
fpca256_30,outer_fold,78,29,0.0005645809410394683,0.9672110713827688
fpca256_30,outer_fold,78,30,0.0005349959917438497,0.9677460673745127
fpca256_30,outer_fold,79,1,0.6035849122018931,0.6035849122018931
fpca256_30,outer_fold,79,2,0.28349210457627394,0.8870770167781671
fpca256_30,outer_fold,79,3,0.037349983947652585,0.9244270007258196
fpca256_30,outer_fold,79,4,0.01913670102802149,0.9435637017538411
fpca256_30,outer_fold,79,5,0.0048976655308875005,0.9484613672847286
fpca256_30,outer_fold,79,6,0.0017950397086008193,0.9502564069933295
fpca256_30,outer_fold,79,7,0.0012590906746387488,0.9515154976679682
fpca256_30,outer_fold,79,8,0.0010523434631762522,0.9525678411311445
fpca256_30,outer_fold,79,9,0.0009709827351726142,0.953538823866317
fpca256_30,outer_fold,79,10,0.0008556398180490262,0.9543944636843661
fpca256_30,outer_fold,79,11,0.0008282418475407792,0.9552227055319069
fpca256_30,outer_fold,79,12,0.0008097023020301404,0.9560324078339371
fpca256_30,outer_fold,79,13,0.0008047566718727666,0.9568371645058098
fpca256_30,outer_fold,79,14,0.000758677740777387,0.9575958422465872
fpca256_30,outer_fold,79,15,0.0007455812469877928,0.958341423493575
fpca256_30,outer_fold,79,16,0.0007221875137995071,0.9590636110073745
fpca256_30,outer_fold,79,17,0.0006992408483313445,0.9597628518557059
fpca256_30,outer_fold,79,18,0.0006918835213702366,0.9604547353770762
fpca256_30,outer_fold,79,19,0.0006751439568262413,0.9611298793339024
fpca256_30,outer_fold,79,20,0.0006653934628071113,0.9617952727967095
fpca256_30,outer_fold,79,21,0.000653902925388672,0.9624491757220982
fpca256_30,outer_fold,79,22,0.0006442246778598037,0.963093400399958
fpca256_30,outer_fold,79,23,0.0006322525519569767,0.963725652951915
fpca256_30,outer_fold,79,24,0.0006188257489597003,0.9643444787008747
fpca256_30,outer_fold,79,25,0.0006087769809163009,0.964953255681791
fpca256_30,outer_fold,79,26,0.00058737904632378,0.9655406347281148
fpca256_30,outer_fold,79,27,0.0005811493084687771,0.9661217840365836
fpca256_30,outer_fold,79,28,0.0005707058770317533,0.9666924899136153
fpca256_30,outer_fold,79,29,0.0005485786839196775,0.967241068597535
fpca256_30,outer_fold,79,30,0.0005427493241597741,0.9677838179216948
fpca256_30,outer_fold,80,1,0.6275003712657418,0.6275003712657418
fpca256_30,outer_fold,80,2,0.2653397808349947,0.8928401521007365
fpca256_30,outer_fold,80,3,0.03601100790969689,0.9288511600104334
fpca256_30,outer_fold,80,4,0.019097584623029212,0.9479487446334627
fpca256_30,outer_fold,80,5,0.004570871110138571,0.9525196157436012
fpca256_30,outer_fold,80,6,0.001712851845780936,0.9542324675893822
fpca256_30,outer_fold,80,7,0.0012132026736707173,0.9554456702630529
fpca256_30,outer_fold,80,8,0.0009587795805965389,0.9564044498436495
fpca256_30,outer_fold,80,9,0.000890809517340788,0.9572952593609902
fpca256_30,outer_fold,80,10,0.0008592821639129707,0.9581545415249032
fpca256_30,outer_fold,80,11,0.0007799203251342405,0.9589344618500374
fpca256_30,outer_fold,80,12,0.0007717101125049289,0.9597061719625423
fpca256_30,outer_fold,80,13,0.0007573754691769911,0.9604635474317192
fpca256_30,outer_fold,80,14,0.0007085408791078704,0.9611720883108271
fpca256_30,outer_fold,80,15,0.0007064955404498366,0.961878583851277
fpca256_30,outer_fold,80,16,0.0006835651760972926,0.9625621490273742
fpca256_30,outer_fold,80,17,0.0006812759579492071,0.9632434249853234
fpca256_30,outer_fold,80,18,0.0006466285594965244,0.9638900535448199
fpca256_30,outer_fold,80,19,0.0006280685835810154,0.9645181221284009
fpca256_30,outer_fold,80,20,0.0006089527877156156,0.9651270749161166
fpca256_30,outer_fold,80,21,0.0005910891863946148,0.9657181641025112
fpca256_30,outer_fold,80,22,0.0005706093408886786,0.9662887734433999
fpca256_30,outer_fold,80,23,0.0005612511999027006,0.9668500246433026
fpca256_30,outer_fold,80,24,0.0005554897721779926,0.9674055144154806
fpca256_30,outer_fold,80,25,0.0005471040283363811,0.967952618443817
fpca256_30,outer_fold,80,26,0.0005322726343687512,0.9684848910781857
fpca256_30,outer_fold,80,27,0.0005311240451529002,0.9690160151233386
fpca256_30,outer_fold,80,28,0.0005108606374837627,0.9695268757608223
fpca256_30,outer_fold,80,29,0.0005085408738455127,0.9700354166346679
fpca256_30,outer_fold,80,30,0.0004967531658723669,0.9705321698005402
fpca256_30,outer_fold,81,1,0.6138787159030954,0.6138787159030954
fpca256_30,outer_fold,81,2,0.2753405184677559,0.8892192343708514
fpca256_30,outer_fold,81,3,0.034350410894935436,0.9235696452657868
fpca256_30,outer_fold,81,4,0.017629746825293342,0.9411993920910802
fpca256_30,outer_fold,81,5,0.004717221880542941,0.9459166139716231
fpca256_30,outer_fold,81,6,0.001452424412374759,0.9473690383839979
fpca256_30,outer_fold,81,7,0.0012808245053886193,0.9486498628893865
fpca256_30,outer_fold,81,8,0.001046117672007324,0.9496959805613938
fpca256_30,outer_fold,81,9,0.001030307215249862,0.9507262877766437
fpca256_30,outer_fold,81,10,0.0009557266226703756,0.9516820143993141
fpca256_30,outer_fold,81,11,0.0008977116978129172,0.952579726097127
fpca256_30,outer_fold,81,12,0.0008759205022254829,0.9534556465993526
fpca256_30,outer_fold,81,13,0.000824888477572772,0.9542805350769253
fpca256_30,outer_fold,81,14,0.0008195803225194885,0.9551001153994448
fpca256_30,outer_fold,81,15,0.0007941082120528161,0.9558942236114977
fpca256_30,outer_fold,81,16,0.0007681463315253423,0.956662369943023
fpca256_30,outer_fold,81,17,0.0007522615929052295,0.9574146315359282
fpca256_30,outer_fold,81,18,0.0007345574596044765,0.9581491889955327
fpca256_30,outer_fold,81,19,0.0007201322038250258,0.9588693211993577
fpca256_30,outer_fold,81,20,0.000706771326281619,0.9595760925256394
fpca256_30,outer_fold,81,21,0.0006925557659732045,0.9602686482916125
fpca256_30,outer_fold,81,22,0.0006779993677941959,0.9609466476594067
fpca256_30,outer_fold,81,23,0.00065982619207032,0.961606473851477
fpca256_30,outer_fold,81,24,0.0006401324947113977,0.9622466063461884
fpca256_30,outer_fold,81,25,0.0006247801575292191,0.9628713865037176
fpca256_30,outer_fold,81,26,0.000618684653537445,0.963490071157255
fpca256_30,outer_fold,81,27,0.0005980737635118897,0.9640881449207669
fpca256_30,outer_fold,81,28,0.0005894868237992595,0.9646776317445661
fpca256_30,outer_fold,81,29,0.0005838471480798551,0.965261478892646
fpca256_30,outer_fold,81,30,0.0005706790263943849,0.9658321579190404
fpca256_30,outer_fold,82,1,0.6464172156434101,0.6464172156434101
fpca256_30,outer_fold,82,2,0.24745828275640033,0.8938754983998105
fpca256_30,outer_fold,82,3,0.0367882497757256,0.9306637481755361
fpca256_30,outer_fold,82,4,0.016334215733875886,0.9469979639094119
fpca256_30,outer_fold,82,5,0.0045763093269681,0.95157427323638
fpca256_30,outer_fold,82,6,0.0017622860061255463,0.9533365592425056
fpca256_30,outer_fold,82,7,0.0012965644412701739,0.9546331236837757
fpca256_30,outer_fold,82,8,0.001039027587044078,0.9556721512708198
fpca256_30,outer_fold,82,9,0.0009216984730453304,0.9565938497438652
fpca256_30,outer_fold,82,10,0.0008781588464493893,0.9574720085903146
fpca256_30,outer_fold,82,11,0.0007925344462291956,0.9582645430365437
fpca256_30,outer_fold,82,12,0.0007639271588368601,0.9590284701953806
fpca256_30,outer_fold,82,13,0.0007447530687560552,0.9597732232641367
fpca256_30,outer_fold,82,14,0.0007368097073652203,0.960510032971502
fpca256_30,outer_fold,82,15,0.0007181170945154164,0.9612281500660174
fpca256_30,outer_fold,82,16,0.0007130832202468365,0.9619412332862642
fpca256_30,outer_fold,82,17,0.0006848516479831897,0.9626260849342474
fpca256_30,outer_fold,82,18,0.0006742482644708725,0.9633003331987182
fpca256_30,outer_fold,82,19,0.0006488494997500594,0.9639491826984683
fpca256_30,outer_fold,82,20,0.0006139000963753331,0.9645630827948436
fpca256_30,outer_fold,82,21,0.000607127256583783,0.9651702100514273
fpca256_30,outer_fold,82,22,0.0005991096864589617,0.9657693197378863
fpca256_30,outer_fold,82,23,0.000589357777495091,0.9663586775153814
fpca256_30,outer_fold,82,24,0.0005769820427088386,0.9669356595580902
fpca256_30,outer_fold,82,25,0.0005629565044514038,0.9674986160625416
fpca256_30,outer_fold,82,26,0.0005558488257989002,0.9680544648883406
fpca256_30,outer_fold,82,27,0.0005365261064983187,0.9685909909948389
fpca256_30,outer_fold,82,28,0.0005290212611995018,0.9691200122560384
fpca256_30,outer_fold,82,29,0.0005245739409682241,0.9696445861970067
fpca256_30,outer_fold,82,30,0.0005006519366392934,0.970145238133646
fpca256_30,outer_fold,83,1,0.6351089246880873,0.6351089246880873
fpca256_30,outer_fold,83,2,0.2596861539163067,0.894795078604394
fpca256_30,outer_fold,83,3,0.03468216914056543,0.9294772477449594
fpca256_30,outer_fold,83,4,0.017808616627126378,0.9472858643720858
fpca256_30,outer_fold,83,5,0.004438205567913887,0.9517240699399997
fpca256_30,outer_fold,83,6,0.001641967024932149,0.9533660369649318
fpca256_30,outer_fold,83,7,0.0012637607244342893,0.9546297976893661
fpca256_30,outer_fold,83,8,0.0010302288949160347,0.9556600265842821
fpca256_30,outer_fold,83,9,0.0008979694249963631,0.9565579960092784
fpca256_30,outer_fold,83,10,0.0008596331077673615,0.9574176291170458
fpca256_30,outer_fold,83,11,0.0007846174809054867,0.9582022465979513
fpca256_30,outer_fold,83,12,0.0007722088655936814,0.958974455463545
fpca256_30,outer_fold,83,13,0.0007473450629998087,0.9597218005265448
fpca256_30,outer_fold,83,14,0.0007077857527893445,0.9604295862793341
fpca256_30,outer_fold,83,15,0.0007003094815888819,0.9611298957609229
fpca256_30,outer_fold,83,16,0.0006737714042678221,0.9618036671651907
fpca256_30,outer_fold,83,17,0.0006644779543824745,0.9624681451195732
fpca256_30,outer_fold,83,18,0.0006405610393897326,0.9631087061589629
fpca256_30,outer_fold,83,19,0.0006268978956122475,0.9637356040545751
fpca256_30,outer_fold,83,20,0.0006147154356959182,0.9643503194902711
fpca256_30,outer_fold,83,21,0.0006002555799249157,0.964950575070196
fpca256_30,outer_fold,83,22,0.0005933323158739655,0.96554390738607
fpca256_30,outer_fold,83,23,0.0005861996016451492,0.9661301069877152
fpca256_30,outer_fold,83,24,0.0005727549772167955,0.9667028619649319
fpca256_30,outer_fold,83,25,0.0005624070474775279,0.9672652690124095
fpca256_30,outer_fold,83,26,0.0005470812531264886,0.967812350265536
fpca256_30,outer_fold,83,27,0.000537706001294656,0.9683500562668307
fpca256_30,outer_fold,83,28,0.0005134256945500428,0.9688634819613807
fpca256_30,outer_fold,83,29,0.0005035898864684263,0.9693670718478492
fpca256_30,outer_fold,83,30,0.000500513993060382,0.9698675858409096
fpca256_30,outer_fold,84,1,0.6179754998168073,0.6179754998168073
fpca256_30,outer_fold,84,2,0.27447052826643575,0.8924460280832431
fpca256_30,outer_fold,84,3,0.035188416712818124,0.9276344447960613
fpca256_30,outer_fold,84,4,0.018561653914753833,0.9461960987108151
fpca256_30,outer_fold,84,5,0.0044981246445913465,0.9506942233554064
fpca256_30,outer_fold,84,6,0.001744977565210947,0.9524392009206174
fpca256_30,outer_fold,84,7,0.0012367227110425417,0.95367592363166
fpca256_30,outer_fold,84,8,0.001038014671994216,0.9547139383036543
fpca256_30,outer_fold,84,9,0.000919321859625698,0.95563326016328
fpca256_30,outer_fold,84,10,0.0008880092370219839,0.956521269400302
fpca256_30,outer_fold,84,11,0.0008016809957658327,0.9573229503960679
fpca256_30,outer_fold,84,12,0.0007981510397442038,0.9581211014358121
fpca256_30,outer_fold,84,13,0.0007625565757487863,0.9588836580115608
fpca256_30,outer_fold,84,14,0.0007311894141043475,0.9596148474256652
fpca256_30,outer_fold,84,15,0.0007194634347851641,0.9603343108604503
fpca256_30,outer_fold,84,16,0.0007043680170910128,0.9610386788775414
fpca256_30,outer_fold,84,17,0.0006848844106726397,0.961723563288214
fpca256_30,outer_fold,84,18,0.0006654543706628158,0.9623890176588767
fpca256_30,outer_fold,84,19,0.0006425752389585474,0.9630315928978352
fpca256_30,outer_fold,84,20,0.0006354787631427262,0.963667071660978
fpca256_30,outer_fold,84,21,0.0006250179966520661,0.96429208965763
fpca256_30,outer_fold,84,22,0.0006042626495175479,0.9648963523071475
fpca256_30,outer_fold,84,23,0.0005859079520530043,0.9654822602592006
fpca256_30,outer_fold,84,24,0.0005697159281217145,0.9660519761873223
fpca256_30,outer_fold,84,25,0.0005644002953389923,0.9666163764826613
fpca256_30,outer_fold,84,26,0.0005473482873109462,0.9671637247699723
fpca256_30,outer_fold,84,27,0.0005353957023741592,0.9676991204723464
fpca256_30,outer_fold,84,28,0.0005301199623075768,0.968229240434654
fpca256_30,outer_fold,84,29,0.0005201534468278532,0.9687493938814818
fpca256_30,outer_fold,84,30,0.0005110695956644068,0.9692604634771462
fpca256_30,outer_fold,85,1,0.6322247985487071,0.6322247985487071
fpca256_30,outer_fold,85,2,0.2584641199222364,0.8906889184709434
fpca256_30,outer_fold,85,3,0.03729147673901598,0.9279803952099595
fpca256_30,outer_fold,85,4,0.017493974329793317,0.9454743695397527
fpca256_30,outer_fold,85,5,0.004524091630165414,0.9499984611699182
fpca256_30,outer_fold,85,6,0.0017811011247157642,0.9517795622946339
fpca256_30,outer_fold,85,7,0.0013481223119087746,0.9531276846065426
fpca256_30,outer_fold,85,8,0.001071939619038213,0.9541996242255808
fpca256_30,outer_fold,85,9,0.000948767345612283,0.9551483915711931
fpca256_30,outer_fold,85,10,0.0009405958919331852,0.9560889874631263
fpca256_30,outer_fold,85,11,0.0008166280365320772,0.9569056154996584
fpca256_30,outer_fold,85,12,0.0007755397403747079,0.957681155240033
fpca256_30,outer_fold,85,13,0.0007578165604929951,0.9584389718005261
fpca256_30,outer_fold,85,14,0.0007459810362047522,0.9591849528367308
fpca256_30,outer_fold,85,15,0.0007317606225214871,0.9599167134592522
fpca256_30,outer_fold,85,16,0.0007240837885829105,0.9606407972478351
fpca256_30,outer_fold,85,17,0.0006935628332728727,0.961334360081108
fpca256_30,outer_fold,85,18,0.0006696621623395579,0.9620040222434475
fpca256_30,outer_fold,85,19,0.0006661832428513166,0.9626702054862988
fpca256_30,outer_fold,85,20,0.0006325787878324879,0.9633027842741313
fpca256_30,outer_fold,85,21,0.0006294402438289912,0.9639322245179602
fpca256_30,outer_fold,85,22,0.0006196108499692759,0.9645518353679295
fpca256_30,outer_fold,85,23,0.0006102810489902678,0.9651621164169198
fpca256_30,outer_fold,85,24,0.0006031286423100248,0.9657652450592299
fpca256_30,outer_fold,85,25,0.0005917720833806927,0.9663570171426106
fpca256_30,outer_fold,85,26,0.0005701107848293874,0.96692712792744
fpca256_30,outer_fold,85,27,0.0005541180940006257,0.9674812460214406
fpca256_30,outer_fold,85,28,0.000539666312275716,0.9680209123337163
fpca256_30,outer_fold,85,29,0.0005371885923232416,0.9685581009260396
fpca256_30,outer_fold,85,30,0.0005246286941284426,0.969082729620168
fpca256_30,outer_fold,86,1,0.626985434837338,0.626985434837338
fpca256_30,outer_fold,86,2,0.2688459703335605,0.8958314051708985
fpca256_30,outer_fold,86,3,0.034082731948414775,0.9299141371193134
fpca256_30,outer_fold,86,4,0.01584790806071711,0.9457620451800305
fpca256_30,outer_fold,86,5,0.004643243567859866,0.9504052887478903
fpca256_30,outer_fold,86,6,0.0015111597239995975,0.9519164484718899
fpca256_30,outer_fold,86,7,0.0012565300577529134,0.9531729785296429
fpca256_30,outer_fold,86,8,0.0009335813325777411,0.9541065598622206
fpca256_30,outer_fold,86,9,0.0009144026321424703,0.9550209624943631
fpca256_30,outer_fold,86,10,0.0008341332801418196,0.9558550957745049
fpca256_30,outer_fold,86,11,0.0008195031651792307,0.9566745989396841
fpca256_30,outer_fold,86,12,0.0007892067660226851,0.9574638057057068
fpca256_30,outer_fold,86,13,0.0007631283778106585,0.9582269340835174
fpca256_30,outer_fold,86,14,0.0007272363074978267,0.9589541703910153
fpca256_30,outer_fold,86,15,0.0007074871831897451,0.959661657574205
fpca256_30,outer_fold,86,16,0.0006844315353992201,0.9603460891096042
fpca256_30,outer_fold,86,17,0.0006707177446784911,0.9610168068542827
fpca256_30,outer_fold,86,18,0.0006478118644833792,0.9616646187187661
fpca256_30,outer_fold,86,19,0.0006403174000305384,0.9623049361187966
fpca256_30,outer_fold,86,20,0.0006253908060463906,0.962930326924843
fpca256_30,outer_fold,86,21,0.0006113554747838943,0.9635416823996269
fpca256_30,outer_fold,86,22,0.0005977515815262964,0.9641394339811532
fpca256_30,outer_fold,86,23,0.000583535145007829,0.9647229691261611
fpca256_30,outer_fold,86,24,0.0005746641549259123,0.965297633281087
fpca256_30,outer_fold,86,25,0.0005655961094222281,0.9658632293905092
fpca256_30,outer_fold,86,26,0.000559239294834858,0.966422468685344
fpca256_30,outer_fold,86,27,0.0005489206365542612,0.9669713893218982
fpca256_30,outer_fold,86,28,0.00054041701186943,0.9675118063337677
fpca256_30,outer_fold,86,29,0.0005191133673177181,0.9680309197010853
fpca256_30,outer_fold,86,30,0.0005093835122345398,0.9685403032133199
fpca256_30,outer_fold,87,1,0.6363544615471104,0.6363544615471104
fpca256_30,outer_fold,87,2,0.2573932862340258,0.8937477477811362
fpca256_30,outer_fold,87,3,0.035345672475724274,0.9290934202568605
fpca256_30,outer_fold,87,4,0.01862277889351463,0.9477161991503751
fpca256_30,outer_fold,87,5,0.004367359078063922,0.952083558228439
fpca256_30,outer_fold,87,6,0.0015868628232987927,0.9536704210517378
fpca256_30,outer_fold,87,7,0.0012518591616312315,0.9549222802133691
fpca256_30,outer_fold,87,8,0.001010705179469072,0.9559329853928382
fpca256_30,outer_fold,87,9,0.0009128366845608343,0.9568458220773991
fpca256_30,outer_fold,87,10,0.0008445887617325761,0.9576904108391316
fpca256_30,outer_fold,87,11,0.0007932006895379862,0.9584836115286697
fpca256_30,outer_fold,87,12,0.0007722358573741184,0.9592558473860437
fpca256_30,outer_fold,87,13,0.0007303139219971209,0.9599861613080408
fpca256_30,outer_fold,87,14,0.0007243268486495675,0.9607104881566904
fpca256_30,outer_fold,87,15,0.0007089990631457856,0.9614194872198362
fpca256_30,outer_fold,87,16,0.0006899693751165074,0.9621094565949527
fpca256_30,outer_fold,87,17,0.0006645819616276664,0.9627740385565804
fpca256_30,outer_fold,87,18,0.0006436345818945749,0.9634176731384749
fpca256_30,outer_fold,87,19,0.0006269402319356984,0.9640446133704106
fpca256_30,outer_fold,87,20,0.0006088844304849952,0.9646534978008956
fpca256_30,outer_fold,87,21,0.0006056913394700998,0.9652591891403657
fpca256_30,outer_fold,87,22,0.0005985045568215639,0.9658576936971872
fpca256_30,outer_fold,87,23,0.0005885617465400647,0.9664462554437273
fpca256_30,outer_fold,87,24,0.000561688955340771,0.9670079443990681
fpca256_30,outer_fold,87,25,0.0005596142941611614,0.9675675586932293
fpca256_30,outer_fold,87,26,0.000545289062911918,0.9681128477561413
fpca256_30,outer_fold,87,27,0.0005278110838534549,0.9686406588399947
fpca256_30,outer_fold,87,28,0.0005234813367029214,0.9691641401766976
fpca256_30,outer_fold,87,29,0.0005079828434237562,0.9696721230201214
fpca256_30,outer_fold,87,30,0.000496541522935571,0.970168664543057
fpca256_30,outer_fold,88,1,0.6293194426591737,0.6293194426591737
fpca256_30,outer_fold,88,2,0.267291046424592,0.8966104890837657
fpca256_30,outer_fold,88,3,0.03312022063863215,0.9297307097223979
fpca256_30,outer_fold,88,4,0.017206096481461867,0.9469368062038598
fpca256_30,outer_fold,88,5,0.004591062112955067,0.9515278683168148
fpca256_30,outer_fold,88,6,0.0018091039758037896,0.9533369722926186
fpca256_30,outer_fold,88,7,0.0012092756950036236,0.9545462479876222
fpca256_30,outer_fold,88,8,0.0010226715158544643,0.9555689195034767
fpca256_30,outer_fold,88,9,0.0009116399027833917,0.9564805594062601
fpca256_30,outer_fold,88,10,0.0008756356309867131,0.9573561950372468
fpca256_30,outer_fold,88,11,0.0008019508948453224,0.9581581459320921
fpca256_30,outer_fold,88,12,0.0007550068137920735,0.9589131527458842
fpca256_30,outer_fold,88,13,0.0007478293186465098,0.9596609820645307
fpca256_30,outer_fold,88,14,0.0007439012683028532,0.9604048833328335
fpca256_30,outer_fold,88,15,0.0007234418600082368,0.9611283251928417
fpca256_30,outer_fold,88,16,0.0007169085551024898,0.9618452337479443
fpca256_30,outer_fold,88,17,0.000689038957645688,0.96253427270559
fpca256_30,outer_fold,88,18,0.0006618241927621297,0.9631960968983522
fpca256_30,outer_fold,88,19,0.0006520016847950328,0.9638480985831472
fpca256_30,outer_fold,88,20,0.0006118736367489207,0.9644599722198962
fpca256_30,outer_fold,88,21,0.0006045704439891555,0.9650645426638854
fpca256_30,outer_fold,88,22,0.000601196258431983,0.9656657389223174
fpca256_30,outer_fold,88,23,0.0005893803531154904,0.966255119275433
fpca256_30,outer_fold,88,24,0.0005683402204245822,0.9668234594958576
fpca256_30,outer_fold,88,25,0.0005569454016875536,0.9673804048975452
fpca256_30,outer_fold,88,26,0.0005464980321886881,0.9679269029297338
fpca256_30,outer_fold,88,27,0.0005380623796777405,0.9684649653094116
fpca256_30,outer_fold,88,28,0.0005312430530150271,0.9689962083624266
fpca256_30,outer_fold,88,29,0.0005263969642859423,0.9695226053267125
fpca256_30,outer_fold,88,30,0.0005111616474410854,0.9700337669741537
fpca256_30,outer_fold,89,1,0.6118826408480033,0.6118826408480033
fpca256_30,outer_fold,89,2,0.273613412237097,0.8854960530851003
fpca256_30,outer_fold,89,3,0.038204730306996906,0.9237007833920972
fpca256_30,outer_fold,89,4,0.020473342565748977,0.9441741259578461
fpca256_30,outer_fold,89,5,0.004688217203724255,0.9488623431615704
fpca256_30,outer_fold,89,6,0.0017432765035109144,0.9506056196650813
fpca256_30,outer_fold,89,7,0.0013114095560193154,0.9519170292211006
fpca256_30,outer_fold,89,8,0.0010591406556654686,0.952976169876766
fpca256_30,outer_fold,89,9,0.0009968296900710295,0.953972999566837
fpca256_30,outer_fold,89,10,0.0008739247930565484,0.9548469243598936
fpca256_30,outer_fold,89,11,0.0008567462375975879,0.9557036705974912
fpca256_30,outer_fold,89,12,0.0008067661820211915,0.9565104367795124
fpca256_30,outer_fold,89,13,0.0008012668513770081,0.9573117036308895
fpca256_30,outer_fold,89,14,0.0007746066710391761,0.9580863103019286
fpca256_30,outer_fold,89,15,0.0007593883677276826,0.9588456986696563
fpca256_30,outer_fold,89,16,0.0007407090087661624,0.9595864076784225
fpca256_30,outer_fold,89,17,0.0007224797081990193,0.9603088873866216
fpca256_30,outer_fold,89,18,0.0007074950962180133,0.9610163824828396
fpca256_30,outer_fold,89,19,0.0006776933401160714,0.9616940758229556
fpca256_30,outer_fold,89,20,0.0006544025301600372,0.9623484783531157
fpca256_30,outer_fold,89,21,0.000645544688848448,0.9629940230419641
fpca256_30,outer_fold,89,22,0.0006444240628166331,0.9636384471047807
fpca256_30,outer_fold,89,23,0.0006331624064653059,0.964271609511246
fpca256_30,outer_fold,89,24,0.0006250116669819993,0.964896621178228
fpca256_30,outer_fold,89,25,0.0006145494115493262,0.9655111705897774
fpca256_30,outer_fold,89,26,0.0005923107954547136,0.9661034813852322
fpca256_30,outer_fold,89,27,0.0005757484720980164,0.9666792298573302
fpca256_30,outer_fold,89,28,0.0005639815947585465,0.9672432114520888
fpca256_30,outer_fold,89,29,0.0005540326269791291,0.967797244079068
fpca256_30,outer_fold,89,30,0.0005418205979082165,0.9683390646769762
fpca256_30,outer_fold,90,1,0.6353145751743529,0.6353145751743529
fpca256_30,outer_fold,90,2,0.2555349743180561,0.8908495494924089
fpca256_30,outer_fold,90,3,0.03778378363251114,0.92863333312492
fpca256_30,outer_fold,90,4,0.017145790008468845,0.9457791231333889
fpca256_30,outer_fold,90,5,0.004993878682853825,0.9507730018162427
fpca256_30,outer_fold,90,6,0.0017257817986692132,0.9524987836149119
fpca256_30,outer_fold,90,7,0.001342505580417983,0.9538412891953298
fpca256_30,outer_fold,90,8,0.0009934706241508378,0.9548347598194806
fpca256_30,outer_fold,90,9,0.0009499351155209739,0.9557846949350016
fpca256_30,outer_fold,90,10,0.0008979106248725024,0.9566826055598742
fpca256_30,outer_fold,90,11,0.0008131894014556167,0.9574957949613297
fpca256_30,outer_fold,90,12,0.0007842072600042696,0.958280002221334
fpca256_30,outer_fold,90,13,0.0007715829693674684,0.9590515851907015
fpca256_30,outer_fold,90,14,0.0007630903789207534,0.9598146755696223
fpca256_30,outer_fold,90,15,0.0007205527078297631,0.9605352282774521
fpca256_30,outer_fold,90,16,0.000716457278910601,0.9612516855563626
fpca256_30,outer_fold,90,17,0.0006985639294104459,0.9619502494857731
fpca256_30,outer_fold,90,18,0.0006558769841960775,0.9626061264699692
fpca256_30,outer_fold,90,19,0.0006407049233991514,0.9632468313933684
fpca256_30,outer_fold,90,20,0.0006239749932108678,0.9638708063865793
fpca256_30,outer_fold,90,21,0.0006170899999028005,0.9644878963864821
fpca256_30,outer_fold,90,22,0.0005999092433634502,0.9650878056298456
fpca256_30,outer_fold,90,23,0.0005907843410588907,0.9656785899709045
fpca256_30,outer_fold,90,24,0.0005850380058092062,0.9662636279767137
fpca256_30,outer_fold,90,25,0.0005675007002066294,0.9668311286769203
fpca256_30,outer_fold,90,26,0.0005624178971589813,0.9673935465740793
fpca256_30,outer_fold,90,27,0.0005509475334141737,0.9679444941074935
fpca256_30,outer_fold,90,28,0.0005356592709893726,0.9684801533784829
fpca256_30,outer_fold,90,29,0.0005273710455024279,0.9690075244239853
fpca256_30,outer_fold,90,30,0.0005223809979508438,0.9695299054219362
fpca256_30,outer_fold,91,1,0.6445099548745067,0.6445099548745067
fpca256_30,outer_fold,91,2,0.25076393134853403,0.8952738862230407
fpca256_30,outer_fold,91,3,0.035558489423073034,0.9308323756461138
fpca256_30,outer_fold,91,4,0.018010323763569855,0.9488426994096836
fpca256_30,outer_fold,91,5,0.004309918457088444,0.953152617866772
fpca256_30,outer_fold,91,6,0.001569083728019991,0.954721701594792
fpca256_30,outer_fold,91,7,0.0012388578406300694,0.955960559435422
fpca256_30,outer_fold,91,8,0.0010104060152927492,0.9569709654507148
fpca256_30,outer_fold,91,9,0.0008930506937221067,0.957864016144437
fpca256_30,outer_fold,91,10,0.0008379021545960562,0.958701918299033
fpca256_30,outer_fold,91,11,0.0007698081860119629,0.9594717264850449
fpca256_30,outer_fold,91,12,0.0007562500195266756,0.9602279765045716
fpca256_30,outer_fold,91,13,0.0007132548899576174,0.9609412313945292
fpca256_30,outer_fold,91,14,0.0007061656136105797,0.9616473970081398
fpca256_30,outer_fold,91,15,0.0006899945738762626,0.9623373915820161
fpca256_30,outer_fold,91,16,0.0006707843549400521,0.9630081759369562
fpca256_30,outer_fold,91,17,0.000649710956438984,0.9636578868933952
fpca256_30,outer_fold,91,18,0.000642683353183143,0.9643005702465783
fpca256_30,outer_fold,91,19,0.0006246584115444073,0.9649252286581227
fpca256_30,outer_fold,91,20,0.0006011905597391677,0.9655264192178619
fpca256_30,outer_fold,91,21,0.0005848144892461471,0.966111233707108
fpca256_30,outer_fold,91,22,0.0005664410233970319,0.966677674730505
fpca256_30,outer_fold,91,23,0.000556640124763352,0.9672343148552683
fpca256_30,outer_fold,91,24,0.0005497594473145867,0.967784074302583
fpca256_30,outer_fold,91,25,0.0005456986474599604,0.968329772950043
fpca256_30,outer_fold,91,26,0.0005264452926081911,0.9688562182426511
fpca256_30,outer_fold,91,27,0.0005186797767269172,0.969374898019378
fpca256_30,outer_fold,91,28,0.0005125934293323816,0.9698874914487104
fpca256_30,outer_fold,91,29,0.000498151508463526,0.970385642957174
fpca256_30,outer_fold,91,30,0.0004895111307018801,0.9708751540878758
fpca256_30,outer_fold,92,1,0.6134483492837073,0.6134483492837073
fpca256_30,outer_fold,92,2,0.2830706799126066,0.8965190291963139
fpca256_30,outer_fold,92,3,0.031120953896143375,0.9276399830924572
fpca256_30,outer_fold,92,4,0.017310706913517142,0.9449506900059743
fpca256_30,outer_fold,92,5,0.004453909059231855,0.9494045990652061
fpca256_30,outer_fold,92,6,0.0016196518374247363,0.9510242509026309
fpca256_30,outer_fold,92,7,0.0012530478002305467,0.9522772987028614
fpca256_30,outer_fold,92,8,0.0010158183382539458,0.9532931170411153
fpca256_30,outer_fold,92,9,0.0009128665614976111,0.9542059836026129
fpca256_30,outer_fold,92,10,0.0008420089197369347,0.9550479925223498
fpca256_30,outer_fold,92,11,0.0008108993601156823,0.9558588918824655
fpca256_30,outer_fold,92,12,0.0008045513510471951,0.9566634432335127
fpca256_30,outer_fold,92,13,0.000790213545289949,0.9574536567788027
fpca256_30,outer_fold,92,14,0.0007651755471122254,0.9582188323259149
fpca256_30,outer_fold,92,15,0.0007505382960279639,0.9589693706219429
fpca256_30,outer_fold,92,16,0.0007289458368940987,0.959698316458837
fpca256_30,outer_fold,92,17,0.0007084242405739644,0.9604067406994109
fpca256_30,outer_fold,92,18,0.0006877497821942394,0.9610944904816051
fpca256_30,outer_fold,92,19,0.0006702305678499858,0.9617647210494551
fpca256_30,outer_fold,92,20,0.0006517167159843087,0.9624164377654394
fpca256_30,outer_fold,92,21,0.0006413763208402248,0.9630578140862797
fpca256_30,outer_fold,92,22,0.0006342930473520179,0.9636921071336316
fpca256_30,outer_fold,92,23,0.0006084088392550197,0.9643005159728867
fpca256_30,outer_fold,92,24,0.0006006619188068502,0.9649011778916935
fpca256_30,outer_fold,92,25,0.0005869505475110411,0.9654881284392045
fpca256_30,outer_fold,92,26,0.000582427740527946,0.9660705561797325
fpca256_30,outer_fold,92,27,0.0005712949877778681,0.9666418511675103
fpca256_30,outer_fold,92,28,0.0005576798034809723,0.9671995309709913
fpca256_30,outer_fold,92,29,0.0005429768728499523,0.9677425078438413
fpca256_30,outer_fold,92,30,0.0005220715938090045,0.9682645794376503
fpca256_30,outer_fold,93,1,0.617246673753536,0.617246673753536
fpca256_30,outer_fold,93,2,0.2732736195341475,0.8905202932876836
fpca256_30,outer_fold,93,3,0.03779398516969647,0.92831427845738
fpca256_30,outer_fold,93,4,0.017708734716795686,0.9460230131741757
fpca256_30,outer_fold,93,5,0.004632845050612422,0.9506558582247882
fpca256_30,outer_fold,93,6,0.0017479675450592376,0.9524038257698474
fpca256_30,outer_fold,93,7,0.0012162655116516247,0.953620091281499
fpca256_30,outer_fold,93,8,0.0010144493507207514,0.9546345406322198
fpca256_30,outer_fold,93,9,0.0008995178257203287,0.95553405845794
fpca256_30,outer_fold,93,10,0.0008606690106660995,0.9563947274686061
fpca256_30,outer_fold,93,11,0.0008509741708071204,0.9572457016394132
fpca256_30,outer_fold,93,12,0.0007651860767668931,0.9580108877161801
fpca256_30,outer_fold,93,13,0.0007413325648771937,0.9587522202810573
fpca256_30,outer_fold,93,14,0.0007363039815174412,0.9594885242625748
fpca256_30,outer_fold,93,15,0.0007219379981942181,0.960210462260769
fpca256_30,outer_fold,93,16,0.0006933720371846339,0.9609038342979537
fpca256_30,outer_fold,93,17,0.0006866223966863332,0.96159045669464
fpca256_30,outer_fold,93,18,0.0006635114403526102,0.9622539681349926
fpca256_30,outer_fold,93,19,0.0006373317659242869,0.9628912999009169
fpca256_30,outer_fold,93,20,0.000620901052204352,0.9635122009531213
fpca256_30,outer_fold,93,21,0.0006048337774811649,0.9641170347306025
fpca256_30,outer_fold,93,22,0.0006024737599580898,0.9647195084905607
fpca256_30,outer_fold,93,23,0.0005876808871063878,0.965307189377667
fpca256_30,outer_fold,93,24,0.000567870193151589,0.9658750595708187
fpca256_30,outer_fold,93,25,0.000566740289017732,0.9664417998598364
fpca256_30,outer_fold,93,26,0.0005569255943792719,0.9669987254542156
fpca256_30,outer_fold,93,27,0.0005416434416272424,0.9675403688958428
fpca256_30,outer_fold,93,28,0.0005282410164869776,0.9680686099123298
fpca256_30,outer_fold,93,29,0.000522903349957106,0.9685915132622869
fpca256_30,outer_fold,93,30,0.0005023395659120544,0.9690938528281989
fpca256_30,outer_fold,94,1,0.6253062064845482,0.6253062064845482
fpca256_30,outer_fold,94,2,0.2639272206932673,0.8892334271778155
fpca256_30,outer_fold,94,3,0.035882906052324644,0.9251163332301402
fpca256_30,outer_fold,94,4,0.019174725021749706,0.9442910582518899
fpca256_30,outer_fold,94,5,0.004455401269952546,0.9487464595218424
fpca256_30,outer_fold,94,6,0.0017872320873640827,0.9505336916092065
fpca256_30,outer_fold,94,7,0.001301914167385227,0.9518356057765918
fpca256_30,outer_fold,94,8,0.0010703912805046095,0.9529059970570963
fpca256_30,outer_fold,94,9,0.0009736645475111006,0.9538796616046075
fpca256_30,outer_fold,94,10,0.0009497532168478476,0.9548294148214553
fpca256_30,outer_fold,94,11,0.0008610537379582201,0.9556904685594135
fpca256_30,outer_fold,94,12,0.0008177050034899454,0.9565081735629035
fpca256_30,outer_fold,94,13,0.0008067083394662154,0.9573148819023697
fpca256_30,outer_fold,94,14,0.0007735639228767905,0.9580884458252464
fpca256_30,outer_fold,94,15,0.0007552757542963047,0.9588437215795428
fpca256_30,outer_fold,94,16,0.0007339390158087856,0.9595776605953515
fpca256_30,outer_fold,94,17,0.0007280012969149384,0.9603056618922665
fpca256_30,outer_fold,94,18,0.0007040236487394923,0.961009685541006
fpca256_30,outer_fold,94,19,0.0006736143363015601,0.9616832998773075
fpca256_30,outer_fold,94,20,0.0006617268186918612,0.9623450266959993
fpca256_30,outer_fold,94,21,0.0006459332210624974,0.9629909599170619
fpca256_30,outer_fold,94,22,0.000623270647705545,0.9636142305647674
fpca256_30,outer_fold,94,23,0.0006201860924021337,0.9642344166571695
fpca256_30,outer_fold,94,24,0.0005977460019716094,0.9648321626591411
fpca256_30,outer_fold,94,25,0.0005939455499773911,0.9654261082091184
fpca256_30,outer_fold,94,26,0.0005931459650882229,0.9660192541742066
fpca256_30,outer_fold,94,27,0.0005713534424681988,0.9665906076166748
fpca256_30,outer_fold,94,28,0.0005661786271032545,0.9671567862437781
fpca256_30,outer_fold,94,29,0.0005589839913074835,0.9677157702350856
fpca256_30,outer_fold,94,30,0.000541428660346736,0.9682571988954324
fpca256_30,outer_fold,95,1,0.5978184196963011,0.5978184196963011
fpca256_30,outer_fold,95,2,0.284231798719388,0.8820502184156891
fpca256_30,outer_fold,95,3,0.0400261576483497,0.9220763760640388
fpca256_30,outer_fold,95,4,0.02050859245973695,0.9425849685237757
fpca256_30,outer_fold,95,5,0.004970312904941039,0.9475552814287167
fpca256_30,outer_fold,95,6,0.00195468579861203,0.9495099672273287
fpca256_30,outer_fold,95,7,0.0012675515922821446,0.9507775188196108
fpca256_30,outer_fold,95,8,0.0010301347633044939,0.9518076535829153
fpca256_30,outer_fold,95,9,0.0009386782109021484,0.9527463317938174
fpca256_30,outer_fold,95,10,0.0008826591697949775,0.9536289909636124
fpca256_30,outer_fold,95,11,0.0008525870852032091,0.9544815780488156
fpca256_30,outer_fold,95,12,0.000826156822116194,0.9553077348709318
fpca256_30,outer_fold,95,13,0.0008166899485591884,0.956124424819491
fpca256_30,outer_fold,95,14,0.0007845492489492692,0.9569089740684402
fpca256_30,outer_fold,95,15,0.0007693638822603122,0.9576783379507006
fpca256_30,outer_fold,95,16,0.0007368970627264714,0.9584152350134271
fpca256_30,outer_fold,95,17,0.0007116300660699386,0.959126865079497
fpca256_30,outer_fold,95,18,0.0006922188857695847,0.9598190839652665
fpca256_30,outer_fold,95,19,0.0006851816666989657,0.9605042656319654
fpca256_30,outer_fold,95,20,0.0006671139004538045,0.9611713795324193
fpca256_30,outer_fold,95,21,0.0006524355002087765,0.961823815032628
fpca256_30,outer_fold,95,22,0.0006376914308443319,0.9624615064634724
fpca256_30,outer_fold,95,23,0.000623498707663394,0.9630850051711358
fpca256_30,outer_fold,95,24,0.0006191097167282266,0.963704114887864
fpca256_30,outer_fold,95,25,0.0006124403627310333,0.964316555250595
fpca256_30,outer_fold,95,26,0.000602505765227285,0.9649190610158223
fpca256_30,outer_fold,95,27,0.0005854615293206816,0.965504522545143
fpca256_30,outer_fold,95,28,0.0005804672527026883,0.9660849897978456
fpca256_30,outer_fold,95,29,0.0005601516130564522,0.9666451414109021
fpca256_30,outer_fold,95,30,0.000551464293498314,0.9671966057044004
fpca256_30,outer_fold,96,1,0.6377288404219754,0.6377288404219754
fpca256_30,outer_fold,96,2,0.2549558957058044,0.8926847361277799
fpca256_30,outer_fold,96,3,0.034677068262626044,0.9273618043904059
fpca256_30,outer_fold,96,4,0.018379733280462836,0.9457415376708688
fpca256_30,outer_fold,96,5,0.004696180147416047,0.9504377178182848
fpca256_30,outer_fold,96,6,0.001667503578068712,0.9521052213963535
fpca256_30,outer_fold,96,7,0.0012909241797791186,0.9533961455761326
fpca256_30,outer_fold,96,8,0.001034612611722166,0.9544307581878548
fpca256_30,outer_fold,96,9,0.0009243052079363773,0.9553550633957912
fpca256_30,outer_fold,96,10,0.0008649584671027172,0.956220021862894
fpca256_30,outer_fold,96,11,0.0008015139663375601,0.9570215358292316
fpca256_30,outer_fold,96,12,0.0007999295516689587,0.9578214653809005
fpca256_30,outer_fold,96,13,0.0007736572909270192,0.9585951226718276
fpca256_30,outer_fold,96,14,0.0007326955163598939,0.9593278181881875
fpca256_30,outer_fold,96,15,0.0007225368925678386,0.9600503550807553
fpca256_30,outer_fold,96,16,0.0007074498141975543,0.9607578048949529
fpca256_30,outer_fold,96,17,0.0007014896141359178,0.9614592945090888
fpca256_30,outer_fold,96,18,0.000684740585742248,0.962144035094831
fpca256_30,outer_fold,96,19,0.0006549787234636554,0.9627990138182947
fpca256_30,outer_fold,96,20,0.0006427443958809017,0.9634417582141755
fpca256_30,outer_fold,96,21,0.0006243217101756785,0.9640660799243512
fpca256_30,outer_fold,96,22,0.0006191613220796964,0.964685241246431
fpca256_30,outer_fold,96,23,0.0006156236285902713,0.9653008648750212
fpca256_30,outer_fold,96,24,0.0005968152149826232,0.9658976800900039
fpca256_30,outer_fold,96,25,0.0005737705200797862,0.9664714506100837
fpca256_30,outer_fold,96,26,0.0005604553180610832,0.9670319059281447
fpca256_30,outer_fold,96,27,0.000554860536127929,0.9675867664642727
fpca256_30,outer_fold,96,28,0.000528597544626233,0.9681153640088989
fpca256_30,outer_fold,96,29,0.0005254971074174811,0.9686408611163163
fpca256_30,outer_fold,96,30,0.0005213751665233188,0.9691622362828396
fpca256_30,outer_fold,97,1,0.6346431592614533,0.6346431592614533
fpca256_30,outer_fold,97,2,0.26190002826779835,0.8965431875292517
fpca256_30,outer_fold,97,3,0.03425191969640014,0.9307951072256518
fpca256_30,outer_fold,97,4,0.017157267387470542,0.9479523746131224
fpca256_30,outer_fold,97,5,0.004435810872401546,0.952388185485524
fpca256_30,outer_fold,97,6,0.0016463981790214891,0.9540345836645454
fpca256_30,outer_fold,97,7,0.0012140536045096957,0.9552486372690551
fpca256_30,outer_fold,97,8,0.0009925011234543568,0.9562411383925095
fpca256_30,outer_fold,97,9,0.0008890641968299048,0.9571302025893393
fpca256_30,outer_fold,97,10,0.0008499417314335425,0.9579801443207728
fpca256_30,outer_fold,97,11,0.0007944724437667417,0.9587746167645396
fpca256_30,outer_fold,97,12,0.0007679177920434548,0.959542534556583
fpca256_30,outer_fold,97,13,0.0007429211271775248,0.9602854556837606
fpca256_30,outer_fold,97,14,0.0007292212558463625,0.961014676939607
fpca256_30,outer_fold,97,15,0.00069367017135618,0.9617083471109631
fpca256_30,outer_fold,97,16,0.0006696038336790356,0.9623779509446422
fpca256_30,outer_fold,97,17,0.0006478072534414414,0.9630257581980837
fpca256_30,outer_fold,97,18,0.000628859218558341,0.963654617416642
fpca256_30,outer_fold,97,19,0.0006193668111062112,0.9642739842277482
fpca256_30,outer_fold,97,20,0.000607556319958311,0.9648815405477066
fpca256_30,outer_fold,97,21,0.0006021389998555238,0.9654836795475621
fpca256_30,outer_fold,97,22,0.000580853244937321,0.9660645327924994
fpca256_30,outer_fold,97,23,0.0005723664546642788,0.9666368992471637
fpca256_30,outer_fold,97,24,0.0005563316451515307,0.9671932308923152
fpca256_30,outer_fold,97,25,0.000549079182000599,0.9677423100743159
fpca256_30,outer_fold,97,26,0.000537478878185972,0.9682797889525019
fpca256_30,outer_fold,97,27,0.0005353156917687156,0.9688151046442706
fpca256_30,outer_fold,97,28,0.000520616883359589,0.9693357215276301
fpca256_30,outer_fold,97,29,0.0005147371697918578,0.969850458697422
fpca256_30,outer_fold,97,30,0.0004994776246439422,0.970349936322066
fpca256_30,outer_fold,98,1,0.6408896865582484,0.6408896865582484
fpca256_30,outer_fold,98,2,0.25086866246851064,0.8917583490267591
fpca256_30,outer_fold,98,3,0.03689575123814031,0.9286541002648994
fpca256_30,outer_fold,98,4,0.018480342144557172,0.9471344424094565
fpca256_30,outer_fold,98,5,0.004377805952062057,0.9515122483615186
fpca256_30,outer_fold,98,6,0.0016080901986052945,0.9531203385601239
fpca256_30,outer_fold,98,7,0.0012608550892801997,0.9543811936494041
fpca256_30,outer_fold,98,8,0.0010410150079333284,0.9554222086573374
fpca256_30,outer_fold,98,9,0.0009506061949602696,0.9563728148522976
fpca256_30,outer_fold,98,10,0.000882687791446622,0.9572555026437443
fpca256_30,outer_fold,98,11,0.0008017202342283678,0.9580572228779727
fpca256_30,outer_fold,98,12,0.0007808712610041204,0.9588380941389768
fpca256_30,outer_fold,98,13,0.000750705178269503,0.9595887993172463
fpca256_30,outer_fold,98,14,0.0007365817010053131,0.9603253810182516
fpca256_30,outer_fold,98,15,0.0007118767672208367,0.9610372577854724
fpca256_30,outer_fold,98,16,0.0006852130342790164,0.9617224708197515
fpca256_30,outer_fold,98,17,0.0006805522309477458,0.9624030230506992
fpca256_30,outer_fold,98,18,0.0006636077464550996,0.9630666307971544
fpca256_30,outer_fold,98,19,0.0006328724491508654,0.9636995032463053
fpca256_30,outer_fold,98,20,0.0006286625416265483,0.9643281657879318
fpca256_30,outer_fold,98,21,0.0006129469743860573,0.9649411127623179
fpca256_30,outer_fold,98,22,0.0005984960781572544,0.9655396088404751
fpca256_30,outer_fold,98,23,0.0005901367058351935,0.9661297455463103
fpca256_30,outer_fold,98,24,0.0005837110729689135,0.9667134566192792
fpca256_30,outer_fold,98,25,0.0005677912495806181,0.9672812478688598
fpca256_30,outer_fold,98,26,0.0005633302170391027,0.967844578085899
fpca256_30,outer_fold,98,27,0.0005508075884399131,0.9683953856743389
fpca256_30,outer_fold,98,28,0.0005318110815604408,0.9689271967558993
fpca256_30,outer_fold,98,29,0.0005211244628522086,0.9694483212187516
fpca256_30,outer_fold,98,30,0.0005074860063757546,0.9699558072251273
fpca256_30,outer_fold,99,1,0.6243807953221133,0.6243807953221133
fpca256_30,outer_fold,99,2,0.2754218931904413,0.8998026885125546
fpca256_30,outer_fold,99,3,0.031556826047357135,0.9313595145599117
fpca256_30,outer_fold,99,4,0.015146830971057932,0.9465063455309697
fpca256_30,outer_fold,99,5,0.00438930383999211,0.9508956493709618
fpca256_30,outer_fold,99,6,0.0015614783284248895,0.9524571276993867
fpca256_30,outer_fold,99,7,0.0013397716421404175,0.9537968993415271
fpca256_30,outer_fold,99,8,0.0009958650936629221,0.95479276443519
fpca256_30,outer_fold,99,9,0.0009378009957052923,0.9557305654308953
fpca256_30,outer_fold,99,10,0.0009229318282157899,0.9566534972591111
fpca256_30,outer_fold,99,11,0.0008079976674141667,0.9574614949265252
fpca256_30,outer_fold,99,12,0.0007837187363156588,0.9582452136628409
fpca256_30,outer_fold,99,13,0.0007730383762161304,0.959018252039057
fpca256_30,outer_fold,99,14,0.0007488912786441525,0.9597671433177012
fpca256_30,outer_fold,99,15,0.0007304262874013394,0.9604975696051026
fpca256_30,outer_fold,99,16,0.0007022714593369242,0.9611998410644395
fpca256_30,outer_fold,99,17,0.0006993692801374759,0.9618992103445769
fpca256_30,outer_fold,99,18,0.0006740169920394569,0.9625732273366164
fpca256_30,outer_fold,99,19,0.00065464996256637,0.9632278772991828
fpca256_30,outer_fold,99,20,0.0006226711257805551,0.9638505484249633
fpca256_30,outer_fold,99,21,0.0006141277887188208,0.9644646762136821
fpca256_30,outer_fold,99,22,0.0006029583670184905,0.9650676345807007
fpca256_30,outer_fold,99,23,0.0005941585063537082,0.9656617930870544
fpca256_30,outer_fold,99,24,0.0005776227997873496,0.9662394158868417
fpca256_30,outer_fold,99,25,0.0005679026961058502,0.9668073185829476
fpca256_30,outer_fold,99,26,0.0005540384048135971,0.9673613569877612
fpca256_30,outer_fold,99,27,0.0005470607617992867,0.9679084177495605
fpca256_30,outer_fold,99,28,0.0005316273964896353,0.9684400451460501
fpca256_30,outer_fold,99,29,0.0005249889603229092,0.968965034106373
fpca256_30,outer_fold,99,30,0.0005129433670930276,0.9694779774734661
fpca256_30,train_all,-1,1,0.6271078545075195,0.6271078545075195
fpca256_30,train_all,-1,2,0.26525530413765086,0.8923631586451704
fpca256_30,train_all,-1,3,0.035554427210622276,0.9279175858557926
fpca256_30,train_all,-1,4,0.0179957117370007,0.9459132975927933
fpca256_30,train_all,-1,5,0.0045452802922641275,0.9504585778850574
fpca256_30,train_all,-1,6,0.001653306984919975,0.9521118848699773
fpca256_30,train_all,-1,7,0.001222568523345012,0.9533344533933223
fpca256_30,train_all,-1,8,0.0009605026711028749,0.9542949560644253
fpca256_30,train_all,-1,9,0.0008683644065313421,0.9551633204709566
fpca256_30,train_all,-1,10,0.0008260524741645456,0.9559893729451212
fpca256_30,train_all,-1,11,0.0007538166343137122,0.9567431895794349
fpca256_30,train_all,-1,12,0.0007372109503579491,0.9574804005297929
fpca256_30,train_all,-1,13,0.0007088435181576851,0.9581892440479506
fpca256_30,train_all,-1,14,0.0007003792454530092,0.9588896232934035
fpca256_30,train_all,-1,15,0.0006838301519085621,0.9595734534453121
fpca256_30,train_all,-1,16,0.0006693485684416612,0.9602428020137538
fpca256_30,train_all,-1,17,0.0006506678585405749,0.9608934698722944
fpca256_30,train_all,-1,18,0.000621258407320604,0.961514728279615
fpca256_30,train_all,-1,19,0.0006176602880141295,0.9621323885676292
fpca256_30,train_all,-1,20,0.0005910445971038406,0.962723433164733
fpca256_30,train_all,-1,21,0.0005863987449360531,0.963309831909669
fpca256_30,train_all,-1,22,0.0005735620461623616,0.9638833939558313
fpca256_30,train_all,-1,23,0.00056351907862366,0.964446913034455
fpca256_30,train_all,-1,24,0.0005598549141944859,0.9650067679486495
fpca256_30,train_all,-1,25,0.0005472624054983559,0.9655540303541479
fpca256_30,train_all,-1,26,0.000544300096432597,0.9660983304505805
fpca256_30,train_all,-1,27,0.0005337196968754629,0.9666320501474559
fpca256_30,train_all,-1,28,0.0005211010900995582,0.9671531512375554
fpca256_30,train_all,-1,29,0.0005046844823688444,0.9676578357199243
fpca256_30,train_all,-1,30,0.0004999577556841088,0.9681577934756084
